solid crank_with_cw_mm
  facet normal 0 0 -1
    outer loop
      vertex 0 0 -115
      vertex 39.9518 1.96271 -115
      vertex 40 0 -115
    endloop
  endfacet
  facet normal 0 0 1
    outer loop
      vertex 0 0 -62
      vertex 40 0 -62
      vertex 39.9518 1.96271 -62
    endloop
  endfacet
  facet normal 0.999699 0.0245412 0
    outer loop
      vertex 40 0 -115
      vertex 39.9518 1.96271 -115
      vertex 39.9518 1.96271 -62
    endloop
  endfacet
  facet normal 0.999699 0.0245412 0
    outer loop
      vertex 40 0 -115
      vertex 39.9518 1.96271 -62
      vertex 40 0 -62
    endloop
  endfacet
  facet normal 0 0 -1
    outer loop
      vertex 0 0 -115
      vertex 39.8074 3.92069 -115
      vertex 39.9518 1.96271 -115
    endloop
  endfacet
  facet normal 0 0 1
    outer loop
      vertex 0 0 -62
      vertex 39.9518 1.96271 -62
      vertex 39.8074 3.92069 -62
    endloop
  endfacet
  facet normal 0.99729 0.0735646 0
    outer loop
      vertex 39.9518 1.96271 -115
      vertex 39.8074 3.92069 -115
      vertex 39.8074 3.92069 -62
    endloop
  endfacet
  facet normal 0.99729 0.0735646 0
    outer loop
      vertex 39.9518 1.96271 -115
      vertex 39.8074 3.92069 -62
      vertex 39.9518 1.96271 -62
    endloop
  endfacet
  facet normal 0 0 -1
    outer loop
      vertex 0 0 -115
      vertex 39.5671 5.86922 -115
      vertex 39.8074 3.92069 -115
    endloop
  endfacet
  facet normal 0 0 1
    outer loop
      vertex 0 0 -62
      vertex 39.8074 3.92069 -62
      vertex 39.5671 5.86922 -62
    endloop
  endfacet
  facet normal 0.99248 0.122411 0
    outer loop
      vertex 39.8074 3.92069 -115
      vertex 39.5671 5.86922 -115
      vertex 39.5671 5.86922 -62
    endloop
  endfacet
  facet normal 0.99248 0.122411 0
    outer loop
      vertex 39.8074 3.92069 -115
      vertex 39.5671 5.86922 -62
      vertex 39.8074 3.92069 -62
    endloop
  endfacet
  facet normal 0 0 -1
    outer loop
      vertex 0 0 -115
      vertex 39.2314 7.80361 -115
      vertex 39.5671 5.86922 -115
    endloop
  endfacet
  facet normal 0 0 1
    outer loop
      vertex 0 0 -62
      vertex 39.5671 5.86922 -62
      vertex 39.2314 7.80361 -62
    endloop
  endfacet
  facet normal 0.985278 0.170962 0
    outer loop
      vertex 39.5671 5.86922 -115
      vertex 39.2314 7.80361 -115
      vertex 39.2314 7.80361 -62
    endloop
  endfacet
  facet normal 0.985278 0.170962 0
    outer loop
      vertex 39.5671 5.86922 -115
      vertex 39.2314 7.80361 -62
      vertex 39.5671 5.86922 -62
    endloop
  endfacet
  facet normal 0 0 -1
    outer loop
      vertex 0 0 -115
      vertex 38.8013 9.71921 -115
      vertex 39.2314 7.80361 -115
    endloop
  endfacet
  facet normal 0 0 1
    outer loop
      vertex 0 0 -62
      vertex 39.2314 7.80361 -62
      vertex 38.8013 9.71921 -62
    endloop
  endfacet
  facet normal 0.975702 0.219101 0
    outer loop
      vertex 39.2314 7.80361 -115
      vertex 38.8013 9.71921 -115
      vertex 38.8013 9.71921 -62
    endloop
  endfacet
  facet normal 0.975702 0.219101 0
    outer loop
      vertex 39.2314 7.80361 -115
      vertex 38.8013 9.71921 -62
      vertex 39.2314 7.80361 -62
    endloop
  endfacet
  facet normal 0 0 -1
    outer loop
      vertex 0 0 -115
      vertex 38.2776 11.6114 -115
      vertex 38.8013 9.71921 -115
    endloop
  endfacet
  facet normal 0 0 1
    outer loop
      vertex 0 0 -62
      vertex 38.8013 9.71921 -62
      vertex 38.2776 11.6114 -62
    endloop
  endfacet
  facet normal 0.963776 0.266713 0
    outer loop
      vertex 38.8013 9.71921 -115
      vertex 38.2776 11.6114 -115
      vertex 38.2776 11.6114 -62
    endloop
  endfacet
  facet normal 0.963776 0.266713 0
    outer loop
      vertex 38.8013 9.71921 -115
      vertex 38.2776 11.6114 -62
      vertex 38.8013 9.71921 -62
    endloop
  endfacet
  facet normal 0 0 -1
    outer loop
      vertex 0 0 -115
      vertex 37.6618 13.4756 -115
      vertex 38.2776 11.6114 -115
    endloop
  endfacet
  facet normal 0 0 1
    outer loop
      vertex 0 0 -62
      vertex 38.2776 11.6114 -62
      vertex 37.6618 13.4756 -62
    endloop
  endfacet
  facet normal 0.949528 0.313682 0
    outer loop
      vertex 38.2776 11.6114 -115
      vertex 37.6618 13.4756 -115
      vertex 37.6618 13.4756 -62
    endloop
  endfacet
  facet normal 0.949528 0.313682 0
    outer loop
      vertex 38.2776 11.6114 -115
      vertex 37.6618 13.4756 -62
      vertex 38.2776 11.6114 -62
    endloop
  endfacet
  facet normal 0 0 -1
    outer loop
      vertex 0 0 -115
      vertex 36.9552 15.3073 -115
      vertex 37.6618 13.4756 -115
    endloop
  endfacet
  facet normal 0 0 1
    outer loop
      vertex 0 0 -62
      vertex 37.6618 13.4756 -62
      vertex 36.9552 15.3073 -62
    endloop
  endfacet
  facet normal 0.932993 0.359895 0
    outer loop
      vertex 37.6618 13.4756 -115
      vertex 36.9552 15.3073 -115
      vertex 36.9552 15.3073 -62
    endloop
  endfacet
  facet normal 0.932993 0.359895 0
    outer loop
      vertex 37.6618 13.4756 -115
      vertex 36.9552 15.3073 -62
      vertex 37.6618 13.4756 -62
    endloop
  endfacet
  facet normal 0 0 -1
    outer loop
      vertex 0 0 -115
      vertex 36.1596 17.1022 -115
      vertex 36.9552 15.3073 -115
    endloop
  endfacet
  facet normal 0 0 1
    outer loop
      vertex 0 0 -62
      vertex 36.9552 15.3073 -62
      vertex 36.1596 17.1022 -62
    endloop
  endfacet
  facet normal 0.91421 0.405241 0
    outer loop
      vertex 36.9552 15.3073 -115
      vertex 36.1596 17.1022 -115
      vertex 36.1596 17.1022 -62
    endloop
  endfacet
  facet normal 0.91421 0.405241 0
    outer loop
      vertex 36.9552 15.3073 -115
      vertex 36.1596 17.1022 -62
      vertex 36.9552 15.3073 -62
    endloop
  endfacet
  facet normal 0 0 -1
    outer loop
      vertex 0 0 -115
      vertex 35.2769 18.8559 -115
      vertex 36.1596 17.1022 -115
    endloop
  endfacet
  facet normal 0 0 1
    outer loop
      vertex 0 0 -62
      vertex 36.1596 17.1022 -62
      vertex 35.2769 18.8559 -62
    endloop
  endfacet
  facet normal 0.893224 0.449611 0
    outer loop
      vertex 36.1596 17.1022 -115
      vertex 35.2769 18.8559 -115
      vertex 35.2769 18.8559 -62
    endloop
  endfacet
  facet normal 0.893224 0.449611 0
    outer loop
      vertex 36.1596 17.1022 -115
      vertex 35.2769 18.8559 -62
      vertex 36.1596 17.1022 -62
    endloop
  endfacet
  facet normal 0 0 -1
    outer loop
      vertex 0 0 -115
      vertex 34.3091 20.5641 -115
      vertex 35.2769 18.8559 -115
    endloop
  endfacet
  facet normal 0 0 1
    outer loop
      vertex 0 0 -62
      vertex 35.2769 18.8559 -62
      vertex 34.3091 20.5641 -62
    endloop
  endfacet
  facet normal 0.870087 0.492898 0
    outer loop
      vertex 35.2769 18.8559 -115
      vertex 34.3091 20.5641 -115
      vertex 34.3091 20.5641 -62
    endloop
  endfacet
  facet normal 0.870087 0.492898 0
    outer loop
      vertex 35.2769 18.8559 -115
      vertex 34.3091 20.5641 -62
      vertex 35.2769 18.8559 -62
    endloop
  endfacet
  facet normal 0 0 -1
    outer loop
      vertex 0 0 -115
      vertex 33.2588 22.2228 -115
      vertex 34.3091 20.5641 -115
    endloop
  endfacet
  facet normal 0 0 1
    outer loop
      vertex 0 0 -62
      vertex 34.3091 20.5641 -62
      vertex 33.2588 22.2228 -62
    endloop
  endfacet
  facet normal 0.844854 0.534998 0
    outer loop
      vertex 34.3091 20.5641 -115
      vertex 33.2588 22.2228 -115
      vertex 33.2588 22.2228 -62
    endloop
  endfacet
  facet normal 0.844854 0.534998 0
    outer loop
      vertex 34.3091 20.5641 -115
      vertex 33.2588 22.2228 -62
      vertex 34.3091 20.5641 -62
    endloop
  endfacet
  facet normal 0 0 -1
    outer loop
      vertex 0 0 -115
      vertex 32.1283 23.828 -115
      vertex 33.2588 22.2228 -115
    endloop
  endfacet
  facet normal 0 0 1
    outer loop
      vertex 0 0 -62
      vertex 33.2588 22.2228 -62
      vertex 32.1283 23.828 -62
    endloop
  endfacet
  facet normal 0.817585 0.575808 0
    outer loop
      vertex 33.2588 22.2228 -115
      vertex 32.1283 23.828 -115
      vertex 32.1283 23.828 -62
    endloop
  endfacet
  facet normal 0.817585 0.575808 0
    outer loop
      vertex 33.2588 22.2228 -115
      vertex 32.1283 23.828 -62
      vertex 33.2588 22.2228 -62
    endloop
  endfacet
  facet normal 0 0 -1
    outer loop
      vertex 0 0 -115
      vertex 30.9204 25.3757 -115
      vertex 32.1283 23.828 -115
    endloop
  endfacet
  facet normal 0 0 1
    outer loop
      vertex 0 0 -62
      vertex 32.1283 23.828 -62
      vertex 30.9204 25.3757 -62
    endloop
  endfacet
  facet normal 0.788346 0.615232 0
    outer loop
      vertex 32.1283 23.828 -115
      vertex 30.9204 25.3757 -115
      vertex 30.9204 25.3757 -62
    endloop
  endfacet
  facet normal 0.788346 0.615232 0
    outer loop
      vertex 32.1283 23.828 -115
      vertex 30.9204 25.3757 -62
      vertex 32.1283 23.828 -62
    endloop
  endfacet
  facet normal 0 0 -1
    outer loop
      vertex 0 0 -115
      vertex 29.638 26.8624 -115
      vertex 30.9204 25.3757 -115
    endloop
  endfacet
  facet normal 0 0 1
    outer loop
      vertex 0 0 -62
      vertex 30.9204 25.3757 -62
      vertex 29.638 26.8624 -62
    endloop
  endfacet
  facet normal 0.757209 0.653173 0
    outer loop
      vertex 30.9204 25.3757 -115
      vertex 29.638 26.8624 -115
      vertex 29.638 26.8624 -62
    endloop
  endfacet
  facet normal 0.757209 0.653173 0
    outer loop
      vertex 30.9204 25.3757 -115
      vertex 29.638 26.8624 -62
      vertex 30.9204 25.3757 -62
    endloop
  endfacet
  facet normal 0 0 -1
    outer loop
      vertex 0 0 -115
      vertex 28.2843 28.2843 -115
      vertex 29.638 26.8624 -115
    endloop
  endfacet
  facet normal 0 0 1
    outer loop
      vertex 0 0 -62
      vertex 29.638 26.8624 -62
      vertex 28.2843 28.2843 -62
    endloop
  endfacet
  facet normal 0.724247 0.689541 0
    outer loop
      vertex 29.638 26.8624 -115
      vertex 28.2843 28.2843 -115
      vertex 28.2843 28.2843 -62
    endloop
  endfacet
  facet normal 0.724247 0.689541 0
    outer loop
      vertex 29.638 26.8624 -115
      vertex 28.2843 28.2843 -62
      vertex 29.638 26.8624 -62
    endloop
  endfacet
  facet normal 0 0 -1
    outer loop
      vertex 0 0 -115
      vertex 26.8624 29.638 -115
      vertex 28.2843 28.2843 -115
    endloop
  endfacet
  facet normal 0 0 1
    outer loop
      vertex 0 0 -62
      vertex 28.2843 28.2843 -62
      vertex 26.8624 29.638 -62
    endloop
  endfacet
  facet normal 0.689541 0.724247 0
    outer loop
      vertex 28.2843 28.2843 -115
      vertex 26.8624 29.638 -115
      vertex 26.8624 29.638 -62
    endloop
  endfacet
  facet normal 0.689541 0.724247 0
    outer loop
      vertex 28.2843 28.2843 -115
      vertex 26.8624 29.638 -62
      vertex 28.2843 28.2843 -62
    endloop
  endfacet
  facet normal 0 0 -1
    outer loop
      vertex 0 0 -115
      vertex 25.3757 30.9204 -115
      vertex 26.8624 29.638 -115
    endloop
  endfacet
  facet normal 0 0 1
    outer loop
      vertex 0 0 -62
      vertex 26.8624 29.638 -62
      vertex 25.3757 30.9204 -62
    endloop
  endfacet
  facet normal 0.653173 0.757209 0
    outer loop
      vertex 26.8624 29.638 -115
      vertex 25.3757 30.9204 -115
      vertex 25.3757 30.9204 -62
    endloop
  endfacet
  facet normal 0.653173 0.757209 0
    outer loop
      vertex 26.8624 29.638 -115
      vertex 25.3757 30.9204 -62
      vertex 26.8624 29.638 -62
    endloop
  endfacet
  facet normal 0 0 -1
    outer loop
      vertex 0 0 -115
      vertex 23.828 32.1283 -115
      vertex 25.3757 30.9204 -115
    endloop
  endfacet
  facet normal 0 0 1
    outer loop
      vertex 0 0 -62
      vertex 25.3757 30.9204 -62
      vertex 23.828 32.1283 -62
    endloop
  endfacet
  facet normal 0.615232 0.788346 0
    outer loop
      vertex 25.3757 30.9204 -115
      vertex 23.828 32.1283 -115
      vertex 23.828 32.1283 -62
    endloop
  endfacet
  facet normal 0.615232 0.788346 0
    outer loop
      vertex 25.3757 30.9204 -115
      vertex 23.828 32.1283 -62
      vertex 25.3757 30.9204 -62
    endloop
  endfacet
  facet normal 0 0 -1
    outer loop
      vertex 0 0 -115
      vertex 22.2228 33.2588 -115
      vertex 23.828 32.1283 -115
    endloop
  endfacet
  facet normal 0 0 1
    outer loop
      vertex 0 0 -62
      vertex 23.828 32.1283 -62
      vertex 22.2228 33.2588 -62
    endloop
  endfacet
  facet normal 0.575808 0.817585 0
    outer loop
      vertex 23.828 32.1283 -115
      vertex 22.2228 33.2588 -115
      vertex 22.2228 33.2588 -62
    endloop
  endfacet
  facet normal 0.575808 0.817585 0
    outer loop
      vertex 23.828 32.1283 -115
      vertex 22.2228 33.2588 -62
      vertex 23.828 32.1283 -62
    endloop
  endfacet
  facet normal 0 0 -1
    outer loop
      vertex 0 0 -115
      vertex 20.5641 34.3091 -115
      vertex 22.2228 33.2588 -115
    endloop
  endfacet
  facet normal 0 0 1
    outer loop
      vertex 0 0 -62
      vertex 22.2228 33.2588 -62
      vertex 20.5641 34.3091 -62
    endloop
  endfacet
  facet normal 0.534998 0.844854 0
    outer loop
      vertex 22.2228 33.2588 -115
      vertex 20.5641 34.3091 -115
      vertex 20.5641 34.3091 -62
    endloop
  endfacet
  facet normal 0.534998 0.844854 0
    outer loop
      vertex 22.2228 33.2588 -115
      vertex 20.5641 34.3091 -62
      vertex 22.2228 33.2588 -62
    endloop
  endfacet
  facet normal 0 0 -1
    outer loop
      vertex 0 0 -115
      vertex 18.8559 35.2769 -115
      vertex 20.5641 34.3091 -115
    endloop
  endfacet
  facet normal 0 0 1
    outer loop
      vertex 0 0 -62
      vertex 20.5641 34.3091 -62
      vertex 18.8559 35.2769 -62
    endloop
  endfacet
  facet normal 0.492898 0.870087 0
    outer loop
      vertex 20.5641 34.3091 -115
      vertex 18.8559 35.2769 -115
      vertex 18.8559 35.2769 -62
    endloop
  endfacet
  facet normal 0.492898 0.870087 0
    outer loop
      vertex 20.5641 34.3091 -115
      vertex 18.8559 35.2769 -62
      vertex 20.5641 34.3091 -62
    endloop
  endfacet
  facet normal 0 0 -1
    outer loop
      vertex 0 0 -115
      vertex 17.1022 36.1596 -115
      vertex 18.8559 35.2769 -115
    endloop
  endfacet
  facet normal 0 0 1
    outer loop
      vertex 0 0 -62
      vertex 18.8559 35.2769 -62
      vertex 17.1022 36.1596 -62
    endloop
  endfacet
  facet normal 0.449611 0.893224 0
    outer loop
      vertex 18.8559 35.2769 -115
      vertex 17.1022 36.1596 -115
      vertex 17.1022 36.1596 -62
    endloop
  endfacet
  facet normal 0.449611 0.893224 0
    outer loop
      vertex 18.8559 35.2769 -115
      vertex 17.1022 36.1596 -62
      vertex 18.8559 35.2769 -62
    endloop
  endfacet
  facet normal 0 0 -1
    outer loop
      vertex 0 0 -115
      vertex 15.3073 36.9552 -115
      vertex 17.1022 36.1596 -115
    endloop
  endfacet
  facet normal 0 0 1
    outer loop
      vertex 0 0 -62
      vertex 17.1022 36.1596 -62
      vertex 15.3073 36.9552 -62
    endloop
  endfacet
  facet normal 0.405241 0.91421 0
    outer loop
      vertex 17.1022 36.1596 -115
      vertex 15.3073 36.9552 -115
      vertex 15.3073 36.9552 -62
    endloop
  endfacet
  facet normal 0.405241 0.91421 0
    outer loop
      vertex 17.1022 36.1596 -115
      vertex 15.3073 36.9552 -62
      vertex 17.1022 36.1596 -62
    endloop
  endfacet
  facet normal 0 0 -1
    outer loop
      vertex 0 0 -115
      vertex 13.4756 37.6618 -115
      vertex 15.3073 36.9552 -115
    endloop
  endfacet
  facet normal 0 0 1
    outer loop
      vertex 0 0 -62
      vertex 15.3073 36.9552 -62
      vertex 13.4756 37.6618 -62
    endloop
  endfacet
  facet normal 0.359895 0.932993 0
    outer loop
      vertex 15.3073 36.9552 -115
      vertex 13.4756 37.6618 -115
      vertex 13.4756 37.6618 -62
    endloop
  endfacet
  facet normal 0.359895 0.932993 0
    outer loop
      vertex 15.3073 36.9552 -115
      vertex 13.4756 37.6618 -62
      vertex 15.3073 36.9552 -62
    endloop
  endfacet
  facet normal 0 0 -1
    outer loop
      vertex 0 0 -115
      vertex 11.6114 38.2776 -115
      vertex 13.4756 37.6618 -115
    endloop
  endfacet
  facet normal 0 0 1
    outer loop
      vertex 0 0 -62
      vertex 13.4756 37.6618 -62
      vertex 11.6114 38.2776 -62
    endloop
  endfacet
  facet normal 0.313682 0.949528 0
    outer loop
      vertex 13.4756 37.6618 -115
      vertex 11.6114 38.2776 -115
      vertex 11.6114 38.2776 -62
    endloop
  endfacet
  facet normal 0.313682 0.949528 0
    outer loop
      vertex 13.4756 37.6618 -115
      vertex 11.6114 38.2776 -62
      vertex 13.4756 37.6618 -62
    endloop
  endfacet
  facet normal 0 0 -1
    outer loop
      vertex 0 0 -115
      vertex 9.71921 38.8013 -115
      vertex 11.6114 38.2776 -115
    endloop
  endfacet
  facet normal 0 0 1
    outer loop
      vertex 0 0 -62
      vertex 11.6114 38.2776 -62
      vertex 9.71921 38.8013 -62
    endloop
  endfacet
  facet normal 0.266713 0.963776 0
    outer loop
      vertex 11.6114 38.2776 -115
      vertex 9.71921 38.8013 -115
      vertex 9.71921 38.8013 -62
    endloop
  endfacet
  facet normal 0.266713 0.963776 0
    outer loop
      vertex 11.6114 38.2776 -115
      vertex 9.71921 38.8013 -62
      vertex 11.6114 38.2776 -62
    endloop
  endfacet
  facet normal 0 0 -1
    outer loop
      vertex 0 0 -115
      vertex 7.80361 39.2314 -115
      vertex 9.71921 38.8013 -115
    endloop
  endfacet
  facet normal 0 0 1
    outer loop
      vertex 0 0 -62
      vertex 9.71921 38.8013 -62
      vertex 7.80361 39.2314 -62
    endloop
  endfacet
  facet normal 0.219101 0.975702 0
    outer loop
      vertex 9.71921 38.8013 -115
      vertex 7.80361 39.2314 -115
      vertex 7.80361 39.2314 -62
    endloop
  endfacet
  facet normal 0.219101 0.975702 0
    outer loop
      vertex 9.71921 38.8013 -115
      vertex 7.80361 39.2314 -62
      vertex 9.71921 38.8013 -62
    endloop
  endfacet
  facet normal 0 0 -1
    outer loop
      vertex 0 0 -115
      vertex 5.86922 39.5671 -115
      vertex 7.80361 39.2314 -115
    endloop
  endfacet
  facet normal 0 0 1
    outer loop
      vertex 0 0 -62
      vertex 7.80361 39.2314 -62
      vertex 5.86922 39.5671 -62
    endloop
  endfacet
  facet normal 0.170962 0.985278 0
    outer loop
      vertex 7.80361 39.2314 -115
      vertex 5.86922 39.5671 -115
      vertex 5.86922 39.5671 -62
    endloop
  endfacet
  facet normal 0.170962 0.985278 0
    outer loop
      vertex 7.80361 39.2314 -115
      vertex 5.86922 39.5671 -62
      vertex 7.80361 39.2314 -62
    endloop
  endfacet
  facet normal 0 0 -1
    outer loop
      vertex 0 0 -115
      vertex 3.92069 39.8074 -115
      vertex 5.86922 39.5671 -115
    endloop
  endfacet
  facet normal 0 0 1
    outer loop
      vertex 0 0 -62
      vertex 5.86922 39.5671 -62
      vertex 3.92069 39.8074 -62
    endloop
  endfacet
  facet normal 0.122411 0.99248 0
    outer loop
      vertex 5.86922 39.5671 -115
      vertex 3.92069 39.8074 -115
      vertex 3.92069 39.8074 -62
    endloop
  endfacet
  facet normal 0.122411 0.99248 0
    outer loop
      vertex 5.86922 39.5671 -115
      vertex 3.92069 39.8074 -62
      vertex 5.86922 39.5671 -62
    endloop
  endfacet
  facet normal 0 0 -1
    outer loop
      vertex 0 0 -115
      vertex 1.96271 39.9518 -115
      vertex 3.92069 39.8074 -115
    endloop
  endfacet
  facet normal 0 0 1
    outer loop
      vertex 0 0 -62
      vertex 3.92069 39.8074 -62
      vertex 1.96271 39.9518 -62
    endloop
  endfacet
  facet normal 0.0735646 0.99729 0
    outer loop
      vertex 3.92069 39.8074 -115
      vertex 1.96271 39.9518 -115
      vertex 1.96271 39.9518 -62
    endloop
  endfacet
  facet normal 0.0735646 0.99729 0
    outer loop
      vertex 3.92069 39.8074 -115
      vertex 1.96271 39.9518 -62
      vertex 3.92069 39.8074 -62
    endloop
  endfacet
  facet normal 0 0 -1
    outer loop
      vertex 0 0 -115
      vertex 2.44929e-15 40 -115
      vertex 1.96271 39.9518 -115
    endloop
  endfacet
  facet normal 0 0 1
    outer loop
      vertex 0 0 -62
      vertex 1.96271 39.9518 -62
      vertex 2.44929e-15 40 -62
    endloop
  endfacet
  facet normal 0.0245412 0.999699 0
    outer loop
      vertex 1.96271 39.9518 -115
      vertex 2.44929e-15 40 -115
      vertex 2.44929e-15 40 -62
    endloop
  endfacet
  facet normal 0.0245412 0.999699 0
    outer loop
      vertex 1.96271 39.9518 -115
      vertex 2.44929e-15 40 -62
      vertex 1.96271 39.9518 -62
    endloop
  endfacet
  facet normal 0 0 -1
    outer loop
      vertex 0 0 -115
      vertex -1.96271 39.9518 -115
      vertex 2.44929e-15 40 -115
    endloop
  endfacet
  facet normal 0 0 1
    outer loop
      vertex 0 0 -62
      vertex 2.44929e-15 40 -62
      vertex -1.96271 39.9518 -62
    endloop
  endfacet
  facet normal -0.0245412 0.999699 0
    outer loop
      vertex 2.44929e-15 40 -115
      vertex -1.96271 39.9518 -115
      vertex -1.96271 39.9518 -62
    endloop
  endfacet
  facet normal -0.0245412 0.999699 0
    outer loop
      vertex 2.44929e-15 40 -115
      vertex -1.96271 39.9518 -62
      vertex 2.44929e-15 40 -62
    endloop
  endfacet
  facet normal 0 0 -1
    outer loop
      vertex 0 0 -115
      vertex -3.92069 39.8074 -115
      vertex -1.96271 39.9518 -115
    endloop
  endfacet
  facet normal 0 0 1
    outer loop
      vertex 0 0 -62
      vertex -1.96271 39.9518 -62
      vertex -3.92069 39.8074 -62
    endloop
  endfacet
  facet normal -0.0735646 0.99729 0
    outer loop
      vertex -1.96271 39.9518 -115
      vertex -3.92069 39.8074 -115
      vertex -3.92069 39.8074 -62
    endloop
  endfacet
  facet normal -0.0735646 0.99729 0
    outer loop
      vertex -1.96271 39.9518 -115
      vertex -3.92069 39.8074 -62
      vertex -1.96271 39.9518 -62
    endloop
  endfacet
  facet normal 0 0 -1
    outer loop
      vertex 0 0 -115
      vertex -5.86922 39.5671 -115
      vertex -3.92069 39.8074 -115
    endloop
  endfacet
  facet normal 0 0 1
    outer loop
      vertex 0 0 -62
      vertex -3.92069 39.8074 -62
      vertex -5.86922 39.5671 -62
    endloop
  endfacet
  facet normal -0.122411 0.99248 0
    outer loop
      vertex -3.92069 39.8074 -115
      vertex -5.86922 39.5671 -115
      vertex -5.86922 39.5671 -62
    endloop
  endfacet
  facet normal -0.122411 0.99248 0
    outer loop
      vertex -3.92069 39.8074 -115
      vertex -5.86922 39.5671 -62
      vertex -3.92069 39.8074 -62
    endloop
  endfacet
  facet normal 0 0 -1
    outer loop
      vertex 0 0 -115
      vertex -7.80361 39.2314 -115
      vertex -5.86922 39.5671 -115
    endloop
  endfacet
  facet normal 0 0 1
    outer loop
      vertex 0 0 -62
      vertex -5.86922 39.5671 -62
      vertex -7.80361 39.2314 -62
    endloop
  endfacet
  facet normal -0.170962 0.985278 0
    outer loop
      vertex -5.86922 39.5671 -115
      vertex -7.80361 39.2314 -115
      vertex -7.80361 39.2314 -62
    endloop
  endfacet
  facet normal -0.170962 0.985278 0
    outer loop
      vertex -5.86922 39.5671 -115
      vertex -7.80361 39.2314 -62
      vertex -5.86922 39.5671 -62
    endloop
  endfacet
  facet normal 0 0 -1
    outer loop
      vertex 0 0 -115
      vertex -9.71921 38.8013 -115
      vertex -7.80361 39.2314 -115
    endloop
  endfacet
  facet normal 0 0 1
    outer loop
      vertex 0 0 -62
      vertex -7.80361 39.2314 -62
      vertex -9.71921 38.8013 -62
    endloop
  endfacet
  facet normal -0.219101 0.975702 0
    outer loop
      vertex -7.80361 39.2314 -115
      vertex -9.71921 38.8013 -115
      vertex -9.71921 38.8013 -62
    endloop
  endfacet
  facet normal -0.219101 0.975702 0
    outer loop
      vertex -7.80361 39.2314 -115
      vertex -9.71921 38.8013 -62
      vertex -7.80361 39.2314 -62
    endloop
  endfacet
  facet normal 0 0 -1
    outer loop
      vertex 0 0 -115
      vertex -11.6114 38.2776 -115
      vertex -9.71921 38.8013 -115
    endloop
  endfacet
  facet normal 0 0 1
    outer loop
      vertex 0 0 -62
      vertex -9.71921 38.8013 -62
      vertex -11.6114 38.2776 -62
    endloop
  endfacet
  facet normal -0.266713 0.963776 0
    outer loop
      vertex -9.71921 38.8013 -115
      vertex -11.6114 38.2776 -115
      vertex -11.6114 38.2776 -62
    endloop
  endfacet
  facet normal -0.266713 0.963776 0
    outer loop
      vertex -9.71921 38.8013 -115
      vertex -11.6114 38.2776 -62
      vertex -9.71921 38.8013 -62
    endloop
  endfacet
  facet normal 0 0 -1
    outer loop
      vertex 0 0 -115
      vertex -13.4756 37.6618 -115
      vertex -11.6114 38.2776 -115
    endloop
  endfacet
  facet normal 0 0 1
    outer loop
      vertex 0 0 -62
      vertex -11.6114 38.2776 -62
      vertex -13.4756 37.6618 -62
    endloop
  endfacet
  facet normal -0.313682 0.949528 0
    outer loop
      vertex -11.6114 38.2776 -115
      vertex -13.4756 37.6618 -115
      vertex -13.4756 37.6618 -62
    endloop
  endfacet
  facet normal -0.313682 0.949528 0
    outer loop
      vertex -11.6114 38.2776 -115
      vertex -13.4756 37.6618 -62
      vertex -11.6114 38.2776 -62
    endloop
  endfacet
  facet normal 0 0 -1
    outer loop
      vertex 0 0 -115
      vertex -15.3073 36.9552 -115
      vertex -13.4756 37.6618 -115
    endloop
  endfacet
  facet normal 0 0 1
    outer loop
      vertex 0 0 -62
      vertex -13.4756 37.6618 -62
      vertex -15.3073 36.9552 -62
    endloop
  endfacet
  facet normal -0.359895 0.932993 0
    outer loop
      vertex -13.4756 37.6618 -115
      vertex -15.3073 36.9552 -115
      vertex -15.3073 36.9552 -62
    endloop
  endfacet
  facet normal -0.359895 0.932993 0
    outer loop
      vertex -13.4756 37.6618 -115
      vertex -15.3073 36.9552 -62
      vertex -13.4756 37.6618 -62
    endloop
  endfacet
  facet normal 0 0 -1
    outer loop
      vertex 0 0 -115
      vertex -17.1022 36.1596 -115
      vertex -15.3073 36.9552 -115
    endloop
  endfacet
  facet normal 0 0 1
    outer loop
      vertex 0 0 -62
      vertex -15.3073 36.9552 -62
      vertex -17.1022 36.1596 -62
    endloop
  endfacet
  facet normal -0.405241 0.91421 0
    outer loop
      vertex -15.3073 36.9552 -115
      vertex -17.1022 36.1596 -115
      vertex -17.1022 36.1596 -62
    endloop
  endfacet
  facet normal -0.405241 0.91421 0
    outer loop
      vertex -15.3073 36.9552 -115
      vertex -17.1022 36.1596 -62
      vertex -15.3073 36.9552 -62
    endloop
  endfacet
  facet normal 0 0 -1
    outer loop
      vertex 0 0 -115
      vertex -18.8559 35.2769 -115
      vertex -17.1022 36.1596 -115
    endloop
  endfacet
  facet normal 0 0 1
    outer loop
      vertex 0 0 -62
      vertex -17.1022 36.1596 -62
      vertex -18.8559 35.2769 -62
    endloop
  endfacet
  facet normal -0.449611 0.893224 0
    outer loop
      vertex -17.1022 36.1596 -115
      vertex -18.8559 35.2769 -115
      vertex -18.8559 35.2769 -62
    endloop
  endfacet
  facet normal -0.449611 0.893224 0
    outer loop
      vertex -17.1022 36.1596 -115
      vertex -18.8559 35.2769 -62
      vertex -17.1022 36.1596 -62
    endloop
  endfacet
  facet normal 0 0 -1
    outer loop
      vertex 0 0 -115
      vertex -20.5641 34.3091 -115
      vertex -18.8559 35.2769 -115
    endloop
  endfacet
  facet normal 0 0 1
    outer loop
      vertex 0 0 -62
      vertex -18.8559 35.2769 -62
      vertex -20.5641 34.3091 -62
    endloop
  endfacet
  facet normal -0.492898 0.870087 0
    outer loop
      vertex -18.8559 35.2769 -115
      vertex -20.5641 34.3091 -115
      vertex -20.5641 34.3091 -62
    endloop
  endfacet
  facet normal -0.492898 0.870087 0
    outer loop
      vertex -18.8559 35.2769 -115
      vertex -20.5641 34.3091 -62
      vertex -18.8559 35.2769 -62
    endloop
  endfacet
  facet normal 0 0 -1
    outer loop
      vertex 0 0 -115
      vertex -22.2228 33.2588 -115
      vertex -20.5641 34.3091 -115
    endloop
  endfacet
  facet normal 0 0 1
    outer loop
      vertex 0 0 -62
      vertex -20.5641 34.3091 -62
      vertex -22.2228 33.2588 -62
    endloop
  endfacet
  facet normal -0.534998 0.844854 0
    outer loop
      vertex -20.5641 34.3091 -115
      vertex -22.2228 33.2588 -115
      vertex -22.2228 33.2588 -62
    endloop
  endfacet
  facet normal -0.534998 0.844854 0
    outer loop
      vertex -20.5641 34.3091 -115
      vertex -22.2228 33.2588 -62
      vertex -20.5641 34.3091 -62
    endloop
  endfacet
  facet normal 0 0 -1
    outer loop
      vertex 0 0 -115
      vertex -23.828 32.1283 -115
      vertex -22.2228 33.2588 -115
    endloop
  endfacet
  facet normal 0 0 1
    outer loop
      vertex 0 0 -62
      vertex -22.2228 33.2588 -62
      vertex -23.828 32.1283 -62
    endloop
  endfacet
  facet normal -0.575808 0.817585 0
    outer loop
      vertex -22.2228 33.2588 -115
      vertex -23.828 32.1283 -115
      vertex -23.828 32.1283 -62
    endloop
  endfacet
  facet normal -0.575808 0.817585 0
    outer loop
      vertex -22.2228 33.2588 -115
      vertex -23.828 32.1283 -62
      vertex -22.2228 33.2588 -62
    endloop
  endfacet
  facet normal 0 0 -1
    outer loop
      vertex 0 0 -115
      vertex -25.3757 30.9204 -115
      vertex -23.828 32.1283 -115
    endloop
  endfacet
  facet normal 0 0 1
    outer loop
      vertex 0 0 -62
      vertex -23.828 32.1283 -62
      vertex -25.3757 30.9204 -62
    endloop
  endfacet
  facet normal -0.615232 0.788346 0
    outer loop
      vertex -23.828 32.1283 -115
      vertex -25.3757 30.9204 -115
      vertex -25.3757 30.9204 -62
    endloop
  endfacet
  facet normal -0.615232 0.788346 0
    outer loop
      vertex -23.828 32.1283 -115
      vertex -25.3757 30.9204 -62
      vertex -23.828 32.1283 -62
    endloop
  endfacet
  facet normal 0 0 -1
    outer loop
      vertex 0 0 -115
      vertex -26.8624 29.638 -115
      vertex -25.3757 30.9204 -115
    endloop
  endfacet
  facet normal 0 0 1
    outer loop
      vertex 0 0 -62
      vertex -25.3757 30.9204 -62
      vertex -26.8624 29.638 -62
    endloop
  endfacet
  facet normal -0.653173 0.757209 0
    outer loop
      vertex -25.3757 30.9204 -115
      vertex -26.8624 29.638 -115
      vertex -26.8624 29.638 -62
    endloop
  endfacet
  facet normal -0.653173 0.757209 0
    outer loop
      vertex -25.3757 30.9204 -115
      vertex -26.8624 29.638 -62
      vertex -25.3757 30.9204 -62
    endloop
  endfacet
  facet normal 0 0 -1
    outer loop
      vertex 0 0 -115
      vertex -28.2843 28.2843 -115
      vertex -26.8624 29.638 -115
    endloop
  endfacet
  facet normal 0 0 1
    outer loop
      vertex 0 0 -62
      vertex -26.8624 29.638 -62
      vertex -28.2843 28.2843 -62
    endloop
  endfacet
  facet normal -0.689541 0.724247 0
    outer loop
      vertex -26.8624 29.638 -115
      vertex -28.2843 28.2843 -115
      vertex -28.2843 28.2843 -62
    endloop
  endfacet
  facet normal -0.689541 0.724247 0
    outer loop
      vertex -26.8624 29.638 -115
      vertex -28.2843 28.2843 -62
      vertex -26.8624 29.638 -62
    endloop
  endfacet
  facet normal 0 0 -1
    outer loop
      vertex 0 0 -115
      vertex -29.638 26.8624 -115
      vertex -28.2843 28.2843 -115
    endloop
  endfacet
  facet normal 0 0 1
    outer loop
      vertex 0 0 -62
      vertex -28.2843 28.2843 -62
      vertex -29.638 26.8624 -62
    endloop
  endfacet
  facet normal -0.724247 0.689541 0
    outer loop
      vertex -28.2843 28.2843 -115
      vertex -29.638 26.8624 -115
      vertex -29.638 26.8624 -62
    endloop
  endfacet
  facet normal -0.724247 0.689541 0
    outer loop
      vertex -28.2843 28.2843 -115
      vertex -29.638 26.8624 -62
      vertex -28.2843 28.2843 -62
    endloop
  endfacet
  facet normal 0 0 -1
    outer loop
      vertex 0 0 -115
      vertex -30.9204 25.3757 -115
      vertex -29.638 26.8624 -115
    endloop
  endfacet
  facet normal 0 0 1
    outer loop
      vertex 0 0 -62
      vertex -29.638 26.8624 -62
      vertex -30.9204 25.3757 -62
    endloop
  endfacet
  facet normal -0.757209 0.653173 0
    outer loop
      vertex -29.638 26.8624 -115
      vertex -30.9204 25.3757 -115
      vertex -30.9204 25.3757 -62
    endloop
  endfacet
  facet normal -0.757209 0.653173 0
    outer loop
      vertex -29.638 26.8624 -115
      vertex -30.9204 25.3757 -62
      vertex -29.638 26.8624 -62
    endloop
  endfacet
  facet normal 0 0 -1
    outer loop
      vertex 0 0 -115
      vertex -32.1283 23.828 -115
      vertex -30.9204 25.3757 -115
    endloop
  endfacet
  facet normal 0 0 1
    outer loop
      vertex 0 0 -62
      vertex -30.9204 25.3757 -62
      vertex -32.1283 23.828 -62
    endloop
  endfacet
  facet normal -0.788346 0.615232 0
    outer loop
      vertex -30.9204 25.3757 -115
      vertex -32.1283 23.828 -115
      vertex -32.1283 23.828 -62
    endloop
  endfacet
  facet normal -0.788346 0.615232 0
    outer loop
      vertex -30.9204 25.3757 -115
      vertex -32.1283 23.828 -62
      vertex -30.9204 25.3757 -62
    endloop
  endfacet
  facet normal 0 0 -1
    outer loop
      vertex 0 0 -115
      vertex -33.2588 22.2228 -115
      vertex -32.1283 23.828 -115
    endloop
  endfacet
  facet normal 0 0 1
    outer loop
      vertex 0 0 -62
      vertex -32.1283 23.828 -62
      vertex -33.2588 22.2228 -62
    endloop
  endfacet
  facet normal -0.817585 0.575808 0
    outer loop
      vertex -32.1283 23.828 -115
      vertex -33.2588 22.2228 -115
      vertex -33.2588 22.2228 -62
    endloop
  endfacet
  facet normal -0.817585 0.575808 0
    outer loop
      vertex -32.1283 23.828 -115
      vertex -33.2588 22.2228 -62
      vertex -32.1283 23.828 -62
    endloop
  endfacet
  facet normal 0 0 -1
    outer loop
      vertex 0 0 -115
      vertex -34.3091 20.5641 -115
      vertex -33.2588 22.2228 -115
    endloop
  endfacet
  facet normal 0 0 1
    outer loop
      vertex 0 0 -62
      vertex -33.2588 22.2228 -62
      vertex -34.3091 20.5641 -62
    endloop
  endfacet
  facet normal -0.844854 0.534998 0
    outer loop
      vertex -33.2588 22.2228 -115
      vertex -34.3091 20.5641 -115
      vertex -34.3091 20.5641 -62
    endloop
  endfacet
  facet normal -0.844854 0.534998 0
    outer loop
      vertex -33.2588 22.2228 -115
      vertex -34.3091 20.5641 -62
      vertex -33.2588 22.2228 -62
    endloop
  endfacet
  facet normal 0 0 -1
    outer loop
      vertex 0 0 -115
      vertex -35.2769 18.8559 -115
      vertex -34.3091 20.5641 -115
    endloop
  endfacet
  facet normal 0 0 1
    outer loop
      vertex 0 0 -62
      vertex -34.3091 20.5641 -62
      vertex -35.2769 18.8559 -62
    endloop
  endfacet
  facet normal -0.870087 0.492898 0
    outer loop
      vertex -34.3091 20.5641 -115
      vertex -35.2769 18.8559 -115
      vertex -35.2769 18.8559 -62
    endloop
  endfacet
  facet normal -0.870087 0.492898 0
    outer loop
      vertex -34.3091 20.5641 -115
      vertex -35.2769 18.8559 -62
      vertex -34.3091 20.5641 -62
    endloop
  endfacet
  facet normal 0 0 -1
    outer loop
      vertex 0 0 -115
      vertex -36.1596 17.1022 -115
      vertex -35.2769 18.8559 -115
    endloop
  endfacet
  facet normal 0 0 1
    outer loop
      vertex 0 0 -62
      vertex -35.2769 18.8559 -62
      vertex -36.1596 17.1022 -62
    endloop
  endfacet
  facet normal -0.893224 0.449611 0
    outer loop
      vertex -35.2769 18.8559 -115
      vertex -36.1596 17.1022 -115
      vertex -36.1596 17.1022 -62
    endloop
  endfacet
  facet normal -0.893224 0.449611 0
    outer loop
      vertex -35.2769 18.8559 -115
      vertex -36.1596 17.1022 -62
      vertex -35.2769 18.8559 -62
    endloop
  endfacet
  facet normal 0 0 -1
    outer loop
      vertex 0 0 -115
      vertex -36.9552 15.3073 -115
      vertex -36.1596 17.1022 -115
    endloop
  endfacet
  facet normal 0 0 1
    outer loop
      vertex 0 0 -62
      vertex -36.1596 17.1022 -62
      vertex -36.9552 15.3073 -62
    endloop
  endfacet
  facet normal -0.91421 0.405241 0
    outer loop
      vertex -36.1596 17.1022 -115
      vertex -36.9552 15.3073 -115
      vertex -36.9552 15.3073 -62
    endloop
  endfacet
  facet normal -0.91421 0.405241 0
    outer loop
      vertex -36.1596 17.1022 -115
      vertex -36.9552 15.3073 -62
      vertex -36.1596 17.1022 -62
    endloop
  endfacet
  facet normal 0 0 -1
    outer loop
      vertex 0 0 -115
      vertex -37.6618 13.4756 -115
      vertex -36.9552 15.3073 -115
    endloop
  endfacet
  facet normal 0 0 1
    outer loop
      vertex 0 0 -62
      vertex -36.9552 15.3073 -62
      vertex -37.6618 13.4756 -62
    endloop
  endfacet
  facet normal -0.932993 0.359895 0
    outer loop
      vertex -36.9552 15.3073 -115
      vertex -37.6618 13.4756 -115
      vertex -37.6618 13.4756 -62
    endloop
  endfacet
  facet normal -0.932993 0.359895 0
    outer loop
      vertex -36.9552 15.3073 -115
      vertex -37.6618 13.4756 -62
      vertex -36.9552 15.3073 -62
    endloop
  endfacet
  facet normal 0 0 -1
    outer loop
      vertex 0 0 -115
      vertex -38.2776 11.6114 -115
      vertex -37.6618 13.4756 -115
    endloop
  endfacet
  facet normal 0 0 1
    outer loop
      vertex 0 0 -62
      vertex -37.6618 13.4756 -62
      vertex -38.2776 11.6114 -62
    endloop
  endfacet
  facet normal -0.949528 0.313682 0
    outer loop
      vertex -37.6618 13.4756 -115
      vertex -38.2776 11.6114 -115
      vertex -38.2776 11.6114 -62
    endloop
  endfacet
  facet normal -0.949528 0.313682 0
    outer loop
      vertex -37.6618 13.4756 -115
      vertex -38.2776 11.6114 -62
      vertex -37.6618 13.4756 -62
    endloop
  endfacet
  facet normal 0 0 -1
    outer loop
      vertex 0 0 -115
      vertex -38.8013 9.71921 -115
      vertex -38.2776 11.6114 -115
    endloop
  endfacet
  facet normal 0 0 1
    outer loop
      vertex 0 0 -62
      vertex -38.2776 11.6114 -62
      vertex -38.8013 9.71921 -62
    endloop
  endfacet
  facet normal -0.963776 0.266713 0
    outer loop
      vertex -38.2776 11.6114 -115
      vertex -38.8013 9.71921 -115
      vertex -38.8013 9.71921 -62
    endloop
  endfacet
  facet normal -0.963776 0.266713 0
    outer loop
      vertex -38.2776 11.6114 -115
      vertex -38.8013 9.71921 -62
      vertex -38.2776 11.6114 -62
    endloop
  endfacet
  facet normal 0 0 -1
    outer loop
      vertex 0 0 -115
      vertex -39.2314 7.80361 -115
      vertex -38.8013 9.71921 -115
    endloop
  endfacet
  facet normal 0 0 1
    outer loop
      vertex 0 0 -62
      vertex -38.8013 9.71921 -62
      vertex -39.2314 7.80361 -62
    endloop
  endfacet
  facet normal -0.975702 0.219101 0
    outer loop
      vertex -38.8013 9.71921 -115
      vertex -39.2314 7.80361 -115
      vertex -39.2314 7.80361 -62
    endloop
  endfacet
  facet normal -0.975702 0.219101 0
    outer loop
      vertex -38.8013 9.71921 -115
      vertex -39.2314 7.80361 -62
      vertex -38.8013 9.71921 -62
    endloop
  endfacet
  facet normal 0 0 -1
    outer loop
      vertex 0 0 -115
      vertex -39.5671 5.86922 -115
      vertex -39.2314 7.80361 -115
    endloop
  endfacet
  facet normal 0 0 1
    outer loop
      vertex 0 0 -62
      vertex -39.2314 7.80361 -62
      vertex -39.5671 5.86922 -62
    endloop
  endfacet
  facet normal -0.985278 0.170962 0
    outer loop
      vertex -39.2314 7.80361 -115
      vertex -39.5671 5.86922 -115
      vertex -39.5671 5.86922 -62
    endloop
  endfacet
  facet normal -0.985278 0.170962 0
    outer loop
      vertex -39.2314 7.80361 -115
      vertex -39.5671 5.86922 -62
      vertex -39.2314 7.80361 -62
    endloop
  endfacet
  facet normal 0 0 -1
    outer loop
      vertex 0 0 -115
      vertex -39.8074 3.92069 -115
      vertex -39.5671 5.86922 -115
    endloop
  endfacet
  facet normal 0 0 1
    outer loop
      vertex 0 0 -62
      vertex -39.5671 5.86922 -62
      vertex -39.8074 3.92069 -62
    endloop
  endfacet
  facet normal -0.99248 0.122411 0
    outer loop
      vertex -39.5671 5.86922 -115
      vertex -39.8074 3.92069 -115
      vertex -39.8074 3.92069 -62
    endloop
  endfacet
  facet normal -0.99248 0.122411 0
    outer loop
      vertex -39.5671 5.86922 -115
      vertex -39.8074 3.92069 -62
      vertex -39.5671 5.86922 -62
    endloop
  endfacet
  facet normal 0 0 -1
    outer loop
      vertex 0 0 -115
      vertex -39.9518 1.96271 -115
      vertex -39.8074 3.92069 -115
    endloop
  endfacet
  facet normal 0 0 1
    outer loop
      vertex 0 0 -62
      vertex -39.8074 3.92069 -62
      vertex -39.9518 1.96271 -62
    endloop
  endfacet
  facet normal -0.99729 0.0735646 0
    outer loop
      vertex -39.8074 3.92069 -115
      vertex -39.9518 1.96271 -115
      vertex -39.9518 1.96271 -62
    endloop
  endfacet
  facet normal -0.99729 0.0735646 0
    outer loop
      vertex -39.8074 3.92069 -115
      vertex -39.9518 1.96271 -62
      vertex -39.8074 3.92069 -62
    endloop
  endfacet
  facet normal 0 0 -1
    outer loop
      vertex 0 0 -115
      vertex -40 4.89859e-15 -115
      vertex -39.9518 1.96271 -115
    endloop
  endfacet
  facet normal 0 0 1
    outer loop
      vertex 0 0 -62
      vertex -39.9518 1.96271 -62
      vertex -40 4.89859e-15 -62
    endloop
  endfacet
  facet normal -0.999699 0.0245412 0
    outer loop
      vertex -39.9518 1.96271 -115
      vertex -40 4.89859e-15 -115
      vertex -40 4.89859e-15 -62
    endloop
  endfacet
  facet normal -0.999699 0.0245412 0
    outer loop
      vertex -39.9518 1.96271 -115
      vertex -40 4.89859e-15 -62
      vertex -39.9518 1.96271 -62
    endloop
  endfacet
  facet normal 0 0 -1
    outer loop
      vertex 0 0 -115
      vertex -39.9518 -1.96271 -115
      vertex -40 4.89859e-15 -115
    endloop
  endfacet
  facet normal 0 0 1
    outer loop
      vertex 0 0 -62
      vertex -40 4.89859e-15 -62
      vertex -39.9518 -1.96271 -62
    endloop
  endfacet
  facet normal -0.999699 -0.0245412 0
    outer loop
      vertex -40 4.89859e-15 -115
      vertex -39.9518 -1.96271 -115
      vertex -39.9518 -1.96271 -62
    endloop
  endfacet
  facet normal -0.999699 -0.0245412 0
    outer loop
      vertex -40 4.89859e-15 -115
      vertex -39.9518 -1.96271 -62
      vertex -40 4.89859e-15 -62
    endloop
  endfacet
  facet normal 0 0 -1
    outer loop
      vertex 0 0 -115
      vertex -39.8074 -3.92069 -115
      vertex -39.9518 -1.96271 -115
    endloop
  endfacet
  facet normal 0 0 1
    outer loop
      vertex 0 0 -62
      vertex -39.9518 -1.96271 -62
      vertex -39.8074 -3.92069 -62
    endloop
  endfacet
  facet normal -0.99729 -0.0735646 0
    outer loop
      vertex -39.9518 -1.96271 -115
      vertex -39.8074 -3.92069 -115
      vertex -39.8074 -3.92069 -62
    endloop
  endfacet
  facet normal -0.99729 -0.0735646 0
    outer loop
      vertex -39.9518 -1.96271 -115
      vertex -39.8074 -3.92069 -62
      vertex -39.9518 -1.96271 -62
    endloop
  endfacet
  facet normal 0 0 -1
    outer loop
      vertex 0 0 -115
      vertex -39.5671 -5.86922 -115
      vertex -39.8074 -3.92069 -115
    endloop
  endfacet
  facet normal 0 0 1
    outer loop
      vertex 0 0 -62
      vertex -39.8074 -3.92069 -62
      vertex -39.5671 -5.86922 -62
    endloop
  endfacet
  facet normal -0.99248 -0.122411 0
    outer loop
      vertex -39.8074 -3.92069 -115
      vertex -39.5671 -5.86922 -115
      vertex -39.5671 -5.86922 -62
    endloop
  endfacet
  facet normal -0.99248 -0.122411 0
    outer loop
      vertex -39.8074 -3.92069 -115
      vertex -39.5671 -5.86922 -62
      vertex -39.8074 -3.92069 -62
    endloop
  endfacet
  facet normal 0 0 -1
    outer loop
      vertex 0 0 -115
      vertex -39.2314 -7.80361 -115
      vertex -39.5671 -5.86922 -115
    endloop
  endfacet
  facet normal 0 0 1
    outer loop
      vertex 0 0 -62
      vertex -39.5671 -5.86922 -62
      vertex -39.2314 -7.80361 -62
    endloop
  endfacet
  facet normal -0.985278 -0.170962 0
    outer loop
      vertex -39.5671 -5.86922 -115
      vertex -39.2314 -7.80361 -115
      vertex -39.2314 -7.80361 -62
    endloop
  endfacet
  facet normal -0.985278 -0.170962 0
    outer loop
      vertex -39.5671 -5.86922 -115
      vertex -39.2314 -7.80361 -62
      vertex -39.5671 -5.86922 -62
    endloop
  endfacet
  facet normal 0 0 -1
    outer loop
      vertex 0 0 -115
      vertex -38.8013 -9.71921 -115
      vertex -39.2314 -7.80361 -115
    endloop
  endfacet
  facet normal 0 0 1
    outer loop
      vertex 0 0 -62
      vertex -39.2314 -7.80361 -62
      vertex -38.8013 -9.71921 -62
    endloop
  endfacet
  facet normal -0.975702 -0.219101 0
    outer loop
      vertex -39.2314 -7.80361 -115
      vertex -38.8013 -9.71921 -115
      vertex -38.8013 -9.71921 -62
    endloop
  endfacet
  facet normal -0.975702 -0.219101 0
    outer loop
      vertex -39.2314 -7.80361 -115
      vertex -38.8013 -9.71921 -62
      vertex -39.2314 -7.80361 -62
    endloop
  endfacet
  facet normal 0 0 -1
    outer loop
      vertex 0 0 -115
      vertex -38.2776 -11.6114 -115
      vertex -38.8013 -9.71921 -115
    endloop
  endfacet
  facet normal 0 0 1
    outer loop
      vertex 0 0 -62
      vertex -38.8013 -9.71921 -62
      vertex -38.2776 -11.6114 -62
    endloop
  endfacet
  facet normal -0.963776 -0.266713 0
    outer loop
      vertex -38.8013 -9.71921 -115
      vertex -38.2776 -11.6114 -115
      vertex -38.2776 -11.6114 -62
    endloop
  endfacet
  facet normal -0.963776 -0.266713 0
    outer loop
      vertex -38.8013 -9.71921 -115
      vertex -38.2776 -11.6114 -62
      vertex -38.8013 -9.71921 -62
    endloop
  endfacet
  facet normal 0 0 -1
    outer loop
      vertex 0 0 -115
      vertex -37.6618 -13.4756 -115
      vertex -38.2776 -11.6114 -115
    endloop
  endfacet
  facet normal 0 0 1
    outer loop
      vertex 0 0 -62
      vertex -38.2776 -11.6114 -62
      vertex -37.6618 -13.4756 -62
    endloop
  endfacet
  facet normal -0.949528 -0.313682 0
    outer loop
      vertex -38.2776 -11.6114 -115
      vertex -37.6618 -13.4756 -115
      vertex -37.6618 -13.4756 -62
    endloop
  endfacet
  facet normal -0.949528 -0.313682 0
    outer loop
      vertex -38.2776 -11.6114 -115
      vertex -37.6618 -13.4756 -62
      vertex -38.2776 -11.6114 -62
    endloop
  endfacet
  facet normal 0 0 -1
    outer loop
      vertex 0 0 -115
      vertex -36.9552 -15.3073 -115
      vertex -37.6618 -13.4756 -115
    endloop
  endfacet
  facet normal 0 0 1
    outer loop
      vertex 0 0 -62
      vertex -37.6618 -13.4756 -62
      vertex -36.9552 -15.3073 -62
    endloop
  endfacet
  facet normal -0.932993 -0.359895 0
    outer loop
      vertex -37.6618 -13.4756 -115
      vertex -36.9552 -15.3073 -115
      vertex -36.9552 -15.3073 -62
    endloop
  endfacet
  facet normal -0.932993 -0.359895 0
    outer loop
      vertex -37.6618 -13.4756 -115
      vertex -36.9552 -15.3073 -62
      vertex -37.6618 -13.4756 -62
    endloop
  endfacet
  facet normal 0 0 -1
    outer loop
      vertex 0 0 -115
      vertex -36.1596 -17.1022 -115
      vertex -36.9552 -15.3073 -115
    endloop
  endfacet
  facet normal 0 0 1
    outer loop
      vertex 0 0 -62
      vertex -36.9552 -15.3073 -62
      vertex -36.1596 -17.1022 -62
    endloop
  endfacet
  facet normal -0.91421 -0.405241 0
    outer loop
      vertex -36.9552 -15.3073 -115
      vertex -36.1596 -17.1022 -115
      vertex -36.1596 -17.1022 -62
    endloop
  endfacet
  facet normal -0.91421 -0.405241 0
    outer loop
      vertex -36.9552 -15.3073 -115
      vertex -36.1596 -17.1022 -62
      vertex -36.9552 -15.3073 -62
    endloop
  endfacet
  facet normal 0 0 -1
    outer loop
      vertex 0 0 -115
      vertex -35.2769 -18.8559 -115
      vertex -36.1596 -17.1022 -115
    endloop
  endfacet
  facet normal 0 0 1
    outer loop
      vertex 0 0 -62
      vertex -36.1596 -17.1022 -62
      vertex -35.2769 -18.8559 -62
    endloop
  endfacet
  facet normal -0.893224 -0.449611 0
    outer loop
      vertex -36.1596 -17.1022 -115
      vertex -35.2769 -18.8559 -115
      vertex -35.2769 -18.8559 -62
    endloop
  endfacet
  facet normal -0.893224 -0.449611 0
    outer loop
      vertex -36.1596 -17.1022 -115
      vertex -35.2769 -18.8559 -62
      vertex -36.1596 -17.1022 -62
    endloop
  endfacet
  facet normal 0 0 -1
    outer loop
      vertex 0 0 -115
      vertex -34.3091 -20.5641 -115
      vertex -35.2769 -18.8559 -115
    endloop
  endfacet
  facet normal 0 0 1
    outer loop
      vertex 0 0 -62
      vertex -35.2769 -18.8559 -62
      vertex -34.3091 -20.5641 -62
    endloop
  endfacet
  facet normal -0.870087 -0.492898 0
    outer loop
      vertex -35.2769 -18.8559 -115
      vertex -34.3091 -20.5641 -115
      vertex -34.3091 -20.5641 -62
    endloop
  endfacet
  facet normal -0.870087 -0.492898 0
    outer loop
      vertex -35.2769 -18.8559 -115
      vertex -34.3091 -20.5641 -62
      vertex -35.2769 -18.8559 -62
    endloop
  endfacet
  facet normal 0 0 -1
    outer loop
      vertex 0 0 -115
      vertex -33.2588 -22.2228 -115
      vertex -34.3091 -20.5641 -115
    endloop
  endfacet
  facet normal 0 0 1
    outer loop
      vertex 0 0 -62
      vertex -34.3091 -20.5641 -62
      vertex -33.2588 -22.2228 -62
    endloop
  endfacet
  facet normal -0.844854 -0.534998 0
    outer loop
      vertex -34.3091 -20.5641 -115
      vertex -33.2588 -22.2228 -115
      vertex -33.2588 -22.2228 -62
    endloop
  endfacet
  facet normal -0.844854 -0.534998 0
    outer loop
      vertex -34.3091 -20.5641 -115
      vertex -33.2588 -22.2228 -62
      vertex -34.3091 -20.5641 -62
    endloop
  endfacet
  facet normal 0 0 -1
    outer loop
      vertex 0 0 -115
      vertex -32.1283 -23.828 -115
      vertex -33.2588 -22.2228 -115
    endloop
  endfacet
  facet normal 0 0 1
    outer loop
      vertex 0 0 -62
      vertex -33.2588 -22.2228 -62
      vertex -32.1283 -23.828 -62
    endloop
  endfacet
  facet normal -0.817585 -0.575808 0
    outer loop
      vertex -33.2588 -22.2228 -115
      vertex -32.1283 -23.828 -115
      vertex -32.1283 -23.828 -62
    endloop
  endfacet
  facet normal -0.817585 -0.575808 0
    outer loop
      vertex -33.2588 -22.2228 -115
      vertex -32.1283 -23.828 -62
      vertex -33.2588 -22.2228 -62
    endloop
  endfacet
  facet normal 0 0 -1
    outer loop
      vertex 0 0 -115
      vertex -30.9204 -25.3757 -115
      vertex -32.1283 -23.828 -115
    endloop
  endfacet
  facet normal 0 0 1
    outer loop
      vertex 0 0 -62
      vertex -32.1283 -23.828 -62
      vertex -30.9204 -25.3757 -62
    endloop
  endfacet
  facet normal -0.788346 -0.615232 0
    outer loop
      vertex -32.1283 -23.828 -115
      vertex -30.9204 -25.3757 -115
      vertex -30.9204 -25.3757 -62
    endloop
  endfacet
  facet normal -0.788346 -0.615232 0
    outer loop
      vertex -32.1283 -23.828 -115
      vertex -30.9204 -25.3757 -62
      vertex -32.1283 -23.828 -62
    endloop
  endfacet
  facet normal 0 0 -1
    outer loop
      vertex 0 0 -115
      vertex -29.638 -26.8624 -115
      vertex -30.9204 -25.3757 -115
    endloop
  endfacet
  facet normal 0 0 1
    outer loop
      vertex 0 0 -62
      vertex -30.9204 -25.3757 -62
      vertex -29.638 -26.8624 -62
    endloop
  endfacet
  facet normal -0.757209 -0.653173 0
    outer loop
      vertex -30.9204 -25.3757 -115
      vertex -29.638 -26.8624 -115
      vertex -29.638 -26.8624 -62
    endloop
  endfacet
  facet normal -0.757209 -0.653173 0
    outer loop
      vertex -30.9204 -25.3757 -115
      vertex -29.638 -26.8624 -62
      vertex -30.9204 -25.3757 -62
    endloop
  endfacet
  facet normal 0 0 -1
    outer loop
      vertex 0 0 -115
      vertex -28.2843 -28.2843 -115
      vertex -29.638 -26.8624 -115
    endloop
  endfacet
  facet normal 0 0 1
    outer loop
      vertex 0 0 -62
      vertex -29.638 -26.8624 -62
      vertex -28.2843 -28.2843 -62
    endloop
  endfacet
  facet normal -0.724247 -0.689541 0
    outer loop
      vertex -29.638 -26.8624 -115
      vertex -28.2843 -28.2843 -115
      vertex -28.2843 -28.2843 -62
    endloop
  endfacet
  facet normal -0.724247 -0.689541 0
    outer loop
      vertex -29.638 -26.8624 -115
      vertex -28.2843 -28.2843 -62
      vertex -29.638 -26.8624 -62
    endloop
  endfacet
  facet normal 0 0 -1
    outer loop
      vertex 0 0 -115
      vertex -26.8624 -29.638 -115
      vertex -28.2843 -28.2843 -115
    endloop
  endfacet
  facet normal 0 0 1
    outer loop
      vertex 0 0 -62
      vertex -28.2843 -28.2843 -62
      vertex -26.8624 -29.638 -62
    endloop
  endfacet
  facet normal -0.689541 -0.724247 0
    outer loop
      vertex -28.2843 -28.2843 -115
      vertex -26.8624 -29.638 -115
      vertex -26.8624 -29.638 -62
    endloop
  endfacet
  facet normal -0.689541 -0.724247 0
    outer loop
      vertex -28.2843 -28.2843 -115
      vertex -26.8624 -29.638 -62
      vertex -28.2843 -28.2843 -62
    endloop
  endfacet
  facet normal 0 0 -1
    outer loop
      vertex 0 0 -115
      vertex -25.3757 -30.9204 -115
      vertex -26.8624 -29.638 -115
    endloop
  endfacet
  facet normal 0 0 1
    outer loop
      vertex 0 0 -62
      vertex -26.8624 -29.638 -62
      vertex -25.3757 -30.9204 -62
    endloop
  endfacet
  facet normal -0.653173 -0.757209 0
    outer loop
      vertex -26.8624 -29.638 -115
      vertex -25.3757 -30.9204 -115
      vertex -25.3757 -30.9204 -62
    endloop
  endfacet
  facet normal -0.653173 -0.757209 0
    outer loop
      vertex -26.8624 -29.638 -115
      vertex -25.3757 -30.9204 -62
      vertex -26.8624 -29.638 -62
    endloop
  endfacet
  facet normal 0 0 -1
    outer loop
      vertex 0 0 -115
      vertex -23.828 -32.1283 -115
      vertex -25.3757 -30.9204 -115
    endloop
  endfacet
  facet normal 0 0 1
    outer loop
      vertex 0 0 -62
      vertex -25.3757 -30.9204 -62
      vertex -23.828 -32.1283 -62
    endloop
  endfacet
  facet normal -0.615232 -0.788346 0
    outer loop
      vertex -25.3757 -30.9204 -115
      vertex -23.828 -32.1283 -115
      vertex -23.828 -32.1283 -62
    endloop
  endfacet
  facet normal -0.615232 -0.788346 0
    outer loop
      vertex -25.3757 -30.9204 -115
      vertex -23.828 -32.1283 -62
      vertex -25.3757 -30.9204 -62
    endloop
  endfacet
  facet normal 0 0 -1
    outer loop
      vertex 0 0 -115
      vertex -22.2228 -33.2588 -115
      vertex -23.828 -32.1283 -115
    endloop
  endfacet
  facet normal 0 0 1
    outer loop
      vertex 0 0 -62
      vertex -23.828 -32.1283 -62
      vertex -22.2228 -33.2588 -62
    endloop
  endfacet
  facet normal -0.575808 -0.817585 0
    outer loop
      vertex -23.828 -32.1283 -115
      vertex -22.2228 -33.2588 -115
      vertex -22.2228 -33.2588 -62
    endloop
  endfacet
  facet normal -0.575808 -0.817585 0
    outer loop
      vertex -23.828 -32.1283 -115
      vertex -22.2228 -33.2588 -62
      vertex -23.828 -32.1283 -62
    endloop
  endfacet
  facet normal 0 0 -1
    outer loop
      vertex 0 0 -115
      vertex -20.5641 -34.3091 -115
      vertex -22.2228 -33.2588 -115
    endloop
  endfacet
  facet normal 0 0 1
    outer loop
      vertex 0 0 -62
      vertex -22.2228 -33.2588 -62
      vertex -20.5641 -34.3091 -62
    endloop
  endfacet
  facet normal -0.534998 -0.844854 0
    outer loop
      vertex -22.2228 -33.2588 -115
      vertex -20.5641 -34.3091 -115
      vertex -20.5641 -34.3091 -62
    endloop
  endfacet
  facet normal -0.534998 -0.844854 0
    outer loop
      vertex -22.2228 -33.2588 -115
      vertex -20.5641 -34.3091 -62
      vertex -22.2228 -33.2588 -62
    endloop
  endfacet
  facet normal 0 0 -1
    outer loop
      vertex 0 0 -115
      vertex -18.8559 -35.2769 -115
      vertex -20.5641 -34.3091 -115
    endloop
  endfacet
  facet normal 0 0 1
    outer loop
      vertex 0 0 -62
      vertex -20.5641 -34.3091 -62
      vertex -18.8559 -35.2769 -62
    endloop
  endfacet
  facet normal -0.492898 -0.870087 0
    outer loop
      vertex -20.5641 -34.3091 -115
      vertex -18.8559 -35.2769 -115
      vertex -18.8559 -35.2769 -62
    endloop
  endfacet
  facet normal -0.492898 -0.870087 0
    outer loop
      vertex -20.5641 -34.3091 -115
      vertex -18.8559 -35.2769 -62
      vertex -20.5641 -34.3091 -62
    endloop
  endfacet
  facet normal 0 0 -1
    outer loop
      vertex 0 0 -115
      vertex -17.1022 -36.1596 -115
      vertex -18.8559 -35.2769 -115
    endloop
  endfacet
  facet normal 0 0 1
    outer loop
      vertex 0 0 -62
      vertex -18.8559 -35.2769 -62
      vertex -17.1022 -36.1596 -62
    endloop
  endfacet
  facet normal -0.449611 -0.893224 0
    outer loop
      vertex -18.8559 -35.2769 -115
      vertex -17.1022 -36.1596 -115
      vertex -17.1022 -36.1596 -62
    endloop
  endfacet
  facet normal -0.449611 -0.893224 0
    outer loop
      vertex -18.8559 -35.2769 -115
      vertex -17.1022 -36.1596 -62
      vertex -18.8559 -35.2769 -62
    endloop
  endfacet
  facet normal 0 0 -1
    outer loop
      vertex 0 0 -115
      vertex -15.3073 -36.9552 -115
      vertex -17.1022 -36.1596 -115
    endloop
  endfacet
  facet normal 0 0 1
    outer loop
      vertex 0 0 -62
      vertex -17.1022 -36.1596 -62
      vertex -15.3073 -36.9552 -62
    endloop
  endfacet
  facet normal -0.405241 -0.91421 0
    outer loop
      vertex -17.1022 -36.1596 -115
      vertex -15.3073 -36.9552 -115
      vertex -15.3073 -36.9552 -62
    endloop
  endfacet
  facet normal -0.405241 -0.91421 0
    outer loop
      vertex -17.1022 -36.1596 -115
      vertex -15.3073 -36.9552 -62
      vertex -17.1022 -36.1596 -62
    endloop
  endfacet
  facet normal 0 0 -1
    outer loop
      vertex 0 0 -115
      vertex -13.4756 -37.6618 -115
      vertex -15.3073 -36.9552 -115
    endloop
  endfacet
  facet normal 0 0 1
    outer loop
      vertex 0 0 -62
      vertex -15.3073 -36.9552 -62
      vertex -13.4756 -37.6618 -62
    endloop
  endfacet
  facet normal -0.359895 -0.932993 0
    outer loop
      vertex -15.3073 -36.9552 -115
      vertex -13.4756 -37.6618 -115
      vertex -13.4756 -37.6618 -62
    endloop
  endfacet
  facet normal -0.359895 -0.932993 0
    outer loop
      vertex -15.3073 -36.9552 -115
      vertex -13.4756 -37.6618 -62
      vertex -15.3073 -36.9552 -62
    endloop
  endfacet
  facet normal 0 0 -1
    outer loop
      vertex 0 0 -115
      vertex -11.6114 -38.2776 -115
      vertex -13.4756 -37.6618 -115
    endloop
  endfacet
  facet normal 0 0 1
    outer loop
      vertex 0 0 -62
      vertex -13.4756 -37.6618 -62
      vertex -11.6114 -38.2776 -62
    endloop
  endfacet
  facet normal -0.313682 -0.949528 0
    outer loop
      vertex -13.4756 -37.6618 -115
      vertex -11.6114 -38.2776 -115
      vertex -11.6114 -38.2776 -62
    endloop
  endfacet
  facet normal -0.313682 -0.949528 0
    outer loop
      vertex -13.4756 -37.6618 -115
      vertex -11.6114 -38.2776 -62
      vertex -13.4756 -37.6618 -62
    endloop
  endfacet
  facet normal 0 0 -1
    outer loop
      vertex 0 0 -115
      vertex -9.71921 -38.8013 -115
      vertex -11.6114 -38.2776 -115
    endloop
  endfacet
  facet normal 0 0 1
    outer loop
      vertex 0 0 -62
      vertex -11.6114 -38.2776 -62
      vertex -9.71921 -38.8013 -62
    endloop
  endfacet
  facet normal -0.266713 -0.963776 0
    outer loop
      vertex -11.6114 -38.2776 -115
      vertex -9.71921 -38.8013 -115
      vertex -9.71921 -38.8013 -62
    endloop
  endfacet
  facet normal -0.266713 -0.963776 0
    outer loop
      vertex -11.6114 -38.2776 -115
      vertex -9.71921 -38.8013 -62
      vertex -11.6114 -38.2776 -62
    endloop
  endfacet
  facet normal 0 0 -1
    outer loop
      vertex 0 0 -115
      vertex -7.80361 -39.2314 -115
      vertex -9.71921 -38.8013 -115
    endloop
  endfacet
  facet normal 0 0 1
    outer loop
      vertex 0 0 -62
      vertex -9.71921 -38.8013 -62
      vertex -7.80361 -39.2314 -62
    endloop
  endfacet
  facet normal -0.219101 -0.975702 0
    outer loop
      vertex -9.71921 -38.8013 -115
      vertex -7.80361 -39.2314 -115
      vertex -7.80361 -39.2314 -62
    endloop
  endfacet
  facet normal -0.219101 -0.975702 0
    outer loop
      vertex -9.71921 -38.8013 -115
      vertex -7.80361 -39.2314 -62
      vertex -9.71921 -38.8013 -62
    endloop
  endfacet
  facet normal 0 0 -1
    outer loop
      vertex 0 0 -115
      vertex -5.86922 -39.5671 -115
      vertex -7.80361 -39.2314 -115
    endloop
  endfacet
  facet normal 0 0 1
    outer loop
      vertex 0 0 -62
      vertex -7.80361 -39.2314 -62
      vertex -5.86922 -39.5671 -62
    endloop
  endfacet
  facet normal -0.170962 -0.985278 0
    outer loop
      vertex -7.80361 -39.2314 -115
      vertex -5.86922 -39.5671 -115
      vertex -5.86922 -39.5671 -62
    endloop
  endfacet
  facet normal -0.170962 -0.985278 0
    outer loop
      vertex -7.80361 -39.2314 -115
      vertex -5.86922 -39.5671 -62
      vertex -7.80361 -39.2314 -62
    endloop
  endfacet
  facet normal 0 0 -1
    outer loop
      vertex 0 0 -115
      vertex -3.92069 -39.8074 -115
      vertex -5.86922 -39.5671 -115
    endloop
  endfacet
  facet normal 0 0 1
    outer loop
      vertex 0 0 -62
      vertex -5.86922 -39.5671 -62
      vertex -3.92069 -39.8074 -62
    endloop
  endfacet
  facet normal -0.122411 -0.99248 0
    outer loop
      vertex -5.86922 -39.5671 -115
      vertex -3.92069 -39.8074 -115
      vertex -3.92069 -39.8074 -62
    endloop
  endfacet
  facet normal -0.122411 -0.99248 0
    outer loop
      vertex -5.86922 -39.5671 -115
      vertex -3.92069 -39.8074 -62
      vertex -5.86922 -39.5671 -62
    endloop
  endfacet
  facet normal 0 0 -1
    outer loop
      vertex 0 0 -115
      vertex -1.96271 -39.9518 -115
      vertex -3.92069 -39.8074 -115
    endloop
  endfacet
  facet normal 0 0 1
    outer loop
      vertex 0 0 -62
      vertex -3.92069 -39.8074 -62
      vertex -1.96271 -39.9518 -62
    endloop
  endfacet
  facet normal -0.0735646 -0.99729 0
    outer loop
      vertex -3.92069 -39.8074 -115
      vertex -1.96271 -39.9518 -115
      vertex -1.96271 -39.9518 -62
    endloop
  endfacet
  facet normal -0.0735646 -0.99729 0
    outer loop
      vertex -3.92069 -39.8074 -115
      vertex -1.96271 -39.9518 -62
      vertex -3.92069 -39.8074 -62
    endloop
  endfacet
  facet normal 0 0 -1
    outer loop
      vertex 0 0 -115
      vertex -7.34788e-15 -40 -115
      vertex -1.96271 -39.9518 -115
    endloop
  endfacet
  facet normal 0 0 1
    outer loop
      vertex 0 0 -62
      vertex -1.96271 -39.9518 -62
      vertex -7.34788e-15 -40 -62
    endloop
  endfacet
  facet normal -0.0245412 -0.999699 0
    outer loop
      vertex -1.96271 -39.9518 -115
      vertex -7.34788e-15 -40 -115
      vertex -7.34788e-15 -40 -62
    endloop
  endfacet
  facet normal -0.0245412 -0.999699 0
    outer loop
      vertex -1.96271 -39.9518 -115
      vertex -7.34788e-15 -40 -62
      vertex -1.96271 -39.9518 -62
    endloop
  endfacet
  facet normal 0 0 -1
    outer loop
      vertex 0 0 -115
      vertex 1.96271 -39.9518 -115
      vertex -7.34788e-15 -40 -115
    endloop
  endfacet
  facet normal 0 0 1
    outer loop
      vertex 0 0 -62
      vertex -7.34788e-15 -40 -62
      vertex 1.96271 -39.9518 -62
    endloop
  endfacet
  facet normal 0.0245412 -0.999699 0
    outer loop
      vertex -7.34788e-15 -40 -115
      vertex 1.96271 -39.9518 -115
      vertex 1.96271 -39.9518 -62
    endloop
  endfacet
  facet normal 0.0245412 -0.999699 0
    outer loop
      vertex -7.34788e-15 -40 -115
      vertex 1.96271 -39.9518 -62
      vertex -7.34788e-15 -40 -62
    endloop
  endfacet
  facet normal 0 0 -1
    outer loop
      vertex 0 0 -115
      vertex 3.92069 -39.8074 -115
      vertex 1.96271 -39.9518 -115
    endloop
  endfacet
  facet normal 0 0 1
    outer loop
      vertex 0 0 -62
      vertex 1.96271 -39.9518 -62
      vertex 3.92069 -39.8074 -62
    endloop
  endfacet
  facet normal 0.0735646 -0.99729 0
    outer loop
      vertex 1.96271 -39.9518 -115
      vertex 3.92069 -39.8074 -115
      vertex 3.92069 -39.8074 -62
    endloop
  endfacet
  facet normal 0.0735646 -0.99729 0
    outer loop
      vertex 1.96271 -39.9518 -115
      vertex 3.92069 -39.8074 -62
      vertex 1.96271 -39.9518 -62
    endloop
  endfacet
  facet normal 0 0 -1
    outer loop
      vertex 0 0 -115
      vertex 5.86922 -39.5671 -115
      vertex 3.92069 -39.8074 -115
    endloop
  endfacet
  facet normal 0 0 1
    outer loop
      vertex 0 0 -62
      vertex 3.92069 -39.8074 -62
      vertex 5.86922 -39.5671 -62
    endloop
  endfacet
  facet normal 0.122411 -0.99248 0
    outer loop
      vertex 3.92069 -39.8074 -115
      vertex 5.86922 -39.5671 -115
      vertex 5.86922 -39.5671 -62
    endloop
  endfacet
  facet normal 0.122411 -0.99248 0
    outer loop
      vertex 3.92069 -39.8074 -115
      vertex 5.86922 -39.5671 -62
      vertex 3.92069 -39.8074 -62
    endloop
  endfacet
  facet normal 0 0 -1
    outer loop
      vertex 0 0 -115
      vertex 7.80361 -39.2314 -115
      vertex 5.86922 -39.5671 -115
    endloop
  endfacet
  facet normal 0 0 1
    outer loop
      vertex 0 0 -62
      vertex 5.86922 -39.5671 -62
      vertex 7.80361 -39.2314 -62
    endloop
  endfacet
  facet normal 0.170962 -0.985278 0
    outer loop
      vertex 5.86922 -39.5671 -115
      vertex 7.80361 -39.2314 -115
      vertex 7.80361 -39.2314 -62
    endloop
  endfacet
  facet normal 0.170962 -0.985278 0
    outer loop
      vertex 5.86922 -39.5671 -115
      vertex 7.80361 -39.2314 -62
      vertex 5.86922 -39.5671 -62
    endloop
  endfacet
  facet normal 0 0 -1
    outer loop
      vertex 0 0 -115
      vertex 9.71921 -38.8013 -115
      vertex 7.80361 -39.2314 -115
    endloop
  endfacet
  facet normal 0 0 1
    outer loop
      vertex 0 0 -62
      vertex 7.80361 -39.2314 -62
      vertex 9.71921 -38.8013 -62
    endloop
  endfacet
  facet normal 0.219101 -0.975702 0
    outer loop
      vertex 7.80361 -39.2314 -115
      vertex 9.71921 -38.8013 -115
      vertex 9.71921 -38.8013 -62
    endloop
  endfacet
  facet normal 0.219101 -0.975702 0
    outer loop
      vertex 7.80361 -39.2314 -115
      vertex 9.71921 -38.8013 -62
      vertex 7.80361 -39.2314 -62
    endloop
  endfacet
  facet normal 0 0 -1
    outer loop
      vertex 0 0 -115
      vertex 11.6114 -38.2776 -115
      vertex 9.71921 -38.8013 -115
    endloop
  endfacet
  facet normal 0 0 1
    outer loop
      vertex 0 0 -62
      vertex 9.71921 -38.8013 -62
      vertex 11.6114 -38.2776 -62
    endloop
  endfacet
  facet normal 0.266713 -0.963776 0
    outer loop
      vertex 9.71921 -38.8013 -115
      vertex 11.6114 -38.2776 -115
      vertex 11.6114 -38.2776 -62
    endloop
  endfacet
  facet normal 0.266713 -0.963776 0
    outer loop
      vertex 9.71921 -38.8013 -115
      vertex 11.6114 -38.2776 -62
      vertex 9.71921 -38.8013 -62
    endloop
  endfacet
  facet normal 0 0 -1
    outer loop
      vertex 0 0 -115
      vertex 13.4756 -37.6618 -115
      vertex 11.6114 -38.2776 -115
    endloop
  endfacet
  facet normal 0 0 1
    outer loop
      vertex 0 0 -62
      vertex 11.6114 -38.2776 -62
      vertex 13.4756 -37.6618 -62
    endloop
  endfacet
  facet normal 0.313682 -0.949528 0
    outer loop
      vertex 11.6114 -38.2776 -115
      vertex 13.4756 -37.6618 -115
      vertex 13.4756 -37.6618 -62
    endloop
  endfacet
  facet normal 0.313682 -0.949528 0
    outer loop
      vertex 11.6114 -38.2776 -115
      vertex 13.4756 -37.6618 -62
      vertex 11.6114 -38.2776 -62
    endloop
  endfacet
  facet normal 0 0 -1
    outer loop
      vertex 0 0 -115
      vertex 15.3073 -36.9552 -115
      vertex 13.4756 -37.6618 -115
    endloop
  endfacet
  facet normal 0 0 1
    outer loop
      vertex 0 0 -62
      vertex 13.4756 -37.6618 -62
      vertex 15.3073 -36.9552 -62
    endloop
  endfacet
  facet normal 0.359895 -0.932993 0
    outer loop
      vertex 13.4756 -37.6618 -115
      vertex 15.3073 -36.9552 -115
      vertex 15.3073 -36.9552 -62
    endloop
  endfacet
  facet normal 0.359895 -0.932993 0
    outer loop
      vertex 13.4756 -37.6618 -115
      vertex 15.3073 -36.9552 -62
      vertex 13.4756 -37.6618 -62
    endloop
  endfacet
  facet normal 0 0 -1
    outer loop
      vertex 0 0 -115
      vertex 17.1022 -36.1596 -115
      vertex 15.3073 -36.9552 -115
    endloop
  endfacet
  facet normal 0 0 1
    outer loop
      vertex 0 0 -62
      vertex 15.3073 -36.9552 -62
      vertex 17.1022 -36.1596 -62
    endloop
  endfacet
  facet normal 0.405241 -0.91421 0
    outer loop
      vertex 15.3073 -36.9552 -115
      vertex 17.1022 -36.1596 -115
      vertex 17.1022 -36.1596 -62
    endloop
  endfacet
  facet normal 0.405241 -0.91421 0
    outer loop
      vertex 15.3073 -36.9552 -115
      vertex 17.1022 -36.1596 -62
      vertex 15.3073 -36.9552 -62
    endloop
  endfacet
  facet normal 0 0 -1
    outer loop
      vertex 0 0 -115
      vertex 18.8559 -35.2769 -115
      vertex 17.1022 -36.1596 -115
    endloop
  endfacet
  facet normal 0 0 1
    outer loop
      vertex 0 0 -62
      vertex 17.1022 -36.1596 -62
      vertex 18.8559 -35.2769 -62
    endloop
  endfacet
  facet normal 0.449611 -0.893224 0
    outer loop
      vertex 17.1022 -36.1596 -115
      vertex 18.8559 -35.2769 -115
      vertex 18.8559 -35.2769 -62
    endloop
  endfacet
  facet normal 0.449611 -0.893224 0
    outer loop
      vertex 17.1022 -36.1596 -115
      vertex 18.8559 -35.2769 -62
      vertex 17.1022 -36.1596 -62
    endloop
  endfacet
  facet normal 0 0 -1
    outer loop
      vertex 0 0 -115
      vertex 20.5641 -34.3091 -115
      vertex 18.8559 -35.2769 -115
    endloop
  endfacet
  facet normal 0 0 1
    outer loop
      vertex 0 0 -62
      vertex 18.8559 -35.2769 -62
      vertex 20.5641 -34.3091 -62
    endloop
  endfacet
  facet normal 0.492898 -0.870087 0
    outer loop
      vertex 18.8559 -35.2769 -115
      vertex 20.5641 -34.3091 -115
      vertex 20.5641 -34.3091 -62
    endloop
  endfacet
  facet normal 0.492898 -0.870087 0
    outer loop
      vertex 18.8559 -35.2769 -115
      vertex 20.5641 -34.3091 -62
      vertex 18.8559 -35.2769 -62
    endloop
  endfacet
  facet normal 0 0 -1
    outer loop
      vertex 0 0 -115
      vertex 22.2228 -33.2588 -115
      vertex 20.5641 -34.3091 -115
    endloop
  endfacet
  facet normal 0 0 1
    outer loop
      vertex 0 0 -62
      vertex 20.5641 -34.3091 -62
      vertex 22.2228 -33.2588 -62
    endloop
  endfacet
  facet normal 0.534998 -0.844854 0
    outer loop
      vertex 20.5641 -34.3091 -115
      vertex 22.2228 -33.2588 -115
      vertex 22.2228 -33.2588 -62
    endloop
  endfacet
  facet normal 0.534998 -0.844854 0
    outer loop
      vertex 20.5641 -34.3091 -115
      vertex 22.2228 -33.2588 -62
      vertex 20.5641 -34.3091 -62
    endloop
  endfacet
  facet normal 0 0 -1
    outer loop
      vertex 0 0 -115
      vertex 23.828 -32.1283 -115
      vertex 22.2228 -33.2588 -115
    endloop
  endfacet
  facet normal 0 0 1
    outer loop
      vertex 0 0 -62
      vertex 22.2228 -33.2588 -62
      vertex 23.828 -32.1283 -62
    endloop
  endfacet
  facet normal 0.575808 -0.817585 0
    outer loop
      vertex 22.2228 -33.2588 -115
      vertex 23.828 -32.1283 -115
      vertex 23.828 -32.1283 -62
    endloop
  endfacet
  facet normal 0.575808 -0.817585 0
    outer loop
      vertex 22.2228 -33.2588 -115
      vertex 23.828 -32.1283 -62
      vertex 22.2228 -33.2588 -62
    endloop
  endfacet
  facet normal 0 0 -1
    outer loop
      vertex 0 0 -115
      vertex 25.3757 -30.9204 -115
      vertex 23.828 -32.1283 -115
    endloop
  endfacet
  facet normal 0 0 1
    outer loop
      vertex 0 0 -62
      vertex 23.828 -32.1283 -62
      vertex 25.3757 -30.9204 -62
    endloop
  endfacet
  facet normal 0.615232 -0.788346 0
    outer loop
      vertex 23.828 -32.1283 -115
      vertex 25.3757 -30.9204 -115
      vertex 25.3757 -30.9204 -62
    endloop
  endfacet
  facet normal 0.615232 -0.788346 0
    outer loop
      vertex 23.828 -32.1283 -115
      vertex 25.3757 -30.9204 -62
      vertex 23.828 -32.1283 -62
    endloop
  endfacet
  facet normal 0 0 -1
    outer loop
      vertex 0 0 -115
      vertex 26.8624 -29.638 -115
      vertex 25.3757 -30.9204 -115
    endloop
  endfacet
  facet normal 0 0 1
    outer loop
      vertex 0 0 -62
      vertex 25.3757 -30.9204 -62
      vertex 26.8624 -29.638 -62
    endloop
  endfacet
  facet normal 0.653173 -0.757209 0
    outer loop
      vertex 25.3757 -30.9204 -115
      vertex 26.8624 -29.638 -115
      vertex 26.8624 -29.638 -62
    endloop
  endfacet
  facet normal 0.653173 -0.757209 0
    outer loop
      vertex 25.3757 -30.9204 -115
      vertex 26.8624 -29.638 -62
      vertex 25.3757 -30.9204 -62
    endloop
  endfacet
  facet normal 0 0 -1
    outer loop
      vertex 0 0 -115
      vertex 28.2843 -28.2843 -115
      vertex 26.8624 -29.638 -115
    endloop
  endfacet
  facet normal 0 0 1
    outer loop
      vertex 0 0 -62
      vertex 26.8624 -29.638 -62
      vertex 28.2843 -28.2843 -62
    endloop
  endfacet
  facet normal 0.689541 -0.724247 0
    outer loop
      vertex 26.8624 -29.638 -115
      vertex 28.2843 -28.2843 -115
      vertex 28.2843 -28.2843 -62
    endloop
  endfacet
  facet normal 0.689541 -0.724247 0
    outer loop
      vertex 26.8624 -29.638 -115
      vertex 28.2843 -28.2843 -62
      vertex 26.8624 -29.638 -62
    endloop
  endfacet
  facet normal 0 0 -1
    outer loop
      vertex 0 0 -115
      vertex 29.638 -26.8624 -115
      vertex 28.2843 -28.2843 -115
    endloop
  endfacet
  facet normal 0 0 1
    outer loop
      vertex 0 0 -62
      vertex 28.2843 -28.2843 -62
      vertex 29.638 -26.8624 -62
    endloop
  endfacet
  facet normal 0.724247 -0.689541 0
    outer loop
      vertex 28.2843 -28.2843 -115
      vertex 29.638 -26.8624 -115
      vertex 29.638 -26.8624 -62
    endloop
  endfacet
  facet normal 0.724247 -0.689541 0
    outer loop
      vertex 28.2843 -28.2843 -115
      vertex 29.638 -26.8624 -62
      vertex 28.2843 -28.2843 -62
    endloop
  endfacet
  facet normal 0 0 -1
    outer loop
      vertex 0 0 -115
      vertex 30.9204 -25.3757 -115
      vertex 29.638 -26.8624 -115
    endloop
  endfacet
  facet normal 0 0 1
    outer loop
      vertex 0 0 -62
      vertex 29.638 -26.8624 -62
      vertex 30.9204 -25.3757 -62
    endloop
  endfacet
  facet normal 0.757209 -0.653173 0
    outer loop
      vertex 29.638 -26.8624 -115
      vertex 30.9204 -25.3757 -115
      vertex 30.9204 -25.3757 -62
    endloop
  endfacet
  facet normal 0.757209 -0.653173 0
    outer loop
      vertex 29.638 -26.8624 -115
      vertex 30.9204 -25.3757 -62
      vertex 29.638 -26.8624 -62
    endloop
  endfacet
  facet normal 0 0 -1
    outer loop
      vertex 0 0 -115
      vertex 32.1283 -23.828 -115
      vertex 30.9204 -25.3757 -115
    endloop
  endfacet
  facet normal 0 0 1
    outer loop
      vertex 0 0 -62
      vertex 30.9204 -25.3757 -62
      vertex 32.1283 -23.828 -62
    endloop
  endfacet
  facet normal 0.788346 -0.615232 0
    outer loop
      vertex 30.9204 -25.3757 -115
      vertex 32.1283 -23.828 -115
      vertex 32.1283 -23.828 -62
    endloop
  endfacet
  facet normal 0.788346 -0.615232 0
    outer loop
      vertex 30.9204 -25.3757 -115
      vertex 32.1283 -23.828 -62
      vertex 30.9204 -25.3757 -62
    endloop
  endfacet
  facet normal 0 0 -1
    outer loop
      vertex 0 0 -115
      vertex 33.2588 -22.2228 -115
      vertex 32.1283 -23.828 -115
    endloop
  endfacet
  facet normal 0 0 1
    outer loop
      vertex 0 0 -62
      vertex 32.1283 -23.828 -62
      vertex 33.2588 -22.2228 -62
    endloop
  endfacet
  facet normal 0.817585 -0.575808 0
    outer loop
      vertex 32.1283 -23.828 -115
      vertex 33.2588 -22.2228 -115
      vertex 33.2588 -22.2228 -62
    endloop
  endfacet
  facet normal 0.817585 -0.575808 0
    outer loop
      vertex 32.1283 -23.828 -115
      vertex 33.2588 -22.2228 -62
      vertex 32.1283 -23.828 -62
    endloop
  endfacet
  facet normal 0 0 -1
    outer loop
      vertex 0 0 -115
      vertex 34.3091 -20.5641 -115
      vertex 33.2588 -22.2228 -115
    endloop
  endfacet
  facet normal 0 0 1
    outer loop
      vertex 0 0 -62
      vertex 33.2588 -22.2228 -62
      vertex 34.3091 -20.5641 -62
    endloop
  endfacet
  facet normal 0.844854 -0.534998 0
    outer loop
      vertex 33.2588 -22.2228 -115
      vertex 34.3091 -20.5641 -115
      vertex 34.3091 -20.5641 -62
    endloop
  endfacet
  facet normal 0.844854 -0.534998 0
    outer loop
      vertex 33.2588 -22.2228 -115
      vertex 34.3091 -20.5641 -62
      vertex 33.2588 -22.2228 -62
    endloop
  endfacet
  facet normal 0 0 -1
    outer loop
      vertex 0 0 -115
      vertex 35.2769 -18.8559 -115
      vertex 34.3091 -20.5641 -115
    endloop
  endfacet
  facet normal 0 0 1
    outer loop
      vertex 0 0 -62
      vertex 34.3091 -20.5641 -62
      vertex 35.2769 -18.8559 -62
    endloop
  endfacet
  facet normal 0.870087 -0.492898 0
    outer loop
      vertex 34.3091 -20.5641 -115
      vertex 35.2769 -18.8559 -115
      vertex 35.2769 -18.8559 -62
    endloop
  endfacet
  facet normal 0.870087 -0.492898 0
    outer loop
      vertex 34.3091 -20.5641 -115
      vertex 35.2769 -18.8559 -62
      vertex 34.3091 -20.5641 -62
    endloop
  endfacet
  facet normal 0 0 -1
    outer loop
      vertex 0 0 -115
      vertex 36.1596 -17.1022 -115
      vertex 35.2769 -18.8559 -115
    endloop
  endfacet
  facet normal 0 0 1
    outer loop
      vertex 0 0 -62
      vertex 35.2769 -18.8559 -62
      vertex 36.1596 -17.1022 -62
    endloop
  endfacet
  facet normal 0.893224 -0.449611 0
    outer loop
      vertex 35.2769 -18.8559 -115
      vertex 36.1596 -17.1022 -115
      vertex 36.1596 -17.1022 -62
    endloop
  endfacet
  facet normal 0.893224 -0.449611 0
    outer loop
      vertex 35.2769 -18.8559 -115
      vertex 36.1596 -17.1022 -62
      vertex 35.2769 -18.8559 -62
    endloop
  endfacet
  facet normal 0 0 -1
    outer loop
      vertex 0 0 -115
      vertex 36.9552 -15.3073 -115
      vertex 36.1596 -17.1022 -115
    endloop
  endfacet
  facet normal 0 0 1
    outer loop
      vertex 0 0 -62
      vertex 36.1596 -17.1022 -62
      vertex 36.9552 -15.3073 -62
    endloop
  endfacet
  facet normal 0.91421 -0.405241 0
    outer loop
      vertex 36.1596 -17.1022 -115
      vertex 36.9552 -15.3073 -115
      vertex 36.9552 -15.3073 -62
    endloop
  endfacet
  facet normal 0.91421 -0.405241 0
    outer loop
      vertex 36.1596 -17.1022 -115
      vertex 36.9552 -15.3073 -62
      vertex 36.1596 -17.1022 -62
    endloop
  endfacet
  facet normal 0 0 -1
    outer loop
      vertex 0 0 -115
      vertex 37.6618 -13.4756 -115
      vertex 36.9552 -15.3073 -115
    endloop
  endfacet
  facet normal 0 0 1
    outer loop
      vertex 0 0 -62
      vertex 36.9552 -15.3073 -62
      vertex 37.6618 -13.4756 -62
    endloop
  endfacet
  facet normal 0.932993 -0.359895 0
    outer loop
      vertex 36.9552 -15.3073 -115
      vertex 37.6618 -13.4756 -115
      vertex 37.6618 -13.4756 -62
    endloop
  endfacet
  facet normal 0.932993 -0.359895 0
    outer loop
      vertex 36.9552 -15.3073 -115
      vertex 37.6618 -13.4756 -62
      vertex 36.9552 -15.3073 -62
    endloop
  endfacet
  facet normal 0 0 -1
    outer loop
      vertex 0 0 -115
      vertex 38.2776 -11.6114 -115
      vertex 37.6618 -13.4756 -115
    endloop
  endfacet
  facet normal 0 0 1
    outer loop
      vertex 0 0 -62
      vertex 37.6618 -13.4756 -62
      vertex 38.2776 -11.6114 -62
    endloop
  endfacet
  facet normal 0.949528 -0.313682 0
    outer loop
      vertex 37.6618 -13.4756 -115
      vertex 38.2776 -11.6114 -115
      vertex 38.2776 -11.6114 -62
    endloop
  endfacet
  facet normal 0.949528 -0.313682 0
    outer loop
      vertex 37.6618 -13.4756 -115
      vertex 38.2776 -11.6114 -62
      vertex 37.6618 -13.4756 -62
    endloop
  endfacet
  facet normal 0 0 -1
    outer loop
      vertex 0 0 -115
      vertex 38.8013 -9.71921 -115
      vertex 38.2776 -11.6114 -115
    endloop
  endfacet
  facet normal 0 0 1
    outer loop
      vertex 0 0 -62
      vertex 38.2776 -11.6114 -62
      vertex 38.8013 -9.71921 -62
    endloop
  endfacet
  facet normal 0.963776 -0.266713 0
    outer loop
      vertex 38.2776 -11.6114 -115
      vertex 38.8013 -9.71921 -115
      vertex 38.8013 -9.71921 -62
    endloop
  endfacet
  facet normal 0.963776 -0.266713 0
    outer loop
      vertex 38.2776 -11.6114 -115
      vertex 38.8013 -9.71921 -62
      vertex 38.2776 -11.6114 -62
    endloop
  endfacet
  facet normal 0 0 -1
    outer loop
      vertex 0 0 -115
      vertex 39.2314 -7.80361 -115
      vertex 38.8013 -9.71921 -115
    endloop
  endfacet
  facet normal 0 0 1
    outer loop
      vertex 0 0 -62
      vertex 38.8013 -9.71921 -62
      vertex 39.2314 -7.80361 -62
    endloop
  endfacet
  facet normal 0.975702 -0.219101 0
    outer loop
      vertex 38.8013 -9.71921 -115
      vertex 39.2314 -7.80361 -115
      vertex 39.2314 -7.80361 -62
    endloop
  endfacet
  facet normal 0.975702 -0.219101 0
    outer loop
      vertex 38.8013 -9.71921 -115
      vertex 39.2314 -7.80361 -62
      vertex 38.8013 -9.71921 -62
    endloop
  endfacet
  facet normal 0 0 -1
    outer loop
      vertex 0 0 -115
      vertex 39.5671 -5.86922 -115
      vertex 39.2314 -7.80361 -115
    endloop
  endfacet
  facet normal 0 0 1
    outer loop
      vertex 0 0 -62
      vertex 39.2314 -7.80361 -62
      vertex 39.5671 -5.86922 -62
    endloop
  endfacet
  facet normal 0.985278 -0.170962 0
    outer loop
      vertex 39.2314 -7.80361 -115
      vertex 39.5671 -5.86922 -115
      vertex 39.5671 -5.86922 -62
    endloop
  endfacet
  facet normal 0.985278 -0.170962 0
    outer loop
      vertex 39.2314 -7.80361 -115
      vertex 39.5671 -5.86922 -62
      vertex 39.2314 -7.80361 -62
    endloop
  endfacet
  facet normal 0 0 -1
    outer loop
      vertex 0 0 -115
      vertex 39.8074 -3.92069 -115
      vertex 39.5671 -5.86922 -115
    endloop
  endfacet
  facet normal 0 0 1
    outer loop
      vertex 0 0 -62
      vertex 39.5671 -5.86922 -62
      vertex 39.8074 -3.92069 -62
    endloop
  endfacet
  facet normal 0.99248 -0.122411 0
    outer loop
      vertex 39.5671 -5.86922 -115
      vertex 39.8074 -3.92069 -115
      vertex 39.8074 -3.92069 -62
    endloop
  endfacet
  facet normal 0.99248 -0.122411 0
    outer loop
      vertex 39.5671 -5.86922 -115
      vertex 39.8074 -3.92069 -62
      vertex 39.5671 -5.86922 -62
    endloop
  endfacet
  facet normal 0 0 -1
    outer loop
      vertex 0 0 -115
      vertex 39.9518 -1.96271 -115
      vertex 39.8074 -3.92069 -115
    endloop
  endfacet
  facet normal 0 0 1
    outer loop
      vertex 0 0 -62
      vertex 39.8074 -3.92069 -62
      vertex 39.9518 -1.96271 -62
    endloop
  endfacet
  facet normal 0.99729 -0.0735646 0
    outer loop
      vertex 39.8074 -3.92069 -115
      vertex 39.9518 -1.96271 -115
      vertex 39.9518 -1.96271 -62
    endloop
  endfacet
  facet normal 0.99729 -0.0735646 0
    outer loop
      vertex 39.8074 -3.92069 -115
      vertex 39.9518 -1.96271 -62
      vertex 39.8074 -3.92069 -62
    endloop
  endfacet
  facet normal 0 0 -1
    outer loop
      vertex 0 0 -115
      vertex 40 -9.79717e-15 -115
      vertex 39.9518 -1.96271 -115
    endloop
  endfacet
  facet normal 0 0 1
    outer loop
      vertex 0 0 -62
      vertex 39.9518 -1.96271 -62
      vertex 40 -9.79717e-15 -62
    endloop
  endfacet
  facet normal 0.999699 -0.0245412 0
    outer loop
      vertex 39.9518 -1.96271 -115
      vertex 40 -9.79717e-15 -115
      vertex 40 -9.79717e-15 -62
    endloop
  endfacet
  facet normal 0.999699 -0.0245412 0
    outer loop
      vertex 39.9518 -1.96271 -115
      vertex 40 -9.79717e-15 -62
      vertex 39.9518 -1.96271 -62
    endloop
  endfacet
  facet normal 0 0 -1
    outer loop
      vertex 0 0 62
      vertex 39.9518 1.96271 62
      vertex 40 0 62
    endloop
  endfacet
  facet normal 0 0 1
    outer loop
      vertex 0 0 115
      vertex 40 0 115
      vertex 39.9518 1.96271 115
    endloop
  endfacet
  facet normal 0.999699 0.0245412 0
    outer loop
      vertex 40 0 62
      vertex 39.9518 1.96271 62
      vertex 39.9518 1.96271 115
    endloop
  endfacet
  facet normal 0.999699 0.0245412 0
    outer loop
      vertex 40 0 62
      vertex 39.9518 1.96271 115
      vertex 40 0 115
    endloop
  endfacet
  facet normal 0 0 -1
    outer loop
      vertex 0 0 62
      vertex 39.8074 3.92069 62
      vertex 39.9518 1.96271 62
    endloop
  endfacet
  facet normal 0 0 1
    outer loop
      vertex 0 0 115
      vertex 39.9518 1.96271 115
      vertex 39.8074 3.92069 115
    endloop
  endfacet
  facet normal 0.99729 0.0735646 0
    outer loop
      vertex 39.9518 1.96271 62
      vertex 39.8074 3.92069 62
      vertex 39.8074 3.92069 115
    endloop
  endfacet
  facet normal 0.99729 0.0735646 0
    outer loop
      vertex 39.9518 1.96271 62
      vertex 39.8074 3.92069 115
      vertex 39.9518 1.96271 115
    endloop
  endfacet
  facet normal 0 0 -1
    outer loop
      vertex 0 0 62
      vertex 39.5671 5.86922 62
      vertex 39.8074 3.92069 62
    endloop
  endfacet
  facet normal 0 0 1
    outer loop
      vertex 0 0 115
      vertex 39.8074 3.92069 115
      vertex 39.5671 5.86922 115
    endloop
  endfacet
  facet normal 0.99248 0.122411 0
    outer loop
      vertex 39.8074 3.92069 62
      vertex 39.5671 5.86922 62
      vertex 39.5671 5.86922 115
    endloop
  endfacet
  facet normal 0.99248 0.122411 0
    outer loop
      vertex 39.8074 3.92069 62
      vertex 39.5671 5.86922 115
      vertex 39.8074 3.92069 115
    endloop
  endfacet
  facet normal 0 0 -1
    outer loop
      vertex 0 0 62
      vertex 39.2314 7.80361 62
      vertex 39.5671 5.86922 62
    endloop
  endfacet
  facet normal 0 0 1
    outer loop
      vertex 0 0 115
      vertex 39.5671 5.86922 115
      vertex 39.2314 7.80361 115
    endloop
  endfacet
  facet normal 0.985278 0.170962 0
    outer loop
      vertex 39.5671 5.86922 62
      vertex 39.2314 7.80361 62
      vertex 39.2314 7.80361 115
    endloop
  endfacet
  facet normal 0.985278 0.170962 0
    outer loop
      vertex 39.5671 5.86922 62
      vertex 39.2314 7.80361 115
      vertex 39.5671 5.86922 115
    endloop
  endfacet
  facet normal 0 0 -1
    outer loop
      vertex 0 0 62
      vertex 38.8013 9.71921 62
      vertex 39.2314 7.80361 62
    endloop
  endfacet
  facet normal 0 0 1
    outer loop
      vertex 0 0 115
      vertex 39.2314 7.80361 115
      vertex 38.8013 9.71921 115
    endloop
  endfacet
  facet normal 0.975702 0.219101 0
    outer loop
      vertex 39.2314 7.80361 62
      vertex 38.8013 9.71921 62
      vertex 38.8013 9.71921 115
    endloop
  endfacet
  facet normal 0.975702 0.219101 0
    outer loop
      vertex 39.2314 7.80361 62
      vertex 38.8013 9.71921 115
      vertex 39.2314 7.80361 115
    endloop
  endfacet
  facet normal 0 0 -1
    outer loop
      vertex 0 0 62
      vertex 38.2776 11.6114 62
      vertex 38.8013 9.71921 62
    endloop
  endfacet
  facet normal 0 0 1
    outer loop
      vertex 0 0 115
      vertex 38.8013 9.71921 115
      vertex 38.2776 11.6114 115
    endloop
  endfacet
  facet normal 0.963776 0.266713 0
    outer loop
      vertex 38.8013 9.71921 62
      vertex 38.2776 11.6114 62
      vertex 38.2776 11.6114 115
    endloop
  endfacet
  facet normal 0.963776 0.266713 0
    outer loop
      vertex 38.8013 9.71921 62
      vertex 38.2776 11.6114 115
      vertex 38.8013 9.71921 115
    endloop
  endfacet
  facet normal 0 0 -1
    outer loop
      vertex 0 0 62
      vertex 37.6618 13.4756 62
      vertex 38.2776 11.6114 62
    endloop
  endfacet
  facet normal 0 0 1
    outer loop
      vertex 0 0 115
      vertex 38.2776 11.6114 115
      vertex 37.6618 13.4756 115
    endloop
  endfacet
  facet normal 0.949528 0.313682 0
    outer loop
      vertex 38.2776 11.6114 62
      vertex 37.6618 13.4756 62
      vertex 37.6618 13.4756 115
    endloop
  endfacet
  facet normal 0.949528 0.313682 0
    outer loop
      vertex 38.2776 11.6114 62
      vertex 37.6618 13.4756 115
      vertex 38.2776 11.6114 115
    endloop
  endfacet
  facet normal 0 0 -1
    outer loop
      vertex 0 0 62
      vertex 36.9552 15.3073 62
      vertex 37.6618 13.4756 62
    endloop
  endfacet
  facet normal 0 0 1
    outer loop
      vertex 0 0 115
      vertex 37.6618 13.4756 115
      vertex 36.9552 15.3073 115
    endloop
  endfacet
  facet normal 0.932993 0.359895 0
    outer loop
      vertex 37.6618 13.4756 62
      vertex 36.9552 15.3073 62
      vertex 36.9552 15.3073 115
    endloop
  endfacet
  facet normal 0.932993 0.359895 0
    outer loop
      vertex 37.6618 13.4756 62
      vertex 36.9552 15.3073 115
      vertex 37.6618 13.4756 115
    endloop
  endfacet
  facet normal 0 0 -1
    outer loop
      vertex 0 0 62
      vertex 36.1596 17.1022 62
      vertex 36.9552 15.3073 62
    endloop
  endfacet
  facet normal 0 0 1
    outer loop
      vertex 0 0 115
      vertex 36.9552 15.3073 115
      vertex 36.1596 17.1022 115
    endloop
  endfacet
  facet normal 0.91421 0.405241 0
    outer loop
      vertex 36.9552 15.3073 62
      vertex 36.1596 17.1022 62
      vertex 36.1596 17.1022 115
    endloop
  endfacet
  facet normal 0.91421 0.405241 0
    outer loop
      vertex 36.9552 15.3073 62
      vertex 36.1596 17.1022 115
      vertex 36.9552 15.3073 115
    endloop
  endfacet
  facet normal 0 0 -1
    outer loop
      vertex 0 0 62
      vertex 35.2769 18.8559 62
      vertex 36.1596 17.1022 62
    endloop
  endfacet
  facet normal 0 0 1
    outer loop
      vertex 0 0 115
      vertex 36.1596 17.1022 115
      vertex 35.2769 18.8559 115
    endloop
  endfacet
  facet normal 0.893224 0.449611 0
    outer loop
      vertex 36.1596 17.1022 62
      vertex 35.2769 18.8559 62
      vertex 35.2769 18.8559 115
    endloop
  endfacet
  facet normal 0.893224 0.449611 0
    outer loop
      vertex 36.1596 17.1022 62
      vertex 35.2769 18.8559 115
      vertex 36.1596 17.1022 115
    endloop
  endfacet
  facet normal 0 0 -1
    outer loop
      vertex 0 0 62
      vertex 34.3091 20.5641 62
      vertex 35.2769 18.8559 62
    endloop
  endfacet
  facet normal 0 0 1
    outer loop
      vertex 0 0 115
      vertex 35.2769 18.8559 115
      vertex 34.3091 20.5641 115
    endloop
  endfacet
  facet normal 0.870087 0.492898 0
    outer loop
      vertex 35.2769 18.8559 62
      vertex 34.3091 20.5641 62
      vertex 34.3091 20.5641 115
    endloop
  endfacet
  facet normal 0.870087 0.492898 0
    outer loop
      vertex 35.2769 18.8559 62
      vertex 34.3091 20.5641 115
      vertex 35.2769 18.8559 115
    endloop
  endfacet
  facet normal 0 0 -1
    outer loop
      vertex 0 0 62
      vertex 33.2588 22.2228 62
      vertex 34.3091 20.5641 62
    endloop
  endfacet
  facet normal 0 0 1
    outer loop
      vertex 0 0 115
      vertex 34.3091 20.5641 115
      vertex 33.2588 22.2228 115
    endloop
  endfacet
  facet normal 0.844854 0.534998 0
    outer loop
      vertex 34.3091 20.5641 62
      vertex 33.2588 22.2228 62
      vertex 33.2588 22.2228 115
    endloop
  endfacet
  facet normal 0.844854 0.534998 0
    outer loop
      vertex 34.3091 20.5641 62
      vertex 33.2588 22.2228 115
      vertex 34.3091 20.5641 115
    endloop
  endfacet
  facet normal 0 0 -1
    outer loop
      vertex 0 0 62
      vertex 32.1283 23.828 62
      vertex 33.2588 22.2228 62
    endloop
  endfacet
  facet normal 0 0 1
    outer loop
      vertex 0 0 115
      vertex 33.2588 22.2228 115
      vertex 32.1283 23.828 115
    endloop
  endfacet
  facet normal 0.817585 0.575808 0
    outer loop
      vertex 33.2588 22.2228 62
      vertex 32.1283 23.828 62
      vertex 32.1283 23.828 115
    endloop
  endfacet
  facet normal 0.817585 0.575808 0
    outer loop
      vertex 33.2588 22.2228 62
      vertex 32.1283 23.828 115
      vertex 33.2588 22.2228 115
    endloop
  endfacet
  facet normal 0 0 -1
    outer loop
      vertex 0 0 62
      vertex 30.9204 25.3757 62
      vertex 32.1283 23.828 62
    endloop
  endfacet
  facet normal 0 0 1
    outer loop
      vertex 0 0 115
      vertex 32.1283 23.828 115
      vertex 30.9204 25.3757 115
    endloop
  endfacet
  facet normal 0.788346 0.615232 0
    outer loop
      vertex 32.1283 23.828 62
      vertex 30.9204 25.3757 62
      vertex 30.9204 25.3757 115
    endloop
  endfacet
  facet normal 0.788346 0.615232 0
    outer loop
      vertex 32.1283 23.828 62
      vertex 30.9204 25.3757 115
      vertex 32.1283 23.828 115
    endloop
  endfacet
  facet normal 0 0 -1
    outer loop
      vertex 0 0 62
      vertex 29.638 26.8624 62
      vertex 30.9204 25.3757 62
    endloop
  endfacet
  facet normal 0 0 1
    outer loop
      vertex 0 0 115
      vertex 30.9204 25.3757 115
      vertex 29.638 26.8624 115
    endloop
  endfacet
  facet normal 0.757209 0.653173 0
    outer loop
      vertex 30.9204 25.3757 62
      vertex 29.638 26.8624 62
      vertex 29.638 26.8624 115
    endloop
  endfacet
  facet normal 0.757209 0.653173 0
    outer loop
      vertex 30.9204 25.3757 62
      vertex 29.638 26.8624 115
      vertex 30.9204 25.3757 115
    endloop
  endfacet
  facet normal 0 0 -1
    outer loop
      vertex 0 0 62
      vertex 28.2843 28.2843 62
      vertex 29.638 26.8624 62
    endloop
  endfacet
  facet normal 0 0 1
    outer loop
      vertex 0 0 115
      vertex 29.638 26.8624 115
      vertex 28.2843 28.2843 115
    endloop
  endfacet
  facet normal 0.724247 0.689541 0
    outer loop
      vertex 29.638 26.8624 62
      vertex 28.2843 28.2843 62
      vertex 28.2843 28.2843 115
    endloop
  endfacet
  facet normal 0.724247 0.689541 0
    outer loop
      vertex 29.638 26.8624 62
      vertex 28.2843 28.2843 115
      vertex 29.638 26.8624 115
    endloop
  endfacet
  facet normal 0 0 -1
    outer loop
      vertex 0 0 62
      vertex 26.8624 29.638 62
      vertex 28.2843 28.2843 62
    endloop
  endfacet
  facet normal 0 0 1
    outer loop
      vertex 0 0 115
      vertex 28.2843 28.2843 115
      vertex 26.8624 29.638 115
    endloop
  endfacet
  facet normal 0.689541 0.724247 0
    outer loop
      vertex 28.2843 28.2843 62
      vertex 26.8624 29.638 62
      vertex 26.8624 29.638 115
    endloop
  endfacet
  facet normal 0.689541 0.724247 0
    outer loop
      vertex 28.2843 28.2843 62
      vertex 26.8624 29.638 115
      vertex 28.2843 28.2843 115
    endloop
  endfacet
  facet normal 0 0 -1
    outer loop
      vertex 0 0 62
      vertex 25.3757 30.9204 62
      vertex 26.8624 29.638 62
    endloop
  endfacet
  facet normal 0 0 1
    outer loop
      vertex 0 0 115
      vertex 26.8624 29.638 115
      vertex 25.3757 30.9204 115
    endloop
  endfacet
  facet normal 0.653173 0.757209 0
    outer loop
      vertex 26.8624 29.638 62
      vertex 25.3757 30.9204 62
      vertex 25.3757 30.9204 115
    endloop
  endfacet
  facet normal 0.653173 0.757209 0
    outer loop
      vertex 26.8624 29.638 62
      vertex 25.3757 30.9204 115
      vertex 26.8624 29.638 115
    endloop
  endfacet
  facet normal 0 0 -1
    outer loop
      vertex 0 0 62
      vertex 23.828 32.1283 62
      vertex 25.3757 30.9204 62
    endloop
  endfacet
  facet normal 0 0 1
    outer loop
      vertex 0 0 115
      vertex 25.3757 30.9204 115
      vertex 23.828 32.1283 115
    endloop
  endfacet
  facet normal 0.615232 0.788346 0
    outer loop
      vertex 25.3757 30.9204 62
      vertex 23.828 32.1283 62
      vertex 23.828 32.1283 115
    endloop
  endfacet
  facet normal 0.615232 0.788346 0
    outer loop
      vertex 25.3757 30.9204 62
      vertex 23.828 32.1283 115
      vertex 25.3757 30.9204 115
    endloop
  endfacet
  facet normal 0 0 -1
    outer loop
      vertex 0 0 62
      vertex 22.2228 33.2588 62
      vertex 23.828 32.1283 62
    endloop
  endfacet
  facet normal 0 0 1
    outer loop
      vertex 0 0 115
      vertex 23.828 32.1283 115
      vertex 22.2228 33.2588 115
    endloop
  endfacet
  facet normal 0.575808 0.817585 0
    outer loop
      vertex 23.828 32.1283 62
      vertex 22.2228 33.2588 62
      vertex 22.2228 33.2588 115
    endloop
  endfacet
  facet normal 0.575808 0.817585 0
    outer loop
      vertex 23.828 32.1283 62
      vertex 22.2228 33.2588 115
      vertex 23.828 32.1283 115
    endloop
  endfacet
  facet normal 0 0 -1
    outer loop
      vertex 0 0 62
      vertex 20.5641 34.3091 62
      vertex 22.2228 33.2588 62
    endloop
  endfacet
  facet normal 0 0 1
    outer loop
      vertex 0 0 115
      vertex 22.2228 33.2588 115
      vertex 20.5641 34.3091 115
    endloop
  endfacet
  facet normal 0.534998 0.844854 0
    outer loop
      vertex 22.2228 33.2588 62
      vertex 20.5641 34.3091 62
      vertex 20.5641 34.3091 115
    endloop
  endfacet
  facet normal 0.534998 0.844854 0
    outer loop
      vertex 22.2228 33.2588 62
      vertex 20.5641 34.3091 115
      vertex 22.2228 33.2588 115
    endloop
  endfacet
  facet normal 0 0 -1
    outer loop
      vertex 0 0 62
      vertex 18.8559 35.2769 62
      vertex 20.5641 34.3091 62
    endloop
  endfacet
  facet normal 0 0 1
    outer loop
      vertex 0 0 115
      vertex 20.5641 34.3091 115
      vertex 18.8559 35.2769 115
    endloop
  endfacet
  facet normal 0.492898 0.870087 0
    outer loop
      vertex 20.5641 34.3091 62
      vertex 18.8559 35.2769 62
      vertex 18.8559 35.2769 115
    endloop
  endfacet
  facet normal 0.492898 0.870087 0
    outer loop
      vertex 20.5641 34.3091 62
      vertex 18.8559 35.2769 115
      vertex 20.5641 34.3091 115
    endloop
  endfacet
  facet normal 0 0 -1
    outer loop
      vertex 0 0 62
      vertex 17.1022 36.1596 62
      vertex 18.8559 35.2769 62
    endloop
  endfacet
  facet normal 0 0 1
    outer loop
      vertex 0 0 115
      vertex 18.8559 35.2769 115
      vertex 17.1022 36.1596 115
    endloop
  endfacet
  facet normal 0.449611 0.893224 0
    outer loop
      vertex 18.8559 35.2769 62
      vertex 17.1022 36.1596 62
      vertex 17.1022 36.1596 115
    endloop
  endfacet
  facet normal 0.449611 0.893224 0
    outer loop
      vertex 18.8559 35.2769 62
      vertex 17.1022 36.1596 115
      vertex 18.8559 35.2769 115
    endloop
  endfacet
  facet normal 0 0 -1
    outer loop
      vertex 0 0 62
      vertex 15.3073 36.9552 62
      vertex 17.1022 36.1596 62
    endloop
  endfacet
  facet normal 0 0 1
    outer loop
      vertex 0 0 115
      vertex 17.1022 36.1596 115
      vertex 15.3073 36.9552 115
    endloop
  endfacet
  facet normal 0.405241 0.91421 0
    outer loop
      vertex 17.1022 36.1596 62
      vertex 15.3073 36.9552 62
      vertex 15.3073 36.9552 115
    endloop
  endfacet
  facet normal 0.405241 0.91421 0
    outer loop
      vertex 17.1022 36.1596 62
      vertex 15.3073 36.9552 115
      vertex 17.1022 36.1596 115
    endloop
  endfacet
  facet normal 0 0 -1
    outer loop
      vertex 0 0 62
      vertex 13.4756 37.6618 62
      vertex 15.3073 36.9552 62
    endloop
  endfacet
  facet normal 0 0 1
    outer loop
      vertex 0 0 115
      vertex 15.3073 36.9552 115
      vertex 13.4756 37.6618 115
    endloop
  endfacet
  facet normal 0.359895 0.932993 0
    outer loop
      vertex 15.3073 36.9552 62
      vertex 13.4756 37.6618 62
      vertex 13.4756 37.6618 115
    endloop
  endfacet
  facet normal 0.359895 0.932993 0
    outer loop
      vertex 15.3073 36.9552 62
      vertex 13.4756 37.6618 115
      vertex 15.3073 36.9552 115
    endloop
  endfacet
  facet normal 0 0 -1
    outer loop
      vertex 0 0 62
      vertex 11.6114 38.2776 62
      vertex 13.4756 37.6618 62
    endloop
  endfacet
  facet normal 0 0 1
    outer loop
      vertex 0 0 115
      vertex 13.4756 37.6618 115
      vertex 11.6114 38.2776 115
    endloop
  endfacet
  facet normal 0.313682 0.949528 0
    outer loop
      vertex 13.4756 37.6618 62
      vertex 11.6114 38.2776 62
      vertex 11.6114 38.2776 115
    endloop
  endfacet
  facet normal 0.313682 0.949528 0
    outer loop
      vertex 13.4756 37.6618 62
      vertex 11.6114 38.2776 115
      vertex 13.4756 37.6618 115
    endloop
  endfacet
  facet normal 0 0 -1
    outer loop
      vertex 0 0 62
      vertex 9.71921 38.8013 62
      vertex 11.6114 38.2776 62
    endloop
  endfacet
  facet normal 0 0 1
    outer loop
      vertex 0 0 115
      vertex 11.6114 38.2776 115
      vertex 9.71921 38.8013 115
    endloop
  endfacet
  facet normal 0.266713 0.963776 0
    outer loop
      vertex 11.6114 38.2776 62
      vertex 9.71921 38.8013 62
      vertex 9.71921 38.8013 115
    endloop
  endfacet
  facet normal 0.266713 0.963776 0
    outer loop
      vertex 11.6114 38.2776 62
      vertex 9.71921 38.8013 115
      vertex 11.6114 38.2776 115
    endloop
  endfacet
  facet normal 0 0 -1
    outer loop
      vertex 0 0 62
      vertex 7.80361 39.2314 62
      vertex 9.71921 38.8013 62
    endloop
  endfacet
  facet normal 0 0 1
    outer loop
      vertex 0 0 115
      vertex 9.71921 38.8013 115
      vertex 7.80361 39.2314 115
    endloop
  endfacet
  facet normal 0.219101 0.975702 0
    outer loop
      vertex 9.71921 38.8013 62
      vertex 7.80361 39.2314 62
      vertex 7.80361 39.2314 115
    endloop
  endfacet
  facet normal 0.219101 0.975702 0
    outer loop
      vertex 9.71921 38.8013 62
      vertex 7.80361 39.2314 115
      vertex 9.71921 38.8013 115
    endloop
  endfacet
  facet normal 0 0 -1
    outer loop
      vertex 0 0 62
      vertex 5.86922 39.5671 62
      vertex 7.80361 39.2314 62
    endloop
  endfacet
  facet normal 0 0 1
    outer loop
      vertex 0 0 115
      vertex 7.80361 39.2314 115
      vertex 5.86922 39.5671 115
    endloop
  endfacet
  facet normal 0.170962 0.985278 0
    outer loop
      vertex 7.80361 39.2314 62
      vertex 5.86922 39.5671 62
      vertex 5.86922 39.5671 115
    endloop
  endfacet
  facet normal 0.170962 0.985278 0
    outer loop
      vertex 7.80361 39.2314 62
      vertex 5.86922 39.5671 115
      vertex 7.80361 39.2314 115
    endloop
  endfacet
  facet normal 0 0 -1
    outer loop
      vertex 0 0 62
      vertex 3.92069 39.8074 62
      vertex 5.86922 39.5671 62
    endloop
  endfacet
  facet normal 0 0 1
    outer loop
      vertex 0 0 115
      vertex 5.86922 39.5671 115
      vertex 3.92069 39.8074 115
    endloop
  endfacet
  facet normal 0.122411 0.99248 0
    outer loop
      vertex 5.86922 39.5671 62
      vertex 3.92069 39.8074 62
      vertex 3.92069 39.8074 115
    endloop
  endfacet
  facet normal 0.122411 0.99248 0
    outer loop
      vertex 5.86922 39.5671 62
      vertex 3.92069 39.8074 115
      vertex 5.86922 39.5671 115
    endloop
  endfacet
  facet normal 0 0 -1
    outer loop
      vertex 0 0 62
      vertex 1.96271 39.9518 62
      vertex 3.92069 39.8074 62
    endloop
  endfacet
  facet normal 0 0 1
    outer loop
      vertex 0 0 115
      vertex 3.92069 39.8074 115
      vertex 1.96271 39.9518 115
    endloop
  endfacet
  facet normal 0.0735646 0.99729 0
    outer loop
      vertex 3.92069 39.8074 62
      vertex 1.96271 39.9518 62
      vertex 1.96271 39.9518 115
    endloop
  endfacet
  facet normal 0.0735646 0.99729 0
    outer loop
      vertex 3.92069 39.8074 62
      vertex 1.96271 39.9518 115
      vertex 3.92069 39.8074 115
    endloop
  endfacet
  facet normal 0 0 -1
    outer loop
      vertex 0 0 62
      vertex 2.44929e-15 40 62
      vertex 1.96271 39.9518 62
    endloop
  endfacet
  facet normal 0 0 1
    outer loop
      vertex 0 0 115
      vertex 1.96271 39.9518 115
      vertex 2.44929e-15 40 115
    endloop
  endfacet
  facet normal 0.0245412 0.999699 0
    outer loop
      vertex 1.96271 39.9518 62
      vertex 2.44929e-15 40 62
      vertex 2.44929e-15 40 115
    endloop
  endfacet
  facet normal 0.0245412 0.999699 0
    outer loop
      vertex 1.96271 39.9518 62
      vertex 2.44929e-15 40 115
      vertex 1.96271 39.9518 115
    endloop
  endfacet
  facet normal 0 0 -1
    outer loop
      vertex 0 0 62
      vertex -1.96271 39.9518 62
      vertex 2.44929e-15 40 62
    endloop
  endfacet
  facet normal 0 0 1
    outer loop
      vertex 0 0 115
      vertex 2.44929e-15 40 115
      vertex -1.96271 39.9518 115
    endloop
  endfacet
  facet normal -0.0245412 0.999699 0
    outer loop
      vertex 2.44929e-15 40 62
      vertex -1.96271 39.9518 62
      vertex -1.96271 39.9518 115
    endloop
  endfacet
  facet normal -0.0245412 0.999699 0
    outer loop
      vertex 2.44929e-15 40 62
      vertex -1.96271 39.9518 115
      vertex 2.44929e-15 40 115
    endloop
  endfacet
  facet normal 0 0 -1
    outer loop
      vertex 0 0 62
      vertex -3.92069 39.8074 62
      vertex -1.96271 39.9518 62
    endloop
  endfacet
  facet normal 0 0 1
    outer loop
      vertex 0 0 115
      vertex -1.96271 39.9518 115
      vertex -3.92069 39.8074 115
    endloop
  endfacet
  facet normal -0.0735646 0.99729 0
    outer loop
      vertex -1.96271 39.9518 62
      vertex -3.92069 39.8074 62
      vertex -3.92069 39.8074 115
    endloop
  endfacet
  facet normal -0.0735646 0.99729 0
    outer loop
      vertex -1.96271 39.9518 62
      vertex -3.92069 39.8074 115
      vertex -1.96271 39.9518 115
    endloop
  endfacet
  facet normal 0 0 -1
    outer loop
      vertex 0 0 62
      vertex -5.86922 39.5671 62
      vertex -3.92069 39.8074 62
    endloop
  endfacet
  facet normal 0 0 1
    outer loop
      vertex 0 0 115
      vertex -3.92069 39.8074 115
      vertex -5.86922 39.5671 115
    endloop
  endfacet
  facet normal -0.122411 0.99248 0
    outer loop
      vertex -3.92069 39.8074 62
      vertex -5.86922 39.5671 62
      vertex -5.86922 39.5671 115
    endloop
  endfacet
  facet normal -0.122411 0.99248 0
    outer loop
      vertex -3.92069 39.8074 62
      vertex -5.86922 39.5671 115
      vertex -3.92069 39.8074 115
    endloop
  endfacet
  facet normal 0 0 -1
    outer loop
      vertex 0 0 62
      vertex -7.80361 39.2314 62
      vertex -5.86922 39.5671 62
    endloop
  endfacet
  facet normal 0 0 1
    outer loop
      vertex 0 0 115
      vertex -5.86922 39.5671 115
      vertex -7.80361 39.2314 115
    endloop
  endfacet
  facet normal -0.170962 0.985278 0
    outer loop
      vertex -5.86922 39.5671 62
      vertex -7.80361 39.2314 62
      vertex -7.80361 39.2314 115
    endloop
  endfacet
  facet normal -0.170962 0.985278 0
    outer loop
      vertex -5.86922 39.5671 62
      vertex -7.80361 39.2314 115
      vertex -5.86922 39.5671 115
    endloop
  endfacet
  facet normal 0 0 -1
    outer loop
      vertex 0 0 62
      vertex -9.71921 38.8013 62
      vertex -7.80361 39.2314 62
    endloop
  endfacet
  facet normal 0 0 1
    outer loop
      vertex 0 0 115
      vertex -7.80361 39.2314 115
      vertex -9.71921 38.8013 115
    endloop
  endfacet
  facet normal -0.219101 0.975702 0
    outer loop
      vertex -7.80361 39.2314 62
      vertex -9.71921 38.8013 62
      vertex -9.71921 38.8013 115
    endloop
  endfacet
  facet normal -0.219101 0.975702 0
    outer loop
      vertex -7.80361 39.2314 62
      vertex -9.71921 38.8013 115
      vertex -7.80361 39.2314 115
    endloop
  endfacet
  facet normal 0 0 -1
    outer loop
      vertex 0 0 62
      vertex -11.6114 38.2776 62
      vertex -9.71921 38.8013 62
    endloop
  endfacet
  facet normal 0 0 1
    outer loop
      vertex 0 0 115
      vertex -9.71921 38.8013 115
      vertex -11.6114 38.2776 115
    endloop
  endfacet
  facet normal -0.266713 0.963776 0
    outer loop
      vertex -9.71921 38.8013 62
      vertex -11.6114 38.2776 62
      vertex -11.6114 38.2776 115
    endloop
  endfacet
  facet normal -0.266713 0.963776 0
    outer loop
      vertex -9.71921 38.8013 62
      vertex -11.6114 38.2776 115
      vertex -9.71921 38.8013 115
    endloop
  endfacet
  facet normal 0 0 -1
    outer loop
      vertex 0 0 62
      vertex -13.4756 37.6618 62
      vertex -11.6114 38.2776 62
    endloop
  endfacet
  facet normal 0 0 1
    outer loop
      vertex 0 0 115
      vertex -11.6114 38.2776 115
      vertex -13.4756 37.6618 115
    endloop
  endfacet
  facet normal -0.313682 0.949528 0
    outer loop
      vertex -11.6114 38.2776 62
      vertex -13.4756 37.6618 62
      vertex -13.4756 37.6618 115
    endloop
  endfacet
  facet normal -0.313682 0.949528 0
    outer loop
      vertex -11.6114 38.2776 62
      vertex -13.4756 37.6618 115
      vertex -11.6114 38.2776 115
    endloop
  endfacet
  facet normal 0 0 -1
    outer loop
      vertex 0 0 62
      vertex -15.3073 36.9552 62
      vertex -13.4756 37.6618 62
    endloop
  endfacet
  facet normal 0 0 1
    outer loop
      vertex 0 0 115
      vertex -13.4756 37.6618 115
      vertex -15.3073 36.9552 115
    endloop
  endfacet
  facet normal -0.359895 0.932993 0
    outer loop
      vertex -13.4756 37.6618 62
      vertex -15.3073 36.9552 62
      vertex -15.3073 36.9552 115
    endloop
  endfacet
  facet normal -0.359895 0.932993 0
    outer loop
      vertex -13.4756 37.6618 62
      vertex -15.3073 36.9552 115
      vertex -13.4756 37.6618 115
    endloop
  endfacet
  facet normal 0 0 -1
    outer loop
      vertex 0 0 62
      vertex -17.1022 36.1596 62
      vertex -15.3073 36.9552 62
    endloop
  endfacet
  facet normal 0 0 1
    outer loop
      vertex 0 0 115
      vertex -15.3073 36.9552 115
      vertex -17.1022 36.1596 115
    endloop
  endfacet
  facet normal -0.405241 0.91421 0
    outer loop
      vertex -15.3073 36.9552 62
      vertex -17.1022 36.1596 62
      vertex -17.1022 36.1596 115
    endloop
  endfacet
  facet normal -0.405241 0.91421 0
    outer loop
      vertex -15.3073 36.9552 62
      vertex -17.1022 36.1596 115
      vertex -15.3073 36.9552 115
    endloop
  endfacet
  facet normal 0 0 -1
    outer loop
      vertex 0 0 62
      vertex -18.8559 35.2769 62
      vertex -17.1022 36.1596 62
    endloop
  endfacet
  facet normal 0 0 1
    outer loop
      vertex 0 0 115
      vertex -17.1022 36.1596 115
      vertex -18.8559 35.2769 115
    endloop
  endfacet
  facet normal -0.449611 0.893224 0
    outer loop
      vertex -17.1022 36.1596 62
      vertex -18.8559 35.2769 62
      vertex -18.8559 35.2769 115
    endloop
  endfacet
  facet normal -0.449611 0.893224 0
    outer loop
      vertex -17.1022 36.1596 62
      vertex -18.8559 35.2769 115
      vertex -17.1022 36.1596 115
    endloop
  endfacet
  facet normal 0 0 -1
    outer loop
      vertex 0 0 62
      vertex -20.5641 34.3091 62
      vertex -18.8559 35.2769 62
    endloop
  endfacet
  facet normal 0 0 1
    outer loop
      vertex 0 0 115
      vertex -18.8559 35.2769 115
      vertex -20.5641 34.3091 115
    endloop
  endfacet
  facet normal -0.492898 0.870087 0
    outer loop
      vertex -18.8559 35.2769 62
      vertex -20.5641 34.3091 62
      vertex -20.5641 34.3091 115
    endloop
  endfacet
  facet normal -0.492898 0.870087 0
    outer loop
      vertex -18.8559 35.2769 62
      vertex -20.5641 34.3091 115
      vertex -18.8559 35.2769 115
    endloop
  endfacet
  facet normal 0 0 -1
    outer loop
      vertex 0 0 62
      vertex -22.2228 33.2588 62
      vertex -20.5641 34.3091 62
    endloop
  endfacet
  facet normal 0 0 1
    outer loop
      vertex 0 0 115
      vertex -20.5641 34.3091 115
      vertex -22.2228 33.2588 115
    endloop
  endfacet
  facet normal -0.534998 0.844854 0
    outer loop
      vertex -20.5641 34.3091 62
      vertex -22.2228 33.2588 62
      vertex -22.2228 33.2588 115
    endloop
  endfacet
  facet normal -0.534998 0.844854 0
    outer loop
      vertex -20.5641 34.3091 62
      vertex -22.2228 33.2588 115
      vertex -20.5641 34.3091 115
    endloop
  endfacet
  facet normal 0 0 -1
    outer loop
      vertex 0 0 62
      vertex -23.828 32.1283 62
      vertex -22.2228 33.2588 62
    endloop
  endfacet
  facet normal 0 0 1
    outer loop
      vertex 0 0 115
      vertex -22.2228 33.2588 115
      vertex -23.828 32.1283 115
    endloop
  endfacet
  facet normal -0.575808 0.817585 0
    outer loop
      vertex -22.2228 33.2588 62
      vertex -23.828 32.1283 62
      vertex -23.828 32.1283 115
    endloop
  endfacet
  facet normal -0.575808 0.817585 0
    outer loop
      vertex -22.2228 33.2588 62
      vertex -23.828 32.1283 115
      vertex -22.2228 33.2588 115
    endloop
  endfacet
  facet normal 0 0 -1
    outer loop
      vertex 0 0 62
      vertex -25.3757 30.9204 62
      vertex -23.828 32.1283 62
    endloop
  endfacet
  facet normal 0 0 1
    outer loop
      vertex 0 0 115
      vertex -23.828 32.1283 115
      vertex -25.3757 30.9204 115
    endloop
  endfacet
  facet normal -0.615232 0.788346 0
    outer loop
      vertex -23.828 32.1283 62
      vertex -25.3757 30.9204 62
      vertex -25.3757 30.9204 115
    endloop
  endfacet
  facet normal -0.615232 0.788346 0
    outer loop
      vertex -23.828 32.1283 62
      vertex -25.3757 30.9204 115
      vertex -23.828 32.1283 115
    endloop
  endfacet
  facet normal 0 0 -1
    outer loop
      vertex 0 0 62
      vertex -26.8624 29.638 62
      vertex -25.3757 30.9204 62
    endloop
  endfacet
  facet normal 0 0 1
    outer loop
      vertex 0 0 115
      vertex -25.3757 30.9204 115
      vertex -26.8624 29.638 115
    endloop
  endfacet
  facet normal -0.653173 0.757209 0
    outer loop
      vertex -25.3757 30.9204 62
      vertex -26.8624 29.638 62
      vertex -26.8624 29.638 115
    endloop
  endfacet
  facet normal -0.653173 0.757209 0
    outer loop
      vertex -25.3757 30.9204 62
      vertex -26.8624 29.638 115
      vertex -25.3757 30.9204 115
    endloop
  endfacet
  facet normal 0 0 -1
    outer loop
      vertex 0 0 62
      vertex -28.2843 28.2843 62
      vertex -26.8624 29.638 62
    endloop
  endfacet
  facet normal 0 0 1
    outer loop
      vertex 0 0 115
      vertex -26.8624 29.638 115
      vertex -28.2843 28.2843 115
    endloop
  endfacet
  facet normal -0.689541 0.724247 0
    outer loop
      vertex -26.8624 29.638 62
      vertex -28.2843 28.2843 62
      vertex -28.2843 28.2843 115
    endloop
  endfacet
  facet normal -0.689541 0.724247 0
    outer loop
      vertex -26.8624 29.638 62
      vertex -28.2843 28.2843 115
      vertex -26.8624 29.638 115
    endloop
  endfacet
  facet normal 0 0 -1
    outer loop
      vertex 0 0 62
      vertex -29.638 26.8624 62
      vertex -28.2843 28.2843 62
    endloop
  endfacet
  facet normal 0 0 1
    outer loop
      vertex 0 0 115
      vertex -28.2843 28.2843 115
      vertex -29.638 26.8624 115
    endloop
  endfacet
  facet normal -0.724247 0.689541 0
    outer loop
      vertex -28.2843 28.2843 62
      vertex -29.638 26.8624 62
      vertex -29.638 26.8624 115
    endloop
  endfacet
  facet normal -0.724247 0.689541 0
    outer loop
      vertex -28.2843 28.2843 62
      vertex -29.638 26.8624 115
      vertex -28.2843 28.2843 115
    endloop
  endfacet
  facet normal 0 0 -1
    outer loop
      vertex 0 0 62
      vertex -30.9204 25.3757 62
      vertex -29.638 26.8624 62
    endloop
  endfacet
  facet normal 0 0 1
    outer loop
      vertex 0 0 115
      vertex -29.638 26.8624 115
      vertex -30.9204 25.3757 115
    endloop
  endfacet
  facet normal -0.757209 0.653173 0
    outer loop
      vertex -29.638 26.8624 62
      vertex -30.9204 25.3757 62
      vertex -30.9204 25.3757 115
    endloop
  endfacet
  facet normal -0.757209 0.653173 0
    outer loop
      vertex -29.638 26.8624 62
      vertex -30.9204 25.3757 115
      vertex -29.638 26.8624 115
    endloop
  endfacet
  facet normal 0 0 -1
    outer loop
      vertex 0 0 62
      vertex -32.1283 23.828 62
      vertex -30.9204 25.3757 62
    endloop
  endfacet
  facet normal 0 0 1
    outer loop
      vertex 0 0 115
      vertex -30.9204 25.3757 115
      vertex -32.1283 23.828 115
    endloop
  endfacet
  facet normal -0.788346 0.615232 0
    outer loop
      vertex -30.9204 25.3757 62
      vertex -32.1283 23.828 62
      vertex -32.1283 23.828 115
    endloop
  endfacet
  facet normal -0.788346 0.615232 0
    outer loop
      vertex -30.9204 25.3757 62
      vertex -32.1283 23.828 115
      vertex -30.9204 25.3757 115
    endloop
  endfacet
  facet normal 0 0 -1
    outer loop
      vertex 0 0 62
      vertex -33.2588 22.2228 62
      vertex -32.1283 23.828 62
    endloop
  endfacet
  facet normal 0 0 1
    outer loop
      vertex 0 0 115
      vertex -32.1283 23.828 115
      vertex -33.2588 22.2228 115
    endloop
  endfacet
  facet normal -0.817585 0.575808 0
    outer loop
      vertex -32.1283 23.828 62
      vertex -33.2588 22.2228 62
      vertex -33.2588 22.2228 115
    endloop
  endfacet
  facet normal -0.817585 0.575808 0
    outer loop
      vertex -32.1283 23.828 62
      vertex -33.2588 22.2228 115
      vertex -32.1283 23.828 115
    endloop
  endfacet
  facet normal 0 0 -1
    outer loop
      vertex 0 0 62
      vertex -34.3091 20.5641 62
      vertex -33.2588 22.2228 62
    endloop
  endfacet
  facet normal 0 0 1
    outer loop
      vertex 0 0 115
      vertex -33.2588 22.2228 115
      vertex -34.3091 20.5641 115
    endloop
  endfacet
  facet normal -0.844854 0.534998 0
    outer loop
      vertex -33.2588 22.2228 62
      vertex -34.3091 20.5641 62
      vertex -34.3091 20.5641 115
    endloop
  endfacet
  facet normal -0.844854 0.534998 0
    outer loop
      vertex -33.2588 22.2228 62
      vertex -34.3091 20.5641 115
      vertex -33.2588 22.2228 115
    endloop
  endfacet
  facet normal 0 0 -1
    outer loop
      vertex 0 0 62
      vertex -35.2769 18.8559 62
      vertex -34.3091 20.5641 62
    endloop
  endfacet
  facet normal 0 0 1
    outer loop
      vertex 0 0 115
      vertex -34.3091 20.5641 115
      vertex -35.2769 18.8559 115
    endloop
  endfacet
  facet normal -0.870087 0.492898 0
    outer loop
      vertex -34.3091 20.5641 62
      vertex -35.2769 18.8559 62
      vertex -35.2769 18.8559 115
    endloop
  endfacet
  facet normal -0.870087 0.492898 0
    outer loop
      vertex -34.3091 20.5641 62
      vertex -35.2769 18.8559 115
      vertex -34.3091 20.5641 115
    endloop
  endfacet
  facet normal 0 0 -1
    outer loop
      vertex 0 0 62
      vertex -36.1596 17.1022 62
      vertex -35.2769 18.8559 62
    endloop
  endfacet
  facet normal 0 0 1
    outer loop
      vertex 0 0 115
      vertex -35.2769 18.8559 115
      vertex -36.1596 17.1022 115
    endloop
  endfacet
  facet normal -0.893224 0.449611 0
    outer loop
      vertex -35.2769 18.8559 62
      vertex -36.1596 17.1022 62
      vertex -36.1596 17.1022 115
    endloop
  endfacet
  facet normal -0.893224 0.449611 0
    outer loop
      vertex -35.2769 18.8559 62
      vertex -36.1596 17.1022 115
      vertex -35.2769 18.8559 115
    endloop
  endfacet
  facet normal 0 0 -1
    outer loop
      vertex 0 0 62
      vertex -36.9552 15.3073 62
      vertex -36.1596 17.1022 62
    endloop
  endfacet
  facet normal 0 0 1
    outer loop
      vertex 0 0 115
      vertex -36.1596 17.1022 115
      vertex -36.9552 15.3073 115
    endloop
  endfacet
  facet normal -0.91421 0.405241 0
    outer loop
      vertex -36.1596 17.1022 62
      vertex -36.9552 15.3073 62
      vertex -36.9552 15.3073 115
    endloop
  endfacet
  facet normal -0.91421 0.405241 0
    outer loop
      vertex -36.1596 17.1022 62
      vertex -36.9552 15.3073 115
      vertex -36.1596 17.1022 115
    endloop
  endfacet
  facet normal 0 0 -1
    outer loop
      vertex 0 0 62
      vertex -37.6618 13.4756 62
      vertex -36.9552 15.3073 62
    endloop
  endfacet
  facet normal 0 0 1
    outer loop
      vertex 0 0 115
      vertex -36.9552 15.3073 115
      vertex -37.6618 13.4756 115
    endloop
  endfacet
  facet normal -0.932993 0.359895 0
    outer loop
      vertex -36.9552 15.3073 62
      vertex -37.6618 13.4756 62
      vertex -37.6618 13.4756 115
    endloop
  endfacet
  facet normal -0.932993 0.359895 0
    outer loop
      vertex -36.9552 15.3073 62
      vertex -37.6618 13.4756 115
      vertex -36.9552 15.3073 115
    endloop
  endfacet
  facet normal 0 0 -1
    outer loop
      vertex 0 0 62
      vertex -38.2776 11.6114 62
      vertex -37.6618 13.4756 62
    endloop
  endfacet
  facet normal 0 0 1
    outer loop
      vertex 0 0 115
      vertex -37.6618 13.4756 115
      vertex -38.2776 11.6114 115
    endloop
  endfacet
  facet normal -0.949528 0.313682 0
    outer loop
      vertex -37.6618 13.4756 62
      vertex -38.2776 11.6114 62
      vertex -38.2776 11.6114 115
    endloop
  endfacet
  facet normal -0.949528 0.313682 0
    outer loop
      vertex -37.6618 13.4756 62
      vertex -38.2776 11.6114 115
      vertex -37.6618 13.4756 115
    endloop
  endfacet
  facet normal 0 0 -1
    outer loop
      vertex 0 0 62
      vertex -38.8013 9.71921 62
      vertex -38.2776 11.6114 62
    endloop
  endfacet
  facet normal 0 0 1
    outer loop
      vertex 0 0 115
      vertex -38.2776 11.6114 115
      vertex -38.8013 9.71921 115
    endloop
  endfacet
  facet normal -0.963776 0.266713 0
    outer loop
      vertex -38.2776 11.6114 62
      vertex -38.8013 9.71921 62
      vertex -38.8013 9.71921 115
    endloop
  endfacet
  facet normal -0.963776 0.266713 0
    outer loop
      vertex -38.2776 11.6114 62
      vertex -38.8013 9.71921 115
      vertex -38.2776 11.6114 115
    endloop
  endfacet
  facet normal 0 0 -1
    outer loop
      vertex 0 0 62
      vertex -39.2314 7.80361 62
      vertex -38.8013 9.71921 62
    endloop
  endfacet
  facet normal 0 0 1
    outer loop
      vertex 0 0 115
      vertex -38.8013 9.71921 115
      vertex -39.2314 7.80361 115
    endloop
  endfacet
  facet normal -0.975702 0.219101 0
    outer loop
      vertex -38.8013 9.71921 62
      vertex -39.2314 7.80361 62
      vertex -39.2314 7.80361 115
    endloop
  endfacet
  facet normal -0.975702 0.219101 0
    outer loop
      vertex -38.8013 9.71921 62
      vertex -39.2314 7.80361 115
      vertex -38.8013 9.71921 115
    endloop
  endfacet
  facet normal 0 0 -1
    outer loop
      vertex 0 0 62
      vertex -39.5671 5.86922 62
      vertex -39.2314 7.80361 62
    endloop
  endfacet
  facet normal 0 0 1
    outer loop
      vertex 0 0 115
      vertex -39.2314 7.80361 115
      vertex -39.5671 5.86922 115
    endloop
  endfacet
  facet normal -0.985278 0.170962 0
    outer loop
      vertex -39.2314 7.80361 62
      vertex -39.5671 5.86922 62
      vertex -39.5671 5.86922 115
    endloop
  endfacet
  facet normal -0.985278 0.170962 0
    outer loop
      vertex -39.2314 7.80361 62
      vertex -39.5671 5.86922 115
      vertex -39.2314 7.80361 115
    endloop
  endfacet
  facet normal 0 0 -1
    outer loop
      vertex 0 0 62
      vertex -39.8074 3.92069 62
      vertex -39.5671 5.86922 62
    endloop
  endfacet
  facet normal 0 0 1
    outer loop
      vertex 0 0 115
      vertex -39.5671 5.86922 115
      vertex -39.8074 3.92069 115
    endloop
  endfacet
  facet normal -0.99248 0.122411 0
    outer loop
      vertex -39.5671 5.86922 62
      vertex -39.8074 3.92069 62
      vertex -39.8074 3.92069 115
    endloop
  endfacet
  facet normal -0.99248 0.122411 0
    outer loop
      vertex -39.5671 5.86922 62
      vertex -39.8074 3.92069 115
      vertex -39.5671 5.86922 115
    endloop
  endfacet
  facet normal 0 0 -1
    outer loop
      vertex 0 0 62
      vertex -39.9518 1.96271 62
      vertex -39.8074 3.92069 62
    endloop
  endfacet
  facet normal 0 0 1
    outer loop
      vertex 0 0 115
      vertex -39.8074 3.92069 115
      vertex -39.9518 1.96271 115
    endloop
  endfacet
  facet normal -0.99729 0.0735646 0
    outer loop
      vertex -39.8074 3.92069 62
      vertex -39.9518 1.96271 62
      vertex -39.9518 1.96271 115
    endloop
  endfacet
  facet normal -0.99729 0.0735646 0
    outer loop
      vertex -39.8074 3.92069 62
      vertex -39.9518 1.96271 115
      vertex -39.8074 3.92069 115
    endloop
  endfacet
  facet normal 0 0 -1
    outer loop
      vertex 0 0 62
      vertex -40 4.89859e-15 62
      vertex -39.9518 1.96271 62
    endloop
  endfacet
  facet normal 0 0 1
    outer loop
      vertex 0 0 115
      vertex -39.9518 1.96271 115
      vertex -40 4.89859e-15 115
    endloop
  endfacet
  facet normal -0.999699 0.0245412 0
    outer loop
      vertex -39.9518 1.96271 62
      vertex -40 4.89859e-15 62
      vertex -40 4.89859e-15 115
    endloop
  endfacet
  facet normal -0.999699 0.0245412 0
    outer loop
      vertex -39.9518 1.96271 62
      vertex -40 4.89859e-15 115
      vertex -39.9518 1.96271 115
    endloop
  endfacet
  facet normal 0 0 -1
    outer loop
      vertex 0 0 62
      vertex -39.9518 -1.96271 62
      vertex -40 4.89859e-15 62
    endloop
  endfacet
  facet normal 0 0 1
    outer loop
      vertex 0 0 115
      vertex -40 4.89859e-15 115
      vertex -39.9518 -1.96271 115
    endloop
  endfacet
  facet normal -0.999699 -0.0245412 0
    outer loop
      vertex -40 4.89859e-15 62
      vertex -39.9518 -1.96271 62
      vertex -39.9518 -1.96271 115
    endloop
  endfacet
  facet normal -0.999699 -0.0245412 0
    outer loop
      vertex -40 4.89859e-15 62
      vertex -39.9518 -1.96271 115
      vertex -40 4.89859e-15 115
    endloop
  endfacet
  facet normal 0 0 -1
    outer loop
      vertex 0 0 62
      vertex -39.8074 -3.92069 62
      vertex -39.9518 -1.96271 62
    endloop
  endfacet
  facet normal 0 0 1
    outer loop
      vertex 0 0 115
      vertex -39.9518 -1.96271 115
      vertex -39.8074 -3.92069 115
    endloop
  endfacet
  facet normal -0.99729 -0.0735646 0
    outer loop
      vertex -39.9518 -1.96271 62
      vertex -39.8074 -3.92069 62
      vertex -39.8074 -3.92069 115
    endloop
  endfacet
  facet normal -0.99729 -0.0735646 0
    outer loop
      vertex -39.9518 -1.96271 62
      vertex -39.8074 -3.92069 115
      vertex -39.9518 -1.96271 115
    endloop
  endfacet
  facet normal 0 0 -1
    outer loop
      vertex 0 0 62
      vertex -39.5671 -5.86922 62
      vertex -39.8074 -3.92069 62
    endloop
  endfacet
  facet normal 0 0 1
    outer loop
      vertex 0 0 115
      vertex -39.8074 -3.92069 115
      vertex -39.5671 -5.86922 115
    endloop
  endfacet
  facet normal -0.99248 -0.122411 0
    outer loop
      vertex -39.8074 -3.92069 62
      vertex -39.5671 -5.86922 62
      vertex -39.5671 -5.86922 115
    endloop
  endfacet
  facet normal -0.99248 -0.122411 0
    outer loop
      vertex -39.8074 -3.92069 62
      vertex -39.5671 -5.86922 115
      vertex -39.8074 -3.92069 115
    endloop
  endfacet
  facet normal 0 0 -1
    outer loop
      vertex 0 0 62
      vertex -39.2314 -7.80361 62
      vertex -39.5671 -5.86922 62
    endloop
  endfacet
  facet normal 0 0 1
    outer loop
      vertex 0 0 115
      vertex -39.5671 -5.86922 115
      vertex -39.2314 -7.80361 115
    endloop
  endfacet
  facet normal -0.985278 -0.170962 0
    outer loop
      vertex -39.5671 -5.86922 62
      vertex -39.2314 -7.80361 62
      vertex -39.2314 -7.80361 115
    endloop
  endfacet
  facet normal -0.985278 -0.170962 0
    outer loop
      vertex -39.5671 -5.86922 62
      vertex -39.2314 -7.80361 115
      vertex -39.5671 -5.86922 115
    endloop
  endfacet
  facet normal 0 0 -1
    outer loop
      vertex 0 0 62
      vertex -38.8013 -9.71921 62
      vertex -39.2314 -7.80361 62
    endloop
  endfacet
  facet normal 0 0 1
    outer loop
      vertex 0 0 115
      vertex -39.2314 -7.80361 115
      vertex -38.8013 -9.71921 115
    endloop
  endfacet
  facet normal -0.975702 -0.219101 0
    outer loop
      vertex -39.2314 -7.80361 62
      vertex -38.8013 -9.71921 62
      vertex -38.8013 -9.71921 115
    endloop
  endfacet
  facet normal -0.975702 -0.219101 0
    outer loop
      vertex -39.2314 -7.80361 62
      vertex -38.8013 -9.71921 115
      vertex -39.2314 -7.80361 115
    endloop
  endfacet
  facet normal 0 0 -1
    outer loop
      vertex 0 0 62
      vertex -38.2776 -11.6114 62
      vertex -38.8013 -9.71921 62
    endloop
  endfacet
  facet normal 0 0 1
    outer loop
      vertex 0 0 115
      vertex -38.8013 -9.71921 115
      vertex -38.2776 -11.6114 115
    endloop
  endfacet
  facet normal -0.963776 -0.266713 0
    outer loop
      vertex -38.8013 -9.71921 62
      vertex -38.2776 -11.6114 62
      vertex -38.2776 -11.6114 115
    endloop
  endfacet
  facet normal -0.963776 -0.266713 0
    outer loop
      vertex -38.8013 -9.71921 62
      vertex -38.2776 -11.6114 115
      vertex -38.8013 -9.71921 115
    endloop
  endfacet
  facet normal 0 0 -1
    outer loop
      vertex 0 0 62
      vertex -37.6618 -13.4756 62
      vertex -38.2776 -11.6114 62
    endloop
  endfacet
  facet normal 0 0 1
    outer loop
      vertex 0 0 115
      vertex -38.2776 -11.6114 115
      vertex -37.6618 -13.4756 115
    endloop
  endfacet
  facet normal -0.949528 -0.313682 0
    outer loop
      vertex -38.2776 -11.6114 62
      vertex -37.6618 -13.4756 62
      vertex -37.6618 -13.4756 115
    endloop
  endfacet
  facet normal -0.949528 -0.313682 0
    outer loop
      vertex -38.2776 -11.6114 62
      vertex -37.6618 -13.4756 115
      vertex -38.2776 -11.6114 115
    endloop
  endfacet
  facet normal 0 0 -1
    outer loop
      vertex 0 0 62
      vertex -36.9552 -15.3073 62
      vertex -37.6618 -13.4756 62
    endloop
  endfacet
  facet normal 0 0 1
    outer loop
      vertex 0 0 115
      vertex -37.6618 -13.4756 115
      vertex -36.9552 -15.3073 115
    endloop
  endfacet
  facet normal -0.932993 -0.359895 0
    outer loop
      vertex -37.6618 -13.4756 62
      vertex -36.9552 -15.3073 62
      vertex -36.9552 -15.3073 115
    endloop
  endfacet
  facet normal -0.932993 -0.359895 0
    outer loop
      vertex -37.6618 -13.4756 62
      vertex -36.9552 -15.3073 115
      vertex -37.6618 -13.4756 115
    endloop
  endfacet
  facet normal 0 0 -1
    outer loop
      vertex 0 0 62
      vertex -36.1596 -17.1022 62
      vertex -36.9552 -15.3073 62
    endloop
  endfacet
  facet normal 0 0 1
    outer loop
      vertex 0 0 115
      vertex -36.9552 -15.3073 115
      vertex -36.1596 -17.1022 115
    endloop
  endfacet
  facet normal -0.91421 -0.405241 0
    outer loop
      vertex -36.9552 -15.3073 62
      vertex -36.1596 -17.1022 62
      vertex -36.1596 -17.1022 115
    endloop
  endfacet
  facet normal -0.91421 -0.405241 0
    outer loop
      vertex -36.9552 -15.3073 62
      vertex -36.1596 -17.1022 115
      vertex -36.9552 -15.3073 115
    endloop
  endfacet
  facet normal 0 0 -1
    outer loop
      vertex 0 0 62
      vertex -35.2769 -18.8559 62
      vertex -36.1596 -17.1022 62
    endloop
  endfacet
  facet normal 0 0 1
    outer loop
      vertex 0 0 115
      vertex -36.1596 -17.1022 115
      vertex -35.2769 -18.8559 115
    endloop
  endfacet
  facet normal -0.893224 -0.449611 0
    outer loop
      vertex -36.1596 -17.1022 62
      vertex -35.2769 -18.8559 62
      vertex -35.2769 -18.8559 115
    endloop
  endfacet
  facet normal -0.893224 -0.449611 0
    outer loop
      vertex -36.1596 -17.1022 62
      vertex -35.2769 -18.8559 115
      vertex -36.1596 -17.1022 115
    endloop
  endfacet
  facet normal 0 0 -1
    outer loop
      vertex 0 0 62
      vertex -34.3091 -20.5641 62
      vertex -35.2769 -18.8559 62
    endloop
  endfacet
  facet normal 0 0 1
    outer loop
      vertex 0 0 115
      vertex -35.2769 -18.8559 115
      vertex -34.3091 -20.5641 115
    endloop
  endfacet
  facet normal -0.870087 -0.492898 0
    outer loop
      vertex -35.2769 -18.8559 62
      vertex -34.3091 -20.5641 62
      vertex -34.3091 -20.5641 115
    endloop
  endfacet
  facet normal -0.870087 -0.492898 0
    outer loop
      vertex -35.2769 -18.8559 62
      vertex -34.3091 -20.5641 115
      vertex -35.2769 -18.8559 115
    endloop
  endfacet
  facet normal 0 0 -1
    outer loop
      vertex 0 0 62
      vertex -33.2588 -22.2228 62
      vertex -34.3091 -20.5641 62
    endloop
  endfacet
  facet normal 0 0 1
    outer loop
      vertex 0 0 115
      vertex -34.3091 -20.5641 115
      vertex -33.2588 -22.2228 115
    endloop
  endfacet
  facet normal -0.844854 -0.534998 0
    outer loop
      vertex -34.3091 -20.5641 62
      vertex -33.2588 -22.2228 62
      vertex -33.2588 -22.2228 115
    endloop
  endfacet
  facet normal -0.844854 -0.534998 0
    outer loop
      vertex -34.3091 -20.5641 62
      vertex -33.2588 -22.2228 115
      vertex -34.3091 -20.5641 115
    endloop
  endfacet
  facet normal 0 0 -1
    outer loop
      vertex 0 0 62
      vertex -32.1283 -23.828 62
      vertex -33.2588 -22.2228 62
    endloop
  endfacet
  facet normal 0 0 1
    outer loop
      vertex 0 0 115
      vertex -33.2588 -22.2228 115
      vertex -32.1283 -23.828 115
    endloop
  endfacet
  facet normal -0.817585 -0.575808 0
    outer loop
      vertex -33.2588 -22.2228 62
      vertex -32.1283 -23.828 62
      vertex -32.1283 -23.828 115
    endloop
  endfacet
  facet normal -0.817585 -0.575808 0
    outer loop
      vertex -33.2588 -22.2228 62
      vertex -32.1283 -23.828 115
      vertex -33.2588 -22.2228 115
    endloop
  endfacet
  facet normal 0 0 -1
    outer loop
      vertex 0 0 62
      vertex -30.9204 -25.3757 62
      vertex -32.1283 -23.828 62
    endloop
  endfacet
  facet normal 0 0 1
    outer loop
      vertex 0 0 115
      vertex -32.1283 -23.828 115
      vertex -30.9204 -25.3757 115
    endloop
  endfacet
  facet normal -0.788346 -0.615232 0
    outer loop
      vertex -32.1283 -23.828 62
      vertex -30.9204 -25.3757 62
      vertex -30.9204 -25.3757 115
    endloop
  endfacet
  facet normal -0.788346 -0.615232 0
    outer loop
      vertex -32.1283 -23.828 62
      vertex -30.9204 -25.3757 115
      vertex -32.1283 -23.828 115
    endloop
  endfacet
  facet normal 0 0 -1
    outer loop
      vertex 0 0 62
      vertex -29.638 -26.8624 62
      vertex -30.9204 -25.3757 62
    endloop
  endfacet
  facet normal 0 0 1
    outer loop
      vertex 0 0 115
      vertex -30.9204 -25.3757 115
      vertex -29.638 -26.8624 115
    endloop
  endfacet
  facet normal -0.757209 -0.653173 0
    outer loop
      vertex -30.9204 -25.3757 62
      vertex -29.638 -26.8624 62
      vertex -29.638 -26.8624 115
    endloop
  endfacet
  facet normal -0.757209 -0.653173 0
    outer loop
      vertex -30.9204 -25.3757 62
      vertex -29.638 -26.8624 115
      vertex -30.9204 -25.3757 115
    endloop
  endfacet
  facet normal 0 0 -1
    outer loop
      vertex 0 0 62
      vertex -28.2843 -28.2843 62
      vertex -29.638 -26.8624 62
    endloop
  endfacet
  facet normal 0 0 1
    outer loop
      vertex 0 0 115
      vertex -29.638 -26.8624 115
      vertex -28.2843 -28.2843 115
    endloop
  endfacet
  facet normal -0.724247 -0.689541 0
    outer loop
      vertex -29.638 -26.8624 62
      vertex -28.2843 -28.2843 62
      vertex -28.2843 -28.2843 115
    endloop
  endfacet
  facet normal -0.724247 -0.689541 0
    outer loop
      vertex -29.638 -26.8624 62
      vertex -28.2843 -28.2843 115
      vertex -29.638 -26.8624 115
    endloop
  endfacet
  facet normal 0 0 -1
    outer loop
      vertex 0 0 62
      vertex -26.8624 -29.638 62
      vertex -28.2843 -28.2843 62
    endloop
  endfacet
  facet normal 0 0 1
    outer loop
      vertex 0 0 115
      vertex -28.2843 -28.2843 115
      vertex -26.8624 -29.638 115
    endloop
  endfacet
  facet normal -0.689541 -0.724247 0
    outer loop
      vertex -28.2843 -28.2843 62
      vertex -26.8624 -29.638 62
      vertex -26.8624 -29.638 115
    endloop
  endfacet
  facet normal -0.689541 -0.724247 0
    outer loop
      vertex -28.2843 -28.2843 62
      vertex -26.8624 -29.638 115
      vertex -28.2843 -28.2843 115
    endloop
  endfacet
  facet normal 0 0 -1
    outer loop
      vertex 0 0 62
      vertex -25.3757 -30.9204 62
      vertex -26.8624 -29.638 62
    endloop
  endfacet
  facet normal 0 0 1
    outer loop
      vertex 0 0 115
      vertex -26.8624 -29.638 115
      vertex -25.3757 -30.9204 115
    endloop
  endfacet
  facet normal -0.653173 -0.757209 0
    outer loop
      vertex -26.8624 -29.638 62
      vertex -25.3757 -30.9204 62
      vertex -25.3757 -30.9204 115
    endloop
  endfacet
  facet normal -0.653173 -0.757209 0
    outer loop
      vertex -26.8624 -29.638 62
      vertex -25.3757 -30.9204 115
      vertex -26.8624 -29.638 115
    endloop
  endfacet
  facet normal 0 0 -1
    outer loop
      vertex 0 0 62
      vertex -23.828 -32.1283 62
      vertex -25.3757 -30.9204 62
    endloop
  endfacet
  facet normal 0 0 1
    outer loop
      vertex 0 0 115
      vertex -25.3757 -30.9204 115
      vertex -23.828 -32.1283 115
    endloop
  endfacet
  facet normal -0.615232 -0.788346 0
    outer loop
      vertex -25.3757 -30.9204 62
      vertex -23.828 -32.1283 62
      vertex -23.828 -32.1283 115
    endloop
  endfacet
  facet normal -0.615232 -0.788346 0
    outer loop
      vertex -25.3757 -30.9204 62
      vertex -23.828 -32.1283 115
      vertex -25.3757 -30.9204 115
    endloop
  endfacet
  facet normal 0 0 -1
    outer loop
      vertex 0 0 62
      vertex -22.2228 -33.2588 62
      vertex -23.828 -32.1283 62
    endloop
  endfacet
  facet normal 0 0 1
    outer loop
      vertex 0 0 115
      vertex -23.828 -32.1283 115
      vertex -22.2228 -33.2588 115
    endloop
  endfacet
  facet normal -0.575808 -0.817585 0
    outer loop
      vertex -23.828 -32.1283 62
      vertex -22.2228 -33.2588 62
      vertex -22.2228 -33.2588 115
    endloop
  endfacet
  facet normal -0.575808 -0.817585 0
    outer loop
      vertex -23.828 -32.1283 62
      vertex -22.2228 -33.2588 115
      vertex -23.828 -32.1283 115
    endloop
  endfacet
  facet normal 0 0 -1
    outer loop
      vertex 0 0 62
      vertex -20.5641 -34.3091 62
      vertex -22.2228 -33.2588 62
    endloop
  endfacet
  facet normal 0 0 1
    outer loop
      vertex 0 0 115
      vertex -22.2228 -33.2588 115
      vertex -20.5641 -34.3091 115
    endloop
  endfacet
  facet normal -0.534998 -0.844854 0
    outer loop
      vertex -22.2228 -33.2588 62
      vertex -20.5641 -34.3091 62
      vertex -20.5641 -34.3091 115
    endloop
  endfacet
  facet normal -0.534998 -0.844854 0
    outer loop
      vertex -22.2228 -33.2588 62
      vertex -20.5641 -34.3091 115
      vertex -22.2228 -33.2588 115
    endloop
  endfacet
  facet normal 0 0 -1
    outer loop
      vertex 0 0 62
      vertex -18.8559 -35.2769 62
      vertex -20.5641 -34.3091 62
    endloop
  endfacet
  facet normal 0 0 1
    outer loop
      vertex 0 0 115
      vertex -20.5641 -34.3091 115
      vertex -18.8559 -35.2769 115
    endloop
  endfacet
  facet normal -0.492898 -0.870087 0
    outer loop
      vertex -20.5641 -34.3091 62
      vertex -18.8559 -35.2769 62
      vertex -18.8559 -35.2769 115
    endloop
  endfacet
  facet normal -0.492898 -0.870087 0
    outer loop
      vertex -20.5641 -34.3091 62
      vertex -18.8559 -35.2769 115
      vertex -20.5641 -34.3091 115
    endloop
  endfacet
  facet normal 0 0 -1
    outer loop
      vertex 0 0 62
      vertex -17.1022 -36.1596 62
      vertex -18.8559 -35.2769 62
    endloop
  endfacet
  facet normal 0 0 1
    outer loop
      vertex 0 0 115
      vertex -18.8559 -35.2769 115
      vertex -17.1022 -36.1596 115
    endloop
  endfacet
  facet normal -0.449611 -0.893224 0
    outer loop
      vertex -18.8559 -35.2769 62
      vertex -17.1022 -36.1596 62
      vertex -17.1022 -36.1596 115
    endloop
  endfacet
  facet normal -0.449611 -0.893224 0
    outer loop
      vertex -18.8559 -35.2769 62
      vertex -17.1022 -36.1596 115
      vertex -18.8559 -35.2769 115
    endloop
  endfacet
  facet normal 0 0 -1
    outer loop
      vertex 0 0 62
      vertex -15.3073 -36.9552 62
      vertex -17.1022 -36.1596 62
    endloop
  endfacet
  facet normal 0 0 1
    outer loop
      vertex 0 0 115
      vertex -17.1022 -36.1596 115
      vertex -15.3073 -36.9552 115
    endloop
  endfacet
  facet normal -0.405241 -0.91421 0
    outer loop
      vertex -17.1022 -36.1596 62
      vertex -15.3073 -36.9552 62
      vertex -15.3073 -36.9552 115
    endloop
  endfacet
  facet normal -0.405241 -0.91421 0
    outer loop
      vertex -17.1022 -36.1596 62
      vertex -15.3073 -36.9552 115
      vertex -17.1022 -36.1596 115
    endloop
  endfacet
  facet normal 0 0 -1
    outer loop
      vertex 0 0 62
      vertex -13.4756 -37.6618 62
      vertex -15.3073 -36.9552 62
    endloop
  endfacet
  facet normal 0 0 1
    outer loop
      vertex 0 0 115
      vertex -15.3073 -36.9552 115
      vertex -13.4756 -37.6618 115
    endloop
  endfacet
  facet normal -0.359895 -0.932993 0
    outer loop
      vertex -15.3073 -36.9552 62
      vertex -13.4756 -37.6618 62
      vertex -13.4756 -37.6618 115
    endloop
  endfacet
  facet normal -0.359895 -0.932993 0
    outer loop
      vertex -15.3073 -36.9552 62
      vertex -13.4756 -37.6618 115
      vertex -15.3073 -36.9552 115
    endloop
  endfacet
  facet normal 0 0 -1
    outer loop
      vertex 0 0 62
      vertex -11.6114 -38.2776 62
      vertex -13.4756 -37.6618 62
    endloop
  endfacet
  facet normal 0 0 1
    outer loop
      vertex 0 0 115
      vertex -13.4756 -37.6618 115
      vertex -11.6114 -38.2776 115
    endloop
  endfacet
  facet normal -0.313682 -0.949528 0
    outer loop
      vertex -13.4756 -37.6618 62
      vertex -11.6114 -38.2776 62
      vertex -11.6114 -38.2776 115
    endloop
  endfacet
  facet normal -0.313682 -0.949528 0
    outer loop
      vertex -13.4756 -37.6618 62
      vertex -11.6114 -38.2776 115
      vertex -13.4756 -37.6618 115
    endloop
  endfacet
  facet normal 0 0 -1
    outer loop
      vertex 0 0 62
      vertex -9.71921 -38.8013 62
      vertex -11.6114 -38.2776 62
    endloop
  endfacet
  facet normal 0 0 1
    outer loop
      vertex 0 0 115
      vertex -11.6114 -38.2776 115
      vertex -9.71921 -38.8013 115
    endloop
  endfacet
  facet normal -0.266713 -0.963776 0
    outer loop
      vertex -11.6114 -38.2776 62
      vertex -9.71921 -38.8013 62
      vertex -9.71921 -38.8013 115
    endloop
  endfacet
  facet normal -0.266713 -0.963776 0
    outer loop
      vertex -11.6114 -38.2776 62
      vertex -9.71921 -38.8013 115
      vertex -11.6114 -38.2776 115
    endloop
  endfacet
  facet normal 0 0 -1
    outer loop
      vertex 0 0 62
      vertex -7.80361 -39.2314 62
      vertex -9.71921 -38.8013 62
    endloop
  endfacet
  facet normal 0 0 1
    outer loop
      vertex 0 0 115
      vertex -9.71921 -38.8013 115
      vertex -7.80361 -39.2314 115
    endloop
  endfacet
  facet normal -0.219101 -0.975702 0
    outer loop
      vertex -9.71921 -38.8013 62
      vertex -7.80361 -39.2314 62
      vertex -7.80361 -39.2314 115
    endloop
  endfacet
  facet normal -0.219101 -0.975702 0
    outer loop
      vertex -9.71921 -38.8013 62
      vertex -7.80361 -39.2314 115
      vertex -9.71921 -38.8013 115
    endloop
  endfacet
  facet normal 0 0 -1
    outer loop
      vertex 0 0 62
      vertex -5.86922 -39.5671 62
      vertex -7.80361 -39.2314 62
    endloop
  endfacet
  facet normal 0 0 1
    outer loop
      vertex 0 0 115
      vertex -7.80361 -39.2314 115
      vertex -5.86922 -39.5671 115
    endloop
  endfacet
  facet normal -0.170962 -0.985278 0
    outer loop
      vertex -7.80361 -39.2314 62
      vertex -5.86922 -39.5671 62
      vertex -5.86922 -39.5671 115
    endloop
  endfacet
  facet normal -0.170962 -0.985278 0
    outer loop
      vertex -7.80361 -39.2314 62
      vertex -5.86922 -39.5671 115
      vertex -7.80361 -39.2314 115
    endloop
  endfacet
  facet normal 0 0 -1
    outer loop
      vertex 0 0 62
      vertex -3.92069 -39.8074 62
      vertex -5.86922 -39.5671 62
    endloop
  endfacet
  facet normal 0 0 1
    outer loop
      vertex 0 0 115
      vertex -5.86922 -39.5671 115
      vertex -3.92069 -39.8074 115
    endloop
  endfacet
  facet normal -0.122411 -0.99248 0
    outer loop
      vertex -5.86922 -39.5671 62
      vertex -3.92069 -39.8074 62
      vertex -3.92069 -39.8074 115
    endloop
  endfacet
  facet normal -0.122411 -0.99248 0
    outer loop
      vertex -5.86922 -39.5671 62
      vertex -3.92069 -39.8074 115
      vertex -5.86922 -39.5671 115
    endloop
  endfacet
  facet normal 0 0 -1
    outer loop
      vertex 0 0 62
      vertex -1.96271 -39.9518 62
      vertex -3.92069 -39.8074 62
    endloop
  endfacet
  facet normal 0 0 1
    outer loop
      vertex 0 0 115
      vertex -3.92069 -39.8074 115
      vertex -1.96271 -39.9518 115
    endloop
  endfacet
  facet normal -0.0735646 -0.99729 0
    outer loop
      vertex -3.92069 -39.8074 62
      vertex -1.96271 -39.9518 62
      vertex -1.96271 -39.9518 115
    endloop
  endfacet
  facet normal -0.0735646 -0.99729 0
    outer loop
      vertex -3.92069 -39.8074 62
      vertex -1.96271 -39.9518 115
      vertex -3.92069 -39.8074 115
    endloop
  endfacet
  facet normal 0 0 -1
    outer loop
      vertex 0 0 62
      vertex -7.34788e-15 -40 62
      vertex -1.96271 -39.9518 62
    endloop
  endfacet
  facet normal 0 0 1
    outer loop
      vertex 0 0 115
      vertex -1.96271 -39.9518 115
      vertex -7.34788e-15 -40 115
    endloop
  endfacet
  facet normal -0.0245412 -0.999699 0
    outer loop
      vertex -1.96271 -39.9518 62
      vertex -7.34788e-15 -40 62
      vertex -7.34788e-15 -40 115
    endloop
  endfacet
  facet normal -0.0245412 -0.999699 0
    outer loop
      vertex -1.96271 -39.9518 62
      vertex -7.34788e-15 -40 115
      vertex -1.96271 -39.9518 115
    endloop
  endfacet
  facet normal 0 0 -1
    outer loop
      vertex 0 0 62
      vertex 1.96271 -39.9518 62
      vertex -7.34788e-15 -40 62
    endloop
  endfacet
  facet normal 0 0 1
    outer loop
      vertex 0 0 115
      vertex -7.34788e-15 -40 115
      vertex 1.96271 -39.9518 115
    endloop
  endfacet
  facet normal 0.0245412 -0.999699 0
    outer loop
      vertex -7.34788e-15 -40 62
      vertex 1.96271 -39.9518 62
      vertex 1.96271 -39.9518 115
    endloop
  endfacet
  facet normal 0.0245412 -0.999699 0
    outer loop
      vertex -7.34788e-15 -40 62
      vertex 1.96271 -39.9518 115
      vertex -7.34788e-15 -40 115
    endloop
  endfacet
  facet normal 0 0 -1
    outer loop
      vertex 0 0 62
      vertex 3.92069 -39.8074 62
      vertex 1.96271 -39.9518 62
    endloop
  endfacet
  facet normal 0 0 1
    outer loop
      vertex 0 0 115
      vertex 1.96271 -39.9518 115
      vertex 3.92069 -39.8074 115
    endloop
  endfacet
  facet normal 0.0735646 -0.99729 0
    outer loop
      vertex 1.96271 -39.9518 62
      vertex 3.92069 -39.8074 62
      vertex 3.92069 -39.8074 115
    endloop
  endfacet
  facet normal 0.0735646 -0.99729 0
    outer loop
      vertex 1.96271 -39.9518 62
      vertex 3.92069 -39.8074 115
      vertex 1.96271 -39.9518 115
    endloop
  endfacet
  facet normal 0 0 -1
    outer loop
      vertex 0 0 62
      vertex 5.86922 -39.5671 62
      vertex 3.92069 -39.8074 62
    endloop
  endfacet
  facet normal 0 0 1
    outer loop
      vertex 0 0 115
      vertex 3.92069 -39.8074 115
      vertex 5.86922 -39.5671 115
    endloop
  endfacet
  facet normal 0.122411 -0.99248 0
    outer loop
      vertex 3.92069 -39.8074 62
      vertex 5.86922 -39.5671 62
      vertex 5.86922 -39.5671 115
    endloop
  endfacet
  facet normal 0.122411 -0.99248 0
    outer loop
      vertex 3.92069 -39.8074 62
      vertex 5.86922 -39.5671 115
      vertex 3.92069 -39.8074 115
    endloop
  endfacet
  facet normal 0 0 -1
    outer loop
      vertex 0 0 62
      vertex 7.80361 -39.2314 62
      vertex 5.86922 -39.5671 62
    endloop
  endfacet
  facet normal 0 0 1
    outer loop
      vertex 0 0 115
      vertex 5.86922 -39.5671 115
      vertex 7.80361 -39.2314 115
    endloop
  endfacet
  facet normal 0.170962 -0.985278 0
    outer loop
      vertex 5.86922 -39.5671 62
      vertex 7.80361 -39.2314 62
      vertex 7.80361 -39.2314 115
    endloop
  endfacet
  facet normal 0.170962 -0.985278 0
    outer loop
      vertex 5.86922 -39.5671 62
      vertex 7.80361 -39.2314 115
      vertex 5.86922 -39.5671 115
    endloop
  endfacet
  facet normal 0 0 -1
    outer loop
      vertex 0 0 62
      vertex 9.71921 -38.8013 62
      vertex 7.80361 -39.2314 62
    endloop
  endfacet
  facet normal 0 0 1
    outer loop
      vertex 0 0 115
      vertex 7.80361 -39.2314 115
      vertex 9.71921 -38.8013 115
    endloop
  endfacet
  facet normal 0.219101 -0.975702 0
    outer loop
      vertex 7.80361 -39.2314 62
      vertex 9.71921 -38.8013 62
      vertex 9.71921 -38.8013 115
    endloop
  endfacet
  facet normal 0.219101 -0.975702 0
    outer loop
      vertex 7.80361 -39.2314 62
      vertex 9.71921 -38.8013 115
      vertex 7.80361 -39.2314 115
    endloop
  endfacet
  facet normal 0 0 -1
    outer loop
      vertex 0 0 62
      vertex 11.6114 -38.2776 62
      vertex 9.71921 -38.8013 62
    endloop
  endfacet
  facet normal 0 0 1
    outer loop
      vertex 0 0 115
      vertex 9.71921 -38.8013 115
      vertex 11.6114 -38.2776 115
    endloop
  endfacet
  facet normal 0.266713 -0.963776 0
    outer loop
      vertex 9.71921 -38.8013 62
      vertex 11.6114 -38.2776 62
      vertex 11.6114 -38.2776 115
    endloop
  endfacet
  facet normal 0.266713 -0.963776 0
    outer loop
      vertex 9.71921 -38.8013 62
      vertex 11.6114 -38.2776 115
      vertex 9.71921 -38.8013 115
    endloop
  endfacet
  facet normal 0 0 -1
    outer loop
      vertex 0 0 62
      vertex 13.4756 -37.6618 62
      vertex 11.6114 -38.2776 62
    endloop
  endfacet
  facet normal 0 0 1
    outer loop
      vertex 0 0 115
      vertex 11.6114 -38.2776 115
      vertex 13.4756 -37.6618 115
    endloop
  endfacet
  facet normal 0.313682 -0.949528 0
    outer loop
      vertex 11.6114 -38.2776 62
      vertex 13.4756 -37.6618 62
      vertex 13.4756 -37.6618 115
    endloop
  endfacet
  facet normal 0.313682 -0.949528 0
    outer loop
      vertex 11.6114 -38.2776 62
      vertex 13.4756 -37.6618 115
      vertex 11.6114 -38.2776 115
    endloop
  endfacet
  facet normal 0 0 -1
    outer loop
      vertex 0 0 62
      vertex 15.3073 -36.9552 62
      vertex 13.4756 -37.6618 62
    endloop
  endfacet
  facet normal 0 0 1
    outer loop
      vertex 0 0 115
      vertex 13.4756 -37.6618 115
      vertex 15.3073 -36.9552 115
    endloop
  endfacet
  facet normal 0.359895 -0.932993 0
    outer loop
      vertex 13.4756 -37.6618 62
      vertex 15.3073 -36.9552 62
      vertex 15.3073 -36.9552 115
    endloop
  endfacet
  facet normal 0.359895 -0.932993 0
    outer loop
      vertex 13.4756 -37.6618 62
      vertex 15.3073 -36.9552 115
      vertex 13.4756 -37.6618 115
    endloop
  endfacet
  facet normal 0 0 -1
    outer loop
      vertex 0 0 62
      vertex 17.1022 -36.1596 62
      vertex 15.3073 -36.9552 62
    endloop
  endfacet
  facet normal 0 0 1
    outer loop
      vertex 0 0 115
      vertex 15.3073 -36.9552 115
      vertex 17.1022 -36.1596 115
    endloop
  endfacet
  facet normal 0.405241 -0.91421 0
    outer loop
      vertex 15.3073 -36.9552 62
      vertex 17.1022 -36.1596 62
      vertex 17.1022 -36.1596 115
    endloop
  endfacet
  facet normal 0.405241 -0.91421 0
    outer loop
      vertex 15.3073 -36.9552 62
      vertex 17.1022 -36.1596 115
      vertex 15.3073 -36.9552 115
    endloop
  endfacet
  facet normal 0 0 -1
    outer loop
      vertex 0 0 62
      vertex 18.8559 -35.2769 62
      vertex 17.1022 -36.1596 62
    endloop
  endfacet
  facet normal 0 0 1
    outer loop
      vertex 0 0 115
      vertex 17.1022 -36.1596 115
      vertex 18.8559 -35.2769 115
    endloop
  endfacet
  facet normal 0.449611 -0.893224 0
    outer loop
      vertex 17.1022 -36.1596 62
      vertex 18.8559 -35.2769 62
      vertex 18.8559 -35.2769 115
    endloop
  endfacet
  facet normal 0.449611 -0.893224 0
    outer loop
      vertex 17.1022 -36.1596 62
      vertex 18.8559 -35.2769 115
      vertex 17.1022 -36.1596 115
    endloop
  endfacet
  facet normal 0 0 -1
    outer loop
      vertex 0 0 62
      vertex 20.5641 -34.3091 62
      vertex 18.8559 -35.2769 62
    endloop
  endfacet
  facet normal 0 0 1
    outer loop
      vertex 0 0 115
      vertex 18.8559 -35.2769 115
      vertex 20.5641 -34.3091 115
    endloop
  endfacet
  facet normal 0.492898 -0.870087 0
    outer loop
      vertex 18.8559 -35.2769 62
      vertex 20.5641 -34.3091 62
      vertex 20.5641 -34.3091 115
    endloop
  endfacet
  facet normal 0.492898 -0.870087 0
    outer loop
      vertex 18.8559 -35.2769 62
      vertex 20.5641 -34.3091 115
      vertex 18.8559 -35.2769 115
    endloop
  endfacet
  facet normal 0 0 -1
    outer loop
      vertex 0 0 62
      vertex 22.2228 -33.2588 62
      vertex 20.5641 -34.3091 62
    endloop
  endfacet
  facet normal 0 0 1
    outer loop
      vertex 0 0 115
      vertex 20.5641 -34.3091 115
      vertex 22.2228 -33.2588 115
    endloop
  endfacet
  facet normal 0.534998 -0.844854 0
    outer loop
      vertex 20.5641 -34.3091 62
      vertex 22.2228 -33.2588 62
      vertex 22.2228 -33.2588 115
    endloop
  endfacet
  facet normal 0.534998 -0.844854 0
    outer loop
      vertex 20.5641 -34.3091 62
      vertex 22.2228 -33.2588 115
      vertex 20.5641 -34.3091 115
    endloop
  endfacet
  facet normal 0 0 -1
    outer loop
      vertex 0 0 62
      vertex 23.828 -32.1283 62
      vertex 22.2228 -33.2588 62
    endloop
  endfacet
  facet normal 0 0 1
    outer loop
      vertex 0 0 115
      vertex 22.2228 -33.2588 115
      vertex 23.828 -32.1283 115
    endloop
  endfacet
  facet normal 0.575808 -0.817585 0
    outer loop
      vertex 22.2228 -33.2588 62
      vertex 23.828 -32.1283 62
      vertex 23.828 -32.1283 115
    endloop
  endfacet
  facet normal 0.575808 -0.817585 0
    outer loop
      vertex 22.2228 -33.2588 62
      vertex 23.828 -32.1283 115
      vertex 22.2228 -33.2588 115
    endloop
  endfacet
  facet normal 0 0 -1
    outer loop
      vertex 0 0 62
      vertex 25.3757 -30.9204 62
      vertex 23.828 -32.1283 62
    endloop
  endfacet
  facet normal 0 0 1
    outer loop
      vertex 0 0 115
      vertex 23.828 -32.1283 115
      vertex 25.3757 -30.9204 115
    endloop
  endfacet
  facet normal 0.615232 -0.788346 0
    outer loop
      vertex 23.828 -32.1283 62
      vertex 25.3757 -30.9204 62
      vertex 25.3757 -30.9204 115
    endloop
  endfacet
  facet normal 0.615232 -0.788346 0
    outer loop
      vertex 23.828 -32.1283 62
      vertex 25.3757 -30.9204 115
      vertex 23.828 -32.1283 115
    endloop
  endfacet
  facet normal 0 0 -1
    outer loop
      vertex 0 0 62
      vertex 26.8624 -29.638 62
      vertex 25.3757 -30.9204 62
    endloop
  endfacet
  facet normal 0 0 1
    outer loop
      vertex 0 0 115
      vertex 25.3757 -30.9204 115
      vertex 26.8624 -29.638 115
    endloop
  endfacet
  facet normal 0.653173 -0.757209 0
    outer loop
      vertex 25.3757 -30.9204 62
      vertex 26.8624 -29.638 62
      vertex 26.8624 -29.638 115
    endloop
  endfacet
  facet normal 0.653173 -0.757209 0
    outer loop
      vertex 25.3757 -30.9204 62
      vertex 26.8624 -29.638 115
      vertex 25.3757 -30.9204 115
    endloop
  endfacet
  facet normal 0 0 -1
    outer loop
      vertex 0 0 62
      vertex 28.2843 -28.2843 62
      vertex 26.8624 -29.638 62
    endloop
  endfacet
  facet normal 0 0 1
    outer loop
      vertex 0 0 115
      vertex 26.8624 -29.638 115
      vertex 28.2843 -28.2843 115
    endloop
  endfacet
  facet normal 0.689541 -0.724247 0
    outer loop
      vertex 26.8624 -29.638 62
      vertex 28.2843 -28.2843 62
      vertex 28.2843 -28.2843 115
    endloop
  endfacet
  facet normal 0.689541 -0.724247 0
    outer loop
      vertex 26.8624 -29.638 62
      vertex 28.2843 -28.2843 115
      vertex 26.8624 -29.638 115
    endloop
  endfacet
  facet normal 0 0 -1
    outer loop
      vertex 0 0 62
      vertex 29.638 -26.8624 62
      vertex 28.2843 -28.2843 62
    endloop
  endfacet
  facet normal 0 0 1
    outer loop
      vertex 0 0 115
      vertex 28.2843 -28.2843 115
      vertex 29.638 -26.8624 115
    endloop
  endfacet
  facet normal 0.724247 -0.689541 0
    outer loop
      vertex 28.2843 -28.2843 62
      vertex 29.638 -26.8624 62
      vertex 29.638 -26.8624 115
    endloop
  endfacet
  facet normal 0.724247 -0.689541 0
    outer loop
      vertex 28.2843 -28.2843 62
      vertex 29.638 -26.8624 115
      vertex 28.2843 -28.2843 115
    endloop
  endfacet
  facet normal 0 0 -1
    outer loop
      vertex 0 0 62
      vertex 30.9204 -25.3757 62
      vertex 29.638 -26.8624 62
    endloop
  endfacet
  facet normal 0 0 1
    outer loop
      vertex 0 0 115
      vertex 29.638 -26.8624 115
      vertex 30.9204 -25.3757 115
    endloop
  endfacet
  facet normal 0.757209 -0.653173 0
    outer loop
      vertex 29.638 -26.8624 62
      vertex 30.9204 -25.3757 62
      vertex 30.9204 -25.3757 115
    endloop
  endfacet
  facet normal 0.757209 -0.653173 0
    outer loop
      vertex 29.638 -26.8624 62
      vertex 30.9204 -25.3757 115
      vertex 29.638 -26.8624 115
    endloop
  endfacet
  facet normal 0 0 -1
    outer loop
      vertex 0 0 62
      vertex 32.1283 -23.828 62
      vertex 30.9204 -25.3757 62
    endloop
  endfacet
  facet normal 0 0 1
    outer loop
      vertex 0 0 115
      vertex 30.9204 -25.3757 115
      vertex 32.1283 -23.828 115
    endloop
  endfacet
  facet normal 0.788346 -0.615232 0
    outer loop
      vertex 30.9204 -25.3757 62
      vertex 32.1283 -23.828 62
      vertex 32.1283 -23.828 115
    endloop
  endfacet
  facet normal 0.788346 -0.615232 0
    outer loop
      vertex 30.9204 -25.3757 62
      vertex 32.1283 -23.828 115
      vertex 30.9204 -25.3757 115
    endloop
  endfacet
  facet normal 0 0 -1
    outer loop
      vertex 0 0 62
      vertex 33.2588 -22.2228 62
      vertex 32.1283 -23.828 62
    endloop
  endfacet
  facet normal 0 0 1
    outer loop
      vertex 0 0 115
      vertex 32.1283 -23.828 115
      vertex 33.2588 -22.2228 115
    endloop
  endfacet
  facet normal 0.817585 -0.575808 0
    outer loop
      vertex 32.1283 -23.828 62
      vertex 33.2588 -22.2228 62
      vertex 33.2588 -22.2228 115
    endloop
  endfacet
  facet normal 0.817585 -0.575808 0
    outer loop
      vertex 32.1283 -23.828 62
      vertex 33.2588 -22.2228 115
      vertex 32.1283 -23.828 115
    endloop
  endfacet
  facet normal 0 0 -1
    outer loop
      vertex 0 0 62
      vertex 34.3091 -20.5641 62
      vertex 33.2588 -22.2228 62
    endloop
  endfacet
  facet normal 0 0 1
    outer loop
      vertex 0 0 115
      vertex 33.2588 -22.2228 115
      vertex 34.3091 -20.5641 115
    endloop
  endfacet
  facet normal 0.844854 -0.534998 0
    outer loop
      vertex 33.2588 -22.2228 62
      vertex 34.3091 -20.5641 62
      vertex 34.3091 -20.5641 115
    endloop
  endfacet
  facet normal 0.844854 -0.534998 0
    outer loop
      vertex 33.2588 -22.2228 62
      vertex 34.3091 -20.5641 115
      vertex 33.2588 -22.2228 115
    endloop
  endfacet
  facet normal 0 0 -1
    outer loop
      vertex 0 0 62
      vertex 35.2769 -18.8559 62
      vertex 34.3091 -20.5641 62
    endloop
  endfacet
  facet normal 0 0 1
    outer loop
      vertex 0 0 115
      vertex 34.3091 -20.5641 115
      vertex 35.2769 -18.8559 115
    endloop
  endfacet
  facet normal 0.870087 -0.492898 0
    outer loop
      vertex 34.3091 -20.5641 62
      vertex 35.2769 -18.8559 62
      vertex 35.2769 -18.8559 115
    endloop
  endfacet
  facet normal 0.870087 -0.492898 0
    outer loop
      vertex 34.3091 -20.5641 62
      vertex 35.2769 -18.8559 115
      vertex 34.3091 -20.5641 115
    endloop
  endfacet
  facet normal 0 0 -1
    outer loop
      vertex 0 0 62
      vertex 36.1596 -17.1022 62
      vertex 35.2769 -18.8559 62
    endloop
  endfacet
  facet normal 0 0 1
    outer loop
      vertex 0 0 115
      vertex 35.2769 -18.8559 115
      vertex 36.1596 -17.1022 115
    endloop
  endfacet
  facet normal 0.893224 -0.449611 0
    outer loop
      vertex 35.2769 -18.8559 62
      vertex 36.1596 -17.1022 62
      vertex 36.1596 -17.1022 115
    endloop
  endfacet
  facet normal 0.893224 -0.449611 0
    outer loop
      vertex 35.2769 -18.8559 62
      vertex 36.1596 -17.1022 115
      vertex 35.2769 -18.8559 115
    endloop
  endfacet
  facet normal 0 0 -1
    outer loop
      vertex 0 0 62
      vertex 36.9552 -15.3073 62
      vertex 36.1596 -17.1022 62
    endloop
  endfacet
  facet normal 0 0 1
    outer loop
      vertex 0 0 115
      vertex 36.1596 -17.1022 115
      vertex 36.9552 -15.3073 115
    endloop
  endfacet
  facet normal 0.91421 -0.405241 0
    outer loop
      vertex 36.1596 -17.1022 62
      vertex 36.9552 -15.3073 62
      vertex 36.9552 -15.3073 115
    endloop
  endfacet
  facet normal 0.91421 -0.405241 0
    outer loop
      vertex 36.1596 -17.1022 62
      vertex 36.9552 -15.3073 115
      vertex 36.1596 -17.1022 115
    endloop
  endfacet
  facet normal 0 0 -1
    outer loop
      vertex 0 0 62
      vertex 37.6618 -13.4756 62
      vertex 36.9552 -15.3073 62
    endloop
  endfacet
  facet normal 0 0 1
    outer loop
      vertex 0 0 115
      vertex 36.9552 -15.3073 115
      vertex 37.6618 -13.4756 115
    endloop
  endfacet
  facet normal 0.932993 -0.359895 0
    outer loop
      vertex 36.9552 -15.3073 62
      vertex 37.6618 -13.4756 62
      vertex 37.6618 -13.4756 115
    endloop
  endfacet
  facet normal 0.932993 -0.359895 0
    outer loop
      vertex 36.9552 -15.3073 62
      vertex 37.6618 -13.4756 115
      vertex 36.9552 -15.3073 115
    endloop
  endfacet
  facet normal 0 0 -1
    outer loop
      vertex 0 0 62
      vertex 38.2776 -11.6114 62
      vertex 37.6618 -13.4756 62
    endloop
  endfacet
  facet normal 0 0 1
    outer loop
      vertex 0 0 115
      vertex 37.6618 -13.4756 115
      vertex 38.2776 -11.6114 115
    endloop
  endfacet
  facet normal 0.949528 -0.313682 0
    outer loop
      vertex 37.6618 -13.4756 62
      vertex 38.2776 -11.6114 62
      vertex 38.2776 -11.6114 115
    endloop
  endfacet
  facet normal 0.949528 -0.313682 0
    outer loop
      vertex 37.6618 -13.4756 62
      vertex 38.2776 -11.6114 115
      vertex 37.6618 -13.4756 115
    endloop
  endfacet
  facet normal 0 0 -1
    outer loop
      vertex 0 0 62
      vertex 38.8013 -9.71921 62
      vertex 38.2776 -11.6114 62
    endloop
  endfacet
  facet normal 0 0 1
    outer loop
      vertex 0 0 115
      vertex 38.2776 -11.6114 115
      vertex 38.8013 -9.71921 115
    endloop
  endfacet
  facet normal 0.963776 -0.266713 0
    outer loop
      vertex 38.2776 -11.6114 62
      vertex 38.8013 -9.71921 62
      vertex 38.8013 -9.71921 115
    endloop
  endfacet
  facet normal 0.963776 -0.266713 0
    outer loop
      vertex 38.2776 -11.6114 62
      vertex 38.8013 -9.71921 115
      vertex 38.2776 -11.6114 115
    endloop
  endfacet
  facet normal 0 0 -1
    outer loop
      vertex 0 0 62
      vertex 39.2314 -7.80361 62
      vertex 38.8013 -9.71921 62
    endloop
  endfacet
  facet normal 0 0 1
    outer loop
      vertex 0 0 115
      vertex 38.8013 -9.71921 115
      vertex 39.2314 -7.80361 115
    endloop
  endfacet
  facet normal 0.975702 -0.219101 0
    outer loop
      vertex 38.8013 -9.71921 62
      vertex 39.2314 -7.80361 62
      vertex 39.2314 -7.80361 115
    endloop
  endfacet
  facet normal 0.975702 -0.219101 0
    outer loop
      vertex 38.8013 -9.71921 62
      vertex 39.2314 -7.80361 115
      vertex 38.8013 -9.71921 115
    endloop
  endfacet
  facet normal 0 0 -1
    outer loop
      vertex 0 0 62
      vertex 39.5671 -5.86922 62
      vertex 39.2314 -7.80361 62
    endloop
  endfacet
  facet normal 0 0 1
    outer loop
      vertex 0 0 115
      vertex 39.2314 -7.80361 115
      vertex 39.5671 -5.86922 115
    endloop
  endfacet
  facet normal 0.985278 -0.170962 0
    outer loop
      vertex 39.2314 -7.80361 62
      vertex 39.5671 -5.86922 62
      vertex 39.5671 -5.86922 115
    endloop
  endfacet
  facet normal 0.985278 -0.170962 0
    outer loop
      vertex 39.2314 -7.80361 62
      vertex 39.5671 -5.86922 115
      vertex 39.2314 -7.80361 115
    endloop
  endfacet
  facet normal 0 0 -1
    outer loop
      vertex 0 0 62
      vertex 39.8074 -3.92069 62
      vertex 39.5671 -5.86922 62
    endloop
  endfacet
  facet normal 0 0 1
    outer loop
      vertex 0 0 115
      vertex 39.5671 -5.86922 115
      vertex 39.8074 -3.92069 115
    endloop
  endfacet
  facet normal 0.99248 -0.122411 0
    outer loop
      vertex 39.5671 -5.86922 62
      vertex 39.8074 -3.92069 62
      vertex 39.8074 -3.92069 115
    endloop
  endfacet
  facet normal 0.99248 -0.122411 0
    outer loop
      vertex 39.5671 -5.86922 62
      vertex 39.8074 -3.92069 115
      vertex 39.5671 -5.86922 115
    endloop
  endfacet
  facet normal 0 0 -1
    outer loop
      vertex 0 0 62
      vertex 39.9518 -1.96271 62
      vertex 39.8074 -3.92069 62
    endloop
  endfacet
  facet normal 0 0 1
    outer loop
      vertex 0 0 115
      vertex 39.8074 -3.92069 115
      vertex 39.9518 -1.96271 115
    endloop
  endfacet
  facet normal 0.99729 -0.0735646 0
    outer loop
      vertex 39.8074 -3.92069 62
      vertex 39.9518 -1.96271 62
      vertex 39.9518 -1.96271 115
    endloop
  endfacet
  facet normal 0.99729 -0.0735646 0
    outer loop
      vertex 39.8074 -3.92069 62
      vertex 39.9518 -1.96271 115
      vertex 39.8074 -3.92069 115
    endloop
  endfacet
  facet normal 0 0 -1
    outer loop
      vertex 0 0 62
      vertex 40 -9.79717e-15 62
      vertex 39.9518 -1.96271 62
    endloop
  endfacet
  facet normal 0 0 1
    outer loop
      vertex 0 0 115
      vertex 39.9518 -1.96271 115
      vertex 40 -9.79717e-15 115
    endloop
  endfacet
  facet normal 0.999699 -0.0245412 0
    outer loop
      vertex 39.9518 -1.96271 62
      vertex 40 -9.79717e-15 62
      vertex 40 -9.79717e-15 115
    endloop
  endfacet
  facet normal 0.999699 -0.0245412 0
    outer loop
      vertex 39.9518 -1.96271 62
      vertex 40 -9.79717e-15 115
      vertex 39.9518 -1.96271 115
    endloop
  endfacet
  facet normal 0 0 -1
    outer loop
      vertex 60 0 -18
      vertex 95.9566 1.76644 -18
      vertex 96 0 -18
    endloop
  endfacet
  facet normal 0 0 1
    outer loop
      vertex 60 0 18
      vertex 96 0 18
      vertex 95.9566 1.76644 18
    endloop
  endfacet
  facet normal 0.999699 0.0245412 0
    outer loop
      vertex 96 0 -18
      vertex 95.9566 1.76644 -18
      vertex 95.9566 1.76644 18
    endloop
  endfacet
  facet normal 0.999699 0.0245412 0
    outer loop
      vertex 96 0 -18
      vertex 95.9566 1.76644 18
      vertex 96 0 18
    endloop
  endfacet
  facet normal 0 0 -1
    outer loop
      vertex 60 0 -18
      vertex 95.8267 3.52862 -18
      vertex 95.9566 1.76644 -18
    endloop
  endfacet
  facet normal 0 0 1
    outer loop
      vertex 60 0 18
      vertex 95.9566 1.76644 18
      vertex 95.8267 3.52862 18
    endloop
  endfacet
  facet normal 0.99729 0.0735646 0
    outer loop
      vertex 95.9566 1.76644 -18
      vertex 95.8267 3.52862 -18
      vertex 95.8267 3.52862 18
    endloop
  endfacet
  facet normal 0.99729 0.0735646 0
    outer loop
      vertex 95.9566 1.76644 -18
      vertex 95.8267 3.52862 18
      vertex 95.9566 1.76644 18
    endloop
  endfacet
  facet normal 0 0 -1
    outer loop
      vertex 60 0 -18
      vertex 95.6104 5.2823 -18
      vertex 95.8267 3.52862 -18
    endloop
  endfacet
  facet normal 0 0 1
    outer loop
      vertex 60 0 18
      vertex 95.8267 3.52862 18
      vertex 95.6104 5.2823 18
    endloop
  endfacet
  facet normal 0.99248 0.122411 0
    outer loop
      vertex 95.8267 3.52862 -18
      vertex 95.6104 5.2823 -18
      vertex 95.6104 5.2823 18
    endloop
  endfacet
  facet normal 0.99248 0.122411 0
    outer loop
      vertex 95.8267 3.52862 -18
      vertex 95.6104 5.2823 18
      vertex 95.8267 3.52862 18
    endloop
  endfacet
  facet normal 0 0 -1
    outer loop
      vertex 60 0 -18
      vertex 95.3083 7.02325 -18
      vertex 95.6104 5.2823 -18
    endloop
  endfacet
  facet normal 0 0 1
    outer loop
      vertex 60 0 18
      vertex 95.6104 5.2823 18
      vertex 95.3083 7.02325 18
    endloop
  endfacet
  facet normal 0.985278 0.170962 0
    outer loop
      vertex 95.6104 5.2823 -18
      vertex 95.3083 7.02325 -18
      vertex 95.3083 7.02325 18
    endloop
  endfacet
  facet normal 0.985278 0.170962 0
    outer loop
      vertex 95.6104 5.2823 -18
      vertex 95.3083 7.02325 18
      vertex 95.6104 5.2823 18
    endloop
  endfacet
  facet normal 0 0 -1
    outer loop
      vertex 60 0 -18
      vertex 94.9211 8.74729 -18
      vertex 95.3083 7.02325 -18
    endloop
  endfacet
  facet normal 0 0 1
    outer loop
      vertex 60 0 18
      vertex 95.3083 7.02325 18
      vertex 94.9211 8.74729 18
    endloop
  endfacet
  facet normal 0.975702 0.219101 0
    outer loop
      vertex 95.3083 7.02325 -18
      vertex 94.9211 8.74729 -18
      vertex 94.9211 8.74729 18
    endloop
  endfacet
  facet normal 0.975702 0.219101 0
    outer loop
      vertex 95.3083 7.02325 -18
      vertex 94.9211 8.74729 18
      vertex 95.3083 7.02325 18
    endloop
  endfacet
  facet normal 0 0 -1
    outer loop
      vertex 60 0 -18
      vertex 94.4499 10.4502 -18
      vertex 94.9211 8.74729 -18
    endloop
  endfacet
  facet normal 0 0 1
    outer loop
      vertex 60 0 18
      vertex 94.9211 8.74729 18
      vertex 94.4499 10.4502 18
    endloop
  endfacet
  facet normal 0.963776 0.266713 0
    outer loop
      vertex 94.9211 8.74729 -18
      vertex 94.4499 10.4502 -18
      vertex 94.4499 10.4502 18
    endloop
  endfacet
  facet normal 0.963776 0.266713 0
    outer loop
      vertex 94.9211 8.74729 -18
      vertex 94.4499 10.4502 18
      vertex 94.9211 8.74729 18
    endloop
  endfacet
  facet normal 0 0 -1
    outer loop
      vertex 60 0 -18
      vertex 93.8956 12.128 -18
      vertex 94.4499 10.4502 -18
    endloop
  endfacet
  facet normal 0 0 1
    outer loop
      vertex 60 0 18
      vertex 94.4499 10.4502 18
      vertex 93.8956 12.128 18
    endloop
  endfacet
  facet normal 0.949528 0.313682 0
    outer loop
      vertex 94.4499 10.4502 -18
      vertex 93.8956 12.128 -18
      vertex 93.8956 12.128 18
    endloop
  endfacet
  facet normal 0.949528 0.313682 0
    outer loop
      vertex 94.4499 10.4502 -18
      vertex 93.8956 12.128 18
      vertex 94.4499 10.4502 18
    endloop
  endfacet
  facet normal 0 0 -1
    outer loop
      vertex 60 0 -18
      vertex 93.2597 13.7766 -18
      vertex 93.8956 12.128 -18
    endloop
  endfacet
  facet normal 0 0 1
    outer loop
      vertex 60 0 18
      vertex 93.8956 12.128 18
      vertex 93.2597 13.7766 18
    endloop
  endfacet
  facet normal 0.932993 0.359895 0
    outer loop
      vertex 93.8956 12.128 -18
      vertex 93.2597 13.7766 -18
      vertex 93.2597 13.7766 18
    endloop
  endfacet
  facet normal 0.932993 0.359895 0
    outer loop
      vertex 93.8956 12.128 -18
      vertex 93.2597 13.7766 18
      vertex 93.8956 12.128 18
    endloop
  endfacet
  facet normal 0 0 -1
    outer loop
      vertex 60 0 -18
      vertex 92.5436 15.392 -18
      vertex 93.2597 13.7766 -18
    endloop
  endfacet
  facet normal 0 0 1
    outer loop
      vertex 60 0 18
      vertex 93.2597 13.7766 18
      vertex 92.5436 15.392 18
    endloop
  endfacet
  facet normal 0.91421 0.405241 0
    outer loop
      vertex 93.2597 13.7766 -18
      vertex 92.5436 15.392 -18
      vertex 92.5436 15.392 18
    endloop
  endfacet
  facet normal 0.91421 0.405241 0
    outer loop
      vertex 93.2597 13.7766 -18
      vertex 92.5436 15.392 18
      vertex 93.2597 13.7766 18
    endloop
  endfacet
  facet normal 0 0 -1
    outer loop
      vertex 60 0 -18
      vertex 91.7492 16.9703 -18
      vertex 92.5436 15.392 -18
    endloop
  endfacet
  facet normal 0 0 1
    outer loop
      vertex 60 0 18
      vertex 92.5436 15.392 18
      vertex 91.7492 16.9703 18
    endloop
  endfacet
  facet normal 0.893224 0.449611 0
    outer loop
      vertex 92.5436 15.392 -18
      vertex 91.7492 16.9703 -18
      vertex 91.7492 16.9703 18
    endloop
  endfacet
  facet normal 0.893224 0.449611 0
    outer loop
      vertex 92.5436 15.392 -18
      vertex 91.7492 16.9703 18
      vertex 92.5436 15.392 18
    endloop
  endfacet
  facet normal 0 0 -1
    outer loop
      vertex 60 0 -18
      vertex 90.8782 18.5077 -18
      vertex 91.7492 16.9703 -18
    endloop
  endfacet
  facet normal 0 0 1
    outer loop
      vertex 60 0 18
      vertex 91.7492 16.9703 18
      vertex 90.8782 18.5077 18
    endloop
  endfacet
  facet normal 0.870087 0.492898 0
    outer loop
      vertex 91.7492 16.9703 -18
      vertex 90.8782 18.5077 -18
      vertex 90.8782 18.5077 18
    endloop
  endfacet
  facet normal 0.870087 0.492898 0
    outer loop
      vertex 91.7492 16.9703 -18
      vertex 90.8782 18.5077 18
      vertex 91.7492 16.9703 18
    endloop
  endfacet
  facet normal 0 0 -1
    outer loop
      vertex 60 0 -18
      vertex 89.9329 20.0005 -18
      vertex 90.8782 18.5077 -18
    endloop
  endfacet
  facet normal 0 0 1
    outer loop
      vertex 60 0 18
      vertex 90.8782 18.5077 18
      vertex 89.9329 20.0005 18
    endloop
  endfacet
  facet normal 0.844854 0.534998 0
    outer loop
      vertex 90.8782 18.5077 -18
      vertex 89.9329 20.0005 -18
      vertex 89.9329 20.0005 18
    endloop
  endfacet
  facet normal 0.844854 0.534998 0
    outer loop
      vertex 90.8782 18.5077 -18
      vertex 89.9329 20.0005 18
      vertex 90.8782 18.5077 18
    endloop
  endfacet
  facet normal 0 0 -1
    outer loop
      vertex 60 0 -18
      vertex 88.9155 21.4452 -18
      vertex 89.9329 20.0005 -18
    endloop
  endfacet
  facet normal 0 0 1
    outer loop
      vertex 60 0 18
      vertex 89.9329 20.0005 18
      vertex 88.9155 21.4452 18
    endloop
  endfacet
  facet normal 0.817585 0.575808 0
    outer loop
      vertex 89.9329 20.0005 -18
      vertex 88.9155 21.4452 -18
      vertex 88.9155 21.4452 18
    endloop
  endfacet
  facet normal 0.817585 0.575808 0
    outer loop
      vertex 89.9329 20.0005 -18
      vertex 88.9155 21.4452 18
      vertex 89.9329 20.0005 18
    endloop
  endfacet
  facet normal 0 0 -1
    outer loop
      vertex 60 0 -18
      vertex 87.8284 22.8382 -18
      vertex 88.9155 21.4452 -18
    endloop
  endfacet
  facet normal 0 0 1
    outer loop
      vertex 60 0 18
      vertex 88.9155 21.4452 18
      vertex 87.8284 22.8382 18
    endloop
  endfacet
  facet normal 0.788346 0.615232 0
    outer loop
      vertex 88.9155 21.4452 -18
      vertex 87.8284 22.8382 -18
      vertex 87.8284 22.8382 18
    endloop
  endfacet
  facet normal 0.788346 0.615232 0
    outer loop
      vertex 88.9155 21.4452 -18
      vertex 87.8284 22.8382 18
      vertex 88.9155 21.4452 18
    endloop
  endfacet
  facet normal 0 0 -1
    outer loop
      vertex 60 0 -18
      vertex 86.6742 24.1761 -18
      vertex 87.8284 22.8382 -18
    endloop
  endfacet
  facet normal 0 0 1
    outer loop
      vertex 60 0 18
      vertex 87.8284 22.8382 18
      vertex 86.6742 24.1761 18
    endloop
  endfacet
  facet normal 0.757209 0.653173 0
    outer loop
      vertex 87.8284 22.8382 -18
      vertex 86.6742 24.1761 -18
      vertex 86.6742 24.1761 18
    endloop
  endfacet
  facet normal 0.757209 0.653173 0
    outer loop
      vertex 87.8284 22.8382 -18
      vertex 86.6742 24.1761 18
      vertex 87.8284 22.8382 18
    endloop
  endfacet
  facet normal 0 0 -1
    outer loop
      vertex 60 0 -18
      vertex 85.4558 25.4558 -18
      vertex 86.6742 24.1761 -18
    endloop
  endfacet
  facet normal 0 0 1
    outer loop
      vertex 60 0 18
      vertex 86.6742 24.1761 18
      vertex 85.4558 25.4558 18
    endloop
  endfacet
  facet normal 0.724247 0.689541 0
    outer loop
      vertex 86.6742 24.1761 -18
      vertex 85.4558 25.4558 -18
      vertex 85.4558 25.4558 18
    endloop
  endfacet
  facet normal 0.724247 0.689541 0
    outer loop
      vertex 86.6742 24.1761 -18
      vertex 85.4558 25.4558 18
      vertex 86.6742 24.1761 18
    endloop
  endfacet
  facet normal 0 0 -1
    outer loop
      vertex 60 0 -18
      vertex 84.1761 26.6742 -18
      vertex 85.4558 25.4558 -18
    endloop
  endfacet
  facet normal 0 0 1
    outer loop
      vertex 60 0 18
      vertex 85.4558 25.4558 18
      vertex 84.1761 26.6742 18
    endloop
  endfacet
  facet normal 0.689541 0.724247 0
    outer loop
      vertex 85.4558 25.4558 -18
      vertex 84.1761 26.6742 -18
      vertex 84.1761 26.6742 18
    endloop
  endfacet
  facet normal 0.689541 0.724247 0
    outer loop
      vertex 85.4558 25.4558 -18
      vertex 84.1761 26.6742 18
      vertex 85.4558 25.4558 18
    endloop
  endfacet
  facet normal 0 0 -1
    outer loop
      vertex 60 0 -18
      vertex 82.8382 27.8284 -18
      vertex 84.1761 26.6742 -18
    endloop
  endfacet
  facet normal 0 0 1
    outer loop
      vertex 60 0 18
      vertex 84.1761 26.6742 18
      vertex 82.8382 27.8284 18
    endloop
  endfacet
  facet normal 0.653173 0.757209 0
    outer loop
      vertex 84.1761 26.6742 -18
      vertex 82.8382 27.8284 -18
      vertex 82.8382 27.8284 18
    endloop
  endfacet
  facet normal 0.653173 0.757209 0
    outer loop
      vertex 84.1761 26.6742 -18
      vertex 82.8382 27.8284 18
      vertex 84.1761 26.6742 18
    endloop
  endfacet
  facet normal 0 0 -1
    outer loop
      vertex 60 0 -18
      vertex 81.4452 28.9155 -18
      vertex 82.8382 27.8284 -18
    endloop
  endfacet
  facet normal 0 0 1
    outer loop
      vertex 60 0 18
      vertex 82.8382 27.8284 18
      vertex 81.4452 28.9155 18
    endloop
  endfacet
  facet normal 0.615232 0.788346 0
    outer loop
      vertex 82.8382 27.8284 -18
      vertex 81.4452 28.9155 -18
      vertex 81.4452 28.9155 18
    endloop
  endfacet
  facet normal 0.615232 0.788346 0
    outer loop
      vertex 82.8382 27.8284 -18
      vertex 81.4452 28.9155 18
      vertex 82.8382 27.8284 18
    endloop
  endfacet
  facet normal 0 0 -1
    outer loop
      vertex 60 0 -18
      vertex 80.0005 29.9329 -18
      vertex 81.4452 28.9155 -18
    endloop
  endfacet
  facet normal 0 0 1
    outer loop
      vertex 60 0 18
      vertex 81.4452 28.9155 18
      vertex 80.0005 29.9329 18
    endloop
  endfacet
  facet normal 0.575808 0.817585 0
    outer loop
      vertex 81.4452 28.9155 -18
      vertex 80.0005 29.9329 -18
      vertex 80.0005 29.9329 18
    endloop
  endfacet
  facet normal 0.575808 0.817585 0
    outer loop
      vertex 81.4452 28.9155 -18
      vertex 80.0005 29.9329 18
      vertex 81.4452 28.9155 18
    endloop
  endfacet
  facet normal 0 0 -1
    outer loop
      vertex 60 0 -18
      vertex 78.5077 30.8782 -18
      vertex 80.0005 29.9329 -18
    endloop
  endfacet
  facet normal 0 0 1
    outer loop
      vertex 60 0 18
      vertex 80.0005 29.9329 18
      vertex 78.5077 30.8782 18
    endloop
  endfacet
  facet normal 0.534998 0.844854 0
    outer loop
      vertex 80.0005 29.9329 -18
      vertex 78.5077 30.8782 -18
      vertex 78.5077 30.8782 18
    endloop
  endfacet
  facet normal 0.534998 0.844854 0
    outer loop
      vertex 80.0005 29.9329 -18
      vertex 78.5077 30.8782 18
      vertex 80.0005 29.9329 18
    endloop
  endfacet
  facet normal 0 0 -1
    outer loop
      vertex 60 0 -18
      vertex 76.9703 31.7492 -18
      vertex 78.5077 30.8782 -18
    endloop
  endfacet
  facet normal 0 0 1
    outer loop
      vertex 60 0 18
      vertex 78.5077 30.8782 18
      vertex 76.9703 31.7492 18
    endloop
  endfacet
  facet normal 0.492898 0.870087 0
    outer loop
      vertex 78.5077 30.8782 -18
      vertex 76.9703 31.7492 -18
      vertex 76.9703 31.7492 18
    endloop
  endfacet
  facet normal 0.492898 0.870087 0
    outer loop
      vertex 78.5077 30.8782 -18
      vertex 76.9703 31.7492 18
      vertex 78.5077 30.8782 18
    endloop
  endfacet
  facet normal 0 0 -1
    outer loop
      vertex 60 0 -18
      vertex 75.392 32.5436 -18
      vertex 76.9703 31.7492 -18
    endloop
  endfacet
  facet normal 0 0 1
    outer loop
      vertex 60 0 18
      vertex 76.9703 31.7492 18
      vertex 75.392 32.5436 18
    endloop
  endfacet
  facet normal 0.449611 0.893224 0
    outer loop
      vertex 76.9703 31.7492 -18
      vertex 75.392 32.5436 -18
      vertex 75.392 32.5436 18
    endloop
  endfacet
  facet normal 0.449611 0.893224 0
    outer loop
      vertex 76.9703 31.7492 -18
      vertex 75.392 32.5436 18
      vertex 76.9703 31.7492 18
    endloop
  endfacet
  facet normal 0 0 -1
    outer loop
      vertex 60 0 -18
      vertex 73.7766 33.2597 -18
      vertex 75.392 32.5436 -18
    endloop
  endfacet
  facet normal 0 0 1
    outer loop
      vertex 60 0 18
      vertex 75.392 32.5436 18
      vertex 73.7766 33.2597 18
    endloop
  endfacet
  facet normal 0.405241 0.91421 0
    outer loop
      vertex 75.392 32.5436 -18
      vertex 73.7766 33.2597 -18
      vertex 73.7766 33.2597 18
    endloop
  endfacet
  facet normal 0.405241 0.91421 0
    outer loop
      vertex 75.392 32.5436 -18
      vertex 73.7766 33.2597 18
      vertex 75.392 32.5436 18
    endloop
  endfacet
  facet normal 0 0 -1
    outer loop
      vertex 60 0 -18
      vertex 72.128 33.8956 -18
      vertex 73.7766 33.2597 -18
    endloop
  endfacet
  facet normal 0 0 1
    outer loop
      vertex 60 0 18
      vertex 73.7766 33.2597 18
      vertex 72.128 33.8956 18
    endloop
  endfacet
  facet normal 0.359895 0.932993 0
    outer loop
      vertex 73.7766 33.2597 -18
      vertex 72.128 33.8956 -18
      vertex 72.128 33.8956 18
    endloop
  endfacet
  facet normal 0.359895 0.932993 0
    outer loop
      vertex 73.7766 33.2597 -18
      vertex 72.128 33.8956 18
      vertex 73.7766 33.2597 18
    endloop
  endfacet
  facet normal 0 0 -1
    outer loop
      vertex 60 0 -18
      vertex 70.4502 34.4499 -18
      vertex 72.128 33.8956 -18
    endloop
  endfacet
  facet normal 0 0 1
    outer loop
      vertex 60 0 18
      vertex 72.128 33.8956 18
      vertex 70.4502 34.4499 18
    endloop
  endfacet
  facet normal 0.313682 0.949528 0
    outer loop
      vertex 72.128 33.8956 -18
      vertex 70.4502 34.4499 -18
      vertex 70.4502 34.4499 18
    endloop
  endfacet
  facet normal 0.313682 0.949528 0
    outer loop
      vertex 72.128 33.8956 -18
      vertex 70.4502 34.4499 18
      vertex 72.128 33.8956 18
    endloop
  endfacet
  facet normal 0 0 -1
    outer loop
      vertex 60 0 -18
      vertex 68.7473 34.9211 -18
      vertex 70.4502 34.4499 -18
    endloop
  endfacet
  facet normal 0 0 1
    outer loop
      vertex 60 0 18
      vertex 70.4502 34.4499 18
      vertex 68.7473 34.9211 18
    endloop
  endfacet
  facet normal 0.266713 0.963776 0
    outer loop
      vertex 70.4502 34.4499 -18
      vertex 68.7473 34.9211 -18
      vertex 68.7473 34.9211 18
    endloop
  endfacet
  facet normal 0.266713 0.963776 0
    outer loop
      vertex 70.4502 34.4499 -18
      vertex 68.7473 34.9211 18
      vertex 70.4502 34.4499 18
    endloop
  endfacet
  facet normal 0 0 -1
    outer loop
      vertex 60 0 -18
      vertex 67.0233 35.3083 -18
      vertex 68.7473 34.9211 -18
    endloop
  endfacet
  facet normal 0 0 1
    outer loop
      vertex 60 0 18
      vertex 68.7473 34.9211 18
      vertex 67.0233 35.3083 18
    endloop
  endfacet
  facet normal 0.219101 0.975702 0
    outer loop
      vertex 68.7473 34.9211 -18
      vertex 67.0233 35.3083 -18
      vertex 67.0233 35.3083 18
    endloop
  endfacet
  facet normal 0.219101 0.975702 0
    outer loop
      vertex 68.7473 34.9211 -18
      vertex 67.0233 35.3083 18
      vertex 68.7473 34.9211 18
    endloop
  endfacet
  facet normal 0 0 -1
    outer loop
      vertex 60 0 -18
      vertex 65.2823 35.6104 -18
      vertex 67.0233 35.3083 -18
    endloop
  endfacet
  facet normal 0 0 1
    outer loop
      vertex 60 0 18
      vertex 67.0233 35.3083 18
      vertex 65.2823 35.6104 18
    endloop
  endfacet
  facet normal 0.170962 0.985278 0
    outer loop
      vertex 67.0233 35.3083 -18
      vertex 65.2823 35.6104 -18
      vertex 65.2823 35.6104 18
    endloop
  endfacet
  facet normal 0.170962 0.985278 0
    outer loop
      vertex 67.0233 35.3083 -18
      vertex 65.2823 35.6104 18
      vertex 67.0233 35.3083 18
    endloop
  endfacet
  facet normal 0 0 -1
    outer loop
      vertex 60 0 -18
      vertex 63.5286 35.8267 -18
      vertex 65.2823 35.6104 -18
    endloop
  endfacet
  facet normal 0 0 1
    outer loop
      vertex 60 0 18
      vertex 65.2823 35.6104 18
      vertex 63.5286 35.8267 18
    endloop
  endfacet
  facet normal 0.122411 0.99248 0
    outer loop
      vertex 65.2823 35.6104 -18
      vertex 63.5286 35.8267 -18
      vertex 63.5286 35.8267 18
    endloop
  endfacet
  facet normal 0.122411 0.99248 0
    outer loop
      vertex 65.2823 35.6104 -18
      vertex 63.5286 35.8267 18
      vertex 65.2823 35.6104 18
    endloop
  endfacet
  facet normal 0 0 -1
    outer loop
      vertex 60 0 -18
      vertex 61.7664 35.9566 -18
      vertex 63.5286 35.8267 -18
    endloop
  endfacet
  facet normal 0 0 1
    outer loop
      vertex 60 0 18
      vertex 63.5286 35.8267 18
      vertex 61.7664 35.9566 18
    endloop
  endfacet
  facet normal 0.0735646 0.99729 0
    outer loop
      vertex 63.5286 35.8267 -18
      vertex 61.7664 35.9566 -18
      vertex 61.7664 35.9566 18
    endloop
  endfacet
  facet normal 0.0735646 0.99729 0
    outer loop
      vertex 63.5286 35.8267 -18
      vertex 61.7664 35.9566 18
      vertex 63.5286 35.8267 18
    endloop
  endfacet
  facet normal 0 0 -1
    outer loop
      vertex 60 0 -18
      vertex 60 36 -18
      vertex 61.7664 35.9566 -18
    endloop
  endfacet
  facet normal 0 0 1
    outer loop
      vertex 60 0 18
      vertex 61.7664 35.9566 18
      vertex 60 36 18
    endloop
  endfacet
  facet normal 0.0245412 0.999699 0
    outer loop
      vertex 61.7664 35.9566 -18
      vertex 60 36 -18
      vertex 60 36 18
    endloop
  endfacet
  facet normal 0.0245412 0.999699 0
    outer loop
      vertex 61.7664 35.9566 -18
      vertex 60 36 18
      vertex 61.7664 35.9566 18
    endloop
  endfacet
  facet normal 0 0 -1
    outer loop
      vertex 60 0 -18
      vertex 58.2336 35.9566 -18
      vertex 60 36 -18
    endloop
  endfacet
  facet normal 0 0 1
    outer loop
      vertex 60 0 18
      vertex 60 36 18
      vertex 58.2336 35.9566 18
    endloop
  endfacet
  facet normal -0.0245412 0.999699 0
    outer loop
      vertex 60 36 -18
      vertex 58.2336 35.9566 -18
      vertex 58.2336 35.9566 18
    endloop
  endfacet
  facet normal -0.0245412 0.999699 0
    outer loop
      vertex 60 36 -18
      vertex 58.2336 35.9566 18
      vertex 60 36 18
    endloop
  endfacet
  facet normal 0 0 -1
    outer loop
      vertex 60 0 -18
      vertex 56.4714 35.8267 -18
      vertex 58.2336 35.9566 -18
    endloop
  endfacet
  facet normal 0 0 1
    outer loop
      vertex 60 0 18
      vertex 58.2336 35.9566 18
      vertex 56.4714 35.8267 18
    endloop
  endfacet
  facet normal -0.0735646 0.99729 0
    outer loop
      vertex 58.2336 35.9566 -18
      vertex 56.4714 35.8267 -18
      vertex 56.4714 35.8267 18
    endloop
  endfacet
  facet normal -0.0735646 0.99729 0
    outer loop
      vertex 58.2336 35.9566 -18
      vertex 56.4714 35.8267 18
      vertex 58.2336 35.9566 18
    endloop
  endfacet
  facet normal 0 0 -1
    outer loop
      vertex 60 0 -18
      vertex 54.7177 35.6104 -18
      vertex 56.4714 35.8267 -18
    endloop
  endfacet
  facet normal 0 0 1
    outer loop
      vertex 60 0 18
      vertex 56.4714 35.8267 18
      vertex 54.7177 35.6104 18
    endloop
  endfacet
  facet normal -0.122411 0.99248 0
    outer loop
      vertex 56.4714 35.8267 -18
      vertex 54.7177 35.6104 -18
      vertex 54.7177 35.6104 18
    endloop
  endfacet
  facet normal -0.122411 0.99248 0
    outer loop
      vertex 56.4714 35.8267 -18
      vertex 54.7177 35.6104 18
      vertex 56.4714 35.8267 18
    endloop
  endfacet
  facet normal 0 0 -1
    outer loop
      vertex 60 0 -18
      vertex 52.9767 35.3083 -18
      vertex 54.7177 35.6104 -18
    endloop
  endfacet
  facet normal 0 0 1
    outer loop
      vertex 60 0 18
      vertex 54.7177 35.6104 18
      vertex 52.9767 35.3083 18
    endloop
  endfacet
  facet normal -0.170962 0.985278 0
    outer loop
      vertex 54.7177 35.6104 -18
      vertex 52.9767 35.3083 -18
      vertex 52.9767 35.3083 18
    endloop
  endfacet
  facet normal -0.170962 0.985278 0
    outer loop
      vertex 54.7177 35.6104 -18
      vertex 52.9767 35.3083 18
      vertex 54.7177 35.6104 18
    endloop
  endfacet
  facet normal 0 0 -1
    outer loop
      vertex 60 0 -18
      vertex 51.2527 34.9211 -18
      vertex 52.9767 35.3083 -18
    endloop
  endfacet
  facet normal 0 0 1
    outer loop
      vertex 60 0 18
      vertex 52.9767 35.3083 18
      vertex 51.2527 34.9211 18
    endloop
  endfacet
  facet normal -0.219101 0.975702 0
    outer loop
      vertex 52.9767 35.3083 -18
      vertex 51.2527 34.9211 -18
      vertex 51.2527 34.9211 18
    endloop
  endfacet
  facet normal -0.219101 0.975702 0
    outer loop
      vertex 52.9767 35.3083 -18
      vertex 51.2527 34.9211 18
      vertex 52.9767 35.3083 18
    endloop
  endfacet
  facet normal 0 0 -1
    outer loop
      vertex 60 0 -18
      vertex 49.5498 34.4499 -18
      vertex 51.2527 34.9211 -18
    endloop
  endfacet
  facet normal 0 0 1
    outer loop
      vertex 60 0 18
      vertex 51.2527 34.9211 18
      vertex 49.5498 34.4499 18
    endloop
  endfacet
  facet normal -0.266713 0.963776 0
    outer loop
      vertex 51.2527 34.9211 -18
      vertex 49.5498 34.4499 -18
      vertex 49.5498 34.4499 18
    endloop
  endfacet
  facet normal -0.266713 0.963776 0
    outer loop
      vertex 51.2527 34.9211 -18
      vertex 49.5498 34.4499 18
      vertex 51.2527 34.9211 18
    endloop
  endfacet
  facet normal 0 0 -1
    outer loop
      vertex 60 0 -18
      vertex 47.872 33.8956 -18
      vertex 49.5498 34.4499 -18
    endloop
  endfacet
  facet normal 0 0 1
    outer loop
      vertex 60 0 18
      vertex 49.5498 34.4499 18
      vertex 47.872 33.8956 18
    endloop
  endfacet
  facet normal -0.313682 0.949528 0
    outer loop
      vertex 49.5498 34.4499 -18
      vertex 47.872 33.8956 -18
      vertex 47.872 33.8956 18
    endloop
  endfacet
  facet normal -0.313682 0.949528 0
    outer loop
      vertex 49.5498 34.4499 -18
      vertex 47.872 33.8956 18
      vertex 49.5498 34.4499 18
    endloop
  endfacet
  facet normal 0 0 -1
    outer loop
      vertex 60 0 -18
      vertex 46.2234 33.2597 -18
      vertex 47.872 33.8956 -18
    endloop
  endfacet
  facet normal 0 0 1
    outer loop
      vertex 60 0 18
      vertex 47.872 33.8956 18
      vertex 46.2234 33.2597 18
    endloop
  endfacet
  facet normal -0.359895 0.932993 0
    outer loop
      vertex 47.872 33.8956 -18
      vertex 46.2234 33.2597 -18
      vertex 46.2234 33.2597 18
    endloop
  endfacet
  facet normal -0.359895 0.932993 0
    outer loop
      vertex 47.872 33.8956 -18
      vertex 46.2234 33.2597 18
      vertex 47.872 33.8956 18
    endloop
  endfacet
  facet normal 0 0 -1
    outer loop
      vertex 60 0 -18
      vertex 44.608 32.5436 -18
      vertex 46.2234 33.2597 -18
    endloop
  endfacet
  facet normal 0 0 1
    outer loop
      vertex 60 0 18
      vertex 46.2234 33.2597 18
      vertex 44.608 32.5436 18
    endloop
  endfacet
  facet normal -0.405241 0.91421 0
    outer loop
      vertex 46.2234 33.2597 -18
      vertex 44.608 32.5436 -18
      vertex 44.608 32.5436 18
    endloop
  endfacet
  facet normal -0.405241 0.91421 0
    outer loop
      vertex 46.2234 33.2597 -18
      vertex 44.608 32.5436 18
      vertex 46.2234 33.2597 18
    endloop
  endfacet
  facet normal 0 0 -1
    outer loop
      vertex 60 0 -18
      vertex 43.0297 31.7492 -18
      vertex 44.608 32.5436 -18
    endloop
  endfacet
  facet normal 0 0 1
    outer loop
      vertex 60 0 18
      vertex 44.608 32.5436 18
      vertex 43.0297 31.7492 18
    endloop
  endfacet
  facet normal -0.449611 0.893224 0
    outer loop
      vertex 44.608 32.5436 -18
      vertex 43.0297 31.7492 -18
      vertex 43.0297 31.7492 18
    endloop
  endfacet
  facet normal -0.449611 0.893224 0
    outer loop
      vertex 44.608 32.5436 -18
      vertex 43.0297 31.7492 18
      vertex 44.608 32.5436 18
    endloop
  endfacet
  facet normal 0 0 -1
    outer loop
      vertex 60 0 -18
      vertex 41.4923 30.8782 -18
      vertex 43.0297 31.7492 -18
    endloop
  endfacet
  facet normal 0 0 1
    outer loop
      vertex 60 0 18
      vertex 43.0297 31.7492 18
      vertex 41.4923 30.8782 18
    endloop
  endfacet
  facet normal -0.492898 0.870087 0
    outer loop
      vertex 43.0297 31.7492 -18
      vertex 41.4923 30.8782 -18
      vertex 41.4923 30.8782 18
    endloop
  endfacet
  facet normal -0.492898 0.870087 0
    outer loop
      vertex 43.0297 31.7492 -18
      vertex 41.4923 30.8782 18
      vertex 43.0297 31.7492 18
    endloop
  endfacet
  facet normal 0 0 -1
    outer loop
      vertex 60 0 -18
      vertex 39.9995 29.9329 -18
      vertex 41.4923 30.8782 -18
    endloop
  endfacet
  facet normal 0 0 1
    outer loop
      vertex 60 0 18
      vertex 41.4923 30.8782 18
      vertex 39.9995 29.9329 18
    endloop
  endfacet
  facet normal -0.534998 0.844854 0
    outer loop
      vertex 41.4923 30.8782 -18
      vertex 39.9995 29.9329 -18
      vertex 39.9995 29.9329 18
    endloop
  endfacet
  facet normal -0.534998 0.844854 0
    outer loop
      vertex 41.4923 30.8782 -18
      vertex 39.9995 29.9329 18
      vertex 41.4923 30.8782 18
    endloop
  endfacet
  facet normal 0 0 -1
    outer loop
      vertex 60 0 -18
      vertex 38.5548 28.9155 -18
      vertex 39.9995 29.9329 -18
    endloop
  endfacet
  facet normal 0 0 1
    outer loop
      vertex 60 0 18
      vertex 39.9995 29.9329 18
      vertex 38.5548 28.9155 18
    endloop
  endfacet
  facet normal -0.575808 0.817585 0
    outer loop
      vertex 39.9995 29.9329 -18
      vertex 38.5548 28.9155 -18
      vertex 38.5548 28.9155 18
    endloop
  endfacet
  facet normal -0.575808 0.817585 0
    outer loop
      vertex 39.9995 29.9329 -18
      vertex 38.5548 28.9155 18
      vertex 39.9995 29.9329 18
    endloop
  endfacet
  facet normal 0 0 -1
    outer loop
      vertex 60 0 -18
      vertex 37.1618 27.8284 -18
      vertex 38.5548 28.9155 -18
    endloop
  endfacet
  facet normal 0 0 1
    outer loop
      vertex 60 0 18
      vertex 38.5548 28.9155 18
      vertex 37.1618 27.8284 18
    endloop
  endfacet
  facet normal -0.615232 0.788346 0
    outer loop
      vertex 38.5548 28.9155 -18
      vertex 37.1618 27.8284 -18
      vertex 37.1618 27.8284 18
    endloop
  endfacet
  facet normal -0.615232 0.788346 0
    outer loop
      vertex 38.5548 28.9155 -18
      vertex 37.1618 27.8284 18
      vertex 38.5548 28.9155 18
    endloop
  endfacet
  facet normal 0 0 -1
    outer loop
      vertex 60 0 -18
      vertex 35.8239 26.6742 -18
      vertex 37.1618 27.8284 -18
    endloop
  endfacet
  facet normal 0 0 1
    outer loop
      vertex 60 0 18
      vertex 37.1618 27.8284 18
      vertex 35.8239 26.6742 18
    endloop
  endfacet
  facet normal -0.653173 0.757209 0
    outer loop
      vertex 37.1618 27.8284 -18
      vertex 35.8239 26.6742 -18
      vertex 35.8239 26.6742 18
    endloop
  endfacet
  facet normal -0.653173 0.757209 0
    outer loop
      vertex 37.1618 27.8284 -18
      vertex 35.8239 26.6742 18
      vertex 37.1618 27.8284 18
    endloop
  endfacet
  facet normal 0 0 -1
    outer loop
      vertex 60 0 -18
      vertex 34.5442 25.4558 -18
      vertex 35.8239 26.6742 -18
    endloop
  endfacet
  facet normal 0 0 1
    outer loop
      vertex 60 0 18
      vertex 35.8239 26.6742 18
      vertex 34.5442 25.4558 18
    endloop
  endfacet
  facet normal -0.689541 0.724247 0
    outer loop
      vertex 35.8239 26.6742 -18
      vertex 34.5442 25.4558 -18
      vertex 34.5442 25.4558 18
    endloop
  endfacet
  facet normal -0.689541 0.724247 0
    outer loop
      vertex 35.8239 26.6742 -18
      vertex 34.5442 25.4558 18
      vertex 35.8239 26.6742 18
    endloop
  endfacet
  facet normal 0 0 -1
    outer loop
      vertex 60 0 -18
      vertex 33.3258 24.1761 -18
      vertex 34.5442 25.4558 -18
    endloop
  endfacet
  facet normal 0 0 1
    outer loop
      vertex 60 0 18
      vertex 34.5442 25.4558 18
      vertex 33.3258 24.1761 18
    endloop
  endfacet
  facet normal -0.724247 0.689541 0
    outer loop
      vertex 34.5442 25.4558 -18
      vertex 33.3258 24.1761 -18
      vertex 33.3258 24.1761 18
    endloop
  endfacet
  facet normal -0.724247 0.689541 0
    outer loop
      vertex 34.5442 25.4558 -18
      vertex 33.3258 24.1761 18
      vertex 34.5442 25.4558 18
    endloop
  endfacet
  facet normal 0 0 -1
    outer loop
      vertex 60 0 -18
      vertex 32.1716 22.8382 -18
      vertex 33.3258 24.1761 -18
    endloop
  endfacet
  facet normal 0 0 1
    outer loop
      vertex 60 0 18
      vertex 33.3258 24.1761 18
      vertex 32.1716 22.8382 18
    endloop
  endfacet
  facet normal -0.757209 0.653173 0
    outer loop
      vertex 33.3258 24.1761 -18
      vertex 32.1716 22.8382 -18
      vertex 32.1716 22.8382 18
    endloop
  endfacet
  facet normal -0.757209 0.653173 0
    outer loop
      vertex 33.3258 24.1761 -18
      vertex 32.1716 22.8382 18
      vertex 33.3258 24.1761 18
    endloop
  endfacet
  facet normal 0 0 -1
    outer loop
      vertex 60 0 -18
      vertex 31.0845 21.4452 -18
      vertex 32.1716 22.8382 -18
    endloop
  endfacet
  facet normal 0 0 1
    outer loop
      vertex 60 0 18
      vertex 32.1716 22.8382 18
      vertex 31.0845 21.4452 18
    endloop
  endfacet
  facet normal -0.788346 0.615232 0
    outer loop
      vertex 32.1716 22.8382 -18
      vertex 31.0845 21.4452 -18
      vertex 31.0845 21.4452 18
    endloop
  endfacet
  facet normal -0.788346 0.615232 0
    outer loop
      vertex 32.1716 22.8382 -18
      vertex 31.0845 21.4452 18
      vertex 32.1716 22.8382 18
    endloop
  endfacet
  facet normal 0 0 -1
    outer loop
      vertex 60 0 -18
      vertex 30.0671 20.0005 -18
      vertex 31.0845 21.4452 -18
    endloop
  endfacet
  facet normal 0 0 1
    outer loop
      vertex 60 0 18
      vertex 31.0845 21.4452 18
      vertex 30.0671 20.0005 18
    endloop
  endfacet
  facet normal -0.817585 0.575808 0
    outer loop
      vertex 31.0845 21.4452 -18
      vertex 30.0671 20.0005 -18
      vertex 30.0671 20.0005 18
    endloop
  endfacet
  facet normal -0.817585 0.575808 0
    outer loop
      vertex 31.0845 21.4452 -18
      vertex 30.0671 20.0005 18
      vertex 31.0845 21.4452 18
    endloop
  endfacet
  facet normal 0 0 -1
    outer loop
      vertex 60 0 -18
      vertex 29.1218 18.5077 -18
      vertex 30.0671 20.0005 -18
    endloop
  endfacet
  facet normal 0 0 1
    outer loop
      vertex 60 0 18
      vertex 30.0671 20.0005 18
      vertex 29.1218 18.5077 18
    endloop
  endfacet
  facet normal -0.844854 0.534998 0
    outer loop
      vertex 30.0671 20.0005 -18
      vertex 29.1218 18.5077 -18
      vertex 29.1218 18.5077 18
    endloop
  endfacet
  facet normal -0.844854 0.534998 0
    outer loop
      vertex 30.0671 20.0005 -18
      vertex 29.1218 18.5077 18
      vertex 30.0671 20.0005 18
    endloop
  endfacet
  facet normal 0 0 -1
    outer loop
      vertex 60 0 -18
      vertex 28.2508 16.9703 -18
      vertex 29.1218 18.5077 -18
    endloop
  endfacet
  facet normal 0 0 1
    outer loop
      vertex 60 0 18
      vertex 29.1218 18.5077 18
      vertex 28.2508 16.9703 18
    endloop
  endfacet
  facet normal -0.870087 0.492898 0
    outer loop
      vertex 29.1218 18.5077 -18
      vertex 28.2508 16.9703 -18
      vertex 28.2508 16.9703 18
    endloop
  endfacet
  facet normal -0.870087 0.492898 0
    outer loop
      vertex 29.1218 18.5077 -18
      vertex 28.2508 16.9703 18
      vertex 29.1218 18.5077 18
    endloop
  endfacet
  facet normal 0 0 -1
    outer loop
      vertex 60 0 -18
      vertex 27.4564 15.392 -18
      vertex 28.2508 16.9703 -18
    endloop
  endfacet
  facet normal 0 0 1
    outer loop
      vertex 60 0 18
      vertex 28.2508 16.9703 18
      vertex 27.4564 15.392 18
    endloop
  endfacet
  facet normal -0.893224 0.449611 0
    outer loop
      vertex 28.2508 16.9703 -18
      vertex 27.4564 15.392 -18
      vertex 27.4564 15.392 18
    endloop
  endfacet
  facet normal -0.893224 0.449611 0
    outer loop
      vertex 28.2508 16.9703 -18
      vertex 27.4564 15.392 18
      vertex 28.2508 16.9703 18
    endloop
  endfacet
  facet normal 0 0 -1
    outer loop
      vertex 60 0 -18
      vertex 26.7403 13.7766 -18
      vertex 27.4564 15.392 -18
    endloop
  endfacet
  facet normal 0 0 1
    outer loop
      vertex 60 0 18
      vertex 27.4564 15.392 18
      vertex 26.7403 13.7766 18
    endloop
  endfacet
  facet normal -0.91421 0.405241 0
    outer loop
      vertex 27.4564 15.392 -18
      vertex 26.7403 13.7766 -18
      vertex 26.7403 13.7766 18
    endloop
  endfacet
  facet normal -0.91421 0.405241 0
    outer loop
      vertex 27.4564 15.392 -18
      vertex 26.7403 13.7766 18
      vertex 27.4564 15.392 18
    endloop
  endfacet
  facet normal 0 0 -1
    outer loop
      vertex 60 0 -18
      vertex 26.1044 12.128 -18
      vertex 26.7403 13.7766 -18
    endloop
  endfacet
  facet normal 0 0 1
    outer loop
      vertex 60 0 18
      vertex 26.7403 13.7766 18
      vertex 26.1044 12.128 18
    endloop
  endfacet
  facet normal -0.932993 0.359895 0
    outer loop
      vertex 26.7403 13.7766 -18
      vertex 26.1044 12.128 -18
      vertex 26.1044 12.128 18
    endloop
  endfacet
  facet normal -0.932993 0.359895 0
    outer loop
      vertex 26.7403 13.7766 -18
      vertex 26.1044 12.128 18
      vertex 26.7403 13.7766 18
    endloop
  endfacet
  facet normal 0 0 -1
    outer loop
      vertex 60 0 -18
      vertex 25.5501 10.4502 -18
      vertex 26.1044 12.128 -18
    endloop
  endfacet
  facet normal 0 0 1
    outer loop
      vertex 60 0 18
      vertex 26.1044 12.128 18
      vertex 25.5501 10.4502 18
    endloop
  endfacet
  facet normal -0.949528 0.313682 0
    outer loop
      vertex 26.1044 12.128 -18
      vertex 25.5501 10.4502 -18
      vertex 25.5501 10.4502 18
    endloop
  endfacet
  facet normal -0.949528 0.313682 0
    outer loop
      vertex 26.1044 12.128 -18
      vertex 25.5501 10.4502 18
      vertex 26.1044 12.128 18
    endloop
  endfacet
  facet normal 0 0 -1
    outer loop
      vertex 60 0 -18
      vertex 25.0789 8.74729 -18
      vertex 25.5501 10.4502 -18
    endloop
  endfacet
  facet normal 0 0 1
    outer loop
      vertex 60 0 18
      vertex 25.5501 10.4502 18
      vertex 25.0789 8.74729 18
    endloop
  endfacet
  facet normal -0.963776 0.266713 0
    outer loop
      vertex 25.5501 10.4502 -18
      vertex 25.0789 8.74729 -18
      vertex 25.0789 8.74729 18
    endloop
  endfacet
  facet normal -0.963776 0.266713 0
    outer loop
      vertex 25.5501 10.4502 -18
      vertex 25.0789 8.74729 18
      vertex 25.5501 10.4502 18
    endloop
  endfacet
  facet normal 0 0 -1
    outer loop
      vertex 60 0 -18
      vertex 24.6917 7.02325 -18
      vertex 25.0789 8.74729 -18
    endloop
  endfacet
  facet normal 0 0 1
    outer loop
      vertex 60 0 18
      vertex 25.0789 8.74729 18
      vertex 24.6917 7.02325 18
    endloop
  endfacet
  facet normal -0.975702 0.219101 0
    outer loop
      vertex 25.0789 8.74729 -18
      vertex 24.6917 7.02325 -18
      vertex 24.6917 7.02325 18
    endloop
  endfacet
  facet normal -0.975702 0.219101 0
    outer loop
      vertex 25.0789 8.74729 -18
      vertex 24.6917 7.02325 18
      vertex 25.0789 8.74729 18
    endloop
  endfacet
  facet normal 0 0 -1
    outer loop
      vertex 60 0 -18
      vertex 24.3896 5.2823 -18
      vertex 24.6917 7.02325 -18
    endloop
  endfacet
  facet normal 0 0 1
    outer loop
      vertex 60 0 18
      vertex 24.6917 7.02325 18
      vertex 24.3896 5.2823 18
    endloop
  endfacet
  facet normal -0.985278 0.170962 0
    outer loop
      vertex 24.6917 7.02325 -18
      vertex 24.3896 5.2823 -18
      vertex 24.3896 5.2823 18
    endloop
  endfacet
  facet normal -0.985278 0.170962 0
    outer loop
      vertex 24.6917 7.02325 -18
      vertex 24.3896 5.2823 18
      vertex 24.6917 7.02325 18
    endloop
  endfacet
  facet normal 0 0 -1
    outer loop
      vertex 60 0 -18
      vertex 24.1733 3.52862 -18
      vertex 24.3896 5.2823 -18
    endloop
  endfacet
  facet normal 0 0 1
    outer loop
      vertex 60 0 18
      vertex 24.3896 5.2823 18
      vertex 24.1733 3.52862 18
    endloop
  endfacet
  facet normal -0.99248 0.122411 0
    outer loop
      vertex 24.3896 5.2823 -18
      vertex 24.1733 3.52862 -18
      vertex 24.1733 3.52862 18
    endloop
  endfacet
  facet normal -0.99248 0.122411 0
    outer loop
      vertex 24.3896 5.2823 -18
      vertex 24.1733 3.52862 18
      vertex 24.3896 5.2823 18
    endloop
  endfacet
  facet normal 0 0 -1
    outer loop
      vertex 60 0 -18
      vertex 24.0434 1.76644 -18
      vertex 24.1733 3.52862 -18
    endloop
  endfacet
  facet normal 0 0 1
    outer loop
      vertex 60 0 18
      vertex 24.1733 3.52862 18
      vertex 24.0434 1.76644 18
    endloop
  endfacet
  facet normal -0.99729 0.0735646 0
    outer loop
      vertex 24.1733 3.52862 -18
      vertex 24.0434 1.76644 -18
      vertex 24.0434 1.76644 18
    endloop
  endfacet
  facet normal -0.99729 0.0735646 0
    outer loop
      vertex 24.1733 3.52862 -18
      vertex 24.0434 1.76644 18
      vertex 24.1733 3.52862 18
    endloop
  endfacet
  facet normal 0 0 -1
    outer loop
      vertex 60 0 -18
      vertex 24 4.40873e-15 -18
      vertex 24.0434 1.76644 -18
    endloop
  endfacet
  facet normal 0 0 1
    outer loop
      vertex 60 0 18
      vertex 24.0434 1.76644 18
      vertex 24 4.40873e-15 18
    endloop
  endfacet
  facet normal -0.999699 0.0245412 0
    outer loop
      vertex 24.0434 1.76644 -18
      vertex 24 4.40873e-15 -18
      vertex 24 4.40873e-15 18
    endloop
  endfacet
  facet normal -0.999699 0.0245412 0
    outer loop
      vertex 24.0434 1.76644 -18
      vertex 24 4.40873e-15 18
      vertex 24.0434 1.76644 18
    endloop
  endfacet
  facet normal 0 0 -1
    outer loop
      vertex 60 0 -18
      vertex 24.0434 -1.76644 -18
      vertex 24 4.40873e-15 -18
    endloop
  endfacet
  facet normal 0 0 1
    outer loop
      vertex 60 0 18
      vertex 24 4.40873e-15 18
      vertex 24.0434 -1.76644 18
    endloop
  endfacet
  facet normal -0.999699 -0.0245412 0
    outer loop
      vertex 24 4.40873e-15 -18
      vertex 24.0434 -1.76644 -18
      vertex 24.0434 -1.76644 18
    endloop
  endfacet
  facet normal -0.999699 -0.0245412 0
    outer loop
      vertex 24 4.40873e-15 -18
      vertex 24.0434 -1.76644 18
      vertex 24 4.40873e-15 18
    endloop
  endfacet
  facet normal 0 0 -1
    outer loop
      vertex 60 0 -18
      vertex 24.1733 -3.52862 -18
      vertex 24.0434 -1.76644 -18
    endloop
  endfacet
  facet normal 0 0 1
    outer loop
      vertex 60 0 18
      vertex 24.0434 -1.76644 18
      vertex 24.1733 -3.52862 18
    endloop
  endfacet
  facet normal -0.99729 -0.0735646 0
    outer loop
      vertex 24.0434 -1.76644 -18
      vertex 24.1733 -3.52862 -18
      vertex 24.1733 -3.52862 18
    endloop
  endfacet
  facet normal -0.99729 -0.0735646 0
    outer loop
      vertex 24.0434 -1.76644 -18
      vertex 24.1733 -3.52862 18
      vertex 24.0434 -1.76644 18
    endloop
  endfacet
  facet normal 0 0 -1
    outer loop
      vertex 60 0 -18
      vertex 24.3896 -5.2823 -18
      vertex 24.1733 -3.52862 -18
    endloop
  endfacet
  facet normal 0 0 1
    outer loop
      vertex 60 0 18
      vertex 24.1733 -3.52862 18
      vertex 24.3896 -5.2823 18
    endloop
  endfacet
  facet normal -0.99248 -0.122411 0
    outer loop
      vertex 24.1733 -3.52862 -18
      vertex 24.3896 -5.2823 -18
      vertex 24.3896 -5.2823 18
    endloop
  endfacet
  facet normal -0.99248 -0.122411 0
    outer loop
      vertex 24.1733 -3.52862 -18
      vertex 24.3896 -5.2823 18
      vertex 24.1733 -3.52862 18
    endloop
  endfacet
  facet normal 0 0 -1
    outer loop
      vertex 60 0 -18
      vertex 24.6917 -7.02325 -18
      vertex 24.3896 -5.2823 -18
    endloop
  endfacet
  facet normal 0 0 1
    outer loop
      vertex 60 0 18
      vertex 24.3896 -5.2823 18
      vertex 24.6917 -7.02325 18
    endloop
  endfacet
  facet normal -0.985278 -0.170962 0
    outer loop
      vertex 24.3896 -5.2823 -18
      vertex 24.6917 -7.02325 -18
      vertex 24.6917 -7.02325 18
    endloop
  endfacet
  facet normal -0.985278 -0.170962 0
    outer loop
      vertex 24.3896 -5.2823 -18
      vertex 24.6917 -7.02325 18
      vertex 24.3896 -5.2823 18
    endloop
  endfacet
  facet normal 0 0 -1
    outer loop
      vertex 60 0 -18
      vertex 25.0789 -8.74729 -18
      vertex 24.6917 -7.02325 -18
    endloop
  endfacet
  facet normal 0 0 1
    outer loop
      vertex 60 0 18
      vertex 24.6917 -7.02325 18
      vertex 25.0789 -8.74729 18
    endloop
  endfacet
  facet normal -0.975702 -0.219101 0
    outer loop
      vertex 24.6917 -7.02325 -18
      vertex 25.0789 -8.74729 -18
      vertex 25.0789 -8.74729 18
    endloop
  endfacet
  facet normal -0.975702 -0.219101 0
    outer loop
      vertex 24.6917 -7.02325 -18
      vertex 25.0789 -8.74729 18
      vertex 24.6917 -7.02325 18
    endloop
  endfacet
  facet normal 0 0 -1
    outer loop
      vertex 60 0 -18
      vertex 25.5501 -10.4502 -18
      vertex 25.0789 -8.74729 -18
    endloop
  endfacet
  facet normal 0 0 1
    outer loop
      vertex 60 0 18
      vertex 25.0789 -8.74729 18
      vertex 25.5501 -10.4502 18
    endloop
  endfacet
  facet normal -0.963776 -0.266713 0
    outer loop
      vertex 25.0789 -8.74729 -18
      vertex 25.5501 -10.4502 -18
      vertex 25.5501 -10.4502 18
    endloop
  endfacet
  facet normal -0.963776 -0.266713 0
    outer loop
      vertex 25.0789 -8.74729 -18
      vertex 25.5501 -10.4502 18
      vertex 25.0789 -8.74729 18
    endloop
  endfacet
  facet normal 0 0 -1
    outer loop
      vertex 60 0 -18
      vertex 26.1044 -12.128 -18
      vertex 25.5501 -10.4502 -18
    endloop
  endfacet
  facet normal 0 0 1
    outer loop
      vertex 60 0 18
      vertex 25.5501 -10.4502 18
      vertex 26.1044 -12.128 18
    endloop
  endfacet
  facet normal -0.949528 -0.313682 0
    outer loop
      vertex 25.5501 -10.4502 -18
      vertex 26.1044 -12.128 -18
      vertex 26.1044 -12.128 18
    endloop
  endfacet
  facet normal -0.949528 -0.313682 0
    outer loop
      vertex 25.5501 -10.4502 -18
      vertex 26.1044 -12.128 18
      vertex 25.5501 -10.4502 18
    endloop
  endfacet
  facet normal 0 0 -1
    outer loop
      vertex 60 0 -18
      vertex 26.7403 -13.7766 -18
      vertex 26.1044 -12.128 -18
    endloop
  endfacet
  facet normal 0 0 1
    outer loop
      vertex 60 0 18
      vertex 26.1044 -12.128 18
      vertex 26.7403 -13.7766 18
    endloop
  endfacet
  facet normal -0.932993 -0.359895 0
    outer loop
      vertex 26.1044 -12.128 -18
      vertex 26.7403 -13.7766 -18
      vertex 26.7403 -13.7766 18
    endloop
  endfacet
  facet normal -0.932993 -0.359895 0
    outer loop
      vertex 26.1044 -12.128 -18
      vertex 26.7403 -13.7766 18
      vertex 26.1044 -12.128 18
    endloop
  endfacet
  facet normal 0 0 -1
    outer loop
      vertex 60 0 -18
      vertex 27.4564 -15.392 -18
      vertex 26.7403 -13.7766 -18
    endloop
  endfacet
  facet normal 0 0 1
    outer loop
      vertex 60 0 18
      vertex 26.7403 -13.7766 18
      vertex 27.4564 -15.392 18
    endloop
  endfacet
  facet normal -0.91421 -0.405241 0
    outer loop
      vertex 26.7403 -13.7766 -18
      vertex 27.4564 -15.392 -18
      vertex 27.4564 -15.392 18
    endloop
  endfacet
  facet normal -0.91421 -0.405241 0
    outer loop
      vertex 26.7403 -13.7766 -18
      vertex 27.4564 -15.392 18
      vertex 26.7403 -13.7766 18
    endloop
  endfacet
  facet normal 0 0 -1
    outer loop
      vertex 60 0 -18
      vertex 28.2508 -16.9703 -18
      vertex 27.4564 -15.392 -18
    endloop
  endfacet
  facet normal 0 0 1
    outer loop
      vertex 60 0 18
      vertex 27.4564 -15.392 18
      vertex 28.2508 -16.9703 18
    endloop
  endfacet
  facet normal -0.893224 -0.449611 0
    outer loop
      vertex 27.4564 -15.392 -18
      vertex 28.2508 -16.9703 -18
      vertex 28.2508 -16.9703 18
    endloop
  endfacet
  facet normal -0.893224 -0.449611 0
    outer loop
      vertex 27.4564 -15.392 -18
      vertex 28.2508 -16.9703 18
      vertex 27.4564 -15.392 18
    endloop
  endfacet
  facet normal 0 0 -1
    outer loop
      vertex 60 0 -18
      vertex 29.1218 -18.5077 -18
      vertex 28.2508 -16.9703 -18
    endloop
  endfacet
  facet normal 0 0 1
    outer loop
      vertex 60 0 18
      vertex 28.2508 -16.9703 18
      vertex 29.1218 -18.5077 18
    endloop
  endfacet
  facet normal -0.870087 -0.492898 0
    outer loop
      vertex 28.2508 -16.9703 -18
      vertex 29.1218 -18.5077 -18
      vertex 29.1218 -18.5077 18
    endloop
  endfacet
  facet normal -0.870087 -0.492898 0
    outer loop
      vertex 28.2508 -16.9703 -18
      vertex 29.1218 -18.5077 18
      vertex 28.2508 -16.9703 18
    endloop
  endfacet
  facet normal 0 0 -1
    outer loop
      vertex 60 0 -18
      vertex 30.0671 -20.0005 -18
      vertex 29.1218 -18.5077 -18
    endloop
  endfacet
  facet normal 0 0 1
    outer loop
      vertex 60 0 18
      vertex 29.1218 -18.5077 18
      vertex 30.0671 -20.0005 18
    endloop
  endfacet
  facet normal -0.844854 -0.534998 0
    outer loop
      vertex 29.1218 -18.5077 -18
      vertex 30.0671 -20.0005 -18
      vertex 30.0671 -20.0005 18
    endloop
  endfacet
  facet normal -0.844854 -0.534998 0
    outer loop
      vertex 29.1218 -18.5077 -18
      vertex 30.0671 -20.0005 18
      vertex 29.1218 -18.5077 18
    endloop
  endfacet
  facet normal 0 0 -1
    outer loop
      vertex 60 0 -18
      vertex 31.0845 -21.4452 -18
      vertex 30.0671 -20.0005 -18
    endloop
  endfacet
  facet normal 0 0 1
    outer loop
      vertex 60 0 18
      vertex 30.0671 -20.0005 18
      vertex 31.0845 -21.4452 18
    endloop
  endfacet
  facet normal -0.817585 -0.575808 0
    outer loop
      vertex 30.0671 -20.0005 -18
      vertex 31.0845 -21.4452 -18
      vertex 31.0845 -21.4452 18
    endloop
  endfacet
  facet normal -0.817585 -0.575808 0
    outer loop
      vertex 30.0671 -20.0005 -18
      vertex 31.0845 -21.4452 18
      vertex 30.0671 -20.0005 18
    endloop
  endfacet
  facet normal 0 0 -1
    outer loop
      vertex 60 0 -18
      vertex 32.1716 -22.8382 -18
      vertex 31.0845 -21.4452 -18
    endloop
  endfacet
  facet normal 0 0 1
    outer loop
      vertex 60 0 18
      vertex 31.0845 -21.4452 18
      vertex 32.1716 -22.8382 18
    endloop
  endfacet
  facet normal -0.788346 -0.615232 0
    outer loop
      vertex 31.0845 -21.4452 -18
      vertex 32.1716 -22.8382 -18
      vertex 32.1716 -22.8382 18
    endloop
  endfacet
  facet normal -0.788346 -0.615232 0
    outer loop
      vertex 31.0845 -21.4452 -18
      vertex 32.1716 -22.8382 18
      vertex 31.0845 -21.4452 18
    endloop
  endfacet
  facet normal 0 0 -1
    outer loop
      vertex 60 0 -18
      vertex 33.3258 -24.1761 -18
      vertex 32.1716 -22.8382 -18
    endloop
  endfacet
  facet normal 0 0 1
    outer loop
      vertex 60 0 18
      vertex 32.1716 -22.8382 18
      vertex 33.3258 -24.1761 18
    endloop
  endfacet
  facet normal -0.757209 -0.653173 0
    outer loop
      vertex 32.1716 -22.8382 -18
      vertex 33.3258 -24.1761 -18
      vertex 33.3258 -24.1761 18
    endloop
  endfacet
  facet normal -0.757209 -0.653173 0
    outer loop
      vertex 32.1716 -22.8382 -18
      vertex 33.3258 -24.1761 18
      vertex 32.1716 -22.8382 18
    endloop
  endfacet
  facet normal 0 0 -1
    outer loop
      vertex 60 0 -18
      vertex 34.5442 -25.4558 -18
      vertex 33.3258 -24.1761 -18
    endloop
  endfacet
  facet normal 0 0 1
    outer loop
      vertex 60 0 18
      vertex 33.3258 -24.1761 18
      vertex 34.5442 -25.4558 18
    endloop
  endfacet
  facet normal -0.724247 -0.689541 0
    outer loop
      vertex 33.3258 -24.1761 -18
      vertex 34.5442 -25.4558 -18
      vertex 34.5442 -25.4558 18
    endloop
  endfacet
  facet normal -0.724247 -0.689541 0
    outer loop
      vertex 33.3258 -24.1761 -18
      vertex 34.5442 -25.4558 18
      vertex 33.3258 -24.1761 18
    endloop
  endfacet
  facet normal 0 0 -1
    outer loop
      vertex 60 0 -18
      vertex 35.8239 -26.6742 -18
      vertex 34.5442 -25.4558 -18
    endloop
  endfacet
  facet normal 0 0 1
    outer loop
      vertex 60 0 18
      vertex 34.5442 -25.4558 18
      vertex 35.8239 -26.6742 18
    endloop
  endfacet
  facet normal -0.689541 -0.724247 0
    outer loop
      vertex 34.5442 -25.4558 -18
      vertex 35.8239 -26.6742 -18
      vertex 35.8239 -26.6742 18
    endloop
  endfacet
  facet normal -0.689541 -0.724247 0
    outer loop
      vertex 34.5442 -25.4558 -18
      vertex 35.8239 -26.6742 18
      vertex 34.5442 -25.4558 18
    endloop
  endfacet
  facet normal 0 0 -1
    outer loop
      vertex 60 0 -18
      vertex 37.1618 -27.8284 -18
      vertex 35.8239 -26.6742 -18
    endloop
  endfacet
  facet normal 0 0 1
    outer loop
      vertex 60 0 18
      vertex 35.8239 -26.6742 18
      vertex 37.1618 -27.8284 18
    endloop
  endfacet
  facet normal -0.653173 -0.757209 0
    outer loop
      vertex 35.8239 -26.6742 -18
      vertex 37.1618 -27.8284 -18
      vertex 37.1618 -27.8284 18
    endloop
  endfacet
  facet normal -0.653173 -0.757209 0
    outer loop
      vertex 35.8239 -26.6742 -18
      vertex 37.1618 -27.8284 18
      vertex 35.8239 -26.6742 18
    endloop
  endfacet
  facet normal 0 0 -1
    outer loop
      vertex 60 0 -18
      vertex 38.5548 -28.9155 -18
      vertex 37.1618 -27.8284 -18
    endloop
  endfacet
  facet normal 0 0 1
    outer loop
      vertex 60 0 18
      vertex 37.1618 -27.8284 18
      vertex 38.5548 -28.9155 18
    endloop
  endfacet
  facet normal -0.615232 -0.788346 0
    outer loop
      vertex 37.1618 -27.8284 -18
      vertex 38.5548 -28.9155 -18
      vertex 38.5548 -28.9155 18
    endloop
  endfacet
  facet normal -0.615232 -0.788346 0
    outer loop
      vertex 37.1618 -27.8284 -18
      vertex 38.5548 -28.9155 18
      vertex 37.1618 -27.8284 18
    endloop
  endfacet
  facet normal 0 0 -1
    outer loop
      vertex 60 0 -18
      vertex 39.9995 -29.9329 -18
      vertex 38.5548 -28.9155 -18
    endloop
  endfacet
  facet normal 0 0 1
    outer loop
      vertex 60 0 18
      vertex 38.5548 -28.9155 18
      vertex 39.9995 -29.9329 18
    endloop
  endfacet
  facet normal -0.575808 -0.817585 0
    outer loop
      vertex 38.5548 -28.9155 -18
      vertex 39.9995 -29.9329 -18
      vertex 39.9995 -29.9329 18
    endloop
  endfacet
  facet normal -0.575808 -0.817585 0
    outer loop
      vertex 38.5548 -28.9155 -18
      vertex 39.9995 -29.9329 18
      vertex 38.5548 -28.9155 18
    endloop
  endfacet
  facet normal 0 0 -1
    outer loop
      vertex 60 0 -18
      vertex 41.4923 -30.8782 -18
      vertex 39.9995 -29.9329 -18
    endloop
  endfacet
  facet normal 0 0 1
    outer loop
      vertex 60 0 18
      vertex 39.9995 -29.9329 18
      vertex 41.4923 -30.8782 18
    endloop
  endfacet
  facet normal -0.534998 -0.844854 0
    outer loop
      vertex 39.9995 -29.9329 -18
      vertex 41.4923 -30.8782 -18
      vertex 41.4923 -30.8782 18
    endloop
  endfacet
  facet normal -0.534998 -0.844854 0
    outer loop
      vertex 39.9995 -29.9329 -18
      vertex 41.4923 -30.8782 18
      vertex 39.9995 -29.9329 18
    endloop
  endfacet
  facet normal 0 0 -1
    outer loop
      vertex 60 0 -18
      vertex 43.0297 -31.7492 -18
      vertex 41.4923 -30.8782 -18
    endloop
  endfacet
  facet normal 0 0 1
    outer loop
      vertex 60 0 18
      vertex 41.4923 -30.8782 18
      vertex 43.0297 -31.7492 18
    endloop
  endfacet
  facet normal -0.492898 -0.870087 0
    outer loop
      vertex 41.4923 -30.8782 -18
      vertex 43.0297 -31.7492 -18
      vertex 43.0297 -31.7492 18
    endloop
  endfacet
  facet normal -0.492898 -0.870087 0
    outer loop
      vertex 41.4923 -30.8782 -18
      vertex 43.0297 -31.7492 18
      vertex 41.4923 -30.8782 18
    endloop
  endfacet
  facet normal 0 0 -1
    outer loop
      vertex 60 0 -18
      vertex 44.608 -32.5436 -18
      vertex 43.0297 -31.7492 -18
    endloop
  endfacet
  facet normal 0 0 1
    outer loop
      vertex 60 0 18
      vertex 43.0297 -31.7492 18
      vertex 44.608 -32.5436 18
    endloop
  endfacet
  facet normal -0.449611 -0.893224 0
    outer loop
      vertex 43.0297 -31.7492 -18
      vertex 44.608 -32.5436 -18
      vertex 44.608 -32.5436 18
    endloop
  endfacet
  facet normal -0.449611 -0.893224 0
    outer loop
      vertex 43.0297 -31.7492 -18
      vertex 44.608 -32.5436 18
      vertex 43.0297 -31.7492 18
    endloop
  endfacet
  facet normal 0 0 -1
    outer loop
      vertex 60 0 -18
      vertex 46.2234 -33.2597 -18
      vertex 44.608 -32.5436 -18
    endloop
  endfacet
  facet normal 0 0 1
    outer loop
      vertex 60 0 18
      vertex 44.608 -32.5436 18
      vertex 46.2234 -33.2597 18
    endloop
  endfacet
  facet normal -0.405241 -0.91421 0
    outer loop
      vertex 44.608 -32.5436 -18
      vertex 46.2234 -33.2597 -18
      vertex 46.2234 -33.2597 18
    endloop
  endfacet
  facet normal -0.405241 -0.91421 0
    outer loop
      vertex 44.608 -32.5436 -18
      vertex 46.2234 -33.2597 18
      vertex 44.608 -32.5436 18
    endloop
  endfacet
  facet normal 0 0 -1
    outer loop
      vertex 60 0 -18
      vertex 47.872 -33.8956 -18
      vertex 46.2234 -33.2597 -18
    endloop
  endfacet
  facet normal 0 0 1
    outer loop
      vertex 60 0 18
      vertex 46.2234 -33.2597 18
      vertex 47.872 -33.8956 18
    endloop
  endfacet
  facet normal -0.359895 -0.932993 0
    outer loop
      vertex 46.2234 -33.2597 -18
      vertex 47.872 -33.8956 -18
      vertex 47.872 -33.8956 18
    endloop
  endfacet
  facet normal -0.359895 -0.932993 0
    outer loop
      vertex 46.2234 -33.2597 -18
      vertex 47.872 -33.8956 18
      vertex 46.2234 -33.2597 18
    endloop
  endfacet
  facet normal 0 0 -1
    outer loop
      vertex 60 0 -18
      vertex 49.5498 -34.4499 -18
      vertex 47.872 -33.8956 -18
    endloop
  endfacet
  facet normal 0 0 1
    outer loop
      vertex 60 0 18
      vertex 47.872 -33.8956 18
      vertex 49.5498 -34.4499 18
    endloop
  endfacet
  facet normal -0.313682 -0.949528 0
    outer loop
      vertex 47.872 -33.8956 -18
      vertex 49.5498 -34.4499 -18
      vertex 49.5498 -34.4499 18
    endloop
  endfacet
  facet normal -0.313682 -0.949528 0
    outer loop
      vertex 47.872 -33.8956 -18
      vertex 49.5498 -34.4499 18
      vertex 47.872 -33.8956 18
    endloop
  endfacet
  facet normal 0 0 -1
    outer loop
      vertex 60 0 -18
      vertex 51.2527 -34.9211 -18
      vertex 49.5498 -34.4499 -18
    endloop
  endfacet
  facet normal 0 0 1
    outer loop
      vertex 60 0 18
      vertex 49.5498 -34.4499 18
      vertex 51.2527 -34.9211 18
    endloop
  endfacet
  facet normal -0.266713 -0.963776 0
    outer loop
      vertex 49.5498 -34.4499 -18
      vertex 51.2527 -34.9211 -18
      vertex 51.2527 -34.9211 18
    endloop
  endfacet
  facet normal -0.266713 -0.963776 0
    outer loop
      vertex 49.5498 -34.4499 -18
      vertex 51.2527 -34.9211 18
      vertex 49.5498 -34.4499 18
    endloop
  endfacet
  facet normal 0 0 -1
    outer loop
      vertex 60 0 -18
      vertex 52.9767 -35.3083 -18
      vertex 51.2527 -34.9211 -18
    endloop
  endfacet
  facet normal 0 0 1
    outer loop
      vertex 60 0 18
      vertex 51.2527 -34.9211 18
      vertex 52.9767 -35.3083 18
    endloop
  endfacet
  facet normal -0.219101 -0.975702 0
    outer loop
      vertex 51.2527 -34.9211 -18
      vertex 52.9767 -35.3083 -18
      vertex 52.9767 -35.3083 18
    endloop
  endfacet
  facet normal -0.219101 -0.975702 0
    outer loop
      vertex 51.2527 -34.9211 -18
      vertex 52.9767 -35.3083 18
      vertex 51.2527 -34.9211 18
    endloop
  endfacet
  facet normal 0 0 -1
    outer loop
      vertex 60 0 -18
      vertex 54.7177 -35.6104 -18
      vertex 52.9767 -35.3083 -18
    endloop
  endfacet
  facet normal 0 0 1
    outer loop
      vertex 60 0 18
      vertex 52.9767 -35.3083 18
      vertex 54.7177 -35.6104 18
    endloop
  endfacet
  facet normal -0.170962 -0.985278 0
    outer loop
      vertex 52.9767 -35.3083 -18
      vertex 54.7177 -35.6104 -18
      vertex 54.7177 -35.6104 18
    endloop
  endfacet
  facet normal -0.170962 -0.985278 0
    outer loop
      vertex 52.9767 -35.3083 -18
      vertex 54.7177 -35.6104 18
      vertex 52.9767 -35.3083 18
    endloop
  endfacet
  facet normal 0 0 -1
    outer loop
      vertex 60 0 -18
      vertex 56.4714 -35.8267 -18
      vertex 54.7177 -35.6104 -18
    endloop
  endfacet
  facet normal 0 0 1
    outer loop
      vertex 60 0 18
      vertex 54.7177 -35.6104 18
      vertex 56.4714 -35.8267 18
    endloop
  endfacet
  facet normal -0.122411 -0.99248 0
    outer loop
      vertex 54.7177 -35.6104 -18
      vertex 56.4714 -35.8267 -18
      vertex 56.4714 -35.8267 18
    endloop
  endfacet
  facet normal -0.122411 -0.99248 0
    outer loop
      vertex 54.7177 -35.6104 -18
      vertex 56.4714 -35.8267 18
      vertex 54.7177 -35.6104 18
    endloop
  endfacet
  facet normal 0 0 -1
    outer loop
      vertex 60 0 -18
      vertex 58.2336 -35.9566 -18
      vertex 56.4714 -35.8267 -18
    endloop
  endfacet
  facet normal 0 0 1
    outer loop
      vertex 60 0 18
      vertex 56.4714 -35.8267 18
      vertex 58.2336 -35.9566 18
    endloop
  endfacet
  facet normal -0.0735646 -0.99729 0
    outer loop
      vertex 56.4714 -35.8267 -18
      vertex 58.2336 -35.9566 -18
      vertex 58.2336 -35.9566 18
    endloop
  endfacet
  facet normal -0.0735646 -0.99729 0
    outer loop
      vertex 56.4714 -35.8267 -18
      vertex 58.2336 -35.9566 18
      vertex 56.4714 -35.8267 18
    endloop
  endfacet
  facet normal 0 0 -1
    outer loop
      vertex 60 0 -18
      vertex 60 -36 -18
      vertex 58.2336 -35.9566 -18
    endloop
  endfacet
  facet normal 0 0 1
    outer loop
      vertex 60 0 18
      vertex 58.2336 -35.9566 18
      vertex 60 -36 18
    endloop
  endfacet
  facet normal -0.0245412 -0.999699 0
    outer loop
      vertex 58.2336 -35.9566 -18
      vertex 60 -36 -18
      vertex 60 -36 18
    endloop
  endfacet
  facet normal -0.0245412 -0.999699 0
    outer loop
      vertex 58.2336 -35.9566 -18
      vertex 60 -36 18
      vertex 58.2336 -35.9566 18
    endloop
  endfacet
  facet normal 0 0 -1
    outer loop
      vertex 60 0 -18
      vertex 61.7664 -35.9566 -18
      vertex 60 -36 -18
    endloop
  endfacet
  facet normal 0 0 1
    outer loop
      vertex 60 0 18
      vertex 60 -36 18
      vertex 61.7664 -35.9566 18
    endloop
  endfacet
  facet normal 0.0245412 -0.999699 0
    outer loop
      vertex 60 -36 -18
      vertex 61.7664 -35.9566 -18
      vertex 61.7664 -35.9566 18
    endloop
  endfacet
  facet normal 0.0245412 -0.999699 0
    outer loop
      vertex 60 -36 -18
      vertex 61.7664 -35.9566 18
      vertex 60 -36 18
    endloop
  endfacet
  facet normal 0 0 -1
    outer loop
      vertex 60 0 -18
      vertex 63.5286 -35.8267 -18
      vertex 61.7664 -35.9566 -18
    endloop
  endfacet
  facet normal 0 0 1
    outer loop
      vertex 60 0 18
      vertex 61.7664 -35.9566 18
      vertex 63.5286 -35.8267 18
    endloop
  endfacet
  facet normal 0.0735646 -0.99729 0
    outer loop
      vertex 61.7664 -35.9566 -18
      vertex 63.5286 -35.8267 -18
      vertex 63.5286 -35.8267 18
    endloop
  endfacet
  facet normal 0.0735646 -0.99729 0
    outer loop
      vertex 61.7664 -35.9566 -18
      vertex 63.5286 -35.8267 18
      vertex 61.7664 -35.9566 18
    endloop
  endfacet
  facet normal 0 0 -1
    outer loop
      vertex 60 0 -18
      vertex 65.2823 -35.6104 -18
      vertex 63.5286 -35.8267 -18
    endloop
  endfacet
  facet normal 0 0 1
    outer loop
      vertex 60 0 18
      vertex 63.5286 -35.8267 18
      vertex 65.2823 -35.6104 18
    endloop
  endfacet
  facet normal 0.122411 -0.99248 0
    outer loop
      vertex 63.5286 -35.8267 -18
      vertex 65.2823 -35.6104 -18
      vertex 65.2823 -35.6104 18
    endloop
  endfacet
  facet normal 0.122411 -0.99248 0
    outer loop
      vertex 63.5286 -35.8267 -18
      vertex 65.2823 -35.6104 18
      vertex 63.5286 -35.8267 18
    endloop
  endfacet
  facet normal 0 0 -1
    outer loop
      vertex 60 0 -18
      vertex 67.0233 -35.3083 -18
      vertex 65.2823 -35.6104 -18
    endloop
  endfacet
  facet normal 0 0 1
    outer loop
      vertex 60 0 18
      vertex 65.2823 -35.6104 18
      vertex 67.0233 -35.3083 18
    endloop
  endfacet
  facet normal 0.170962 -0.985278 0
    outer loop
      vertex 65.2823 -35.6104 -18
      vertex 67.0233 -35.3083 -18
      vertex 67.0233 -35.3083 18
    endloop
  endfacet
  facet normal 0.170962 -0.985278 0
    outer loop
      vertex 65.2823 -35.6104 -18
      vertex 67.0233 -35.3083 18
      vertex 65.2823 -35.6104 18
    endloop
  endfacet
  facet normal 0 0 -1
    outer loop
      vertex 60 0 -18
      vertex 68.7473 -34.9211 -18
      vertex 67.0233 -35.3083 -18
    endloop
  endfacet
  facet normal 0 0 1
    outer loop
      vertex 60 0 18
      vertex 67.0233 -35.3083 18
      vertex 68.7473 -34.9211 18
    endloop
  endfacet
  facet normal 0.219101 -0.975702 0
    outer loop
      vertex 67.0233 -35.3083 -18
      vertex 68.7473 -34.9211 -18
      vertex 68.7473 -34.9211 18
    endloop
  endfacet
  facet normal 0.219101 -0.975702 0
    outer loop
      vertex 67.0233 -35.3083 -18
      vertex 68.7473 -34.9211 18
      vertex 67.0233 -35.3083 18
    endloop
  endfacet
  facet normal 0 0 -1
    outer loop
      vertex 60 0 -18
      vertex 70.4502 -34.4499 -18
      vertex 68.7473 -34.9211 -18
    endloop
  endfacet
  facet normal 0 0 1
    outer loop
      vertex 60 0 18
      vertex 68.7473 -34.9211 18
      vertex 70.4502 -34.4499 18
    endloop
  endfacet
  facet normal 0.266713 -0.963776 0
    outer loop
      vertex 68.7473 -34.9211 -18
      vertex 70.4502 -34.4499 -18
      vertex 70.4502 -34.4499 18
    endloop
  endfacet
  facet normal 0.266713 -0.963776 0
    outer loop
      vertex 68.7473 -34.9211 -18
      vertex 70.4502 -34.4499 18
      vertex 68.7473 -34.9211 18
    endloop
  endfacet
  facet normal 0 0 -1
    outer loop
      vertex 60 0 -18
      vertex 72.128 -33.8956 -18
      vertex 70.4502 -34.4499 -18
    endloop
  endfacet
  facet normal 0 0 1
    outer loop
      vertex 60 0 18
      vertex 70.4502 -34.4499 18
      vertex 72.128 -33.8956 18
    endloop
  endfacet
  facet normal 0.313682 -0.949528 0
    outer loop
      vertex 70.4502 -34.4499 -18
      vertex 72.128 -33.8956 -18
      vertex 72.128 -33.8956 18
    endloop
  endfacet
  facet normal 0.313682 -0.949528 0
    outer loop
      vertex 70.4502 -34.4499 -18
      vertex 72.128 -33.8956 18
      vertex 70.4502 -34.4499 18
    endloop
  endfacet
  facet normal 0 0 -1
    outer loop
      vertex 60 0 -18
      vertex 73.7766 -33.2597 -18
      vertex 72.128 -33.8956 -18
    endloop
  endfacet
  facet normal 0 0 1
    outer loop
      vertex 60 0 18
      vertex 72.128 -33.8956 18
      vertex 73.7766 -33.2597 18
    endloop
  endfacet
  facet normal 0.359895 -0.932993 0
    outer loop
      vertex 72.128 -33.8956 -18
      vertex 73.7766 -33.2597 -18
      vertex 73.7766 -33.2597 18
    endloop
  endfacet
  facet normal 0.359895 -0.932993 0
    outer loop
      vertex 72.128 -33.8956 -18
      vertex 73.7766 -33.2597 18
      vertex 72.128 -33.8956 18
    endloop
  endfacet
  facet normal 0 0 -1
    outer loop
      vertex 60 0 -18
      vertex 75.392 -32.5436 -18
      vertex 73.7766 -33.2597 -18
    endloop
  endfacet
  facet normal 0 0 1
    outer loop
      vertex 60 0 18
      vertex 73.7766 -33.2597 18
      vertex 75.392 -32.5436 18
    endloop
  endfacet
  facet normal 0.405241 -0.91421 0
    outer loop
      vertex 73.7766 -33.2597 -18
      vertex 75.392 -32.5436 -18
      vertex 75.392 -32.5436 18
    endloop
  endfacet
  facet normal 0.405241 -0.91421 0
    outer loop
      vertex 73.7766 -33.2597 -18
      vertex 75.392 -32.5436 18
      vertex 73.7766 -33.2597 18
    endloop
  endfacet
  facet normal 0 0 -1
    outer loop
      vertex 60 0 -18
      vertex 76.9703 -31.7492 -18
      vertex 75.392 -32.5436 -18
    endloop
  endfacet
  facet normal 0 0 1
    outer loop
      vertex 60 0 18
      vertex 75.392 -32.5436 18
      vertex 76.9703 -31.7492 18
    endloop
  endfacet
  facet normal 0.449611 -0.893224 0
    outer loop
      vertex 75.392 -32.5436 -18
      vertex 76.9703 -31.7492 -18
      vertex 76.9703 -31.7492 18
    endloop
  endfacet
  facet normal 0.449611 -0.893224 0
    outer loop
      vertex 75.392 -32.5436 -18
      vertex 76.9703 -31.7492 18
      vertex 75.392 -32.5436 18
    endloop
  endfacet
  facet normal 0 0 -1
    outer loop
      vertex 60 0 -18
      vertex 78.5077 -30.8782 -18
      vertex 76.9703 -31.7492 -18
    endloop
  endfacet
  facet normal 0 0 1
    outer loop
      vertex 60 0 18
      vertex 76.9703 -31.7492 18
      vertex 78.5077 -30.8782 18
    endloop
  endfacet
  facet normal 0.492898 -0.870087 0
    outer loop
      vertex 76.9703 -31.7492 -18
      vertex 78.5077 -30.8782 -18
      vertex 78.5077 -30.8782 18
    endloop
  endfacet
  facet normal 0.492898 -0.870087 0
    outer loop
      vertex 76.9703 -31.7492 -18
      vertex 78.5077 -30.8782 18
      vertex 76.9703 -31.7492 18
    endloop
  endfacet
  facet normal 0 0 -1
    outer loop
      vertex 60 0 -18
      vertex 80.0005 -29.9329 -18
      vertex 78.5077 -30.8782 -18
    endloop
  endfacet
  facet normal 0 0 1
    outer loop
      vertex 60 0 18
      vertex 78.5077 -30.8782 18
      vertex 80.0005 -29.9329 18
    endloop
  endfacet
  facet normal 0.534998 -0.844854 0
    outer loop
      vertex 78.5077 -30.8782 -18
      vertex 80.0005 -29.9329 -18
      vertex 80.0005 -29.9329 18
    endloop
  endfacet
  facet normal 0.534998 -0.844854 0
    outer loop
      vertex 78.5077 -30.8782 -18
      vertex 80.0005 -29.9329 18
      vertex 78.5077 -30.8782 18
    endloop
  endfacet
  facet normal 0 0 -1
    outer loop
      vertex 60 0 -18
      vertex 81.4452 -28.9155 -18
      vertex 80.0005 -29.9329 -18
    endloop
  endfacet
  facet normal 0 0 1
    outer loop
      vertex 60 0 18
      vertex 80.0005 -29.9329 18
      vertex 81.4452 -28.9155 18
    endloop
  endfacet
  facet normal 0.575808 -0.817585 0
    outer loop
      vertex 80.0005 -29.9329 -18
      vertex 81.4452 -28.9155 -18
      vertex 81.4452 -28.9155 18
    endloop
  endfacet
  facet normal 0.575808 -0.817585 0
    outer loop
      vertex 80.0005 -29.9329 -18
      vertex 81.4452 -28.9155 18
      vertex 80.0005 -29.9329 18
    endloop
  endfacet
  facet normal 0 0 -1
    outer loop
      vertex 60 0 -18
      vertex 82.8382 -27.8284 -18
      vertex 81.4452 -28.9155 -18
    endloop
  endfacet
  facet normal 0 0 1
    outer loop
      vertex 60 0 18
      vertex 81.4452 -28.9155 18
      vertex 82.8382 -27.8284 18
    endloop
  endfacet
  facet normal 0.615232 -0.788346 0
    outer loop
      vertex 81.4452 -28.9155 -18
      vertex 82.8382 -27.8284 -18
      vertex 82.8382 -27.8284 18
    endloop
  endfacet
  facet normal 0.615232 -0.788346 0
    outer loop
      vertex 81.4452 -28.9155 -18
      vertex 82.8382 -27.8284 18
      vertex 81.4452 -28.9155 18
    endloop
  endfacet
  facet normal 0 0 -1
    outer loop
      vertex 60 0 -18
      vertex 84.1761 -26.6742 -18
      vertex 82.8382 -27.8284 -18
    endloop
  endfacet
  facet normal 0 0 1
    outer loop
      vertex 60 0 18
      vertex 82.8382 -27.8284 18
      vertex 84.1761 -26.6742 18
    endloop
  endfacet
  facet normal 0.653173 -0.757209 0
    outer loop
      vertex 82.8382 -27.8284 -18
      vertex 84.1761 -26.6742 -18
      vertex 84.1761 -26.6742 18
    endloop
  endfacet
  facet normal 0.653173 -0.757209 0
    outer loop
      vertex 82.8382 -27.8284 -18
      vertex 84.1761 -26.6742 18
      vertex 82.8382 -27.8284 18
    endloop
  endfacet
  facet normal 0 0 -1
    outer loop
      vertex 60 0 -18
      vertex 85.4558 -25.4558 -18
      vertex 84.1761 -26.6742 -18
    endloop
  endfacet
  facet normal 0 0 1
    outer loop
      vertex 60 0 18
      vertex 84.1761 -26.6742 18
      vertex 85.4558 -25.4558 18
    endloop
  endfacet
  facet normal 0.689541 -0.724247 0
    outer loop
      vertex 84.1761 -26.6742 -18
      vertex 85.4558 -25.4558 -18
      vertex 85.4558 -25.4558 18
    endloop
  endfacet
  facet normal 0.689541 -0.724247 0
    outer loop
      vertex 84.1761 -26.6742 -18
      vertex 85.4558 -25.4558 18
      vertex 84.1761 -26.6742 18
    endloop
  endfacet
  facet normal 0 0 -1
    outer loop
      vertex 60 0 -18
      vertex 86.6742 -24.1761 -18
      vertex 85.4558 -25.4558 -18
    endloop
  endfacet
  facet normal 0 0 1
    outer loop
      vertex 60 0 18
      vertex 85.4558 -25.4558 18
      vertex 86.6742 -24.1761 18
    endloop
  endfacet
  facet normal 0.724247 -0.689541 0
    outer loop
      vertex 85.4558 -25.4558 -18
      vertex 86.6742 -24.1761 -18
      vertex 86.6742 -24.1761 18
    endloop
  endfacet
  facet normal 0.724247 -0.689541 0
    outer loop
      vertex 85.4558 -25.4558 -18
      vertex 86.6742 -24.1761 18
      vertex 85.4558 -25.4558 18
    endloop
  endfacet
  facet normal 0 0 -1
    outer loop
      vertex 60 0 -18
      vertex 87.8284 -22.8382 -18
      vertex 86.6742 -24.1761 -18
    endloop
  endfacet
  facet normal 0 0 1
    outer loop
      vertex 60 0 18
      vertex 86.6742 -24.1761 18
      vertex 87.8284 -22.8382 18
    endloop
  endfacet
  facet normal 0.757209 -0.653173 0
    outer loop
      vertex 86.6742 -24.1761 -18
      vertex 87.8284 -22.8382 -18
      vertex 87.8284 -22.8382 18
    endloop
  endfacet
  facet normal 0.757209 -0.653173 0
    outer loop
      vertex 86.6742 -24.1761 -18
      vertex 87.8284 -22.8382 18
      vertex 86.6742 -24.1761 18
    endloop
  endfacet
  facet normal 0 0 -1
    outer loop
      vertex 60 0 -18
      vertex 88.9155 -21.4452 -18
      vertex 87.8284 -22.8382 -18
    endloop
  endfacet
  facet normal 0 0 1
    outer loop
      vertex 60 0 18
      vertex 87.8284 -22.8382 18
      vertex 88.9155 -21.4452 18
    endloop
  endfacet
  facet normal 0.788346 -0.615232 0
    outer loop
      vertex 87.8284 -22.8382 -18
      vertex 88.9155 -21.4452 -18
      vertex 88.9155 -21.4452 18
    endloop
  endfacet
  facet normal 0.788346 -0.615232 0
    outer loop
      vertex 87.8284 -22.8382 -18
      vertex 88.9155 -21.4452 18
      vertex 87.8284 -22.8382 18
    endloop
  endfacet
  facet normal 0 0 -1
    outer loop
      vertex 60 0 -18
      vertex 89.9329 -20.0005 -18
      vertex 88.9155 -21.4452 -18
    endloop
  endfacet
  facet normal 0 0 1
    outer loop
      vertex 60 0 18
      vertex 88.9155 -21.4452 18
      vertex 89.9329 -20.0005 18
    endloop
  endfacet
  facet normal 0.817585 -0.575808 0
    outer loop
      vertex 88.9155 -21.4452 -18
      vertex 89.9329 -20.0005 -18
      vertex 89.9329 -20.0005 18
    endloop
  endfacet
  facet normal 0.817585 -0.575808 0
    outer loop
      vertex 88.9155 -21.4452 -18
      vertex 89.9329 -20.0005 18
      vertex 88.9155 -21.4452 18
    endloop
  endfacet
  facet normal 0 0 -1
    outer loop
      vertex 60 0 -18
      vertex 90.8782 -18.5077 -18
      vertex 89.9329 -20.0005 -18
    endloop
  endfacet
  facet normal 0 0 1
    outer loop
      vertex 60 0 18
      vertex 89.9329 -20.0005 18
      vertex 90.8782 -18.5077 18
    endloop
  endfacet
  facet normal 0.844854 -0.534998 0
    outer loop
      vertex 89.9329 -20.0005 -18
      vertex 90.8782 -18.5077 -18
      vertex 90.8782 -18.5077 18
    endloop
  endfacet
  facet normal 0.844854 -0.534998 0
    outer loop
      vertex 89.9329 -20.0005 -18
      vertex 90.8782 -18.5077 18
      vertex 89.9329 -20.0005 18
    endloop
  endfacet
  facet normal 0 0 -1
    outer loop
      vertex 60 0 -18
      vertex 91.7492 -16.9703 -18
      vertex 90.8782 -18.5077 -18
    endloop
  endfacet
  facet normal 0 0 1
    outer loop
      vertex 60 0 18
      vertex 90.8782 -18.5077 18
      vertex 91.7492 -16.9703 18
    endloop
  endfacet
  facet normal 0.870087 -0.492898 0
    outer loop
      vertex 90.8782 -18.5077 -18
      vertex 91.7492 -16.9703 -18
      vertex 91.7492 -16.9703 18
    endloop
  endfacet
  facet normal 0.870087 -0.492898 0
    outer loop
      vertex 90.8782 -18.5077 -18
      vertex 91.7492 -16.9703 18
      vertex 90.8782 -18.5077 18
    endloop
  endfacet
  facet normal 0 0 -1
    outer loop
      vertex 60 0 -18
      vertex 92.5436 -15.392 -18
      vertex 91.7492 -16.9703 -18
    endloop
  endfacet
  facet normal 0 0 1
    outer loop
      vertex 60 0 18
      vertex 91.7492 -16.9703 18
      vertex 92.5436 -15.392 18
    endloop
  endfacet
  facet normal 0.893224 -0.449611 0
    outer loop
      vertex 91.7492 -16.9703 -18
      vertex 92.5436 -15.392 -18
      vertex 92.5436 -15.392 18
    endloop
  endfacet
  facet normal 0.893224 -0.449611 0
    outer loop
      vertex 91.7492 -16.9703 -18
      vertex 92.5436 -15.392 18
      vertex 91.7492 -16.9703 18
    endloop
  endfacet
  facet normal 0 0 -1
    outer loop
      vertex 60 0 -18
      vertex 93.2597 -13.7766 -18
      vertex 92.5436 -15.392 -18
    endloop
  endfacet
  facet normal 0 0 1
    outer loop
      vertex 60 0 18
      vertex 92.5436 -15.392 18
      vertex 93.2597 -13.7766 18
    endloop
  endfacet
  facet normal 0.91421 -0.405241 0
    outer loop
      vertex 92.5436 -15.392 -18
      vertex 93.2597 -13.7766 -18
      vertex 93.2597 -13.7766 18
    endloop
  endfacet
  facet normal 0.91421 -0.405241 0
    outer loop
      vertex 92.5436 -15.392 -18
      vertex 93.2597 -13.7766 18
      vertex 92.5436 -15.392 18
    endloop
  endfacet
  facet normal 0 0 -1
    outer loop
      vertex 60 0 -18
      vertex 93.8956 -12.128 -18
      vertex 93.2597 -13.7766 -18
    endloop
  endfacet
  facet normal 0 0 1
    outer loop
      vertex 60 0 18
      vertex 93.2597 -13.7766 18
      vertex 93.8956 -12.128 18
    endloop
  endfacet
  facet normal 0.932993 -0.359895 0
    outer loop
      vertex 93.2597 -13.7766 -18
      vertex 93.8956 -12.128 -18
      vertex 93.8956 -12.128 18
    endloop
  endfacet
  facet normal 0.932993 -0.359895 0
    outer loop
      vertex 93.2597 -13.7766 -18
      vertex 93.8956 -12.128 18
      vertex 93.2597 -13.7766 18
    endloop
  endfacet
  facet normal 0 0 -1
    outer loop
      vertex 60 0 -18
      vertex 94.4499 -10.4502 -18
      vertex 93.8956 -12.128 -18
    endloop
  endfacet
  facet normal 0 0 1
    outer loop
      vertex 60 0 18
      vertex 93.8956 -12.128 18
      vertex 94.4499 -10.4502 18
    endloop
  endfacet
  facet normal 0.949528 -0.313682 0
    outer loop
      vertex 93.8956 -12.128 -18
      vertex 94.4499 -10.4502 -18
      vertex 94.4499 -10.4502 18
    endloop
  endfacet
  facet normal 0.949528 -0.313682 0
    outer loop
      vertex 93.8956 -12.128 -18
      vertex 94.4499 -10.4502 18
      vertex 93.8956 -12.128 18
    endloop
  endfacet
  facet normal 0 0 -1
    outer loop
      vertex 60 0 -18
      vertex 94.9211 -8.74729 -18
      vertex 94.4499 -10.4502 -18
    endloop
  endfacet
  facet normal 0 0 1
    outer loop
      vertex 60 0 18
      vertex 94.4499 -10.4502 18
      vertex 94.9211 -8.74729 18
    endloop
  endfacet
  facet normal 0.963776 -0.266713 0
    outer loop
      vertex 94.4499 -10.4502 -18
      vertex 94.9211 -8.74729 -18
      vertex 94.9211 -8.74729 18
    endloop
  endfacet
  facet normal 0.963776 -0.266713 0
    outer loop
      vertex 94.4499 -10.4502 -18
      vertex 94.9211 -8.74729 18
      vertex 94.4499 -10.4502 18
    endloop
  endfacet
  facet normal 0 0 -1
    outer loop
      vertex 60 0 -18
      vertex 95.3083 -7.02325 -18
      vertex 94.9211 -8.74729 -18
    endloop
  endfacet
  facet normal 0 0 1
    outer loop
      vertex 60 0 18
      vertex 94.9211 -8.74729 18
      vertex 95.3083 -7.02325 18
    endloop
  endfacet
  facet normal 0.975702 -0.219101 0
    outer loop
      vertex 94.9211 -8.74729 -18
      vertex 95.3083 -7.02325 -18
      vertex 95.3083 -7.02325 18
    endloop
  endfacet
  facet normal 0.975702 -0.219101 0
    outer loop
      vertex 94.9211 -8.74729 -18
      vertex 95.3083 -7.02325 18
      vertex 94.9211 -8.74729 18
    endloop
  endfacet
  facet normal 0 0 -1
    outer loop
      vertex 60 0 -18
      vertex 95.6104 -5.2823 -18
      vertex 95.3083 -7.02325 -18
    endloop
  endfacet
  facet normal 0 0 1
    outer loop
      vertex 60 0 18
      vertex 95.3083 -7.02325 18
      vertex 95.6104 -5.2823 18
    endloop
  endfacet
  facet normal 0.985278 -0.170962 0
    outer loop
      vertex 95.3083 -7.02325 -18
      vertex 95.6104 -5.2823 -18
      vertex 95.6104 -5.2823 18
    endloop
  endfacet
  facet normal 0.985278 -0.170962 0
    outer loop
      vertex 95.3083 -7.02325 -18
      vertex 95.6104 -5.2823 18
      vertex 95.3083 -7.02325 18
    endloop
  endfacet
  facet normal 0 0 -1
    outer loop
      vertex 60 0 -18
      vertex 95.8267 -3.52862 -18
      vertex 95.6104 -5.2823 -18
    endloop
  endfacet
  facet normal 0 0 1
    outer loop
      vertex 60 0 18
      vertex 95.6104 -5.2823 18
      vertex 95.8267 -3.52862 18
    endloop
  endfacet
  facet normal 0.99248 -0.122411 0
    outer loop
      vertex 95.6104 -5.2823 -18
      vertex 95.8267 -3.52862 -18
      vertex 95.8267 -3.52862 18
    endloop
  endfacet
  facet normal 0.99248 -0.122411 0
    outer loop
      vertex 95.6104 -5.2823 -18
      vertex 95.8267 -3.52862 18
      vertex 95.6104 -5.2823 18
    endloop
  endfacet
  facet normal 0 0 -1
    outer loop
      vertex 60 0 -18
      vertex 95.9566 -1.76644 -18
      vertex 95.8267 -3.52862 -18
    endloop
  endfacet
  facet normal 0 0 1
    outer loop
      vertex 60 0 18
      vertex 95.8267 -3.52862 18
      vertex 95.9566 -1.76644 18
    endloop
  endfacet
  facet normal 0.99729 -0.0735646 0
    outer loop
      vertex 95.8267 -3.52862 -18
      vertex 95.9566 -1.76644 -18
      vertex 95.9566 -1.76644 18
    endloop
  endfacet
  facet normal 0.99729 -0.0735646 0
    outer loop
      vertex 95.8267 -3.52862 -18
      vertex 95.9566 -1.76644 18
      vertex 95.8267 -3.52862 18
    endloop
  endfacet
  facet normal 0 0 -1
    outer loop
      vertex 60 0 -18
      vertex 96 -8.81746e-15 -18
      vertex 95.9566 -1.76644 -18
    endloop
  endfacet
  facet normal 0 0 1
    outer loop
      vertex 60 0 18
      vertex 95.9566 -1.76644 18
      vertex 96 -8.81746e-15 18
    endloop
  endfacet
  facet normal 0.999699 -0.0245412 0
    outer loop
      vertex 95.9566 -1.76644 -18
      vertex 96 -8.81746e-15 -18
      vertex 96 -8.81746e-15 18
    endloop
  endfacet
  facet normal 0.999699 -0.0245412 0
    outer loop
      vertex 95.9566 -1.76644 -18
      vertex 96 -8.81746e-15 18
      vertex 95.9566 -1.76644 18
    endloop
  endfacet
  facet normal 0 0 -1
    outer loop
      vertex 0 -43.5 -62
      vertex 60 43.5 -62
      vertex 60 -43.5 -62
    endloop
  endfacet
  facet normal 0 0 -1
    outer loop
      vertex 0 -43.5 -62
      vertex 0 43.5 -62
      vertex 60 43.5 -62
    endloop
  endfacet
  facet normal 0 0 1
    outer loop
      vertex 0 -43.5 -18
      vertex 60 -43.5 -18
      vertex 60 43.5 -18
    endloop
  endfacet
  facet normal 0 0 1
    outer loop
      vertex 0 -43.5 -18
      vertex 60 43.5 -18
      vertex 0 43.5 -18
    endloop
  endfacet
  facet normal -1 0 0
    outer loop
      vertex 0 -43.5 -62
      vertex 0 -43.5 -18
      vertex 0 43.5 -18
    endloop
  endfacet
  facet normal -1 0 0
    outer loop
      vertex 0 -43.5 -62
      vertex 0 43.5 -18
      vertex 0 43.5 -62
    endloop
  endfacet
  facet normal 1 0 0
    outer loop
      vertex 60 -43.5 -62
      vertex 60 43.5 -62
      vertex 60 43.5 -18
    endloop
  endfacet
  facet normal 1 0 0
    outer loop
      vertex 60 -43.5 -62
      vertex 60 43.5 -18
      vertex 60 -43.5 -18
    endloop
  endfacet
  facet normal 0 -1 0
    outer loop
      vertex 0 -43.5 -62
      vertex 60 -43.5 -62
      vertex 60 -43.5 -18
    endloop
  endfacet
  facet normal 0 -1 0
    outer loop
      vertex 0 -43.5 -62
      vertex 60 -43.5 -18
      vertex 0 -43.5 -18
    endloop
  endfacet
  facet normal 0 1 0
    outer loop
      vertex 0 43.5 -62
      vertex 0 43.5 -18
      vertex 60 43.5 -18
    endloop
  endfacet
  facet normal 0 1 0
    outer loop
      vertex 0 43.5 -62
      vertex 60 43.5 -18
      vertex 60 43.5 -62
    endloop
  endfacet
  facet normal 0 0 -1
    outer loop
      vertex 0 0 -62
      vertex 43.4476 2.13444 -62
      vertex 43.5 0 -62
    endloop
  endfacet
  facet normal 0 0 1
    outer loop
      vertex 0 0 -18
      vertex 43.5 0 -18
      vertex 43.4476 2.13444 -18
    endloop
  endfacet
  facet normal 0.999699 0.0245412 0
    outer loop
      vertex 43.5 0 -62
      vertex 43.4476 2.13444 -62
      vertex 43.4476 2.13444 -18
    endloop
  endfacet
  facet normal 0.999699 0.0245412 0
    outer loop
      vertex 43.5 0 -62
      vertex 43.4476 2.13444 -18
      vertex 43.5 0 -18
    endloop
  endfacet
  facet normal 0 0 -1
    outer loop
      vertex 0 0 -62
      vertex 43.2905 4.26375 -62
      vertex 43.4476 2.13444 -62
    endloop
  endfacet
  facet normal 0 0 1
    outer loop
      vertex 0 0 -18
      vertex 43.4476 2.13444 -18
      vertex 43.2905 4.26375 -18
    endloop
  endfacet
  facet normal 0.99729 0.0735646 0
    outer loop
      vertex 43.4476 2.13444 -62
      vertex 43.2905 4.26375 -62
      vertex 43.2905 4.26375 -18
    endloop
  endfacet
  facet normal 0.99729 0.0735646 0
    outer loop
      vertex 43.4476 2.13444 -62
      vertex 43.2905 4.26375 -18
      vertex 43.4476 2.13444 -18
    endloop
  endfacet
  facet normal 0 0 -1
    outer loop
      vertex 0 0 -62
      vertex 43.0292 6.38278 -62
      vertex 43.2905 4.26375 -62
    endloop
  endfacet
  facet normal 0 0 1
    outer loop
      vertex 0 0 -18
      vertex 43.2905 4.26375 -18
      vertex 43.0292 6.38278 -18
    endloop
  endfacet
  facet normal 0.99248 0.122411 0
    outer loop
      vertex 43.2905 4.26375 -62
      vertex 43.0292 6.38278 -62
      vertex 43.0292 6.38278 -18
    endloop
  endfacet
  facet normal 0.99248 0.122411 0
    outer loop
      vertex 43.2905 4.26375 -62
      vertex 43.0292 6.38278 -18
      vertex 43.2905 4.26375 -18
    endloop
  endfacet
  facet normal 0 0 -1
    outer loop
      vertex 0 0 -62
      vertex 42.6642 8.48643 -62
      vertex 43.0292 6.38278 -62
    endloop
  endfacet
  facet normal 0 0 1
    outer loop
      vertex 0 0 -18
      vertex 43.0292 6.38278 -18
      vertex 42.6642 8.48643 -18
    endloop
  endfacet
  facet normal 0.985278 0.170962 0
    outer loop
      vertex 43.0292 6.38278 -62
      vertex 42.6642 8.48643 -62
      vertex 42.6642 8.48643 -18
    endloop
  endfacet
  facet normal 0.985278 0.170962 0
    outer loop
      vertex 43.0292 6.38278 -62
      vertex 42.6642 8.48643 -18
      vertex 43.0292 6.38278 -18
    endloop
  endfacet
  facet normal 0 0 -1
    outer loop
      vertex 0 0 -62
      vertex 42.1964 10.5696 -62
      vertex 42.6642 8.48643 -62
    endloop
  endfacet
  facet normal 0 0 1
    outer loop
      vertex 0 0 -18
      vertex 42.6642 8.48643 -18
      vertex 42.1964 10.5696 -18
    endloop
  endfacet
  facet normal 0.975702 0.219101 0
    outer loop
      vertex 42.6642 8.48643 -62
      vertex 42.1964 10.5696 -62
      vertex 42.1964 10.5696 -18
    endloop
  endfacet
  facet normal 0.975702 0.219101 0
    outer loop
      vertex 42.6642 8.48643 -62
      vertex 42.1964 10.5696 -18
      vertex 42.6642 8.48643 -18
    endloop
  endfacet
  facet normal 0 0 -1
    outer loop
      vertex 0 0 -62
      vertex 41.6269 12.6274 -62
      vertex 42.1964 10.5696 -62
    endloop
  endfacet
  facet normal 0 0 1
    outer loop
      vertex 0 0 -18
      vertex 42.1964 10.5696 -18
      vertex 41.6269 12.6274 -18
    endloop
  endfacet
  facet normal 0.963776 0.266713 0
    outer loop
      vertex 42.1964 10.5696 -62
      vertex 41.6269 12.6274 -62
      vertex 41.6269 12.6274 -18
    endloop
  endfacet
  facet normal 0.963776 0.266713 0
    outer loop
      vertex 42.1964 10.5696 -62
      vertex 41.6269 12.6274 -18
      vertex 42.1964 10.5696 -18
    endloop
  endfacet
  facet normal 0 0 -1
    outer loop
      vertex 0 0 -62
      vertex 40.9572 14.6547 -62
      vertex 41.6269 12.6274 -62
    endloop
  endfacet
  facet normal 0 0 1
    outer loop
      vertex 0 0 -18
      vertex 41.6269 12.6274 -18
      vertex 40.9572 14.6547 -18
    endloop
  endfacet
  facet normal 0.949528 0.313682 0
    outer loop
      vertex 41.6269 12.6274 -62
      vertex 40.9572 14.6547 -62
      vertex 40.9572 14.6547 -18
    endloop
  endfacet
  facet normal 0.949528 0.313682 0
    outer loop
      vertex 41.6269 12.6274 -62
      vertex 40.9572 14.6547 -18
      vertex 41.6269 12.6274 -18
    endloop
  endfacet
  facet normal 0 0 -1
    outer loop
      vertex 0 0 -62
      vertex 40.1888 16.6467 -62
      vertex 40.9572 14.6547 -62
    endloop
  endfacet
  facet normal 0 0 1
    outer loop
      vertex 0 0 -18
      vertex 40.9572 14.6547 -18
      vertex 40.1888 16.6467 -18
    endloop
  endfacet
  facet normal 0.932993 0.359895 0
    outer loop
      vertex 40.9572 14.6547 -62
      vertex 40.1888 16.6467 -62
      vertex 40.1888 16.6467 -18
    endloop
  endfacet
  facet normal 0.932993 0.359895 0
    outer loop
      vertex 40.9572 14.6547 -62
      vertex 40.1888 16.6467 -18
      vertex 40.9572 14.6547 -18
    endloop
  endfacet
  facet normal 0 0 -1
    outer loop
      vertex 0 0 -62
      vertex 39.3235 18.5986 -62
      vertex 40.1888 16.6467 -62
    endloop
  endfacet
  facet normal 0 0 1
    outer loop
      vertex 0 0 -18
      vertex 40.1888 16.6467 -18
      vertex 39.3235 18.5986 -18
    endloop
  endfacet
  facet normal 0.91421 0.405241 0
    outer loop
      vertex 40.1888 16.6467 -62
      vertex 39.3235 18.5986 -62
      vertex 39.3235 18.5986 -18
    endloop
  endfacet
  facet normal 0.91421 0.405241 0
    outer loop
      vertex 40.1888 16.6467 -62
      vertex 39.3235 18.5986 -18
      vertex 40.1888 16.6467 -18
    endloop
  endfacet
  facet normal 0 0 -1
    outer loop
      vertex 0 0 -62
      vertex 38.3636 20.5058 -62
      vertex 39.3235 18.5986 -62
    endloop
  endfacet
  facet normal 0 0 1
    outer loop
      vertex 0 0 -18
      vertex 39.3235 18.5986 -18
      vertex 38.3636 20.5058 -18
    endloop
  endfacet
  facet normal 0.893224 0.449611 0
    outer loop
      vertex 39.3235 18.5986 -62
      vertex 38.3636 20.5058 -62
      vertex 38.3636 20.5058 -18
    endloop
  endfacet
  facet normal 0.893224 0.449611 0
    outer loop
      vertex 39.3235 18.5986 -62
      vertex 38.3636 20.5058 -18
      vertex 39.3235 18.5986 -18
    endloop
  endfacet
  facet normal 0 0 -1
    outer loop
      vertex 0 0 -62
      vertex 37.3112 22.3635 -62
      vertex 38.3636 20.5058 -62
    endloop
  endfacet
  facet normal 0 0 1
    outer loop
      vertex 0 0 -18
      vertex 38.3636 20.5058 -18
      vertex 37.3112 22.3635 -18
    endloop
  endfacet
  facet normal 0.870087 0.492898 0
    outer loop
      vertex 38.3636 20.5058 -62
      vertex 37.3112 22.3635 -62
      vertex 37.3112 22.3635 -18
    endloop
  endfacet
  facet normal 0.870087 0.492898 0
    outer loop
      vertex 38.3636 20.5058 -62
      vertex 37.3112 22.3635 -18
      vertex 38.3636 20.5058 -18
    endloop
  endfacet
  facet normal 0 0 -1
    outer loop
      vertex 0 0 -62
      vertex 36.1689 24.1673 -62
      vertex 37.3112 22.3635 -62
    endloop
  endfacet
  facet normal 0 0 1
    outer loop
      vertex 0 0 -18
      vertex 37.3112 22.3635 -18
      vertex 36.1689 24.1673 -18
    endloop
  endfacet
  facet normal 0.844854 0.534998 0
    outer loop
      vertex 37.3112 22.3635 -62
      vertex 36.1689 24.1673 -62
      vertex 36.1689 24.1673 -18
    endloop
  endfacet
  facet normal 0.844854 0.534998 0
    outer loop
      vertex 37.3112 22.3635 -62
      vertex 36.1689 24.1673 -18
      vertex 37.3112 22.3635 -18
    endloop
  endfacet
  facet normal 0 0 -1
    outer loop
      vertex 0 0 -62
      vertex 34.9395 25.9129 -62
      vertex 36.1689 24.1673 -62
    endloop
  endfacet
  facet normal 0 0 1
    outer loop
      vertex 0 0 -18
      vertex 36.1689 24.1673 -18
      vertex 34.9395 25.9129 -18
    endloop
  endfacet
  facet normal 0.817585 0.575808 0
    outer loop
      vertex 36.1689 24.1673 -62
      vertex 34.9395 25.9129 -62
      vertex 34.9395 25.9129 -18
    endloop
  endfacet
  facet normal 0.817585 0.575808 0
    outer loop
      vertex 36.1689 24.1673 -62
      vertex 34.9395 25.9129 -18
      vertex 36.1689 24.1673 -18
    endloop
  endfacet
  facet normal 0 0 -1
    outer loop
      vertex 0 0 -62
      vertex 33.626 27.5961 -62
      vertex 34.9395 25.9129 -62
    endloop
  endfacet
  facet normal 0 0 1
    outer loop
      vertex 0 0 -18
      vertex 34.9395 25.9129 -18
      vertex 33.626 27.5961 -18
    endloop
  endfacet
  facet normal 0.788346 0.615232 0
    outer loop
      vertex 34.9395 25.9129 -62
      vertex 33.626 27.5961 -62
      vertex 33.626 27.5961 -18
    endloop
  endfacet
  facet normal 0.788346 0.615232 0
    outer loop
      vertex 34.9395 25.9129 -62
      vertex 33.626 27.5961 -18
      vertex 34.9395 25.9129 -18
    endloop
  endfacet
  facet normal 0 0 -1
    outer loop
      vertex 0 0 -62
      vertex 32.2314 29.2128 -62
      vertex 33.626 27.5961 -62
    endloop
  endfacet
  facet normal 0 0 1
    outer loop
      vertex 0 0 -18
      vertex 33.626 27.5961 -18
      vertex 32.2314 29.2128 -18
    endloop
  endfacet
  facet normal 0.757209 0.653173 0
    outer loop
      vertex 33.626 27.5961 -62
      vertex 32.2314 29.2128 -62
      vertex 32.2314 29.2128 -18
    endloop
  endfacet
  facet normal 0.757209 0.653173 0
    outer loop
      vertex 33.626 27.5961 -62
      vertex 32.2314 29.2128 -18
      vertex 33.626 27.5961 -18
    endloop
  endfacet
  facet normal 0 0 -1
    outer loop
      vertex 0 0 -62
      vertex 30.7591 30.7591 -62
      vertex 32.2314 29.2128 -62
    endloop
  endfacet
  facet normal 0 0 1
    outer loop
      vertex 0 0 -18
      vertex 32.2314 29.2128 -18
      vertex 30.7591 30.7591 -18
    endloop
  endfacet
  facet normal 0.724247 0.689541 0
    outer loop
      vertex 32.2314 29.2128 -62
      vertex 30.7591 30.7591 -62
      vertex 30.7591 30.7591 -18
    endloop
  endfacet
  facet normal 0.724247 0.689541 0
    outer loop
      vertex 32.2314 29.2128 -62
      vertex 30.7591 30.7591 -18
      vertex 32.2314 29.2128 -18
    endloop
  endfacet
  facet normal 0 0 -1
    outer loop
      vertex 0 0 -62
      vertex 29.2128 32.2314 -62
      vertex 30.7591 30.7591 -62
    endloop
  endfacet
  facet normal 0 0 1
    outer loop
      vertex 0 0 -18
      vertex 30.7591 30.7591 -18
      vertex 29.2128 32.2314 -18
    endloop
  endfacet
  facet normal 0.689541 0.724247 0
    outer loop
      vertex 30.7591 30.7591 -62
      vertex 29.2128 32.2314 -62
      vertex 29.2128 32.2314 -18
    endloop
  endfacet
  facet normal 0.689541 0.724247 0
    outer loop
      vertex 30.7591 30.7591 -62
      vertex 29.2128 32.2314 -18
      vertex 30.7591 30.7591 -18
    endloop
  endfacet
  facet normal 0 0 -1
    outer loop
      vertex 0 0 -62
      vertex 27.5961 33.626 -62
      vertex 29.2128 32.2314 -62
    endloop
  endfacet
  facet normal 0 0 1
    outer loop
      vertex 0 0 -18
      vertex 29.2128 32.2314 -18
      vertex 27.5961 33.626 -18
    endloop
  endfacet
  facet normal 0.653173 0.757209 0
    outer loop
      vertex 29.2128 32.2314 -62
      vertex 27.5961 33.626 -62
      vertex 27.5961 33.626 -18
    endloop
  endfacet
  facet normal 0.653173 0.757209 0
    outer loop
      vertex 29.2128 32.2314 -62
      vertex 27.5961 33.626 -18
      vertex 29.2128 32.2314 -18
    endloop
  endfacet
  facet normal 0 0 -1
    outer loop
      vertex 0 0 -62
      vertex 25.9129 34.9395 -62
      vertex 27.5961 33.626 -62
    endloop
  endfacet
  facet normal 0 0 1
    outer loop
      vertex 0 0 -18
      vertex 27.5961 33.626 -18
      vertex 25.9129 34.9395 -18
    endloop
  endfacet
  facet normal 0.615232 0.788346 0
    outer loop
      vertex 27.5961 33.626 -62
      vertex 25.9129 34.9395 -62
      vertex 25.9129 34.9395 -18
    endloop
  endfacet
  facet normal 0.615232 0.788346 0
    outer loop
      vertex 27.5961 33.626 -62
      vertex 25.9129 34.9395 -18
      vertex 27.5961 33.626 -18
    endloop
  endfacet
  facet normal 0 0 -1
    outer loop
      vertex 0 0 -62
      vertex 24.1673 36.1689 -62
      vertex 25.9129 34.9395 -62
    endloop
  endfacet
  facet normal 0 0 1
    outer loop
      vertex 0 0 -18
      vertex 25.9129 34.9395 -18
      vertex 24.1673 36.1689 -18
    endloop
  endfacet
  facet normal 0.575808 0.817585 0
    outer loop
      vertex 25.9129 34.9395 -62
      vertex 24.1673 36.1689 -62
      vertex 24.1673 36.1689 -18
    endloop
  endfacet
  facet normal 0.575808 0.817585 0
    outer loop
      vertex 25.9129 34.9395 -62
      vertex 24.1673 36.1689 -18
      vertex 25.9129 34.9395 -18
    endloop
  endfacet
  facet normal 0 0 -1
    outer loop
      vertex 0 0 -62
      vertex 22.3635 37.3112 -62
      vertex 24.1673 36.1689 -62
    endloop
  endfacet
  facet normal 0 0 1
    outer loop
      vertex 0 0 -18
      vertex 24.1673 36.1689 -18
      vertex 22.3635 37.3112 -18
    endloop
  endfacet
  facet normal 0.534998 0.844854 0
    outer loop
      vertex 24.1673 36.1689 -62
      vertex 22.3635 37.3112 -62
      vertex 22.3635 37.3112 -18
    endloop
  endfacet
  facet normal 0.534998 0.844854 0
    outer loop
      vertex 24.1673 36.1689 -62
      vertex 22.3635 37.3112 -18
      vertex 24.1673 36.1689 -18
    endloop
  endfacet
  facet normal 0 0 -1
    outer loop
      vertex 0 0 -62
      vertex 20.5058 38.3636 -62
      vertex 22.3635 37.3112 -62
    endloop
  endfacet
  facet normal 0 0 1
    outer loop
      vertex 0 0 -18
      vertex 22.3635 37.3112 -18
      vertex 20.5058 38.3636 -18
    endloop
  endfacet
  facet normal 0.492898 0.870087 0
    outer loop
      vertex 22.3635 37.3112 -62
      vertex 20.5058 38.3636 -62
      vertex 20.5058 38.3636 -18
    endloop
  endfacet
  facet normal 0.492898 0.870087 0
    outer loop
      vertex 22.3635 37.3112 -62
      vertex 20.5058 38.3636 -18
      vertex 22.3635 37.3112 -18
    endloop
  endfacet
  facet normal 0 0 -1
    outer loop
      vertex 0 0 -62
      vertex 18.5986 39.3235 -62
      vertex 20.5058 38.3636 -62
    endloop
  endfacet
  facet normal 0 0 1
    outer loop
      vertex 0 0 -18
      vertex 20.5058 38.3636 -18
      vertex 18.5986 39.3235 -18
    endloop
  endfacet
  facet normal 0.449611 0.893224 0
    outer loop
      vertex 20.5058 38.3636 -62
      vertex 18.5986 39.3235 -62
      vertex 18.5986 39.3235 -18
    endloop
  endfacet
  facet normal 0.449611 0.893224 0
    outer loop
      vertex 20.5058 38.3636 -62
      vertex 18.5986 39.3235 -18
      vertex 20.5058 38.3636 -18
    endloop
  endfacet
  facet normal 0 0 -1
    outer loop
      vertex 0 0 -62
      vertex 16.6467 40.1888 -62
      vertex 18.5986 39.3235 -62
    endloop
  endfacet
  facet normal 0 0 1
    outer loop
      vertex 0 0 -18
      vertex 18.5986 39.3235 -18
      vertex 16.6467 40.1888 -18
    endloop
  endfacet
  facet normal 0.405241 0.91421 0
    outer loop
      vertex 18.5986 39.3235 -62
      vertex 16.6467 40.1888 -62
      vertex 16.6467 40.1888 -18
    endloop
  endfacet
  facet normal 0.405241 0.91421 0
    outer loop
      vertex 18.5986 39.3235 -62
      vertex 16.6467 40.1888 -18
      vertex 18.5986 39.3235 -18
    endloop
  endfacet
  facet normal 0 0 -1
    outer loop
      vertex 0 0 -62
      vertex 14.6547 40.9572 -62
      vertex 16.6467 40.1888 -62
    endloop
  endfacet
  facet normal 0 0 1
    outer loop
      vertex 0 0 -18
      vertex 16.6467 40.1888 -18
      vertex 14.6547 40.9572 -18
    endloop
  endfacet
  facet normal 0.359895 0.932993 0
    outer loop
      vertex 16.6467 40.1888 -62
      vertex 14.6547 40.9572 -62
      vertex 14.6547 40.9572 -18
    endloop
  endfacet
  facet normal 0.359895 0.932993 0
    outer loop
      vertex 16.6467 40.1888 -62
      vertex 14.6547 40.9572 -18
      vertex 16.6467 40.1888 -18
    endloop
  endfacet
  facet normal 0 0 -1
    outer loop
      vertex 0 0 -62
      vertex 12.6274 41.6269 -62
      vertex 14.6547 40.9572 -62
    endloop
  endfacet
  facet normal 0 0 1
    outer loop
      vertex 0 0 -18
      vertex 14.6547 40.9572 -18
      vertex 12.6274 41.6269 -18
    endloop
  endfacet
  facet normal 0.313682 0.949528 0
    outer loop
      vertex 14.6547 40.9572 -62
      vertex 12.6274 41.6269 -62
      vertex 12.6274 41.6269 -18
    endloop
  endfacet
  facet normal 0.313682 0.949528 0
    outer loop
      vertex 14.6547 40.9572 -62
      vertex 12.6274 41.6269 -18
      vertex 14.6547 40.9572 -18
    endloop
  endfacet
  facet normal 0 0 -1
    outer loop
      vertex 0 0 -62
      vertex 10.5696 42.1964 -62
      vertex 12.6274 41.6269 -62
    endloop
  endfacet
  facet normal 0 0 1
    outer loop
      vertex 0 0 -18
      vertex 12.6274 41.6269 -18
      vertex 10.5696 42.1964 -18
    endloop
  endfacet
  facet normal 0.266713 0.963776 0
    outer loop
      vertex 12.6274 41.6269 -62
      vertex 10.5696 42.1964 -62
      vertex 10.5696 42.1964 -18
    endloop
  endfacet
  facet normal 0.266713 0.963776 0
    outer loop
      vertex 12.6274 41.6269 -62
      vertex 10.5696 42.1964 -18
      vertex 12.6274 41.6269 -18
    endloop
  endfacet
  facet normal 0 0 -1
    outer loop
      vertex 0 0 -62
      vertex 8.48643 42.6642 -62
      vertex 10.5696 42.1964 -62
    endloop
  endfacet
  facet normal 0 0 1
    outer loop
      vertex 0 0 -18
      vertex 10.5696 42.1964 -18
      vertex 8.48643 42.6642 -18
    endloop
  endfacet
  facet normal 0.219101 0.975702 0
    outer loop
      vertex 10.5696 42.1964 -62
      vertex 8.48643 42.6642 -62
      vertex 8.48643 42.6642 -18
    endloop
  endfacet
  facet normal 0.219101 0.975702 0
    outer loop
      vertex 10.5696 42.1964 -62
      vertex 8.48643 42.6642 -18
      vertex 10.5696 42.1964 -18
    endloop
  endfacet
  facet normal 0 0 -1
    outer loop
      vertex 0 0 -62
      vertex 6.38278 43.0292 -62
      vertex 8.48643 42.6642 -62
    endloop
  endfacet
  facet normal 0 0 1
    outer loop
      vertex 0 0 -18
      vertex 8.48643 42.6642 -18
      vertex 6.38278 43.0292 -18
    endloop
  endfacet
  facet normal 0.170962 0.985278 0
    outer loop
      vertex 8.48643 42.6642 -62
      vertex 6.38278 43.0292 -62
      vertex 6.38278 43.0292 -18
    endloop
  endfacet
  facet normal 0.170962 0.985278 0
    outer loop
      vertex 8.48643 42.6642 -62
      vertex 6.38278 43.0292 -18
      vertex 8.48643 42.6642 -18
    endloop
  endfacet
  facet normal 0 0 -1
    outer loop
      vertex 0 0 -62
      vertex 4.26375 43.2905 -62
      vertex 6.38278 43.0292 -62
    endloop
  endfacet
  facet normal 0 0 1
    outer loop
      vertex 0 0 -18
      vertex 6.38278 43.0292 -18
      vertex 4.26375 43.2905 -18
    endloop
  endfacet
  facet normal 0.122411 0.99248 0
    outer loop
      vertex 6.38278 43.0292 -62
      vertex 4.26375 43.2905 -62
      vertex 4.26375 43.2905 -18
    endloop
  endfacet
  facet normal 0.122411 0.99248 0
    outer loop
      vertex 6.38278 43.0292 -62
      vertex 4.26375 43.2905 -18
      vertex 6.38278 43.0292 -18
    endloop
  endfacet
  facet normal 0 0 -1
    outer loop
      vertex 0 0 -62
      vertex 2.13444 43.4476 -62
      vertex 4.26375 43.2905 -62
    endloop
  endfacet
  facet normal 0 0 1
    outer loop
      vertex 0 0 -18
      vertex 4.26375 43.2905 -18
      vertex 2.13444 43.4476 -18
    endloop
  endfacet
  facet normal 0.0735646 0.99729 0
    outer loop
      vertex 4.26375 43.2905 -62
      vertex 2.13444 43.4476 -62
      vertex 2.13444 43.4476 -18
    endloop
  endfacet
  facet normal 0.0735646 0.99729 0
    outer loop
      vertex 4.26375 43.2905 -62
      vertex 2.13444 43.4476 -18
      vertex 4.26375 43.2905 -18
    endloop
  endfacet
  facet normal 0 0 -1
    outer loop
      vertex 0 0 -62
      vertex 2.66361e-15 43.5 -62
      vertex 2.13444 43.4476 -62
    endloop
  endfacet
  facet normal 0 0 1
    outer loop
      vertex 0 0 -18
      vertex 2.13444 43.4476 -18
      vertex 2.66361e-15 43.5 -18
    endloop
  endfacet
  facet normal 0.0245412 0.999699 0
    outer loop
      vertex 2.13444 43.4476 -62
      vertex 2.66361e-15 43.5 -62
      vertex 2.66361e-15 43.5 -18
    endloop
  endfacet
  facet normal 0.0245412 0.999699 0
    outer loop
      vertex 2.13444 43.4476 -62
      vertex 2.66361e-15 43.5 -18
      vertex 2.13444 43.4476 -18
    endloop
  endfacet
  facet normal 0 0 -1
    outer loop
      vertex 0 0 -62
      vertex -2.13444 43.4476 -62
      vertex 2.66361e-15 43.5 -62
    endloop
  endfacet
  facet normal 0 0 1
    outer loop
      vertex 0 0 -18
      vertex 2.66361e-15 43.5 -18
      vertex -2.13444 43.4476 -18
    endloop
  endfacet
  facet normal -0.0245412 0.999699 0
    outer loop
      vertex 2.66361e-15 43.5 -62
      vertex -2.13444 43.4476 -62
      vertex -2.13444 43.4476 -18
    endloop
  endfacet
  facet normal -0.0245412 0.999699 0
    outer loop
      vertex 2.66361e-15 43.5 -62
      vertex -2.13444 43.4476 -18
      vertex 2.66361e-15 43.5 -18
    endloop
  endfacet
  facet normal 0 0 -1
    outer loop
      vertex 0 0 -62
      vertex -4.26375 43.2905 -62
      vertex -2.13444 43.4476 -62
    endloop
  endfacet
  facet normal 0 0 1
    outer loop
      vertex 0 0 -18
      vertex -2.13444 43.4476 -18
      vertex -4.26375 43.2905 -18
    endloop
  endfacet
  facet normal -0.0735646 0.99729 0
    outer loop
      vertex -2.13444 43.4476 -62
      vertex -4.26375 43.2905 -62
      vertex -4.26375 43.2905 -18
    endloop
  endfacet
  facet normal -0.0735646 0.99729 0
    outer loop
      vertex -2.13444 43.4476 -62
      vertex -4.26375 43.2905 -18
      vertex -2.13444 43.4476 -18
    endloop
  endfacet
  facet normal 0 0 -1
    outer loop
      vertex 0 0 -62
      vertex -6.38278 43.0292 -62
      vertex -4.26375 43.2905 -62
    endloop
  endfacet
  facet normal 0 0 1
    outer loop
      vertex 0 0 -18
      vertex -4.26375 43.2905 -18
      vertex -6.38278 43.0292 -18
    endloop
  endfacet
  facet normal -0.122411 0.99248 0
    outer loop
      vertex -4.26375 43.2905 -62
      vertex -6.38278 43.0292 -62
      vertex -6.38278 43.0292 -18
    endloop
  endfacet
  facet normal -0.122411 0.99248 0
    outer loop
      vertex -4.26375 43.2905 -62
      vertex -6.38278 43.0292 -18
      vertex -4.26375 43.2905 -18
    endloop
  endfacet
  facet normal 0 0 -1
    outer loop
      vertex 0 0 -62
      vertex -8.48643 42.6642 -62
      vertex -6.38278 43.0292 -62
    endloop
  endfacet
  facet normal 0 0 1
    outer loop
      vertex 0 0 -18
      vertex -6.38278 43.0292 -18
      vertex -8.48643 42.6642 -18
    endloop
  endfacet
  facet normal -0.170962 0.985278 0
    outer loop
      vertex -6.38278 43.0292 -62
      vertex -8.48643 42.6642 -62
      vertex -8.48643 42.6642 -18
    endloop
  endfacet
  facet normal -0.170962 0.985278 0
    outer loop
      vertex -6.38278 43.0292 -62
      vertex -8.48643 42.6642 -18
      vertex -6.38278 43.0292 -18
    endloop
  endfacet
  facet normal 0 0 -1
    outer loop
      vertex 0 0 -62
      vertex -10.5696 42.1964 -62
      vertex -8.48643 42.6642 -62
    endloop
  endfacet
  facet normal 0 0 1
    outer loop
      vertex 0 0 -18
      vertex -8.48643 42.6642 -18
      vertex -10.5696 42.1964 -18
    endloop
  endfacet
  facet normal -0.219101 0.975702 0
    outer loop
      vertex -8.48643 42.6642 -62
      vertex -10.5696 42.1964 -62
      vertex -10.5696 42.1964 -18
    endloop
  endfacet
  facet normal -0.219101 0.975702 0
    outer loop
      vertex -8.48643 42.6642 -62
      vertex -10.5696 42.1964 -18
      vertex -8.48643 42.6642 -18
    endloop
  endfacet
  facet normal 0 0 -1
    outer loop
      vertex 0 0 -62
      vertex -12.6274 41.6269 -62
      vertex -10.5696 42.1964 -62
    endloop
  endfacet
  facet normal 0 0 1
    outer loop
      vertex 0 0 -18
      vertex -10.5696 42.1964 -18
      vertex -12.6274 41.6269 -18
    endloop
  endfacet
  facet normal -0.266713 0.963776 0
    outer loop
      vertex -10.5696 42.1964 -62
      vertex -12.6274 41.6269 -62
      vertex -12.6274 41.6269 -18
    endloop
  endfacet
  facet normal -0.266713 0.963776 0
    outer loop
      vertex -10.5696 42.1964 -62
      vertex -12.6274 41.6269 -18
      vertex -10.5696 42.1964 -18
    endloop
  endfacet
  facet normal 0 0 -1
    outer loop
      vertex 0 0 -62
      vertex -14.6547 40.9572 -62
      vertex -12.6274 41.6269 -62
    endloop
  endfacet
  facet normal 0 0 1
    outer loop
      vertex 0 0 -18
      vertex -12.6274 41.6269 -18
      vertex -14.6547 40.9572 -18
    endloop
  endfacet
  facet normal -0.313682 0.949528 0
    outer loop
      vertex -12.6274 41.6269 -62
      vertex -14.6547 40.9572 -62
      vertex -14.6547 40.9572 -18
    endloop
  endfacet
  facet normal -0.313682 0.949528 0
    outer loop
      vertex -12.6274 41.6269 -62
      vertex -14.6547 40.9572 -18
      vertex -12.6274 41.6269 -18
    endloop
  endfacet
  facet normal 0 0 -1
    outer loop
      vertex 0 0 -62
      vertex -16.6467 40.1888 -62
      vertex -14.6547 40.9572 -62
    endloop
  endfacet
  facet normal 0 0 1
    outer loop
      vertex 0 0 -18
      vertex -14.6547 40.9572 -18
      vertex -16.6467 40.1888 -18
    endloop
  endfacet
  facet normal -0.359895 0.932993 0
    outer loop
      vertex -14.6547 40.9572 -62
      vertex -16.6467 40.1888 -62
      vertex -16.6467 40.1888 -18
    endloop
  endfacet
  facet normal -0.359895 0.932993 0
    outer loop
      vertex -14.6547 40.9572 -62
      vertex -16.6467 40.1888 -18
      vertex -14.6547 40.9572 -18
    endloop
  endfacet
  facet normal 0 0 -1
    outer loop
      vertex 0 0 -62
      vertex -18.5986 39.3235 -62
      vertex -16.6467 40.1888 -62
    endloop
  endfacet
  facet normal 0 0 1
    outer loop
      vertex 0 0 -18
      vertex -16.6467 40.1888 -18
      vertex -18.5986 39.3235 -18
    endloop
  endfacet
  facet normal -0.405241 0.91421 0
    outer loop
      vertex -16.6467 40.1888 -62
      vertex -18.5986 39.3235 -62
      vertex -18.5986 39.3235 -18
    endloop
  endfacet
  facet normal -0.405241 0.91421 0
    outer loop
      vertex -16.6467 40.1888 -62
      vertex -18.5986 39.3235 -18
      vertex -16.6467 40.1888 -18
    endloop
  endfacet
  facet normal 0 0 -1
    outer loop
      vertex 0 0 -62
      vertex -20.5058 38.3636 -62
      vertex -18.5986 39.3235 -62
    endloop
  endfacet
  facet normal 0 0 1
    outer loop
      vertex 0 0 -18
      vertex -18.5986 39.3235 -18
      vertex -20.5058 38.3636 -18
    endloop
  endfacet
  facet normal -0.449611 0.893224 0
    outer loop
      vertex -18.5986 39.3235 -62
      vertex -20.5058 38.3636 -62
      vertex -20.5058 38.3636 -18
    endloop
  endfacet
  facet normal -0.449611 0.893224 0
    outer loop
      vertex -18.5986 39.3235 -62
      vertex -20.5058 38.3636 -18
      vertex -18.5986 39.3235 -18
    endloop
  endfacet
  facet normal 0 0 -1
    outer loop
      vertex 0 0 -62
      vertex -22.3635 37.3112 -62
      vertex -20.5058 38.3636 -62
    endloop
  endfacet
  facet normal 0 0 1
    outer loop
      vertex 0 0 -18
      vertex -20.5058 38.3636 -18
      vertex -22.3635 37.3112 -18
    endloop
  endfacet
  facet normal -0.492898 0.870087 0
    outer loop
      vertex -20.5058 38.3636 -62
      vertex -22.3635 37.3112 -62
      vertex -22.3635 37.3112 -18
    endloop
  endfacet
  facet normal -0.492898 0.870087 0
    outer loop
      vertex -20.5058 38.3636 -62
      vertex -22.3635 37.3112 -18
      vertex -20.5058 38.3636 -18
    endloop
  endfacet
  facet normal 0 0 -1
    outer loop
      vertex 0 0 -62
      vertex -24.1673 36.1689 -62
      vertex -22.3635 37.3112 -62
    endloop
  endfacet
  facet normal 0 0 1
    outer loop
      vertex 0 0 -18
      vertex -22.3635 37.3112 -18
      vertex -24.1673 36.1689 -18
    endloop
  endfacet
  facet normal -0.534998 0.844854 0
    outer loop
      vertex -22.3635 37.3112 -62
      vertex -24.1673 36.1689 -62
      vertex -24.1673 36.1689 -18
    endloop
  endfacet
  facet normal -0.534998 0.844854 0
    outer loop
      vertex -22.3635 37.3112 -62
      vertex -24.1673 36.1689 -18
      vertex -22.3635 37.3112 -18
    endloop
  endfacet
  facet normal 0 0 -1
    outer loop
      vertex 0 0 -62
      vertex -25.9129 34.9395 -62
      vertex -24.1673 36.1689 -62
    endloop
  endfacet
  facet normal 0 0 1
    outer loop
      vertex 0 0 -18
      vertex -24.1673 36.1689 -18
      vertex -25.9129 34.9395 -18
    endloop
  endfacet
  facet normal -0.575808 0.817585 0
    outer loop
      vertex -24.1673 36.1689 -62
      vertex -25.9129 34.9395 -62
      vertex -25.9129 34.9395 -18
    endloop
  endfacet
  facet normal -0.575808 0.817585 0
    outer loop
      vertex -24.1673 36.1689 -62
      vertex -25.9129 34.9395 -18
      vertex -24.1673 36.1689 -18
    endloop
  endfacet
  facet normal 0 0 -1
    outer loop
      vertex 0 0 -62
      vertex -27.5961 33.626 -62
      vertex -25.9129 34.9395 -62
    endloop
  endfacet
  facet normal 0 0 1
    outer loop
      vertex 0 0 -18
      vertex -25.9129 34.9395 -18
      vertex -27.5961 33.626 -18
    endloop
  endfacet
  facet normal -0.615232 0.788346 0
    outer loop
      vertex -25.9129 34.9395 -62
      vertex -27.5961 33.626 -62
      vertex -27.5961 33.626 -18
    endloop
  endfacet
  facet normal -0.615232 0.788346 0
    outer loop
      vertex -25.9129 34.9395 -62
      vertex -27.5961 33.626 -18
      vertex -25.9129 34.9395 -18
    endloop
  endfacet
  facet normal 0 0 -1
    outer loop
      vertex 0 0 -62
      vertex -29.2128 32.2314 -62
      vertex -27.5961 33.626 -62
    endloop
  endfacet
  facet normal 0 0 1
    outer loop
      vertex 0 0 -18
      vertex -27.5961 33.626 -18
      vertex -29.2128 32.2314 -18
    endloop
  endfacet
  facet normal -0.653173 0.757209 0
    outer loop
      vertex -27.5961 33.626 -62
      vertex -29.2128 32.2314 -62
      vertex -29.2128 32.2314 -18
    endloop
  endfacet
  facet normal -0.653173 0.757209 0
    outer loop
      vertex -27.5961 33.626 -62
      vertex -29.2128 32.2314 -18
      vertex -27.5961 33.626 -18
    endloop
  endfacet
  facet normal 0 0 -1
    outer loop
      vertex 0 0 -62
      vertex -30.7591 30.7591 -62
      vertex -29.2128 32.2314 -62
    endloop
  endfacet
  facet normal 0 0 1
    outer loop
      vertex 0 0 -18
      vertex -29.2128 32.2314 -18
      vertex -30.7591 30.7591 -18
    endloop
  endfacet
  facet normal -0.689541 0.724247 0
    outer loop
      vertex -29.2128 32.2314 -62
      vertex -30.7591 30.7591 -62
      vertex -30.7591 30.7591 -18
    endloop
  endfacet
  facet normal -0.689541 0.724247 0
    outer loop
      vertex -29.2128 32.2314 -62
      vertex -30.7591 30.7591 -18
      vertex -29.2128 32.2314 -18
    endloop
  endfacet
  facet normal 0 0 -1
    outer loop
      vertex 0 0 -62
      vertex -32.2314 29.2128 -62
      vertex -30.7591 30.7591 -62
    endloop
  endfacet
  facet normal 0 0 1
    outer loop
      vertex 0 0 -18
      vertex -30.7591 30.7591 -18
      vertex -32.2314 29.2128 -18
    endloop
  endfacet
  facet normal -0.724247 0.689541 0
    outer loop
      vertex -30.7591 30.7591 -62
      vertex -32.2314 29.2128 -62
      vertex -32.2314 29.2128 -18
    endloop
  endfacet
  facet normal -0.724247 0.689541 0
    outer loop
      vertex -30.7591 30.7591 -62
      vertex -32.2314 29.2128 -18
      vertex -30.7591 30.7591 -18
    endloop
  endfacet
  facet normal 0 0 -1
    outer loop
      vertex 0 0 -62
      vertex -33.626 27.5961 -62
      vertex -32.2314 29.2128 -62
    endloop
  endfacet
  facet normal 0 0 1
    outer loop
      vertex 0 0 -18
      vertex -32.2314 29.2128 -18
      vertex -33.626 27.5961 -18
    endloop
  endfacet
  facet normal -0.757209 0.653173 0
    outer loop
      vertex -32.2314 29.2128 -62
      vertex -33.626 27.5961 -62
      vertex -33.626 27.5961 -18
    endloop
  endfacet
  facet normal -0.757209 0.653173 0
    outer loop
      vertex -32.2314 29.2128 -62
      vertex -33.626 27.5961 -18
      vertex -32.2314 29.2128 -18
    endloop
  endfacet
  facet normal 0 0 -1
    outer loop
      vertex 0 0 -62
      vertex -34.9395 25.9129 -62
      vertex -33.626 27.5961 -62
    endloop
  endfacet
  facet normal 0 0 1
    outer loop
      vertex 0 0 -18
      vertex -33.626 27.5961 -18
      vertex -34.9395 25.9129 -18
    endloop
  endfacet
  facet normal -0.788346 0.615232 0
    outer loop
      vertex -33.626 27.5961 -62
      vertex -34.9395 25.9129 -62
      vertex -34.9395 25.9129 -18
    endloop
  endfacet
  facet normal -0.788346 0.615232 0
    outer loop
      vertex -33.626 27.5961 -62
      vertex -34.9395 25.9129 -18
      vertex -33.626 27.5961 -18
    endloop
  endfacet
  facet normal 0 0 -1
    outer loop
      vertex 0 0 -62
      vertex -36.1689 24.1673 -62
      vertex -34.9395 25.9129 -62
    endloop
  endfacet
  facet normal 0 0 1
    outer loop
      vertex 0 0 -18
      vertex -34.9395 25.9129 -18
      vertex -36.1689 24.1673 -18
    endloop
  endfacet
  facet normal -0.817585 0.575808 0
    outer loop
      vertex -34.9395 25.9129 -62
      vertex -36.1689 24.1673 -62
      vertex -36.1689 24.1673 -18
    endloop
  endfacet
  facet normal -0.817585 0.575808 0
    outer loop
      vertex -34.9395 25.9129 -62
      vertex -36.1689 24.1673 -18
      vertex -34.9395 25.9129 -18
    endloop
  endfacet
  facet normal 0 0 -1
    outer loop
      vertex 0 0 -62
      vertex -37.3112 22.3635 -62
      vertex -36.1689 24.1673 -62
    endloop
  endfacet
  facet normal 0 0 1
    outer loop
      vertex 0 0 -18
      vertex -36.1689 24.1673 -18
      vertex -37.3112 22.3635 -18
    endloop
  endfacet
  facet normal -0.844854 0.534998 0
    outer loop
      vertex -36.1689 24.1673 -62
      vertex -37.3112 22.3635 -62
      vertex -37.3112 22.3635 -18
    endloop
  endfacet
  facet normal -0.844854 0.534998 0
    outer loop
      vertex -36.1689 24.1673 -62
      vertex -37.3112 22.3635 -18
      vertex -36.1689 24.1673 -18
    endloop
  endfacet
  facet normal 0 0 -1
    outer loop
      vertex 0 0 -62
      vertex -38.3636 20.5058 -62
      vertex -37.3112 22.3635 -62
    endloop
  endfacet
  facet normal 0 0 1
    outer loop
      vertex 0 0 -18
      vertex -37.3112 22.3635 -18
      vertex -38.3636 20.5058 -18
    endloop
  endfacet
  facet normal -0.870087 0.492898 0
    outer loop
      vertex -37.3112 22.3635 -62
      vertex -38.3636 20.5058 -62
      vertex -38.3636 20.5058 -18
    endloop
  endfacet
  facet normal -0.870087 0.492898 0
    outer loop
      vertex -37.3112 22.3635 -62
      vertex -38.3636 20.5058 -18
      vertex -37.3112 22.3635 -18
    endloop
  endfacet
  facet normal 0 0 -1
    outer loop
      vertex 0 0 -62
      vertex -39.3235 18.5986 -62
      vertex -38.3636 20.5058 -62
    endloop
  endfacet
  facet normal 0 0 1
    outer loop
      vertex 0 0 -18
      vertex -38.3636 20.5058 -18
      vertex -39.3235 18.5986 -18
    endloop
  endfacet
  facet normal -0.893224 0.449611 0
    outer loop
      vertex -38.3636 20.5058 -62
      vertex -39.3235 18.5986 -62
      vertex -39.3235 18.5986 -18
    endloop
  endfacet
  facet normal -0.893224 0.449611 0
    outer loop
      vertex -38.3636 20.5058 -62
      vertex -39.3235 18.5986 -18
      vertex -38.3636 20.5058 -18
    endloop
  endfacet
  facet normal 0 0 -1
    outer loop
      vertex 0 0 -62
      vertex -40.1888 16.6467 -62
      vertex -39.3235 18.5986 -62
    endloop
  endfacet
  facet normal 0 0 1
    outer loop
      vertex 0 0 -18
      vertex -39.3235 18.5986 -18
      vertex -40.1888 16.6467 -18
    endloop
  endfacet
  facet normal -0.91421 0.405241 0
    outer loop
      vertex -39.3235 18.5986 -62
      vertex -40.1888 16.6467 -62
      vertex -40.1888 16.6467 -18
    endloop
  endfacet
  facet normal -0.91421 0.405241 0
    outer loop
      vertex -39.3235 18.5986 -62
      vertex -40.1888 16.6467 -18
      vertex -39.3235 18.5986 -18
    endloop
  endfacet
  facet normal 0 0 -1
    outer loop
      vertex 0 0 -62
      vertex -40.9572 14.6547 -62
      vertex -40.1888 16.6467 -62
    endloop
  endfacet
  facet normal 0 0 1
    outer loop
      vertex 0 0 -18
      vertex -40.1888 16.6467 -18
      vertex -40.9572 14.6547 -18
    endloop
  endfacet
  facet normal -0.932993 0.359895 0
    outer loop
      vertex -40.1888 16.6467 -62
      vertex -40.9572 14.6547 -62
      vertex -40.9572 14.6547 -18
    endloop
  endfacet
  facet normal -0.932993 0.359895 0
    outer loop
      vertex -40.1888 16.6467 -62
      vertex -40.9572 14.6547 -18
      vertex -40.1888 16.6467 -18
    endloop
  endfacet
  facet normal 0 0 -1
    outer loop
      vertex 0 0 -62
      vertex -41.6269 12.6274 -62
      vertex -40.9572 14.6547 -62
    endloop
  endfacet
  facet normal 0 0 1
    outer loop
      vertex 0 0 -18
      vertex -40.9572 14.6547 -18
      vertex -41.6269 12.6274 -18
    endloop
  endfacet
  facet normal -0.949528 0.313682 0
    outer loop
      vertex -40.9572 14.6547 -62
      vertex -41.6269 12.6274 -62
      vertex -41.6269 12.6274 -18
    endloop
  endfacet
  facet normal -0.949528 0.313682 0
    outer loop
      vertex -40.9572 14.6547 -62
      vertex -41.6269 12.6274 -18
      vertex -40.9572 14.6547 -18
    endloop
  endfacet
  facet normal 0 0 -1
    outer loop
      vertex 0 0 -62
      vertex -42.1964 10.5696 -62
      vertex -41.6269 12.6274 -62
    endloop
  endfacet
  facet normal 0 0 1
    outer loop
      vertex 0 0 -18
      vertex -41.6269 12.6274 -18
      vertex -42.1964 10.5696 -18
    endloop
  endfacet
  facet normal -0.963776 0.266713 0
    outer loop
      vertex -41.6269 12.6274 -62
      vertex -42.1964 10.5696 -62
      vertex -42.1964 10.5696 -18
    endloop
  endfacet
  facet normal -0.963776 0.266713 0
    outer loop
      vertex -41.6269 12.6274 -62
      vertex -42.1964 10.5696 -18
      vertex -41.6269 12.6274 -18
    endloop
  endfacet
  facet normal 0 0 -1
    outer loop
      vertex 0 0 -62
      vertex -42.6642 8.48643 -62
      vertex -42.1964 10.5696 -62
    endloop
  endfacet
  facet normal 0 0 1
    outer loop
      vertex 0 0 -18
      vertex -42.1964 10.5696 -18
      vertex -42.6642 8.48643 -18
    endloop
  endfacet
  facet normal -0.975702 0.219101 0
    outer loop
      vertex -42.1964 10.5696 -62
      vertex -42.6642 8.48643 -62
      vertex -42.6642 8.48643 -18
    endloop
  endfacet
  facet normal -0.975702 0.219101 0
    outer loop
      vertex -42.1964 10.5696 -62
      vertex -42.6642 8.48643 -18
      vertex -42.1964 10.5696 -18
    endloop
  endfacet
  facet normal 0 0 -1
    outer loop
      vertex 0 0 -62
      vertex -43.0292 6.38278 -62
      vertex -42.6642 8.48643 -62
    endloop
  endfacet
  facet normal 0 0 1
    outer loop
      vertex 0 0 -18
      vertex -42.6642 8.48643 -18
      vertex -43.0292 6.38278 -18
    endloop
  endfacet
  facet normal -0.985278 0.170962 0
    outer loop
      vertex -42.6642 8.48643 -62
      vertex -43.0292 6.38278 -62
      vertex -43.0292 6.38278 -18
    endloop
  endfacet
  facet normal -0.985278 0.170962 0
    outer loop
      vertex -42.6642 8.48643 -62
      vertex -43.0292 6.38278 -18
      vertex -42.6642 8.48643 -18
    endloop
  endfacet
  facet normal 0 0 -1
    outer loop
      vertex 0 0 -62
      vertex -43.2905 4.26375 -62
      vertex -43.0292 6.38278 -62
    endloop
  endfacet
  facet normal 0 0 1
    outer loop
      vertex 0 0 -18
      vertex -43.0292 6.38278 -18
      vertex -43.2905 4.26375 -18
    endloop
  endfacet
  facet normal -0.99248 0.122411 0
    outer loop
      vertex -43.0292 6.38278 -62
      vertex -43.2905 4.26375 -62
      vertex -43.2905 4.26375 -18
    endloop
  endfacet
  facet normal -0.99248 0.122411 0
    outer loop
      vertex -43.0292 6.38278 -62
      vertex -43.2905 4.26375 -18
      vertex -43.0292 6.38278 -18
    endloop
  endfacet
  facet normal 0 0 -1
    outer loop
      vertex 0 0 -62
      vertex -43.4476 2.13444 -62
      vertex -43.2905 4.26375 -62
    endloop
  endfacet
  facet normal 0 0 1
    outer loop
      vertex 0 0 -18
      vertex -43.2905 4.26375 -18
      vertex -43.4476 2.13444 -18
    endloop
  endfacet
  facet normal -0.99729 0.0735646 0
    outer loop
      vertex -43.2905 4.26375 -62
      vertex -43.4476 2.13444 -62
      vertex -43.4476 2.13444 -18
    endloop
  endfacet
  facet normal -0.99729 0.0735646 0
    outer loop
      vertex -43.2905 4.26375 -62
      vertex -43.4476 2.13444 -18
      vertex -43.2905 4.26375 -18
    endloop
  endfacet
  facet normal 0 0 -1
    outer loop
      vertex 0 0 -62
      vertex -43.5 5.32721e-15 -62
      vertex -43.4476 2.13444 -62
    endloop
  endfacet
  facet normal 0 0 1
    outer loop
      vertex 0 0 -18
      vertex -43.4476 2.13444 -18
      vertex -43.5 5.32721e-15 -18
    endloop
  endfacet
  facet normal -0.999699 0.0245412 0
    outer loop
      vertex -43.4476 2.13444 -62
      vertex -43.5 5.32721e-15 -62
      vertex -43.5 5.32721e-15 -18
    endloop
  endfacet
  facet normal -0.999699 0.0245412 0
    outer loop
      vertex -43.4476 2.13444 -62
      vertex -43.5 5.32721e-15 -18
      vertex -43.4476 2.13444 -18
    endloop
  endfacet
  facet normal 0 0 -1
    outer loop
      vertex 0 0 -62
      vertex -43.4476 -2.13444 -62
      vertex -43.5 5.32721e-15 -62
    endloop
  endfacet
  facet normal 0 0 1
    outer loop
      vertex 0 0 -18
      vertex -43.5 5.32721e-15 -18
      vertex -43.4476 -2.13444 -18
    endloop
  endfacet
  facet normal -0.999699 -0.0245412 0
    outer loop
      vertex -43.5 5.32721e-15 -62
      vertex -43.4476 -2.13444 -62
      vertex -43.4476 -2.13444 -18
    endloop
  endfacet
  facet normal -0.999699 -0.0245412 0
    outer loop
      vertex -43.5 5.32721e-15 -62
      vertex -43.4476 -2.13444 -18
      vertex -43.5 5.32721e-15 -18
    endloop
  endfacet
  facet normal 0 0 -1
    outer loop
      vertex 0 0 -62
      vertex -43.2905 -4.26375 -62
      vertex -43.4476 -2.13444 -62
    endloop
  endfacet
  facet normal 0 0 1
    outer loop
      vertex 0 0 -18
      vertex -43.4476 -2.13444 -18
      vertex -43.2905 -4.26375 -18
    endloop
  endfacet
  facet normal -0.99729 -0.0735646 0
    outer loop
      vertex -43.4476 -2.13444 -62
      vertex -43.2905 -4.26375 -62
      vertex -43.2905 -4.26375 -18
    endloop
  endfacet
  facet normal -0.99729 -0.0735646 0
    outer loop
      vertex -43.4476 -2.13444 -62
      vertex -43.2905 -4.26375 -18
      vertex -43.4476 -2.13444 -18
    endloop
  endfacet
  facet normal 0 0 -1
    outer loop
      vertex 0 0 -62
      vertex -43.0292 -6.38278 -62
      vertex -43.2905 -4.26375 -62
    endloop
  endfacet
  facet normal 0 0 1
    outer loop
      vertex 0 0 -18
      vertex -43.2905 -4.26375 -18
      vertex -43.0292 -6.38278 -18
    endloop
  endfacet
  facet normal -0.99248 -0.122411 0
    outer loop
      vertex -43.2905 -4.26375 -62
      vertex -43.0292 -6.38278 -62
      vertex -43.0292 -6.38278 -18
    endloop
  endfacet
  facet normal -0.99248 -0.122411 0
    outer loop
      vertex -43.2905 -4.26375 -62
      vertex -43.0292 -6.38278 -18
      vertex -43.2905 -4.26375 -18
    endloop
  endfacet
  facet normal 0 0 -1
    outer loop
      vertex 0 0 -62
      vertex -42.6642 -8.48643 -62
      vertex -43.0292 -6.38278 -62
    endloop
  endfacet
  facet normal 0 0 1
    outer loop
      vertex 0 0 -18
      vertex -43.0292 -6.38278 -18
      vertex -42.6642 -8.48643 -18
    endloop
  endfacet
  facet normal -0.985278 -0.170962 0
    outer loop
      vertex -43.0292 -6.38278 -62
      vertex -42.6642 -8.48643 -62
      vertex -42.6642 -8.48643 -18
    endloop
  endfacet
  facet normal -0.985278 -0.170962 0
    outer loop
      vertex -43.0292 -6.38278 -62
      vertex -42.6642 -8.48643 -18
      vertex -43.0292 -6.38278 -18
    endloop
  endfacet
  facet normal 0 0 -1
    outer loop
      vertex 0 0 -62
      vertex -42.1964 -10.5696 -62
      vertex -42.6642 -8.48643 -62
    endloop
  endfacet
  facet normal 0 0 1
    outer loop
      vertex 0 0 -18
      vertex -42.6642 -8.48643 -18
      vertex -42.1964 -10.5696 -18
    endloop
  endfacet
  facet normal -0.975702 -0.219101 0
    outer loop
      vertex -42.6642 -8.48643 -62
      vertex -42.1964 -10.5696 -62
      vertex -42.1964 -10.5696 -18
    endloop
  endfacet
  facet normal -0.975702 -0.219101 0
    outer loop
      vertex -42.6642 -8.48643 -62
      vertex -42.1964 -10.5696 -18
      vertex -42.6642 -8.48643 -18
    endloop
  endfacet
  facet normal 0 0 -1
    outer loop
      vertex 0 0 -62
      vertex -41.6269 -12.6274 -62
      vertex -42.1964 -10.5696 -62
    endloop
  endfacet
  facet normal 0 0 1
    outer loop
      vertex 0 0 -18
      vertex -42.1964 -10.5696 -18
      vertex -41.6269 -12.6274 -18
    endloop
  endfacet
  facet normal -0.963776 -0.266713 0
    outer loop
      vertex -42.1964 -10.5696 -62
      vertex -41.6269 -12.6274 -62
      vertex -41.6269 -12.6274 -18
    endloop
  endfacet
  facet normal -0.963776 -0.266713 0
    outer loop
      vertex -42.1964 -10.5696 -62
      vertex -41.6269 -12.6274 -18
      vertex -42.1964 -10.5696 -18
    endloop
  endfacet
  facet normal 0 0 -1
    outer loop
      vertex 0 0 -62
      vertex -40.9572 -14.6547 -62
      vertex -41.6269 -12.6274 -62
    endloop
  endfacet
  facet normal 0 0 1
    outer loop
      vertex 0 0 -18
      vertex -41.6269 -12.6274 -18
      vertex -40.9572 -14.6547 -18
    endloop
  endfacet
  facet normal -0.949528 -0.313682 0
    outer loop
      vertex -41.6269 -12.6274 -62
      vertex -40.9572 -14.6547 -62
      vertex -40.9572 -14.6547 -18
    endloop
  endfacet
  facet normal -0.949528 -0.313682 0
    outer loop
      vertex -41.6269 -12.6274 -62
      vertex -40.9572 -14.6547 -18
      vertex -41.6269 -12.6274 -18
    endloop
  endfacet
  facet normal 0 0 -1
    outer loop
      vertex 0 0 -62
      vertex -40.1888 -16.6467 -62
      vertex -40.9572 -14.6547 -62
    endloop
  endfacet
  facet normal 0 0 1
    outer loop
      vertex 0 0 -18
      vertex -40.9572 -14.6547 -18
      vertex -40.1888 -16.6467 -18
    endloop
  endfacet
  facet normal -0.932993 -0.359895 0
    outer loop
      vertex -40.9572 -14.6547 -62
      vertex -40.1888 -16.6467 -62
      vertex -40.1888 -16.6467 -18
    endloop
  endfacet
  facet normal -0.932993 -0.359895 0
    outer loop
      vertex -40.9572 -14.6547 -62
      vertex -40.1888 -16.6467 -18
      vertex -40.9572 -14.6547 -18
    endloop
  endfacet
  facet normal 0 0 -1
    outer loop
      vertex 0 0 -62
      vertex -39.3235 -18.5986 -62
      vertex -40.1888 -16.6467 -62
    endloop
  endfacet
  facet normal 0 0 1
    outer loop
      vertex 0 0 -18
      vertex -40.1888 -16.6467 -18
      vertex -39.3235 -18.5986 -18
    endloop
  endfacet
  facet normal -0.91421 -0.405241 0
    outer loop
      vertex -40.1888 -16.6467 -62
      vertex -39.3235 -18.5986 -62
      vertex -39.3235 -18.5986 -18
    endloop
  endfacet
  facet normal -0.91421 -0.405241 0
    outer loop
      vertex -40.1888 -16.6467 -62
      vertex -39.3235 -18.5986 -18
      vertex -40.1888 -16.6467 -18
    endloop
  endfacet
  facet normal 0 0 -1
    outer loop
      vertex 0 0 -62
      vertex -38.3636 -20.5058 -62
      vertex -39.3235 -18.5986 -62
    endloop
  endfacet
  facet normal 0 0 1
    outer loop
      vertex 0 0 -18
      vertex -39.3235 -18.5986 -18
      vertex -38.3636 -20.5058 -18
    endloop
  endfacet
  facet normal -0.893224 -0.449611 0
    outer loop
      vertex -39.3235 -18.5986 -62
      vertex -38.3636 -20.5058 -62
      vertex -38.3636 -20.5058 -18
    endloop
  endfacet
  facet normal -0.893224 -0.449611 0
    outer loop
      vertex -39.3235 -18.5986 -62
      vertex -38.3636 -20.5058 -18
      vertex -39.3235 -18.5986 -18
    endloop
  endfacet
  facet normal 0 0 -1
    outer loop
      vertex 0 0 -62
      vertex -37.3112 -22.3635 -62
      vertex -38.3636 -20.5058 -62
    endloop
  endfacet
  facet normal 0 0 1
    outer loop
      vertex 0 0 -18
      vertex -38.3636 -20.5058 -18
      vertex -37.3112 -22.3635 -18
    endloop
  endfacet
  facet normal -0.870087 -0.492898 0
    outer loop
      vertex -38.3636 -20.5058 -62
      vertex -37.3112 -22.3635 -62
      vertex -37.3112 -22.3635 -18
    endloop
  endfacet
  facet normal -0.870087 -0.492898 0
    outer loop
      vertex -38.3636 -20.5058 -62
      vertex -37.3112 -22.3635 -18
      vertex -38.3636 -20.5058 -18
    endloop
  endfacet
  facet normal 0 0 -1
    outer loop
      vertex 0 0 -62
      vertex -36.1689 -24.1673 -62
      vertex -37.3112 -22.3635 -62
    endloop
  endfacet
  facet normal 0 0 1
    outer loop
      vertex 0 0 -18
      vertex -37.3112 -22.3635 -18
      vertex -36.1689 -24.1673 -18
    endloop
  endfacet
  facet normal -0.844854 -0.534998 0
    outer loop
      vertex -37.3112 -22.3635 -62
      vertex -36.1689 -24.1673 -62
      vertex -36.1689 -24.1673 -18
    endloop
  endfacet
  facet normal -0.844854 -0.534998 0
    outer loop
      vertex -37.3112 -22.3635 -62
      vertex -36.1689 -24.1673 -18
      vertex -37.3112 -22.3635 -18
    endloop
  endfacet
  facet normal 0 0 -1
    outer loop
      vertex 0 0 -62
      vertex -34.9395 -25.9129 -62
      vertex -36.1689 -24.1673 -62
    endloop
  endfacet
  facet normal 0 0 1
    outer loop
      vertex 0 0 -18
      vertex -36.1689 -24.1673 -18
      vertex -34.9395 -25.9129 -18
    endloop
  endfacet
  facet normal -0.817585 -0.575808 0
    outer loop
      vertex -36.1689 -24.1673 -62
      vertex -34.9395 -25.9129 -62
      vertex -34.9395 -25.9129 -18
    endloop
  endfacet
  facet normal -0.817585 -0.575808 0
    outer loop
      vertex -36.1689 -24.1673 -62
      vertex -34.9395 -25.9129 -18
      vertex -36.1689 -24.1673 -18
    endloop
  endfacet
  facet normal 0 0 -1
    outer loop
      vertex 0 0 -62
      vertex -33.626 -27.5961 -62
      vertex -34.9395 -25.9129 -62
    endloop
  endfacet
  facet normal 0 0 1
    outer loop
      vertex 0 0 -18
      vertex -34.9395 -25.9129 -18
      vertex -33.626 -27.5961 -18
    endloop
  endfacet
  facet normal -0.788346 -0.615232 0
    outer loop
      vertex -34.9395 -25.9129 -62
      vertex -33.626 -27.5961 -62
      vertex -33.626 -27.5961 -18
    endloop
  endfacet
  facet normal -0.788346 -0.615232 0
    outer loop
      vertex -34.9395 -25.9129 -62
      vertex -33.626 -27.5961 -18
      vertex -34.9395 -25.9129 -18
    endloop
  endfacet
  facet normal 0 0 -1
    outer loop
      vertex 0 0 -62
      vertex -32.2314 -29.2128 -62
      vertex -33.626 -27.5961 -62
    endloop
  endfacet
  facet normal 0 0 1
    outer loop
      vertex 0 0 -18
      vertex -33.626 -27.5961 -18
      vertex -32.2314 -29.2128 -18
    endloop
  endfacet
  facet normal -0.757209 -0.653173 0
    outer loop
      vertex -33.626 -27.5961 -62
      vertex -32.2314 -29.2128 -62
      vertex -32.2314 -29.2128 -18
    endloop
  endfacet
  facet normal -0.757209 -0.653173 0
    outer loop
      vertex -33.626 -27.5961 -62
      vertex -32.2314 -29.2128 -18
      vertex -33.626 -27.5961 -18
    endloop
  endfacet
  facet normal 0 0 -1
    outer loop
      vertex 0 0 -62
      vertex -30.7591 -30.7591 -62
      vertex -32.2314 -29.2128 -62
    endloop
  endfacet
  facet normal 0 0 1
    outer loop
      vertex 0 0 -18
      vertex -32.2314 -29.2128 -18
      vertex -30.7591 -30.7591 -18
    endloop
  endfacet
  facet normal -0.724247 -0.689541 0
    outer loop
      vertex -32.2314 -29.2128 -62
      vertex -30.7591 -30.7591 -62
      vertex -30.7591 -30.7591 -18
    endloop
  endfacet
  facet normal -0.724247 -0.689541 0
    outer loop
      vertex -32.2314 -29.2128 -62
      vertex -30.7591 -30.7591 -18
      vertex -32.2314 -29.2128 -18
    endloop
  endfacet
  facet normal 0 0 -1
    outer loop
      vertex 0 0 -62
      vertex -29.2128 -32.2314 -62
      vertex -30.7591 -30.7591 -62
    endloop
  endfacet
  facet normal 0 0 1
    outer loop
      vertex 0 0 -18
      vertex -30.7591 -30.7591 -18
      vertex -29.2128 -32.2314 -18
    endloop
  endfacet
  facet normal -0.689541 -0.724247 0
    outer loop
      vertex -30.7591 -30.7591 -62
      vertex -29.2128 -32.2314 -62
      vertex -29.2128 -32.2314 -18
    endloop
  endfacet
  facet normal -0.689541 -0.724247 0
    outer loop
      vertex -30.7591 -30.7591 -62
      vertex -29.2128 -32.2314 -18
      vertex -30.7591 -30.7591 -18
    endloop
  endfacet
  facet normal 0 0 -1
    outer loop
      vertex 0 0 -62
      vertex -27.5961 -33.626 -62
      vertex -29.2128 -32.2314 -62
    endloop
  endfacet
  facet normal 0 0 1
    outer loop
      vertex 0 0 -18
      vertex -29.2128 -32.2314 -18
      vertex -27.5961 -33.626 -18
    endloop
  endfacet
  facet normal -0.653173 -0.757209 0
    outer loop
      vertex -29.2128 -32.2314 -62
      vertex -27.5961 -33.626 -62
      vertex -27.5961 -33.626 -18
    endloop
  endfacet
  facet normal -0.653173 -0.757209 0
    outer loop
      vertex -29.2128 -32.2314 -62
      vertex -27.5961 -33.626 -18
      vertex -29.2128 -32.2314 -18
    endloop
  endfacet
  facet normal 0 0 -1
    outer loop
      vertex 0 0 -62
      vertex -25.9129 -34.9395 -62
      vertex -27.5961 -33.626 -62
    endloop
  endfacet
  facet normal 0 0 1
    outer loop
      vertex 0 0 -18
      vertex -27.5961 -33.626 -18
      vertex -25.9129 -34.9395 -18
    endloop
  endfacet
  facet normal -0.615232 -0.788346 0
    outer loop
      vertex -27.5961 -33.626 -62
      vertex -25.9129 -34.9395 -62
      vertex -25.9129 -34.9395 -18
    endloop
  endfacet
  facet normal -0.615232 -0.788346 0
    outer loop
      vertex -27.5961 -33.626 -62
      vertex -25.9129 -34.9395 -18
      vertex -27.5961 -33.626 -18
    endloop
  endfacet
  facet normal 0 0 -1
    outer loop
      vertex 0 0 -62
      vertex -24.1673 -36.1689 -62
      vertex -25.9129 -34.9395 -62
    endloop
  endfacet
  facet normal 0 0 1
    outer loop
      vertex 0 0 -18
      vertex -25.9129 -34.9395 -18
      vertex -24.1673 -36.1689 -18
    endloop
  endfacet
  facet normal -0.575808 -0.817585 0
    outer loop
      vertex -25.9129 -34.9395 -62
      vertex -24.1673 -36.1689 -62
      vertex -24.1673 -36.1689 -18
    endloop
  endfacet
  facet normal -0.575808 -0.817585 0
    outer loop
      vertex -25.9129 -34.9395 -62
      vertex -24.1673 -36.1689 -18
      vertex -25.9129 -34.9395 -18
    endloop
  endfacet
  facet normal 0 0 -1
    outer loop
      vertex 0 0 -62
      vertex -22.3635 -37.3112 -62
      vertex -24.1673 -36.1689 -62
    endloop
  endfacet
  facet normal 0 0 1
    outer loop
      vertex 0 0 -18
      vertex -24.1673 -36.1689 -18
      vertex -22.3635 -37.3112 -18
    endloop
  endfacet
  facet normal -0.534998 -0.844854 0
    outer loop
      vertex -24.1673 -36.1689 -62
      vertex -22.3635 -37.3112 -62
      vertex -22.3635 -37.3112 -18
    endloop
  endfacet
  facet normal -0.534998 -0.844854 0
    outer loop
      vertex -24.1673 -36.1689 -62
      vertex -22.3635 -37.3112 -18
      vertex -24.1673 -36.1689 -18
    endloop
  endfacet
  facet normal 0 0 -1
    outer loop
      vertex 0 0 -62
      vertex -20.5058 -38.3636 -62
      vertex -22.3635 -37.3112 -62
    endloop
  endfacet
  facet normal 0 0 1
    outer loop
      vertex 0 0 -18
      vertex -22.3635 -37.3112 -18
      vertex -20.5058 -38.3636 -18
    endloop
  endfacet
  facet normal -0.492898 -0.870087 0
    outer loop
      vertex -22.3635 -37.3112 -62
      vertex -20.5058 -38.3636 -62
      vertex -20.5058 -38.3636 -18
    endloop
  endfacet
  facet normal -0.492898 -0.870087 0
    outer loop
      vertex -22.3635 -37.3112 -62
      vertex -20.5058 -38.3636 -18
      vertex -22.3635 -37.3112 -18
    endloop
  endfacet
  facet normal 0 0 -1
    outer loop
      vertex 0 0 -62
      vertex -18.5986 -39.3235 -62
      vertex -20.5058 -38.3636 -62
    endloop
  endfacet
  facet normal 0 0 1
    outer loop
      vertex 0 0 -18
      vertex -20.5058 -38.3636 -18
      vertex -18.5986 -39.3235 -18
    endloop
  endfacet
  facet normal -0.449611 -0.893224 0
    outer loop
      vertex -20.5058 -38.3636 -62
      vertex -18.5986 -39.3235 -62
      vertex -18.5986 -39.3235 -18
    endloop
  endfacet
  facet normal -0.449611 -0.893224 0
    outer loop
      vertex -20.5058 -38.3636 -62
      vertex -18.5986 -39.3235 -18
      vertex -20.5058 -38.3636 -18
    endloop
  endfacet
  facet normal 0 0 -1
    outer loop
      vertex 0 0 -62
      vertex -16.6467 -40.1888 -62
      vertex -18.5986 -39.3235 -62
    endloop
  endfacet
  facet normal 0 0 1
    outer loop
      vertex 0 0 -18
      vertex -18.5986 -39.3235 -18
      vertex -16.6467 -40.1888 -18
    endloop
  endfacet
  facet normal -0.405241 -0.91421 0
    outer loop
      vertex -18.5986 -39.3235 -62
      vertex -16.6467 -40.1888 -62
      vertex -16.6467 -40.1888 -18
    endloop
  endfacet
  facet normal -0.405241 -0.91421 0
    outer loop
      vertex -18.5986 -39.3235 -62
      vertex -16.6467 -40.1888 -18
      vertex -18.5986 -39.3235 -18
    endloop
  endfacet
  facet normal 0 0 -1
    outer loop
      vertex 0 0 -62
      vertex -14.6547 -40.9572 -62
      vertex -16.6467 -40.1888 -62
    endloop
  endfacet
  facet normal 0 0 1
    outer loop
      vertex 0 0 -18
      vertex -16.6467 -40.1888 -18
      vertex -14.6547 -40.9572 -18
    endloop
  endfacet
  facet normal -0.359895 -0.932993 0
    outer loop
      vertex -16.6467 -40.1888 -62
      vertex -14.6547 -40.9572 -62
      vertex -14.6547 -40.9572 -18
    endloop
  endfacet
  facet normal -0.359895 -0.932993 0
    outer loop
      vertex -16.6467 -40.1888 -62
      vertex -14.6547 -40.9572 -18
      vertex -16.6467 -40.1888 -18
    endloop
  endfacet
  facet normal 0 0 -1
    outer loop
      vertex 0 0 -62
      vertex -12.6274 -41.6269 -62
      vertex -14.6547 -40.9572 -62
    endloop
  endfacet
  facet normal 0 0 1
    outer loop
      vertex 0 0 -18
      vertex -14.6547 -40.9572 -18
      vertex -12.6274 -41.6269 -18
    endloop
  endfacet
  facet normal -0.313682 -0.949528 0
    outer loop
      vertex -14.6547 -40.9572 -62
      vertex -12.6274 -41.6269 -62
      vertex -12.6274 -41.6269 -18
    endloop
  endfacet
  facet normal -0.313682 -0.949528 0
    outer loop
      vertex -14.6547 -40.9572 -62
      vertex -12.6274 -41.6269 -18
      vertex -14.6547 -40.9572 -18
    endloop
  endfacet
  facet normal 0 0 -1
    outer loop
      vertex 0 0 -62
      vertex -10.5696 -42.1964 -62
      vertex -12.6274 -41.6269 -62
    endloop
  endfacet
  facet normal 0 0 1
    outer loop
      vertex 0 0 -18
      vertex -12.6274 -41.6269 -18
      vertex -10.5696 -42.1964 -18
    endloop
  endfacet
  facet normal -0.266713 -0.963776 0
    outer loop
      vertex -12.6274 -41.6269 -62
      vertex -10.5696 -42.1964 -62
      vertex -10.5696 -42.1964 -18
    endloop
  endfacet
  facet normal -0.266713 -0.963776 0
    outer loop
      vertex -12.6274 -41.6269 -62
      vertex -10.5696 -42.1964 -18
      vertex -12.6274 -41.6269 -18
    endloop
  endfacet
  facet normal 0 0 -1
    outer loop
      vertex 0 0 -62
      vertex -8.48643 -42.6642 -62
      vertex -10.5696 -42.1964 -62
    endloop
  endfacet
  facet normal 0 0 1
    outer loop
      vertex 0 0 -18
      vertex -10.5696 -42.1964 -18
      vertex -8.48643 -42.6642 -18
    endloop
  endfacet
  facet normal -0.219101 -0.975702 0
    outer loop
      vertex -10.5696 -42.1964 -62
      vertex -8.48643 -42.6642 -62
      vertex -8.48643 -42.6642 -18
    endloop
  endfacet
  facet normal -0.219101 -0.975702 0
    outer loop
      vertex -10.5696 -42.1964 -62
      vertex -8.48643 -42.6642 -18
      vertex -10.5696 -42.1964 -18
    endloop
  endfacet
  facet normal 0 0 -1
    outer loop
      vertex 0 0 -62
      vertex -6.38278 -43.0292 -62
      vertex -8.48643 -42.6642 -62
    endloop
  endfacet
  facet normal 0 0 1
    outer loop
      vertex 0 0 -18
      vertex -8.48643 -42.6642 -18
      vertex -6.38278 -43.0292 -18
    endloop
  endfacet
  facet normal -0.170962 -0.985278 0
    outer loop
      vertex -8.48643 -42.6642 -62
      vertex -6.38278 -43.0292 -62
      vertex -6.38278 -43.0292 -18
    endloop
  endfacet
  facet normal -0.170962 -0.985278 0
    outer loop
      vertex -8.48643 -42.6642 -62
      vertex -6.38278 -43.0292 -18
      vertex -8.48643 -42.6642 -18
    endloop
  endfacet
  facet normal 0 0 -1
    outer loop
      vertex 0 0 -62
      vertex -4.26375 -43.2905 -62
      vertex -6.38278 -43.0292 -62
    endloop
  endfacet
  facet normal 0 0 1
    outer loop
      vertex 0 0 -18
      vertex -6.38278 -43.0292 -18
      vertex -4.26375 -43.2905 -18
    endloop
  endfacet
  facet normal -0.122411 -0.99248 0
    outer loop
      vertex -6.38278 -43.0292 -62
      vertex -4.26375 -43.2905 -62
      vertex -4.26375 -43.2905 -18
    endloop
  endfacet
  facet normal -0.122411 -0.99248 0
    outer loop
      vertex -6.38278 -43.0292 -62
      vertex -4.26375 -43.2905 -18
      vertex -6.38278 -43.0292 -18
    endloop
  endfacet
  facet normal 0 0 -1
    outer loop
      vertex 0 0 -62
      vertex -2.13444 -43.4476 -62
      vertex -4.26375 -43.2905 -62
    endloop
  endfacet
  facet normal 0 0 1
    outer loop
      vertex 0 0 -18
      vertex -4.26375 -43.2905 -18
      vertex -2.13444 -43.4476 -18
    endloop
  endfacet
  facet normal -0.0735646 -0.99729 0
    outer loop
      vertex -4.26375 -43.2905 -62
      vertex -2.13444 -43.4476 -62
      vertex -2.13444 -43.4476 -18
    endloop
  endfacet
  facet normal -0.0735646 -0.99729 0
    outer loop
      vertex -4.26375 -43.2905 -62
      vertex -2.13444 -43.4476 -18
      vertex -4.26375 -43.2905 -18
    endloop
  endfacet
  facet normal 0 0 -1
    outer loop
      vertex 0 0 -62
      vertex -7.99082e-15 -43.5 -62
      vertex -2.13444 -43.4476 -62
    endloop
  endfacet
  facet normal 0 0 1
    outer loop
      vertex 0 0 -18
      vertex -2.13444 -43.4476 -18
      vertex -7.99082e-15 -43.5 -18
    endloop
  endfacet
  facet normal -0.0245412 -0.999699 0
    outer loop
      vertex -2.13444 -43.4476 -62
      vertex -7.99082e-15 -43.5 -62
      vertex -7.99082e-15 -43.5 -18
    endloop
  endfacet
  facet normal -0.0245412 -0.999699 0
    outer loop
      vertex -2.13444 -43.4476 -62
      vertex -7.99082e-15 -43.5 -18
      vertex -2.13444 -43.4476 -18
    endloop
  endfacet
  facet normal 0 0 -1
    outer loop
      vertex 0 0 -62
      vertex 2.13444 -43.4476 -62
      vertex -7.99082e-15 -43.5 -62
    endloop
  endfacet
  facet normal 0 0 1
    outer loop
      vertex 0 0 -18
      vertex -7.99082e-15 -43.5 -18
      vertex 2.13444 -43.4476 -18
    endloop
  endfacet
  facet normal 0.0245412 -0.999699 0
    outer loop
      vertex -7.99082e-15 -43.5 -62
      vertex 2.13444 -43.4476 -62
      vertex 2.13444 -43.4476 -18
    endloop
  endfacet
  facet normal 0.0245412 -0.999699 0
    outer loop
      vertex -7.99082e-15 -43.5 -62
      vertex 2.13444 -43.4476 -18
      vertex -7.99082e-15 -43.5 -18
    endloop
  endfacet
  facet normal 0 0 -1
    outer loop
      vertex 0 0 -62
      vertex 4.26375 -43.2905 -62
      vertex 2.13444 -43.4476 -62
    endloop
  endfacet
  facet normal 0 0 1
    outer loop
      vertex 0 0 -18
      vertex 2.13444 -43.4476 -18
      vertex 4.26375 -43.2905 -18
    endloop
  endfacet
  facet normal 0.0735646 -0.99729 0
    outer loop
      vertex 2.13444 -43.4476 -62
      vertex 4.26375 -43.2905 -62
      vertex 4.26375 -43.2905 -18
    endloop
  endfacet
  facet normal 0.0735646 -0.99729 0
    outer loop
      vertex 2.13444 -43.4476 -62
      vertex 4.26375 -43.2905 -18
      vertex 2.13444 -43.4476 -18
    endloop
  endfacet
  facet normal 0 0 -1
    outer loop
      vertex 0 0 -62
      vertex 6.38278 -43.0292 -62
      vertex 4.26375 -43.2905 -62
    endloop
  endfacet
  facet normal 0 0 1
    outer loop
      vertex 0 0 -18
      vertex 4.26375 -43.2905 -18
      vertex 6.38278 -43.0292 -18
    endloop
  endfacet
  facet normal 0.122411 -0.99248 0
    outer loop
      vertex 4.26375 -43.2905 -62
      vertex 6.38278 -43.0292 -62
      vertex 6.38278 -43.0292 -18
    endloop
  endfacet
  facet normal 0.122411 -0.99248 0
    outer loop
      vertex 4.26375 -43.2905 -62
      vertex 6.38278 -43.0292 -18
      vertex 4.26375 -43.2905 -18
    endloop
  endfacet
  facet normal 0 0 -1
    outer loop
      vertex 0 0 -62
      vertex 8.48643 -42.6642 -62
      vertex 6.38278 -43.0292 -62
    endloop
  endfacet
  facet normal 0 0 1
    outer loop
      vertex 0 0 -18
      vertex 6.38278 -43.0292 -18
      vertex 8.48643 -42.6642 -18
    endloop
  endfacet
  facet normal 0.170962 -0.985278 0
    outer loop
      vertex 6.38278 -43.0292 -62
      vertex 8.48643 -42.6642 -62
      vertex 8.48643 -42.6642 -18
    endloop
  endfacet
  facet normal 0.170962 -0.985278 0
    outer loop
      vertex 6.38278 -43.0292 -62
      vertex 8.48643 -42.6642 -18
      vertex 6.38278 -43.0292 -18
    endloop
  endfacet
  facet normal 0 0 -1
    outer loop
      vertex 0 0 -62
      vertex 10.5696 -42.1964 -62
      vertex 8.48643 -42.6642 -62
    endloop
  endfacet
  facet normal 0 0 1
    outer loop
      vertex 0 0 -18
      vertex 8.48643 -42.6642 -18
      vertex 10.5696 -42.1964 -18
    endloop
  endfacet
  facet normal 0.219101 -0.975702 0
    outer loop
      vertex 8.48643 -42.6642 -62
      vertex 10.5696 -42.1964 -62
      vertex 10.5696 -42.1964 -18
    endloop
  endfacet
  facet normal 0.219101 -0.975702 0
    outer loop
      vertex 8.48643 -42.6642 -62
      vertex 10.5696 -42.1964 -18
      vertex 8.48643 -42.6642 -18
    endloop
  endfacet
  facet normal 0 0 -1
    outer loop
      vertex 0 0 -62
      vertex 12.6274 -41.6269 -62
      vertex 10.5696 -42.1964 -62
    endloop
  endfacet
  facet normal 0 0 1
    outer loop
      vertex 0 0 -18
      vertex 10.5696 -42.1964 -18
      vertex 12.6274 -41.6269 -18
    endloop
  endfacet
  facet normal 0.266713 -0.963776 0
    outer loop
      vertex 10.5696 -42.1964 -62
      vertex 12.6274 -41.6269 -62
      vertex 12.6274 -41.6269 -18
    endloop
  endfacet
  facet normal 0.266713 -0.963776 0
    outer loop
      vertex 10.5696 -42.1964 -62
      vertex 12.6274 -41.6269 -18
      vertex 10.5696 -42.1964 -18
    endloop
  endfacet
  facet normal 0 0 -1
    outer loop
      vertex 0 0 -62
      vertex 14.6547 -40.9572 -62
      vertex 12.6274 -41.6269 -62
    endloop
  endfacet
  facet normal 0 0 1
    outer loop
      vertex 0 0 -18
      vertex 12.6274 -41.6269 -18
      vertex 14.6547 -40.9572 -18
    endloop
  endfacet
  facet normal 0.313682 -0.949528 0
    outer loop
      vertex 12.6274 -41.6269 -62
      vertex 14.6547 -40.9572 -62
      vertex 14.6547 -40.9572 -18
    endloop
  endfacet
  facet normal 0.313682 -0.949528 0
    outer loop
      vertex 12.6274 -41.6269 -62
      vertex 14.6547 -40.9572 -18
      vertex 12.6274 -41.6269 -18
    endloop
  endfacet
  facet normal 0 0 -1
    outer loop
      vertex 0 0 -62
      vertex 16.6467 -40.1888 -62
      vertex 14.6547 -40.9572 -62
    endloop
  endfacet
  facet normal 0 0 1
    outer loop
      vertex 0 0 -18
      vertex 14.6547 -40.9572 -18
      vertex 16.6467 -40.1888 -18
    endloop
  endfacet
  facet normal 0.359895 -0.932993 0
    outer loop
      vertex 14.6547 -40.9572 -62
      vertex 16.6467 -40.1888 -62
      vertex 16.6467 -40.1888 -18
    endloop
  endfacet
  facet normal 0.359895 -0.932993 0
    outer loop
      vertex 14.6547 -40.9572 -62
      vertex 16.6467 -40.1888 -18
      vertex 14.6547 -40.9572 -18
    endloop
  endfacet
  facet normal 0 0 -1
    outer loop
      vertex 0 0 -62
      vertex 18.5986 -39.3235 -62
      vertex 16.6467 -40.1888 -62
    endloop
  endfacet
  facet normal 0 0 1
    outer loop
      vertex 0 0 -18
      vertex 16.6467 -40.1888 -18
      vertex 18.5986 -39.3235 -18
    endloop
  endfacet
  facet normal 0.405241 -0.91421 0
    outer loop
      vertex 16.6467 -40.1888 -62
      vertex 18.5986 -39.3235 -62
      vertex 18.5986 -39.3235 -18
    endloop
  endfacet
  facet normal 0.405241 -0.91421 0
    outer loop
      vertex 16.6467 -40.1888 -62
      vertex 18.5986 -39.3235 -18
      vertex 16.6467 -40.1888 -18
    endloop
  endfacet
  facet normal 0 0 -1
    outer loop
      vertex 0 0 -62
      vertex 20.5058 -38.3636 -62
      vertex 18.5986 -39.3235 -62
    endloop
  endfacet
  facet normal 0 0 1
    outer loop
      vertex 0 0 -18
      vertex 18.5986 -39.3235 -18
      vertex 20.5058 -38.3636 -18
    endloop
  endfacet
  facet normal 0.449611 -0.893224 0
    outer loop
      vertex 18.5986 -39.3235 -62
      vertex 20.5058 -38.3636 -62
      vertex 20.5058 -38.3636 -18
    endloop
  endfacet
  facet normal 0.449611 -0.893224 0
    outer loop
      vertex 18.5986 -39.3235 -62
      vertex 20.5058 -38.3636 -18
      vertex 18.5986 -39.3235 -18
    endloop
  endfacet
  facet normal 0 0 -1
    outer loop
      vertex 0 0 -62
      vertex 22.3635 -37.3112 -62
      vertex 20.5058 -38.3636 -62
    endloop
  endfacet
  facet normal 0 0 1
    outer loop
      vertex 0 0 -18
      vertex 20.5058 -38.3636 -18
      vertex 22.3635 -37.3112 -18
    endloop
  endfacet
  facet normal 0.492898 -0.870087 0
    outer loop
      vertex 20.5058 -38.3636 -62
      vertex 22.3635 -37.3112 -62
      vertex 22.3635 -37.3112 -18
    endloop
  endfacet
  facet normal 0.492898 -0.870087 0
    outer loop
      vertex 20.5058 -38.3636 -62
      vertex 22.3635 -37.3112 -18
      vertex 20.5058 -38.3636 -18
    endloop
  endfacet
  facet normal 0 0 -1
    outer loop
      vertex 0 0 -62
      vertex 24.1673 -36.1689 -62
      vertex 22.3635 -37.3112 -62
    endloop
  endfacet
  facet normal 0 0 1
    outer loop
      vertex 0 0 -18
      vertex 22.3635 -37.3112 -18
      vertex 24.1673 -36.1689 -18
    endloop
  endfacet
  facet normal 0.534998 -0.844854 0
    outer loop
      vertex 22.3635 -37.3112 -62
      vertex 24.1673 -36.1689 -62
      vertex 24.1673 -36.1689 -18
    endloop
  endfacet
  facet normal 0.534998 -0.844854 0
    outer loop
      vertex 22.3635 -37.3112 -62
      vertex 24.1673 -36.1689 -18
      vertex 22.3635 -37.3112 -18
    endloop
  endfacet
  facet normal 0 0 -1
    outer loop
      vertex 0 0 -62
      vertex 25.9129 -34.9395 -62
      vertex 24.1673 -36.1689 -62
    endloop
  endfacet
  facet normal 0 0 1
    outer loop
      vertex 0 0 -18
      vertex 24.1673 -36.1689 -18
      vertex 25.9129 -34.9395 -18
    endloop
  endfacet
  facet normal 0.575808 -0.817585 0
    outer loop
      vertex 24.1673 -36.1689 -62
      vertex 25.9129 -34.9395 -62
      vertex 25.9129 -34.9395 -18
    endloop
  endfacet
  facet normal 0.575808 -0.817585 0
    outer loop
      vertex 24.1673 -36.1689 -62
      vertex 25.9129 -34.9395 -18
      vertex 24.1673 -36.1689 -18
    endloop
  endfacet
  facet normal 0 0 -1
    outer loop
      vertex 0 0 -62
      vertex 27.5961 -33.626 -62
      vertex 25.9129 -34.9395 -62
    endloop
  endfacet
  facet normal 0 0 1
    outer loop
      vertex 0 0 -18
      vertex 25.9129 -34.9395 -18
      vertex 27.5961 -33.626 -18
    endloop
  endfacet
  facet normal 0.615232 -0.788346 0
    outer loop
      vertex 25.9129 -34.9395 -62
      vertex 27.5961 -33.626 -62
      vertex 27.5961 -33.626 -18
    endloop
  endfacet
  facet normal 0.615232 -0.788346 0
    outer loop
      vertex 25.9129 -34.9395 -62
      vertex 27.5961 -33.626 -18
      vertex 25.9129 -34.9395 -18
    endloop
  endfacet
  facet normal 0 0 -1
    outer loop
      vertex 0 0 -62
      vertex 29.2128 -32.2314 -62
      vertex 27.5961 -33.626 -62
    endloop
  endfacet
  facet normal 0 0 1
    outer loop
      vertex 0 0 -18
      vertex 27.5961 -33.626 -18
      vertex 29.2128 -32.2314 -18
    endloop
  endfacet
  facet normal 0.653173 -0.757209 0
    outer loop
      vertex 27.5961 -33.626 -62
      vertex 29.2128 -32.2314 -62
      vertex 29.2128 -32.2314 -18
    endloop
  endfacet
  facet normal 0.653173 -0.757209 0
    outer loop
      vertex 27.5961 -33.626 -62
      vertex 29.2128 -32.2314 -18
      vertex 27.5961 -33.626 -18
    endloop
  endfacet
  facet normal 0 0 -1
    outer loop
      vertex 0 0 -62
      vertex 30.7591 -30.7591 -62
      vertex 29.2128 -32.2314 -62
    endloop
  endfacet
  facet normal 0 0 1
    outer loop
      vertex 0 0 -18
      vertex 29.2128 -32.2314 -18
      vertex 30.7591 -30.7591 -18
    endloop
  endfacet
  facet normal 0.689541 -0.724247 0
    outer loop
      vertex 29.2128 -32.2314 -62
      vertex 30.7591 -30.7591 -62
      vertex 30.7591 -30.7591 -18
    endloop
  endfacet
  facet normal 0.689541 -0.724247 0
    outer loop
      vertex 29.2128 -32.2314 -62
      vertex 30.7591 -30.7591 -18
      vertex 29.2128 -32.2314 -18
    endloop
  endfacet
  facet normal 0 0 -1
    outer loop
      vertex 0 0 -62
      vertex 32.2314 -29.2128 -62
      vertex 30.7591 -30.7591 -62
    endloop
  endfacet
  facet normal 0 0 1
    outer loop
      vertex 0 0 -18
      vertex 30.7591 -30.7591 -18
      vertex 32.2314 -29.2128 -18
    endloop
  endfacet
  facet normal 0.724247 -0.689541 0
    outer loop
      vertex 30.7591 -30.7591 -62
      vertex 32.2314 -29.2128 -62
      vertex 32.2314 -29.2128 -18
    endloop
  endfacet
  facet normal 0.724247 -0.689541 0
    outer loop
      vertex 30.7591 -30.7591 -62
      vertex 32.2314 -29.2128 -18
      vertex 30.7591 -30.7591 -18
    endloop
  endfacet
  facet normal 0 0 -1
    outer loop
      vertex 0 0 -62
      vertex 33.626 -27.5961 -62
      vertex 32.2314 -29.2128 -62
    endloop
  endfacet
  facet normal 0 0 1
    outer loop
      vertex 0 0 -18
      vertex 32.2314 -29.2128 -18
      vertex 33.626 -27.5961 -18
    endloop
  endfacet
  facet normal 0.757209 -0.653173 0
    outer loop
      vertex 32.2314 -29.2128 -62
      vertex 33.626 -27.5961 -62
      vertex 33.626 -27.5961 -18
    endloop
  endfacet
  facet normal 0.757209 -0.653173 0
    outer loop
      vertex 32.2314 -29.2128 -62
      vertex 33.626 -27.5961 -18
      vertex 32.2314 -29.2128 -18
    endloop
  endfacet
  facet normal 0 0 -1
    outer loop
      vertex 0 0 -62
      vertex 34.9395 -25.9129 -62
      vertex 33.626 -27.5961 -62
    endloop
  endfacet
  facet normal 0 0 1
    outer loop
      vertex 0 0 -18
      vertex 33.626 -27.5961 -18
      vertex 34.9395 -25.9129 -18
    endloop
  endfacet
  facet normal 0.788346 -0.615232 0
    outer loop
      vertex 33.626 -27.5961 -62
      vertex 34.9395 -25.9129 -62
      vertex 34.9395 -25.9129 -18
    endloop
  endfacet
  facet normal 0.788346 -0.615232 0
    outer loop
      vertex 33.626 -27.5961 -62
      vertex 34.9395 -25.9129 -18
      vertex 33.626 -27.5961 -18
    endloop
  endfacet
  facet normal 0 0 -1
    outer loop
      vertex 0 0 -62
      vertex 36.1689 -24.1673 -62
      vertex 34.9395 -25.9129 -62
    endloop
  endfacet
  facet normal 0 0 1
    outer loop
      vertex 0 0 -18
      vertex 34.9395 -25.9129 -18
      vertex 36.1689 -24.1673 -18
    endloop
  endfacet
  facet normal 0.817585 -0.575808 0
    outer loop
      vertex 34.9395 -25.9129 -62
      vertex 36.1689 -24.1673 -62
      vertex 36.1689 -24.1673 -18
    endloop
  endfacet
  facet normal 0.817585 -0.575808 0
    outer loop
      vertex 34.9395 -25.9129 -62
      vertex 36.1689 -24.1673 -18
      vertex 34.9395 -25.9129 -18
    endloop
  endfacet
  facet normal 0 0 -1
    outer loop
      vertex 0 0 -62
      vertex 37.3112 -22.3635 -62
      vertex 36.1689 -24.1673 -62
    endloop
  endfacet
  facet normal 0 0 1
    outer loop
      vertex 0 0 -18
      vertex 36.1689 -24.1673 -18
      vertex 37.3112 -22.3635 -18
    endloop
  endfacet
  facet normal 0.844854 -0.534998 0
    outer loop
      vertex 36.1689 -24.1673 -62
      vertex 37.3112 -22.3635 -62
      vertex 37.3112 -22.3635 -18
    endloop
  endfacet
  facet normal 0.844854 -0.534998 0
    outer loop
      vertex 36.1689 -24.1673 -62
      vertex 37.3112 -22.3635 -18
      vertex 36.1689 -24.1673 -18
    endloop
  endfacet
  facet normal 0 0 -1
    outer loop
      vertex 0 0 -62
      vertex 38.3636 -20.5058 -62
      vertex 37.3112 -22.3635 -62
    endloop
  endfacet
  facet normal 0 0 1
    outer loop
      vertex 0 0 -18
      vertex 37.3112 -22.3635 -18
      vertex 38.3636 -20.5058 -18
    endloop
  endfacet
  facet normal 0.870087 -0.492898 0
    outer loop
      vertex 37.3112 -22.3635 -62
      vertex 38.3636 -20.5058 -62
      vertex 38.3636 -20.5058 -18
    endloop
  endfacet
  facet normal 0.870087 -0.492898 0
    outer loop
      vertex 37.3112 -22.3635 -62
      vertex 38.3636 -20.5058 -18
      vertex 37.3112 -22.3635 -18
    endloop
  endfacet
  facet normal 0 0 -1
    outer loop
      vertex 0 0 -62
      vertex 39.3235 -18.5986 -62
      vertex 38.3636 -20.5058 -62
    endloop
  endfacet
  facet normal 0 0 1
    outer loop
      vertex 0 0 -18
      vertex 38.3636 -20.5058 -18
      vertex 39.3235 -18.5986 -18
    endloop
  endfacet
  facet normal 0.893224 -0.449611 0
    outer loop
      vertex 38.3636 -20.5058 -62
      vertex 39.3235 -18.5986 -62
      vertex 39.3235 -18.5986 -18
    endloop
  endfacet
  facet normal 0.893224 -0.449611 0
    outer loop
      vertex 38.3636 -20.5058 -62
      vertex 39.3235 -18.5986 -18
      vertex 38.3636 -20.5058 -18
    endloop
  endfacet
  facet normal 0 0 -1
    outer loop
      vertex 0 0 -62
      vertex 40.1888 -16.6467 -62
      vertex 39.3235 -18.5986 -62
    endloop
  endfacet
  facet normal 0 0 1
    outer loop
      vertex 0 0 -18
      vertex 39.3235 -18.5986 -18
      vertex 40.1888 -16.6467 -18
    endloop
  endfacet
  facet normal 0.91421 -0.405241 0
    outer loop
      vertex 39.3235 -18.5986 -62
      vertex 40.1888 -16.6467 -62
      vertex 40.1888 -16.6467 -18
    endloop
  endfacet
  facet normal 0.91421 -0.405241 0
    outer loop
      vertex 39.3235 -18.5986 -62
      vertex 40.1888 -16.6467 -18
      vertex 39.3235 -18.5986 -18
    endloop
  endfacet
  facet normal 0 0 -1
    outer loop
      vertex 0 0 -62
      vertex 40.9572 -14.6547 -62
      vertex 40.1888 -16.6467 -62
    endloop
  endfacet
  facet normal 0 0 1
    outer loop
      vertex 0 0 -18
      vertex 40.1888 -16.6467 -18
      vertex 40.9572 -14.6547 -18
    endloop
  endfacet
  facet normal 0.932993 -0.359895 0
    outer loop
      vertex 40.1888 -16.6467 -62
      vertex 40.9572 -14.6547 -62
      vertex 40.9572 -14.6547 -18
    endloop
  endfacet
  facet normal 0.932993 -0.359895 0
    outer loop
      vertex 40.1888 -16.6467 -62
      vertex 40.9572 -14.6547 -18
      vertex 40.1888 -16.6467 -18
    endloop
  endfacet
  facet normal 0 0 -1
    outer loop
      vertex 0 0 -62
      vertex 41.6269 -12.6274 -62
      vertex 40.9572 -14.6547 -62
    endloop
  endfacet
  facet normal 0 0 1
    outer loop
      vertex 0 0 -18
      vertex 40.9572 -14.6547 -18
      vertex 41.6269 -12.6274 -18
    endloop
  endfacet
  facet normal 0.949528 -0.313682 0
    outer loop
      vertex 40.9572 -14.6547 -62
      vertex 41.6269 -12.6274 -62
      vertex 41.6269 -12.6274 -18
    endloop
  endfacet
  facet normal 0.949528 -0.313682 0
    outer loop
      vertex 40.9572 -14.6547 -62
      vertex 41.6269 -12.6274 -18
      vertex 40.9572 -14.6547 -18
    endloop
  endfacet
  facet normal 0 0 -1
    outer loop
      vertex 0 0 -62
      vertex 42.1964 -10.5696 -62
      vertex 41.6269 -12.6274 -62
    endloop
  endfacet
  facet normal 0 0 1
    outer loop
      vertex 0 0 -18
      vertex 41.6269 -12.6274 -18
      vertex 42.1964 -10.5696 -18
    endloop
  endfacet
  facet normal 0.963776 -0.266713 0
    outer loop
      vertex 41.6269 -12.6274 -62
      vertex 42.1964 -10.5696 -62
      vertex 42.1964 -10.5696 -18
    endloop
  endfacet
  facet normal 0.963776 -0.266713 0
    outer loop
      vertex 41.6269 -12.6274 -62
      vertex 42.1964 -10.5696 -18
      vertex 41.6269 -12.6274 -18
    endloop
  endfacet
  facet normal 0 0 -1
    outer loop
      vertex 0 0 -62
      vertex 42.6642 -8.48643 -62
      vertex 42.1964 -10.5696 -62
    endloop
  endfacet
  facet normal 0 0 1
    outer loop
      vertex 0 0 -18
      vertex 42.1964 -10.5696 -18
      vertex 42.6642 -8.48643 -18
    endloop
  endfacet
  facet normal 0.975702 -0.219101 0
    outer loop
      vertex 42.1964 -10.5696 -62
      vertex 42.6642 -8.48643 -62
      vertex 42.6642 -8.48643 -18
    endloop
  endfacet
  facet normal 0.975702 -0.219101 0
    outer loop
      vertex 42.1964 -10.5696 -62
      vertex 42.6642 -8.48643 -18
      vertex 42.1964 -10.5696 -18
    endloop
  endfacet
  facet normal 0 0 -1
    outer loop
      vertex 0 0 -62
      vertex 43.0292 -6.38278 -62
      vertex 42.6642 -8.48643 -62
    endloop
  endfacet
  facet normal 0 0 1
    outer loop
      vertex 0 0 -18
      vertex 42.6642 -8.48643 -18
      vertex 43.0292 -6.38278 -18
    endloop
  endfacet
  facet normal 0.985278 -0.170962 0
    outer loop
      vertex 42.6642 -8.48643 -62
      vertex 43.0292 -6.38278 -62
      vertex 43.0292 -6.38278 -18
    endloop
  endfacet
  facet normal 0.985278 -0.170962 0
    outer loop
      vertex 42.6642 -8.48643 -62
      vertex 43.0292 -6.38278 -18
      vertex 42.6642 -8.48643 -18
    endloop
  endfacet
  facet normal 0 0 -1
    outer loop
      vertex 0 0 -62
      vertex 43.2905 -4.26375 -62
      vertex 43.0292 -6.38278 -62
    endloop
  endfacet
  facet normal 0 0 1
    outer loop
      vertex 0 0 -18
      vertex 43.0292 -6.38278 -18
      vertex 43.2905 -4.26375 -18
    endloop
  endfacet
  facet normal 0.99248 -0.122411 0
    outer loop
      vertex 43.0292 -6.38278 -62
      vertex 43.2905 -4.26375 -62
      vertex 43.2905 -4.26375 -18
    endloop
  endfacet
  facet normal 0.99248 -0.122411 0
    outer loop
      vertex 43.0292 -6.38278 -62
      vertex 43.2905 -4.26375 -18
      vertex 43.0292 -6.38278 -18
    endloop
  endfacet
  facet normal 0 0 -1
    outer loop
      vertex 0 0 -62
      vertex 43.4476 -2.13444 -62
      vertex 43.2905 -4.26375 -62
    endloop
  endfacet
  facet normal 0 0 1
    outer loop
      vertex 0 0 -18
      vertex 43.2905 -4.26375 -18
      vertex 43.4476 -2.13444 -18
    endloop
  endfacet
  facet normal 0.99729 -0.0735646 0
    outer loop
      vertex 43.2905 -4.26375 -62
      vertex 43.4476 -2.13444 -62
      vertex 43.4476 -2.13444 -18
    endloop
  endfacet
  facet normal 0.99729 -0.0735646 0
    outer loop
      vertex 43.2905 -4.26375 -62
      vertex 43.4476 -2.13444 -18
      vertex 43.2905 -4.26375 -18
    endloop
  endfacet
  facet normal 0 0 -1
    outer loop
      vertex 0 0 -62
      vertex 43.5 -1.06544e-14 -62
      vertex 43.4476 -2.13444 -62
    endloop
  endfacet
  facet normal 0 0 1
    outer loop
      vertex 0 0 -18
      vertex 43.4476 -2.13444 -18
      vertex 43.5 -1.06544e-14 -18
    endloop
  endfacet
  facet normal 0.999699 -0.0245412 0
    outer loop
      vertex 43.4476 -2.13444 -62
      vertex 43.5 -1.06544e-14 -62
      vertex 43.5 -1.06544e-14 -18
    endloop
  endfacet
  facet normal 0.999699 -0.0245412 0
    outer loop
      vertex 43.4476 -2.13444 -62
      vertex 43.5 -1.06544e-14 -18
      vertex 43.4476 -2.13444 -18
    endloop
  endfacet
  facet normal 0 0 -1
    outer loop
      vertex 60 0 -62
      vertex 103.448 2.13444 -62
      vertex 103.5 0 -62
    endloop
  endfacet
  facet normal 0 0 1
    outer loop
      vertex 60 0 -18
      vertex 103.5 0 -18
      vertex 103.448 2.13444 -18
    endloop
  endfacet
  facet normal 0.999699 0.0245412 0
    outer loop
      vertex 103.5 0 -62
      vertex 103.448 2.13444 -62
      vertex 103.448 2.13444 -18
    endloop
  endfacet
  facet normal 0.999699 0.0245412 0
    outer loop
      vertex 103.5 0 -62
      vertex 103.448 2.13444 -18
      vertex 103.5 0 -18
    endloop
  endfacet
  facet normal 0 0 -1
    outer loop
      vertex 60 0 -62
      vertex 103.291 4.26375 -62
      vertex 103.448 2.13444 -62
    endloop
  endfacet
  facet normal 0 0 1
    outer loop
      vertex 60 0 -18
      vertex 103.448 2.13444 -18
      vertex 103.291 4.26375 -18
    endloop
  endfacet
  facet normal 0.99729 0.0735646 0
    outer loop
      vertex 103.448 2.13444 -62
      vertex 103.291 4.26375 -62
      vertex 103.291 4.26375 -18
    endloop
  endfacet
  facet normal 0.99729 0.0735646 0
    outer loop
      vertex 103.448 2.13444 -62
      vertex 103.291 4.26375 -18
      vertex 103.448 2.13444 -18
    endloop
  endfacet
  facet normal 0 0 -1
    outer loop
      vertex 60 0 -62
      vertex 103.029 6.38278 -62
      vertex 103.291 4.26375 -62
    endloop
  endfacet
  facet normal 0 0 1
    outer loop
      vertex 60 0 -18
      vertex 103.291 4.26375 -18
      vertex 103.029 6.38278 -18
    endloop
  endfacet
  facet normal 0.99248 0.122411 0
    outer loop
      vertex 103.291 4.26375 -62
      vertex 103.029 6.38278 -62
      vertex 103.029 6.38278 -18
    endloop
  endfacet
  facet normal 0.99248 0.122411 0
    outer loop
      vertex 103.291 4.26375 -62
      vertex 103.029 6.38278 -18
      vertex 103.291 4.26375 -18
    endloop
  endfacet
  facet normal 0 0 -1
    outer loop
      vertex 60 0 -62
      vertex 102.664 8.48643 -62
      vertex 103.029 6.38278 -62
    endloop
  endfacet
  facet normal 0 0 1
    outer loop
      vertex 60 0 -18
      vertex 103.029 6.38278 -18
      vertex 102.664 8.48643 -18
    endloop
  endfacet
  facet normal 0.985278 0.170962 0
    outer loop
      vertex 103.029 6.38278 -62
      vertex 102.664 8.48643 -62
      vertex 102.664 8.48643 -18
    endloop
  endfacet
  facet normal 0.985278 0.170962 0
    outer loop
      vertex 103.029 6.38278 -62
      vertex 102.664 8.48643 -18
      vertex 103.029 6.38278 -18
    endloop
  endfacet
  facet normal 0 0 -1
    outer loop
      vertex 60 0 -62
      vertex 102.196 10.5696 -62
      vertex 102.664 8.48643 -62
    endloop
  endfacet
  facet normal 0 0 1
    outer loop
      vertex 60 0 -18
      vertex 102.664 8.48643 -18
      vertex 102.196 10.5696 -18
    endloop
  endfacet
  facet normal 0.975702 0.219101 0
    outer loop
      vertex 102.664 8.48643 -62
      vertex 102.196 10.5696 -62
      vertex 102.196 10.5696 -18
    endloop
  endfacet
  facet normal 0.975702 0.219101 0
    outer loop
      vertex 102.664 8.48643 -62
      vertex 102.196 10.5696 -18
      vertex 102.664 8.48643 -18
    endloop
  endfacet
  facet normal 0 0 -1
    outer loop
      vertex 60 0 -62
      vertex 101.627 12.6274 -62
      vertex 102.196 10.5696 -62
    endloop
  endfacet
  facet normal 0 0 1
    outer loop
      vertex 60 0 -18
      vertex 102.196 10.5696 -18
      vertex 101.627 12.6274 -18
    endloop
  endfacet
  facet normal 0.963776 0.266713 0
    outer loop
      vertex 102.196 10.5696 -62
      vertex 101.627 12.6274 -62
      vertex 101.627 12.6274 -18
    endloop
  endfacet
  facet normal 0.963776 0.266713 0
    outer loop
      vertex 102.196 10.5696 -62
      vertex 101.627 12.6274 -18
      vertex 102.196 10.5696 -18
    endloop
  endfacet
  facet normal 0 0 -1
    outer loop
      vertex 60 0 -62
      vertex 100.957 14.6547 -62
      vertex 101.627 12.6274 -62
    endloop
  endfacet
  facet normal 0 0 1
    outer loop
      vertex 60 0 -18
      vertex 101.627 12.6274 -18
      vertex 100.957 14.6547 -18
    endloop
  endfacet
  facet normal 0.949528 0.313682 0
    outer loop
      vertex 101.627 12.6274 -62
      vertex 100.957 14.6547 -62
      vertex 100.957 14.6547 -18
    endloop
  endfacet
  facet normal 0.949528 0.313682 0
    outer loop
      vertex 101.627 12.6274 -62
      vertex 100.957 14.6547 -18
      vertex 101.627 12.6274 -18
    endloop
  endfacet
  facet normal 0 0 -1
    outer loop
      vertex 60 0 -62
      vertex 100.189 16.6467 -62
      vertex 100.957 14.6547 -62
    endloop
  endfacet
  facet normal 0 0 1
    outer loop
      vertex 60 0 -18
      vertex 100.957 14.6547 -18
      vertex 100.189 16.6467 -18
    endloop
  endfacet
  facet normal 0.932993 0.359895 0
    outer loop
      vertex 100.957 14.6547 -62
      vertex 100.189 16.6467 -62
      vertex 100.189 16.6467 -18
    endloop
  endfacet
  facet normal 0.932993 0.359895 0
    outer loop
      vertex 100.957 14.6547 -62
      vertex 100.189 16.6467 -18
      vertex 100.957 14.6547 -18
    endloop
  endfacet
  facet normal 0 0 -1
    outer loop
      vertex 60 0 -62
      vertex 99.3235 18.5986 -62
      vertex 100.189 16.6467 -62
    endloop
  endfacet
  facet normal 0 0 1
    outer loop
      vertex 60 0 -18
      vertex 100.189 16.6467 -18
      vertex 99.3235 18.5986 -18
    endloop
  endfacet
  facet normal 0.91421 0.405241 0
    outer loop
      vertex 100.189 16.6467 -62
      vertex 99.3235 18.5986 -62
      vertex 99.3235 18.5986 -18
    endloop
  endfacet
  facet normal 0.91421 0.405241 0
    outer loop
      vertex 100.189 16.6467 -62
      vertex 99.3235 18.5986 -18
      vertex 100.189 16.6467 -18
    endloop
  endfacet
  facet normal 0 0 -1
    outer loop
      vertex 60 0 -62
      vertex 98.3636 20.5058 -62
      vertex 99.3235 18.5986 -62
    endloop
  endfacet
  facet normal 0 0 1
    outer loop
      vertex 60 0 -18
      vertex 99.3235 18.5986 -18
      vertex 98.3636 20.5058 -18
    endloop
  endfacet
  facet normal 0.893224 0.449611 0
    outer loop
      vertex 99.3235 18.5986 -62
      vertex 98.3636 20.5058 -62
      vertex 98.3636 20.5058 -18
    endloop
  endfacet
  facet normal 0.893224 0.449611 0
    outer loop
      vertex 99.3235 18.5986 -62
      vertex 98.3636 20.5058 -18
      vertex 99.3235 18.5986 -18
    endloop
  endfacet
  facet normal 0 0 -1
    outer loop
      vertex 60 0 -62
      vertex 97.3112 22.3635 -62
      vertex 98.3636 20.5058 -62
    endloop
  endfacet
  facet normal 0 0 1
    outer loop
      vertex 60 0 -18
      vertex 98.3636 20.5058 -18
      vertex 97.3112 22.3635 -18
    endloop
  endfacet
  facet normal 0.870087 0.492898 0
    outer loop
      vertex 98.3636 20.5058 -62
      vertex 97.3112 22.3635 -62
      vertex 97.3112 22.3635 -18
    endloop
  endfacet
  facet normal 0.870087 0.492898 0
    outer loop
      vertex 98.3636 20.5058 -62
      vertex 97.3112 22.3635 -18
      vertex 98.3636 20.5058 -18
    endloop
  endfacet
  facet normal 0 0 -1
    outer loop
      vertex 60 0 -62
      vertex 96.1689 24.1673 -62
      vertex 97.3112 22.3635 -62
    endloop
  endfacet
  facet normal 0 0 1
    outer loop
      vertex 60 0 -18
      vertex 97.3112 22.3635 -18
      vertex 96.1689 24.1673 -18
    endloop
  endfacet
  facet normal 0.844854 0.534998 0
    outer loop
      vertex 97.3112 22.3635 -62
      vertex 96.1689 24.1673 -62
      vertex 96.1689 24.1673 -18
    endloop
  endfacet
  facet normal 0.844854 0.534998 0
    outer loop
      vertex 97.3112 22.3635 -62
      vertex 96.1689 24.1673 -18
      vertex 97.3112 22.3635 -18
    endloop
  endfacet
  facet normal 0 0 -1
    outer loop
      vertex 60 0 -62
      vertex 94.9395 25.9129 -62
      vertex 96.1689 24.1673 -62
    endloop
  endfacet
  facet normal 0 0 1
    outer loop
      vertex 60 0 -18
      vertex 96.1689 24.1673 -18
      vertex 94.9395 25.9129 -18
    endloop
  endfacet
  facet normal 0.817585 0.575808 0
    outer loop
      vertex 96.1689 24.1673 -62
      vertex 94.9395 25.9129 -62
      vertex 94.9395 25.9129 -18
    endloop
  endfacet
  facet normal 0.817585 0.575808 0
    outer loop
      vertex 96.1689 24.1673 -62
      vertex 94.9395 25.9129 -18
      vertex 96.1689 24.1673 -18
    endloop
  endfacet
  facet normal 0 0 -1
    outer loop
      vertex 60 0 -62
      vertex 93.626 27.5961 -62
      vertex 94.9395 25.9129 -62
    endloop
  endfacet
  facet normal 0 0 1
    outer loop
      vertex 60 0 -18
      vertex 94.9395 25.9129 -18
      vertex 93.626 27.5961 -18
    endloop
  endfacet
  facet normal 0.788346 0.615232 0
    outer loop
      vertex 94.9395 25.9129 -62
      vertex 93.626 27.5961 -62
      vertex 93.626 27.5961 -18
    endloop
  endfacet
  facet normal 0.788346 0.615232 0
    outer loop
      vertex 94.9395 25.9129 -62
      vertex 93.626 27.5961 -18
      vertex 94.9395 25.9129 -18
    endloop
  endfacet
  facet normal 0 0 -1
    outer loop
      vertex 60 0 -62
      vertex 92.2314 29.2128 -62
      vertex 93.626 27.5961 -62
    endloop
  endfacet
  facet normal 0 0 1
    outer loop
      vertex 60 0 -18
      vertex 93.626 27.5961 -18
      vertex 92.2314 29.2128 -18
    endloop
  endfacet
  facet normal 0.757209 0.653173 0
    outer loop
      vertex 93.626 27.5961 -62
      vertex 92.2314 29.2128 -62
      vertex 92.2314 29.2128 -18
    endloop
  endfacet
  facet normal 0.757209 0.653173 0
    outer loop
      vertex 93.626 27.5961 -62
      vertex 92.2314 29.2128 -18
      vertex 93.626 27.5961 -18
    endloop
  endfacet
  facet normal 0 0 -1
    outer loop
      vertex 60 0 -62
      vertex 90.7591 30.7591 -62
      vertex 92.2314 29.2128 -62
    endloop
  endfacet
  facet normal 0 0 1
    outer loop
      vertex 60 0 -18
      vertex 92.2314 29.2128 -18
      vertex 90.7591 30.7591 -18
    endloop
  endfacet
  facet normal 0.724247 0.689541 0
    outer loop
      vertex 92.2314 29.2128 -62
      vertex 90.7591 30.7591 -62
      vertex 90.7591 30.7591 -18
    endloop
  endfacet
  facet normal 0.724247 0.689541 0
    outer loop
      vertex 92.2314 29.2128 -62
      vertex 90.7591 30.7591 -18
      vertex 92.2314 29.2128 -18
    endloop
  endfacet
  facet normal 0 0 -1
    outer loop
      vertex 60 0 -62
      vertex 89.2128 32.2314 -62
      vertex 90.7591 30.7591 -62
    endloop
  endfacet
  facet normal 0 0 1
    outer loop
      vertex 60 0 -18
      vertex 90.7591 30.7591 -18
      vertex 89.2128 32.2314 -18
    endloop
  endfacet
  facet normal 0.689541 0.724247 0
    outer loop
      vertex 90.7591 30.7591 -62
      vertex 89.2128 32.2314 -62
      vertex 89.2128 32.2314 -18
    endloop
  endfacet
  facet normal 0.689541 0.724247 0
    outer loop
      vertex 90.7591 30.7591 -62
      vertex 89.2128 32.2314 -18
      vertex 90.7591 30.7591 -18
    endloop
  endfacet
  facet normal 0 0 -1
    outer loop
      vertex 60 0 -62
      vertex 87.5961 33.626 -62
      vertex 89.2128 32.2314 -62
    endloop
  endfacet
  facet normal 0 0 1
    outer loop
      vertex 60 0 -18
      vertex 89.2128 32.2314 -18
      vertex 87.5961 33.626 -18
    endloop
  endfacet
  facet normal 0.653173 0.757209 0
    outer loop
      vertex 89.2128 32.2314 -62
      vertex 87.5961 33.626 -62
      vertex 87.5961 33.626 -18
    endloop
  endfacet
  facet normal 0.653173 0.757209 0
    outer loop
      vertex 89.2128 32.2314 -62
      vertex 87.5961 33.626 -18
      vertex 89.2128 32.2314 -18
    endloop
  endfacet
  facet normal 0 0 -1
    outer loop
      vertex 60 0 -62
      vertex 85.9129 34.9395 -62
      vertex 87.5961 33.626 -62
    endloop
  endfacet
  facet normal 0 0 1
    outer loop
      vertex 60 0 -18
      vertex 87.5961 33.626 -18
      vertex 85.9129 34.9395 -18
    endloop
  endfacet
  facet normal 0.615232 0.788346 0
    outer loop
      vertex 87.5961 33.626 -62
      vertex 85.9129 34.9395 -62
      vertex 85.9129 34.9395 -18
    endloop
  endfacet
  facet normal 0.615232 0.788346 0
    outer loop
      vertex 87.5961 33.626 -62
      vertex 85.9129 34.9395 -18
      vertex 87.5961 33.626 -18
    endloop
  endfacet
  facet normal 0 0 -1
    outer loop
      vertex 60 0 -62
      vertex 84.1673 36.1689 -62
      vertex 85.9129 34.9395 -62
    endloop
  endfacet
  facet normal 0 0 1
    outer loop
      vertex 60 0 -18
      vertex 85.9129 34.9395 -18
      vertex 84.1673 36.1689 -18
    endloop
  endfacet
  facet normal 0.575808 0.817585 0
    outer loop
      vertex 85.9129 34.9395 -62
      vertex 84.1673 36.1689 -62
      vertex 84.1673 36.1689 -18
    endloop
  endfacet
  facet normal 0.575808 0.817585 0
    outer loop
      vertex 85.9129 34.9395 -62
      vertex 84.1673 36.1689 -18
      vertex 85.9129 34.9395 -18
    endloop
  endfacet
  facet normal 0 0 -1
    outer loop
      vertex 60 0 -62
      vertex 82.3635 37.3112 -62
      vertex 84.1673 36.1689 -62
    endloop
  endfacet
  facet normal 0 0 1
    outer loop
      vertex 60 0 -18
      vertex 84.1673 36.1689 -18
      vertex 82.3635 37.3112 -18
    endloop
  endfacet
  facet normal 0.534998 0.844854 0
    outer loop
      vertex 84.1673 36.1689 -62
      vertex 82.3635 37.3112 -62
      vertex 82.3635 37.3112 -18
    endloop
  endfacet
  facet normal 0.534998 0.844854 0
    outer loop
      vertex 84.1673 36.1689 -62
      vertex 82.3635 37.3112 -18
      vertex 84.1673 36.1689 -18
    endloop
  endfacet
  facet normal 0 0 -1
    outer loop
      vertex 60 0 -62
      vertex 80.5058 38.3636 -62
      vertex 82.3635 37.3112 -62
    endloop
  endfacet
  facet normal 0 0 1
    outer loop
      vertex 60 0 -18
      vertex 82.3635 37.3112 -18
      vertex 80.5058 38.3636 -18
    endloop
  endfacet
  facet normal 0.492898 0.870087 0
    outer loop
      vertex 82.3635 37.3112 -62
      vertex 80.5058 38.3636 -62
      vertex 80.5058 38.3636 -18
    endloop
  endfacet
  facet normal 0.492898 0.870087 0
    outer loop
      vertex 82.3635 37.3112 -62
      vertex 80.5058 38.3636 -18
      vertex 82.3635 37.3112 -18
    endloop
  endfacet
  facet normal 0 0 -1
    outer loop
      vertex 60 0 -62
      vertex 78.5986 39.3235 -62
      vertex 80.5058 38.3636 -62
    endloop
  endfacet
  facet normal 0 0 1
    outer loop
      vertex 60 0 -18
      vertex 80.5058 38.3636 -18
      vertex 78.5986 39.3235 -18
    endloop
  endfacet
  facet normal 0.449611 0.893224 0
    outer loop
      vertex 80.5058 38.3636 -62
      vertex 78.5986 39.3235 -62
      vertex 78.5986 39.3235 -18
    endloop
  endfacet
  facet normal 0.449611 0.893224 0
    outer loop
      vertex 80.5058 38.3636 -62
      vertex 78.5986 39.3235 -18
      vertex 80.5058 38.3636 -18
    endloop
  endfacet
  facet normal 0 0 -1
    outer loop
      vertex 60 0 -62
      vertex 76.6467 40.1888 -62
      vertex 78.5986 39.3235 -62
    endloop
  endfacet
  facet normal 0 0 1
    outer loop
      vertex 60 0 -18
      vertex 78.5986 39.3235 -18
      vertex 76.6467 40.1888 -18
    endloop
  endfacet
  facet normal 0.405241 0.91421 0
    outer loop
      vertex 78.5986 39.3235 -62
      vertex 76.6467 40.1888 -62
      vertex 76.6467 40.1888 -18
    endloop
  endfacet
  facet normal 0.405241 0.91421 0
    outer loop
      vertex 78.5986 39.3235 -62
      vertex 76.6467 40.1888 -18
      vertex 78.5986 39.3235 -18
    endloop
  endfacet
  facet normal 0 0 -1
    outer loop
      vertex 60 0 -62
      vertex 74.6547 40.9572 -62
      vertex 76.6467 40.1888 -62
    endloop
  endfacet
  facet normal 0 0 1
    outer loop
      vertex 60 0 -18
      vertex 76.6467 40.1888 -18
      vertex 74.6547 40.9572 -18
    endloop
  endfacet
  facet normal 0.359895 0.932993 0
    outer loop
      vertex 76.6467 40.1888 -62
      vertex 74.6547 40.9572 -62
      vertex 74.6547 40.9572 -18
    endloop
  endfacet
  facet normal 0.359895 0.932993 0
    outer loop
      vertex 76.6467 40.1888 -62
      vertex 74.6547 40.9572 -18
      vertex 76.6467 40.1888 -18
    endloop
  endfacet
  facet normal 0 0 -1
    outer loop
      vertex 60 0 -62
      vertex 72.6274 41.6269 -62
      vertex 74.6547 40.9572 -62
    endloop
  endfacet
  facet normal 0 0 1
    outer loop
      vertex 60 0 -18
      vertex 74.6547 40.9572 -18
      vertex 72.6274 41.6269 -18
    endloop
  endfacet
  facet normal 0.313682 0.949528 0
    outer loop
      vertex 74.6547 40.9572 -62
      vertex 72.6274 41.6269 -62
      vertex 72.6274 41.6269 -18
    endloop
  endfacet
  facet normal 0.313682 0.949528 0
    outer loop
      vertex 74.6547 40.9572 -62
      vertex 72.6274 41.6269 -18
      vertex 74.6547 40.9572 -18
    endloop
  endfacet
  facet normal 0 0 -1
    outer loop
      vertex 60 0 -62
      vertex 70.5696 42.1964 -62
      vertex 72.6274 41.6269 -62
    endloop
  endfacet
  facet normal 0 0 1
    outer loop
      vertex 60 0 -18
      vertex 72.6274 41.6269 -18
      vertex 70.5696 42.1964 -18
    endloop
  endfacet
  facet normal 0.266713 0.963776 0
    outer loop
      vertex 72.6274 41.6269 -62
      vertex 70.5696 42.1964 -62
      vertex 70.5696 42.1964 -18
    endloop
  endfacet
  facet normal 0.266713 0.963776 0
    outer loop
      vertex 72.6274 41.6269 -62
      vertex 70.5696 42.1964 -18
      vertex 72.6274 41.6269 -18
    endloop
  endfacet
  facet normal 0 0 -1
    outer loop
      vertex 60 0 -62
      vertex 68.4864 42.6642 -62
      vertex 70.5696 42.1964 -62
    endloop
  endfacet
  facet normal 0 0 1
    outer loop
      vertex 60 0 -18
      vertex 70.5696 42.1964 -18
      vertex 68.4864 42.6642 -18
    endloop
  endfacet
  facet normal 0.219101 0.975702 0
    outer loop
      vertex 70.5696 42.1964 -62
      vertex 68.4864 42.6642 -62
      vertex 68.4864 42.6642 -18
    endloop
  endfacet
  facet normal 0.219101 0.975702 0
    outer loop
      vertex 70.5696 42.1964 -62
      vertex 68.4864 42.6642 -18
      vertex 70.5696 42.1964 -18
    endloop
  endfacet
  facet normal 0 0 -1
    outer loop
      vertex 60 0 -62
      vertex 66.3828 43.0292 -62
      vertex 68.4864 42.6642 -62
    endloop
  endfacet
  facet normal 0 0 1
    outer loop
      vertex 60 0 -18
      vertex 68.4864 42.6642 -18
      vertex 66.3828 43.0292 -18
    endloop
  endfacet
  facet normal 0.170962 0.985278 0
    outer loop
      vertex 68.4864 42.6642 -62
      vertex 66.3828 43.0292 -62
      vertex 66.3828 43.0292 -18
    endloop
  endfacet
  facet normal 0.170962 0.985278 0
    outer loop
      vertex 68.4864 42.6642 -62
      vertex 66.3828 43.0292 -18
      vertex 68.4864 42.6642 -18
    endloop
  endfacet
  facet normal 0 0 -1
    outer loop
      vertex 60 0 -62
      vertex 64.2637 43.2905 -62
      vertex 66.3828 43.0292 -62
    endloop
  endfacet
  facet normal 0 0 1
    outer loop
      vertex 60 0 -18
      vertex 66.3828 43.0292 -18
      vertex 64.2637 43.2905 -18
    endloop
  endfacet
  facet normal 0.122411 0.99248 0
    outer loop
      vertex 66.3828 43.0292 -62
      vertex 64.2637 43.2905 -62
      vertex 64.2637 43.2905 -18
    endloop
  endfacet
  facet normal 0.122411 0.99248 0
    outer loop
      vertex 66.3828 43.0292 -62
      vertex 64.2637 43.2905 -18
      vertex 66.3828 43.0292 -18
    endloop
  endfacet
  facet normal 0 0 -1
    outer loop
      vertex 60 0 -62
      vertex 62.1344 43.4476 -62
      vertex 64.2637 43.2905 -62
    endloop
  endfacet
  facet normal 0 0 1
    outer loop
      vertex 60 0 -18
      vertex 64.2637 43.2905 -18
      vertex 62.1344 43.4476 -18
    endloop
  endfacet
  facet normal 0.0735646 0.99729 0
    outer loop
      vertex 64.2637 43.2905 -62
      vertex 62.1344 43.4476 -62
      vertex 62.1344 43.4476 -18
    endloop
  endfacet
  facet normal 0.0735646 0.99729 0
    outer loop
      vertex 64.2637 43.2905 -62
      vertex 62.1344 43.4476 -18
      vertex 64.2637 43.2905 -18
    endloop
  endfacet
  facet normal 0 0 -1
    outer loop
      vertex 60 0 -62
      vertex 60 43.5 -62
      vertex 62.1344 43.4476 -62
    endloop
  endfacet
  facet normal 0 0 1
    outer loop
      vertex 60 0 -18
      vertex 62.1344 43.4476 -18
      vertex 60 43.5 -18
    endloop
  endfacet
  facet normal 0.0245412 0.999699 0
    outer loop
      vertex 62.1344 43.4476 -62
      vertex 60 43.5 -62
      vertex 60 43.5 -18
    endloop
  endfacet
  facet normal 0.0245412 0.999699 0
    outer loop
      vertex 62.1344 43.4476 -62
      vertex 60 43.5 -18
      vertex 62.1344 43.4476 -18
    endloop
  endfacet
  facet normal 0 0 -1
    outer loop
      vertex 60 0 -62
      vertex 57.8656 43.4476 -62
      vertex 60 43.5 -62
    endloop
  endfacet
  facet normal 0 0 1
    outer loop
      vertex 60 0 -18
      vertex 60 43.5 -18
      vertex 57.8656 43.4476 -18
    endloop
  endfacet
  facet normal -0.0245412 0.999699 0
    outer loop
      vertex 60 43.5 -62
      vertex 57.8656 43.4476 -62
      vertex 57.8656 43.4476 -18
    endloop
  endfacet
  facet normal -0.0245412 0.999699 0
    outer loop
      vertex 60 43.5 -62
      vertex 57.8656 43.4476 -18
      vertex 60 43.5 -18
    endloop
  endfacet
  facet normal 0 0 -1
    outer loop
      vertex 60 0 -62
      vertex 55.7363 43.2905 -62
      vertex 57.8656 43.4476 -62
    endloop
  endfacet
  facet normal 0 0 1
    outer loop
      vertex 60 0 -18
      vertex 57.8656 43.4476 -18
      vertex 55.7363 43.2905 -18
    endloop
  endfacet
  facet normal -0.0735646 0.99729 0
    outer loop
      vertex 57.8656 43.4476 -62
      vertex 55.7363 43.2905 -62
      vertex 55.7363 43.2905 -18
    endloop
  endfacet
  facet normal -0.0735646 0.99729 0
    outer loop
      vertex 57.8656 43.4476 -62
      vertex 55.7363 43.2905 -18
      vertex 57.8656 43.4476 -18
    endloop
  endfacet
  facet normal 0 0 -1
    outer loop
      vertex 60 0 -62
      vertex 53.6172 43.0292 -62
      vertex 55.7363 43.2905 -62
    endloop
  endfacet
  facet normal 0 0 1
    outer loop
      vertex 60 0 -18
      vertex 55.7363 43.2905 -18
      vertex 53.6172 43.0292 -18
    endloop
  endfacet
  facet normal -0.122411 0.99248 0
    outer loop
      vertex 55.7363 43.2905 -62
      vertex 53.6172 43.0292 -62
      vertex 53.6172 43.0292 -18
    endloop
  endfacet
  facet normal -0.122411 0.99248 0
    outer loop
      vertex 55.7363 43.2905 -62
      vertex 53.6172 43.0292 -18
      vertex 55.7363 43.2905 -18
    endloop
  endfacet
  facet normal 0 0 -1
    outer loop
      vertex 60 0 -62
      vertex 51.5136 42.6642 -62
      vertex 53.6172 43.0292 -62
    endloop
  endfacet
  facet normal 0 0 1
    outer loop
      vertex 60 0 -18
      vertex 53.6172 43.0292 -18
      vertex 51.5136 42.6642 -18
    endloop
  endfacet
  facet normal -0.170962 0.985278 0
    outer loop
      vertex 53.6172 43.0292 -62
      vertex 51.5136 42.6642 -62
      vertex 51.5136 42.6642 -18
    endloop
  endfacet
  facet normal -0.170962 0.985278 0
    outer loop
      vertex 53.6172 43.0292 -62
      vertex 51.5136 42.6642 -18
      vertex 53.6172 43.0292 -18
    endloop
  endfacet
  facet normal 0 0 -1
    outer loop
      vertex 60 0 -62
      vertex 49.4304 42.1964 -62
      vertex 51.5136 42.6642 -62
    endloop
  endfacet
  facet normal 0 0 1
    outer loop
      vertex 60 0 -18
      vertex 51.5136 42.6642 -18
      vertex 49.4304 42.1964 -18
    endloop
  endfacet
  facet normal -0.219101 0.975702 0
    outer loop
      vertex 51.5136 42.6642 -62
      vertex 49.4304 42.1964 -62
      vertex 49.4304 42.1964 -18
    endloop
  endfacet
  facet normal -0.219101 0.975702 0
    outer loop
      vertex 51.5136 42.6642 -62
      vertex 49.4304 42.1964 -18
      vertex 51.5136 42.6642 -18
    endloop
  endfacet
  facet normal 0 0 -1
    outer loop
      vertex 60 0 -62
      vertex 47.3726 41.6269 -62
      vertex 49.4304 42.1964 -62
    endloop
  endfacet
  facet normal 0 0 1
    outer loop
      vertex 60 0 -18
      vertex 49.4304 42.1964 -18
      vertex 47.3726 41.6269 -18
    endloop
  endfacet
  facet normal -0.266713 0.963776 0
    outer loop
      vertex 49.4304 42.1964 -62
      vertex 47.3726 41.6269 -62
      vertex 47.3726 41.6269 -18
    endloop
  endfacet
  facet normal -0.266713 0.963776 0
    outer loop
      vertex 49.4304 42.1964 -62
      vertex 47.3726 41.6269 -18
      vertex 49.4304 42.1964 -18
    endloop
  endfacet
  facet normal 0 0 -1
    outer loop
      vertex 60 0 -62
      vertex 45.3453 40.9572 -62
      vertex 47.3726 41.6269 -62
    endloop
  endfacet
  facet normal 0 0 1
    outer loop
      vertex 60 0 -18
      vertex 47.3726 41.6269 -18
      vertex 45.3453 40.9572 -18
    endloop
  endfacet
  facet normal -0.313682 0.949528 0
    outer loop
      vertex 47.3726 41.6269 -62
      vertex 45.3453 40.9572 -62
      vertex 45.3453 40.9572 -18
    endloop
  endfacet
  facet normal -0.313682 0.949528 0
    outer loop
      vertex 47.3726 41.6269 -62
      vertex 45.3453 40.9572 -18
      vertex 47.3726 41.6269 -18
    endloop
  endfacet
  facet normal 0 0 -1
    outer loop
      vertex 60 0 -62
      vertex 43.3533 40.1888 -62
      vertex 45.3453 40.9572 -62
    endloop
  endfacet
  facet normal 0 0 1
    outer loop
      vertex 60 0 -18
      vertex 45.3453 40.9572 -18
      vertex 43.3533 40.1888 -18
    endloop
  endfacet
  facet normal -0.359895 0.932993 0
    outer loop
      vertex 45.3453 40.9572 -62
      vertex 43.3533 40.1888 -62
      vertex 43.3533 40.1888 -18
    endloop
  endfacet
  facet normal -0.359895 0.932993 0
    outer loop
      vertex 45.3453 40.9572 -62
      vertex 43.3533 40.1888 -18
      vertex 45.3453 40.9572 -18
    endloop
  endfacet
  facet normal 0 0 -1
    outer loop
      vertex 60 0 -62
      vertex 41.4014 39.3235 -62
      vertex 43.3533 40.1888 -62
    endloop
  endfacet
  facet normal 0 0 1
    outer loop
      vertex 60 0 -18
      vertex 43.3533 40.1888 -18
      vertex 41.4014 39.3235 -18
    endloop
  endfacet
  facet normal -0.405241 0.91421 0
    outer loop
      vertex 43.3533 40.1888 -62
      vertex 41.4014 39.3235 -62
      vertex 41.4014 39.3235 -18
    endloop
  endfacet
  facet normal -0.405241 0.91421 0
    outer loop
      vertex 43.3533 40.1888 -62
      vertex 41.4014 39.3235 -18
      vertex 43.3533 40.1888 -18
    endloop
  endfacet
  facet normal 0 0 -1
    outer loop
      vertex 60 0 -62
      vertex 39.4942 38.3636 -62
      vertex 41.4014 39.3235 -62
    endloop
  endfacet
  facet normal 0 0 1
    outer loop
      vertex 60 0 -18
      vertex 41.4014 39.3235 -18
      vertex 39.4942 38.3636 -18
    endloop
  endfacet
  facet normal -0.449611 0.893224 0
    outer loop
      vertex 41.4014 39.3235 -62
      vertex 39.4942 38.3636 -62
      vertex 39.4942 38.3636 -18
    endloop
  endfacet
  facet normal -0.449611 0.893224 0
    outer loop
      vertex 41.4014 39.3235 -62
      vertex 39.4942 38.3636 -18
      vertex 41.4014 39.3235 -18
    endloop
  endfacet
  facet normal 0 0 -1
    outer loop
      vertex 60 0 -62
      vertex 37.6365 37.3112 -62
      vertex 39.4942 38.3636 -62
    endloop
  endfacet
  facet normal 0 0 1
    outer loop
      vertex 60 0 -18
      vertex 39.4942 38.3636 -18
      vertex 37.6365 37.3112 -18
    endloop
  endfacet
  facet normal -0.492898 0.870087 0
    outer loop
      vertex 39.4942 38.3636 -62
      vertex 37.6365 37.3112 -62
      vertex 37.6365 37.3112 -18
    endloop
  endfacet
  facet normal -0.492898 0.870087 0
    outer loop
      vertex 39.4942 38.3636 -62
      vertex 37.6365 37.3112 -18
      vertex 39.4942 38.3636 -18
    endloop
  endfacet
  facet normal 0 0 -1
    outer loop
      vertex 60 0 -62
      vertex 35.8327 36.1689 -62
      vertex 37.6365 37.3112 -62
    endloop
  endfacet
  facet normal 0 0 1
    outer loop
      vertex 60 0 -18
      vertex 37.6365 37.3112 -18
      vertex 35.8327 36.1689 -18
    endloop
  endfacet
  facet normal -0.534998 0.844854 0
    outer loop
      vertex 37.6365 37.3112 -62
      vertex 35.8327 36.1689 -62
      vertex 35.8327 36.1689 -18
    endloop
  endfacet
  facet normal -0.534998 0.844854 0
    outer loop
      vertex 37.6365 37.3112 -62
      vertex 35.8327 36.1689 -18
      vertex 37.6365 37.3112 -18
    endloop
  endfacet
  facet normal 0 0 -1
    outer loop
      vertex 60 0 -62
      vertex 34.0871 34.9395 -62
      vertex 35.8327 36.1689 -62
    endloop
  endfacet
  facet normal 0 0 1
    outer loop
      vertex 60 0 -18
      vertex 35.8327 36.1689 -18
      vertex 34.0871 34.9395 -18
    endloop
  endfacet
  facet normal -0.575808 0.817585 0
    outer loop
      vertex 35.8327 36.1689 -62
      vertex 34.0871 34.9395 -62
      vertex 34.0871 34.9395 -18
    endloop
  endfacet
  facet normal -0.575808 0.817585 0
    outer loop
      vertex 35.8327 36.1689 -62
      vertex 34.0871 34.9395 -18
      vertex 35.8327 36.1689 -18
    endloop
  endfacet
  facet normal 0 0 -1
    outer loop
      vertex 60 0 -62
      vertex 32.4039 33.626 -62
      vertex 34.0871 34.9395 -62
    endloop
  endfacet
  facet normal 0 0 1
    outer loop
      vertex 60 0 -18
      vertex 34.0871 34.9395 -18
      vertex 32.4039 33.626 -18
    endloop
  endfacet
  facet normal -0.615232 0.788346 0
    outer loop
      vertex 34.0871 34.9395 -62
      vertex 32.4039 33.626 -62
      vertex 32.4039 33.626 -18
    endloop
  endfacet
  facet normal -0.615232 0.788346 0
    outer loop
      vertex 34.0871 34.9395 -62
      vertex 32.4039 33.626 -18
      vertex 34.0871 34.9395 -18
    endloop
  endfacet
  facet normal 0 0 -1
    outer loop
      vertex 60 0 -62
      vertex 30.7872 32.2314 -62
      vertex 32.4039 33.626 -62
    endloop
  endfacet
  facet normal 0 0 1
    outer loop
      vertex 60 0 -18
      vertex 32.4039 33.626 -18
      vertex 30.7872 32.2314 -18
    endloop
  endfacet
  facet normal -0.653173 0.757209 0
    outer loop
      vertex 32.4039 33.626 -62
      vertex 30.7872 32.2314 -62
      vertex 30.7872 32.2314 -18
    endloop
  endfacet
  facet normal -0.653173 0.757209 0
    outer loop
      vertex 32.4039 33.626 -62
      vertex 30.7872 32.2314 -18
      vertex 32.4039 33.626 -18
    endloop
  endfacet
  facet normal 0 0 -1
    outer loop
      vertex 60 0 -62
      vertex 29.2409 30.7591 -62
      vertex 30.7872 32.2314 -62
    endloop
  endfacet
  facet normal 0 0 1
    outer loop
      vertex 60 0 -18
      vertex 30.7872 32.2314 -18
      vertex 29.2409 30.7591 -18
    endloop
  endfacet
  facet normal -0.689541 0.724247 0
    outer loop
      vertex 30.7872 32.2314 -62
      vertex 29.2409 30.7591 -62
      vertex 29.2409 30.7591 -18
    endloop
  endfacet
  facet normal -0.689541 0.724247 0
    outer loop
      vertex 30.7872 32.2314 -62
      vertex 29.2409 30.7591 -18
      vertex 30.7872 32.2314 -18
    endloop
  endfacet
  facet normal 0 0 -1
    outer loop
      vertex 60 0 -62
      vertex 27.7686 29.2128 -62
      vertex 29.2409 30.7591 -62
    endloop
  endfacet
  facet normal 0 0 1
    outer loop
      vertex 60 0 -18
      vertex 29.2409 30.7591 -18
      vertex 27.7686 29.2128 -18
    endloop
  endfacet
  facet normal -0.724247 0.689541 0
    outer loop
      vertex 29.2409 30.7591 -62
      vertex 27.7686 29.2128 -62
      vertex 27.7686 29.2128 -18
    endloop
  endfacet
  facet normal -0.724247 0.689541 0
    outer loop
      vertex 29.2409 30.7591 -62
      vertex 27.7686 29.2128 -18
      vertex 29.2409 30.7591 -18
    endloop
  endfacet
  facet normal 0 0 -1
    outer loop
      vertex 60 0 -62
      vertex 26.374 27.5961 -62
      vertex 27.7686 29.2128 -62
    endloop
  endfacet
  facet normal 0 0 1
    outer loop
      vertex 60 0 -18
      vertex 27.7686 29.2128 -18
      vertex 26.374 27.5961 -18
    endloop
  endfacet
  facet normal -0.757209 0.653173 0
    outer loop
      vertex 27.7686 29.2128 -62
      vertex 26.374 27.5961 -62
      vertex 26.374 27.5961 -18
    endloop
  endfacet
  facet normal -0.757209 0.653173 0
    outer loop
      vertex 27.7686 29.2128 -62
      vertex 26.374 27.5961 -18
      vertex 27.7686 29.2128 -18
    endloop
  endfacet
  facet normal 0 0 -1
    outer loop
      vertex 60 0 -62
      vertex 25.0605 25.9129 -62
      vertex 26.374 27.5961 -62
    endloop
  endfacet
  facet normal 0 0 1
    outer loop
      vertex 60 0 -18
      vertex 26.374 27.5961 -18
      vertex 25.0605 25.9129 -18
    endloop
  endfacet
  facet normal -0.788346 0.615232 0
    outer loop
      vertex 26.374 27.5961 -62
      vertex 25.0605 25.9129 -62
      vertex 25.0605 25.9129 -18
    endloop
  endfacet
  facet normal -0.788346 0.615232 0
    outer loop
      vertex 26.374 27.5961 -62
      vertex 25.0605 25.9129 -18
      vertex 26.374 27.5961 -18
    endloop
  endfacet
  facet normal 0 0 -1
    outer loop
      vertex 60 0 -62
      vertex 23.8311 24.1673 -62
      vertex 25.0605 25.9129 -62
    endloop
  endfacet
  facet normal 0 0 1
    outer loop
      vertex 60 0 -18
      vertex 25.0605 25.9129 -18
      vertex 23.8311 24.1673 -18
    endloop
  endfacet
  facet normal -0.817585 0.575808 0
    outer loop
      vertex 25.0605 25.9129 -62
      vertex 23.8311 24.1673 -62
      vertex 23.8311 24.1673 -18
    endloop
  endfacet
  facet normal -0.817585 0.575808 0
    outer loop
      vertex 25.0605 25.9129 -62
      vertex 23.8311 24.1673 -18
      vertex 25.0605 25.9129 -18
    endloop
  endfacet
  facet normal 0 0 -1
    outer loop
      vertex 60 0 -62
      vertex 22.6888 22.3635 -62
      vertex 23.8311 24.1673 -62
    endloop
  endfacet
  facet normal 0 0 1
    outer loop
      vertex 60 0 -18
      vertex 23.8311 24.1673 -18
      vertex 22.6888 22.3635 -18
    endloop
  endfacet
  facet normal -0.844854 0.534998 0
    outer loop
      vertex 23.8311 24.1673 -62
      vertex 22.6888 22.3635 -62
      vertex 22.6888 22.3635 -18
    endloop
  endfacet
  facet normal -0.844854 0.534998 0
    outer loop
      vertex 23.8311 24.1673 -62
      vertex 22.6888 22.3635 -18
      vertex 23.8311 24.1673 -18
    endloop
  endfacet
  facet normal 0 0 -1
    outer loop
      vertex 60 0 -62
      vertex 21.6364 20.5058 -62
      vertex 22.6888 22.3635 -62
    endloop
  endfacet
  facet normal 0 0 1
    outer loop
      vertex 60 0 -18
      vertex 22.6888 22.3635 -18
      vertex 21.6364 20.5058 -18
    endloop
  endfacet
  facet normal -0.870087 0.492898 0
    outer loop
      vertex 22.6888 22.3635 -62
      vertex 21.6364 20.5058 -62
      vertex 21.6364 20.5058 -18
    endloop
  endfacet
  facet normal -0.870087 0.492898 0
    outer loop
      vertex 22.6888 22.3635 -62
      vertex 21.6364 20.5058 -18
      vertex 22.6888 22.3635 -18
    endloop
  endfacet
  facet normal 0 0 -1
    outer loop
      vertex 60 0 -62
      vertex 20.6765 18.5986 -62
      vertex 21.6364 20.5058 -62
    endloop
  endfacet
  facet normal 0 0 1
    outer loop
      vertex 60 0 -18
      vertex 21.6364 20.5058 -18
      vertex 20.6765 18.5986 -18
    endloop
  endfacet
  facet normal -0.893224 0.449611 0
    outer loop
      vertex 21.6364 20.5058 -62
      vertex 20.6765 18.5986 -62
      vertex 20.6765 18.5986 -18
    endloop
  endfacet
  facet normal -0.893224 0.449611 0
    outer loop
      vertex 21.6364 20.5058 -62
      vertex 20.6765 18.5986 -18
      vertex 21.6364 20.5058 -18
    endloop
  endfacet
  facet normal 0 0 -1
    outer loop
      vertex 60 0 -62
      vertex 19.8112 16.6467 -62
      vertex 20.6765 18.5986 -62
    endloop
  endfacet
  facet normal 0 0 1
    outer loop
      vertex 60 0 -18
      vertex 20.6765 18.5986 -18
      vertex 19.8112 16.6467 -18
    endloop
  endfacet
  facet normal -0.91421 0.405241 0
    outer loop
      vertex 20.6765 18.5986 -62
      vertex 19.8112 16.6467 -62
      vertex 19.8112 16.6467 -18
    endloop
  endfacet
  facet normal -0.91421 0.405241 0
    outer loop
      vertex 20.6765 18.5986 -62
      vertex 19.8112 16.6467 -18
      vertex 20.6765 18.5986 -18
    endloop
  endfacet
  facet normal 0 0 -1
    outer loop
      vertex 60 0 -62
      vertex 19.0428 14.6547 -62
      vertex 19.8112 16.6467 -62
    endloop
  endfacet
  facet normal 0 0 1
    outer loop
      vertex 60 0 -18
      vertex 19.8112 16.6467 -18
      vertex 19.0428 14.6547 -18
    endloop
  endfacet
  facet normal -0.932993 0.359895 0
    outer loop
      vertex 19.8112 16.6467 -62
      vertex 19.0428 14.6547 -62
      vertex 19.0428 14.6547 -18
    endloop
  endfacet
  facet normal -0.932993 0.359895 0
    outer loop
      vertex 19.8112 16.6467 -62
      vertex 19.0428 14.6547 -18
      vertex 19.8112 16.6467 -18
    endloop
  endfacet
  facet normal 0 0 -1
    outer loop
      vertex 60 0 -62
      vertex 18.3731 12.6274 -62
      vertex 19.0428 14.6547 -62
    endloop
  endfacet
  facet normal 0 0 1
    outer loop
      vertex 60 0 -18
      vertex 19.0428 14.6547 -18
      vertex 18.3731 12.6274 -18
    endloop
  endfacet
  facet normal -0.949528 0.313682 0
    outer loop
      vertex 19.0428 14.6547 -62
      vertex 18.3731 12.6274 -62
      vertex 18.3731 12.6274 -18
    endloop
  endfacet
  facet normal -0.949528 0.313682 0
    outer loop
      vertex 19.0428 14.6547 -62
      vertex 18.3731 12.6274 -18
      vertex 19.0428 14.6547 -18
    endloop
  endfacet
  facet normal 0 0 -1
    outer loop
      vertex 60 0 -62
      vertex 17.8036 10.5696 -62
      vertex 18.3731 12.6274 -62
    endloop
  endfacet
  facet normal 0 0 1
    outer loop
      vertex 60 0 -18
      vertex 18.3731 12.6274 -18
      vertex 17.8036 10.5696 -18
    endloop
  endfacet
  facet normal -0.963776 0.266713 0
    outer loop
      vertex 18.3731 12.6274 -62
      vertex 17.8036 10.5696 -62
      vertex 17.8036 10.5696 -18
    endloop
  endfacet
  facet normal -0.963776 0.266713 0
    outer loop
      vertex 18.3731 12.6274 -62
      vertex 17.8036 10.5696 -18
      vertex 18.3731 12.6274 -18
    endloop
  endfacet
  facet normal 0 0 -1
    outer loop
      vertex 60 0 -62
      vertex 17.3358 8.48643 -62
      vertex 17.8036 10.5696 -62
    endloop
  endfacet
  facet normal 0 0 1
    outer loop
      vertex 60 0 -18
      vertex 17.8036 10.5696 -18
      vertex 17.3358 8.48643 -18
    endloop
  endfacet
  facet normal -0.975702 0.219101 0
    outer loop
      vertex 17.8036 10.5696 -62
      vertex 17.3358 8.48643 -62
      vertex 17.3358 8.48643 -18
    endloop
  endfacet
  facet normal -0.975702 0.219101 0
    outer loop
      vertex 17.8036 10.5696 -62
      vertex 17.3358 8.48643 -18
      vertex 17.8036 10.5696 -18
    endloop
  endfacet
  facet normal 0 0 -1
    outer loop
      vertex 60 0 -62
      vertex 16.9708 6.38278 -62
      vertex 17.3358 8.48643 -62
    endloop
  endfacet
  facet normal 0 0 1
    outer loop
      vertex 60 0 -18
      vertex 17.3358 8.48643 -18
      vertex 16.9708 6.38278 -18
    endloop
  endfacet
  facet normal -0.985278 0.170962 0
    outer loop
      vertex 17.3358 8.48643 -62
      vertex 16.9708 6.38278 -62
      vertex 16.9708 6.38278 -18
    endloop
  endfacet
  facet normal -0.985278 0.170962 0
    outer loop
      vertex 17.3358 8.48643 -62
      vertex 16.9708 6.38278 -18
      vertex 17.3358 8.48643 -18
    endloop
  endfacet
  facet normal 0 0 -1
    outer loop
      vertex 60 0 -62
      vertex 16.7095 4.26375 -62
      vertex 16.9708 6.38278 -62
    endloop
  endfacet
  facet normal 0 0 1
    outer loop
      vertex 60 0 -18
      vertex 16.9708 6.38278 -18
      vertex 16.7095 4.26375 -18
    endloop
  endfacet
  facet normal -0.99248 0.122411 0
    outer loop
      vertex 16.9708 6.38278 -62
      vertex 16.7095 4.26375 -62
      vertex 16.7095 4.26375 -18
    endloop
  endfacet
  facet normal -0.99248 0.122411 0
    outer loop
      vertex 16.9708 6.38278 -62
      vertex 16.7095 4.26375 -18
      vertex 16.9708 6.38278 -18
    endloop
  endfacet
  facet normal 0 0 -1
    outer loop
      vertex 60 0 -62
      vertex 16.5524 2.13444 -62
      vertex 16.7095 4.26375 -62
    endloop
  endfacet
  facet normal 0 0 1
    outer loop
      vertex 60 0 -18
      vertex 16.7095 4.26375 -18
      vertex 16.5524 2.13444 -18
    endloop
  endfacet
  facet normal -0.99729 0.0735646 0
    outer loop
      vertex 16.7095 4.26375 -62
      vertex 16.5524 2.13444 -62
      vertex 16.5524 2.13444 -18
    endloop
  endfacet
  facet normal -0.99729 0.0735646 0
    outer loop
      vertex 16.7095 4.26375 -62
      vertex 16.5524 2.13444 -18
      vertex 16.7095 4.26375 -18
    endloop
  endfacet
  facet normal 0 0 -1
    outer loop
      vertex 60 0 -62
      vertex 16.5 5.32721e-15 -62
      vertex 16.5524 2.13444 -62
    endloop
  endfacet
  facet normal 0 0 1
    outer loop
      vertex 60 0 -18
      vertex 16.5524 2.13444 -18
      vertex 16.5 5.32721e-15 -18
    endloop
  endfacet
  facet normal -0.999699 0.0245412 0
    outer loop
      vertex 16.5524 2.13444 -62
      vertex 16.5 5.32721e-15 -62
      vertex 16.5 5.32721e-15 -18
    endloop
  endfacet
  facet normal -0.999699 0.0245412 0
    outer loop
      vertex 16.5524 2.13444 -62
      vertex 16.5 5.32721e-15 -18
      vertex 16.5524 2.13444 -18
    endloop
  endfacet
  facet normal 0 0 -1
    outer loop
      vertex 60 0 -62
      vertex 16.5524 -2.13444 -62
      vertex 16.5 5.32721e-15 -62
    endloop
  endfacet
  facet normal 0 0 1
    outer loop
      vertex 60 0 -18
      vertex 16.5 5.32721e-15 -18
      vertex 16.5524 -2.13444 -18
    endloop
  endfacet
  facet normal -0.999699 -0.0245412 0
    outer loop
      vertex 16.5 5.32721e-15 -62
      vertex 16.5524 -2.13444 -62
      vertex 16.5524 -2.13444 -18
    endloop
  endfacet
  facet normal -0.999699 -0.0245412 0
    outer loop
      vertex 16.5 5.32721e-15 -62
      vertex 16.5524 -2.13444 -18
      vertex 16.5 5.32721e-15 -18
    endloop
  endfacet
  facet normal 0 0 -1
    outer loop
      vertex 60 0 -62
      vertex 16.7095 -4.26375 -62
      vertex 16.5524 -2.13444 -62
    endloop
  endfacet
  facet normal 0 0 1
    outer loop
      vertex 60 0 -18
      vertex 16.5524 -2.13444 -18
      vertex 16.7095 -4.26375 -18
    endloop
  endfacet
  facet normal -0.99729 -0.0735646 0
    outer loop
      vertex 16.5524 -2.13444 -62
      vertex 16.7095 -4.26375 -62
      vertex 16.7095 -4.26375 -18
    endloop
  endfacet
  facet normal -0.99729 -0.0735646 0
    outer loop
      vertex 16.5524 -2.13444 -62
      vertex 16.7095 -4.26375 -18
      vertex 16.5524 -2.13444 -18
    endloop
  endfacet
  facet normal 0 0 -1
    outer loop
      vertex 60 0 -62
      vertex 16.9708 -6.38278 -62
      vertex 16.7095 -4.26375 -62
    endloop
  endfacet
  facet normal 0 0 1
    outer loop
      vertex 60 0 -18
      vertex 16.7095 -4.26375 -18
      vertex 16.9708 -6.38278 -18
    endloop
  endfacet
  facet normal -0.99248 -0.122411 0
    outer loop
      vertex 16.7095 -4.26375 -62
      vertex 16.9708 -6.38278 -62
      vertex 16.9708 -6.38278 -18
    endloop
  endfacet
  facet normal -0.99248 -0.122411 0
    outer loop
      vertex 16.7095 -4.26375 -62
      vertex 16.9708 -6.38278 -18
      vertex 16.7095 -4.26375 -18
    endloop
  endfacet
  facet normal 0 0 -1
    outer loop
      vertex 60 0 -62
      vertex 17.3358 -8.48643 -62
      vertex 16.9708 -6.38278 -62
    endloop
  endfacet
  facet normal 0 0 1
    outer loop
      vertex 60 0 -18
      vertex 16.9708 -6.38278 -18
      vertex 17.3358 -8.48643 -18
    endloop
  endfacet
  facet normal -0.985278 -0.170962 0
    outer loop
      vertex 16.9708 -6.38278 -62
      vertex 17.3358 -8.48643 -62
      vertex 17.3358 -8.48643 -18
    endloop
  endfacet
  facet normal -0.985278 -0.170962 0
    outer loop
      vertex 16.9708 -6.38278 -62
      vertex 17.3358 -8.48643 -18
      vertex 16.9708 -6.38278 -18
    endloop
  endfacet
  facet normal 0 0 -1
    outer loop
      vertex 60 0 -62
      vertex 17.8036 -10.5696 -62
      vertex 17.3358 -8.48643 -62
    endloop
  endfacet
  facet normal 0 0 1
    outer loop
      vertex 60 0 -18
      vertex 17.3358 -8.48643 -18
      vertex 17.8036 -10.5696 -18
    endloop
  endfacet
  facet normal -0.975702 -0.219101 0
    outer loop
      vertex 17.3358 -8.48643 -62
      vertex 17.8036 -10.5696 -62
      vertex 17.8036 -10.5696 -18
    endloop
  endfacet
  facet normal -0.975702 -0.219101 0
    outer loop
      vertex 17.3358 -8.48643 -62
      vertex 17.8036 -10.5696 -18
      vertex 17.3358 -8.48643 -18
    endloop
  endfacet
  facet normal 0 0 -1
    outer loop
      vertex 60 0 -62
      vertex 18.3731 -12.6274 -62
      vertex 17.8036 -10.5696 -62
    endloop
  endfacet
  facet normal 0 0 1
    outer loop
      vertex 60 0 -18
      vertex 17.8036 -10.5696 -18
      vertex 18.3731 -12.6274 -18
    endloop
  endfacet
  facet normal -0.963776 -0.266713 0
    outer loop
      vertex 17.8036 -10.5696 -62
      vertex 18.3731 -12.6274 -62
      vertex 18.3731 -12.6274 -18
    endloop
  endfacet
  facet normal -0.963776 -0.266713 0
    outer loop
      vertex 17.8036 -10.5696 -62
      vertex 18.3731 -12.6274 -18
      vertex 17.8036 -10.5696 -18
    endloop
  endfacet
  facet normal 0 0 -1
    outer loop
      vertex 60 0 -62
      vertex 19.0428 -14.6547 -62
      vertex 18.3731 -12.6274 -62
    endloop
  endfacet
  facet normal 0 0 1
    outer loop
      vertex 60 0 -18
      vertex 18.3731 -12.6274 -18
      vertex 19.0428 -14.6547 -18
    endloop
  endfacet
  facet normal -0.949528 -0.313682 0
    outer loop
      vertex 18.3731 -12.6274 -62
      vertex 19.0428 -14.6547 -62
      vertex 19.0428 -14.6547 -18
    endloop
  endfacet
  facet normal -0.949528 -0.313682 0
    outer loop
      vertex 18.3731 -12.6274 -62
      vertex 19.0428 -14.6547 -18
      vertex 18.3731 -12.6274 -18
    endloop
  endfacet
  facet normal 0 0 -1
    outer loop
      vertex 60 0 -62
      vertex 19.8112 -16.6467 -62
      vertex 19.0428 -14.6547 -62
    endloop
  endfacet
  facet normal 0 0 1
    outer loop
      vertex 60 0 -18
      vertex 19.0428 -14.6547 -18
      vertex 19.8112 -16.6467 -18
    endloop
  endfacet
  facet normal -0.932993 -0.359895 0
    outer loop
      vertex 19.0428 -14.6547 -62
      vertex 19.8112 -16.6467 -62
      vertex 19.8112 -16.6467 -18
    endloop
  endfacet
  facet normal -0.932993 -0.359895 0
    outer loop
      vertex 19.0428 -14.6547 -62
      vertex 19.8112 -16.6467 -18
      vertex 19.0428 -14.6547 -18
    endloop
  endfacet
  facet normal 0 0 -1
    outer loop
      vertex 60 0 -62
      vertex 20.6765 -18.5986 -62
      vertex 19.8112 -16.6467 -62
    endloop
  endfacet
  facet normal 0 0 1
    outer loop
      vertex 60 0 -18
      vertex 19.8112 -16.6467 -18
      vertex 20.6765 -18.5986 -18
    endloop
  endfacet
  facet normal -0.91421 -0.405241 0
    outer loop
      vertex 19.8112 -16.6467 -62
      vertex 20.6765 -18.5986 -62
      vertex 20.6765 -18.5986 -18
    endloop
  endfacet
  facet normal -0.91421 -0.405241 0
    outer loop
      vertex 19.8112 -16.6467 -62
      vertex 20.6765 -18.5986 -18
      vertex 19.8112 -16.6467 -18
    endloop
  endfacet
  facet normal 0 0 -1
    outer loop
      vertex 60 0 -62
      vertex 21.6364 -20.5058 -62
      vertex 20.6765 -18.5986 -62
    endloop
  endfacet
  facet normal 0 0 1
    outer loop
      vertex 60 0 -18
      vertex 20.6765 -18.5986 -18
      vertex 21.6364 -20.5058 -18
    endloop
  endfacet
  facet normal -0.893224 -0.449611 0
    outer loop
      vertex 20.6765 -18.5986 -62
      vertex 21.6364 -20.5058 -62
      vertex 21.6364 -20.5058 -18
    endloop
  endfacet
  facet normal -0.893224 -0.449611 0
    outer loop
      vertex 20.6765 -18.5986 -62
      vertex 21.6364 -20.5058 -18
      vertex 20.6765 -18.5986 -18
    endloop
  endfacet
  facet normal 0 0 -1
    outer loop
      vertex 60 0 -62
      vertex 22.6888 -22.3635 -62
      vertex 21.6364 -20.5058 -62
    endloop
  endfacet
  facet normal 0 0 1
    outer loop
      vertex 60 0 -18
      vertex 21.6364 -20.5058 -18
      vertex 22.6888 -22.3635 -18
    endloop
  endfacet
  facet normal -0.870087 -0.492898 0
    outer loop
      vertex 21.6364 -20.5058 -62
      vertex 22.6888 -22.3635 -62
      vertex 22.6888 -22.3635 -18
    endloop
  endfacet
  facet normal -0.870087 -0.492898 0
    outer loop
      vertex 21.6364 -20.5058 -62
      vertex 22.6888 -22.3635 -18
      vertex 21.6364 -20.5058 -18
    endloop
  endfacet
  facet normal 0 0 -1
    outer loop
      vertex 60 0 -62
      vertex 23.8311 -24.1673 -62
      vertex 22.6888 -22.3635 -62
    endloop
  endfacet
  facet normal 0 0 1
    outer loop
      vertex 60 0 -18
      vertex 22.6888 -22.3635 -18
      vertex 23.8311 -24.1673 -18
    endloop
  endfacet
  facet normal -0.844854 -0.534998 0
    outer loop
      vertex 22.6888 -22.3635 -62
      vertex 23.8311 -24.1673 -62
      vertex 23.8311 -24.1673 -18
    endloop
  endfacet
  facet normal -0.844854 -0.534998 0
    outer loop
      vertex 22.6888 -22.3635 -62
      vertex 23.8311 -24.1673 -18
      vertex 22.6888 -22.3635 -18
    endloop
  endfacet
  facet normal 0 0 -1
    outer loop
      vertex 60 0 -62
      vertex 25.0605 -25.9129 -62
      vertex 23.8311 -24.1673 -62
    endloop
  endfacet
  facet normal 0 0 1
    outer loop
      vertex 60 0 -18
      vertex 23.8311 -24.1673 -18
      vertex 25.0605 -25.9129 -18
    endloop
  endfacet
  facet normal -0.817585 -0.575808 0
    outer loop
      vertex 23.8311 -24.1673 -62
      vertex 25.0605 -25.9129 -62
      vertex 25.0605 -25.9129 -18
    endloop
  endfacet
  facet normal -0.817585 -0.575808 0
    outer loop
      vertex 23.8311 -24.1673 -62
      vertex 25.0605 -25.9129 -18
      vertex 23.8311 -24.1673 -18
    endloop
  endfacet
  facet normal 0 0 -1
    outer loop
      vertex 60 0 -62
      vertex 26.374 -27.5961 -62
      vertex 25.0605 -25.9129 -62
    endloop
  endfacet
  facet normal 0 0 1
    outer loop
      vertex 60 0 -18
      vertex 25.0605 -25.9129 -18
      vertex 26.374 -27.5961 -18
    endloop
  endfacet
  facet normal -0.788346 -0.615232 0
    outer loop
      vertex 25.0605 -25.9129 -62
      vertex 26.374 -27.5961 -62
      vertex 26.374 -27.5961 -18
    endloop
  endfacet
  facet normal -0.788346 -0.615232 0
    outer loop
      vertex 25.0605 -25.9129 -62
      vertex 26.374 -27.5961 -18
      vertex 25.0605 -25.9129 -18
    endloop
  endfacet
  facet normal 0 0 -1
    outer loop
      vertex 60 0 -62
      vertex 27.7686 -29.2128 -62
      vertex 26.374 -27.5961 -62
    endloop
  endfacet
  facet normal 0 0 1
    outer loop
      vertex 60 0 -18
      vertex 26.374 -27.5961 -18
      vertex 27.7686 -29.2128 -18
    endloop
  endfacet
  facet normal -0.757209 -0.653173 0
    outer loop
      vertex 26.374 -27.5961 -62
      vertex 27.7686 -29.2128 -62
      vertex 27.7686 -29.2128 -18
    endloop
  endfacet
  facet normal -0.757209 -0.653173 0
    outer loop
      vertex 26.374 -27.5961 -62
      vertex 27.7686 -29.2128 -18
      vertex 26.374 -27.5961 -18
    endloop
  endfacet
  facet normal 0 0 -1
    outer loop
      vertex 60 0 -62
      vertex 29.2409 -30.7591 -62
      vertex 27.7686 -29.2128 -62
    endloop
  endfacet
  facet normal 0 0 1
    outer loop
      vertex 60 0 -18
      vertex 27.7686 -29.2128 -18
      vertex 29.2409 -30.7591 -18
    endloop
  endfacet
  facet normal -0.724247 -0.689541 0
    outer loop
      vertex 27.7686 -29.2128 -62
      vertex 29.2409 -30.7591 -62
      vertex 29.2409 -30.7591 -18
    endloop
  endfacet
  facet normal -0.724247 -0.689541 0
    outer loop
      vertex 27.7686 -29.2128 -62
      vertex 29.2409 -30.7591 -18
      vertex 27.7686 -29.2128 -18
    endloop
  endfacet
  facet normal 0 0 -1
    outer loop
      vertex 60 0 -62
      vertex 30.7872 -32.2314 -62
      vertex 29.2409 -30.7591 -62
    endloop
  endfacet
  facet normal 0 0 1
    outer loop
      vertex 60 0 -18
      vertex 29.2409 -30.7591 -18
      vertex 30.7872 -32.2314 -18
    endloop
  endfacet
  facet normal -0.689541 -0.724247 0
    outer loop
      vertex 29.2409 -30.7591 -62
      vertex 30.7872 -32.2314 -62
      vertex 30.7872 -32.2314 -18
    endloop
  endfacet
  facet normal -0.689541 -0.724247 0
    outer loop
      vertex 29.2409 -30.7591 -62
      vertex 30.7872 -32.2314 -18
      vertex 29.2409 -30.7591 -18
    endloop
  endfacet
  facet normal 0 0 -1
    outer loop
      vertex 60 0 -62
      vertex 32.4039 -33.626 -62
      vertex 30.7872 -32.2314 -62
    endloop
  endfacet
  facet normal 0 0 1
    outer loop
      vertex 60 0 -18
      vertex 30.7872 -32.2314 -18
      vertex 32.4039 -33.626 -18
    endloop
  endfacet
  facet normal -0.653173 -0.757209 0
    outer loop
      vertex 30.7872 -32.2314 -62
      vertex 32.4039 -33.626 -62
      vertex 32.4039 -33.626 -18
    endloop
  endfacet
  facet normal -0.653173 -0.757209 0
    outer loop
      vertex 30.7872 -32.2314 -62
      vertex 32.4039 -33.626 -18
      vertex 30.7872 -32.2314 -18
    endloop
  endfacet
  facet normal 0 0 -1
    outer loop
      vertex 60 0 -62
      vertex 34.0871 -34.9395 -62
      vertex 32.4039 -33.626 -62
    endloop
  endfacet
  facet normal 0 0 1
    outer loop
      vertex 60 0 -18
      vertex 32.4039 -33.626 -18
      vertex 34.0871 -34.9395 -18
    endloop
  endfacet
  facet normal -0.615232 -0.788346 0
    outer loop
      vertex 32.4039 -33.626 -62
      vertex 34.0871 -34.9395 -62
      vertex 34.0871 -34.9395 -18
    endloop
  endfacet
  facet normal -0.615232 -0.788346 0
    outer loop
      vertex 32.4039 -33.626 -62
      vertex 34.0871 -34.9395 -18
      vertex 32.4039 -33.626 -18
    endloop
  endfacet
  facet normal 0 0 -1
    outer loop
      vertex 60 0 -62
      vertex 35.8327 -36.1689 -62
      vertex 34.0871 -34.9395 -62
    endloop
  endfacet
  facet normal 0 0 1
    outer loop
      vertex 60 0 -18
      vertex 34.0871 -34.9395 -18
      vertex 35.8327 -36.1689 -18
    endloop
  endfacet
  facet normal -0.575808 -0.817585 0
    outer loop
      vertex 34.0871 -34.9395 -62
      vertex 35.8327 -36.1689 -62
      vertex 35.8327 -36.1689 -18
    endloop
  endfacet
  facet normal -0.575808 -0.817585 0
    outer loop
      vertex 34.0871 -34.9395 -62
      vertex 35.8327 -36.1689 -18
      vertex 34.0871 -34.9395 -18
    endloop
  endfacet
  facet normal 0 0 -1
    outer loop
      vertex 60 0 -62
      vertex 37.6365 -37.3112 -62
      vertex 35.8327 -36.1689 -62
    endloop
  endfacet
  facet normal 0 0 1
    outer loop
      vertex 60 0 -18
      vertex 35.8327 -36.1689 -18
      vertex 37.6365 -37.3112 -18
    endloop
  endfacet
  facet normal -0.534998 -0.844854 0
    outer loop
      vertex 35.8327 -36.1689 -62
      vertex 37.6365 -37.3112 -62
      vertex 37.6365 -37.3112 -18
    endloop
  endfacet
  facet normal -0.534998 -0.844854 0
    outer loop
      vertex 35.8327 -36.1689 -62
      vertex 37.6365 -37.3112 -18
      vertex 35.8327 -36.1689 -18
    endloop
  endfacet
  facet normal 0 0 -1
    outer loop
      vertex 60 0 -62
      vertex 39.4942 -38.3636 -62
      vertex 37.6365 -37.3112 -62
    endloop
  endfacet
  facet normal 0 0 1
    outer loop
      vertex 60 0 -18
      vertex 37.6365 -37.3112 -18
      vertex 39.4942 -38.3636 -18
    endloop
  endfacet
  facet normal -0.492898 -0.870087 0
    outer loop
      vertex 37.6365 -37.3112 -62
      vertex 39.4942 -38.3636 -62
      vertex 39.4942 -38.3636 -18
    endloop
  endfacet
  facet normal -0.492898 -0.870087 0
    outer loop
      vertex 37.6365 -37.3112 -62
      vertex 39.4942 -38.3636 -18
      vertex 37.6365 -37.3112 -18
    endloop
  endfacet
  facet normal 0 0 -1
    outer loop
      vertex 60 0 -62
      vertex 41.4014 -39.3235 -62
      vertex 39.4942 -38.3636 -62
    endloop
  endfacet
  facet normal 0 0 1
    outer loop
      vertex 60 0 -18
      vertex 39.4942 -38.3636 -18
      vertex 41.4014 -39.3235 -18
    endloop
  endfacet
  facet normal -0.449611 -0.893224 0
    outer loop
      vertex 39.4942 -38.3636 -62
      vertex 41.4014 -39.3235 -62
      vertex 41.4014 -39.3235 -18
    endloop
  endfacet
  facet normal -0.449611 -0.893224 0
    outer loop
      vertex 39.4942 -38.3636 -62
      vertex 41.4014 -39.3235 -18
      vertex 39.4942 -38.3636 -18
    endloop
  endfacet
  facet normal 0 0 -1
    outer loop
      vertex 60 0 -62
      vertex 43.3533 -40.1888 -62
      vertex 41.4014 -39.3235 -62
    endloop
  endfacet
  facet normal 0 0 1
    outer loop
      vertex 60 0 -18
      vertex 41.4014 -39.3235 -18
      vertex 43.3533 -40.1888 -18
    endloop
  endfacet
  facet normal -0.405241 -0.91421 0
    outer loop
      vertex 41.4014 -39.3235 -62
      vertex 43.3533 -40.1888 -62
      vertex 43.3533 -40.1888 -18
    endloop
  endfacet
  facet normal -0.405241 -0.91421 0
    outer loop
      vertex 41.4014 -39.3235 -62
      vertex 43.3533 -40.1888 -18
      vertex 41.4014 -39.3235 -18
    endloop
  endfacet
  facet normal 0 0 -1
    outer loop
      vertex 60 0 -62
      vertex 45.3453 -40.9572 -62
      vertex 43.3533 -40.1888 -62
    endloop
  endfacet
  facet normal 0 0 1
    outer loop
      vertex 60 0 -18
      vertex 43.3533 -40.1888 -18
      vertex 45.3453 -40.9572 -18
    endloop
  endfacet
  facet normal -0.359895 -0.932993 0
    outer loop
      vertex 43.3533 -40.1888 -62
      vertex 45.3453 -40.9572 -62
      vertex 45.3453 -40.9572 -18
    endloop
  endfacet
  facet normal -0.359895 -0.932993 0
    outer loop
      vertex 43.3533 -40.1888 -62
      vertex 45.3453 -40.9572 -18
      vertex 43.3533 -40.1888 -18
    endloop
  endfacet
  facet normal 0 0 -1
    outer loop
      vertex 60 0 -62
      vertex 47.3726 -41.6269 -62
      vertex 45.3453 -40.9572 -62
    endloop
  endfacet
  facet normal 0 0 1
    outer loop
      vertex 60 0 -18
      vertex 45.3453 -40.9572 -18
      vertex 47.3726 -41.6269 -18
    endloop
  endfacet
  facet normal -0.313682 -0.949528 0
    outer loop
      vertex 45.3453 -40.9572 -62
      vertex 47.3726 -41.6269 -62
      vertex 47.3726 -41.6269 -18
    endloop
  endfacet
  facet normal -0.313682 -0.949528 0
    outer loop
      vertex 45.3453 -40.9572 -62
      vertex 47.3726 -41.6269 -18
      vertex 45.3453 -40.9572 -18
    endloop
  endfacet
  facet normal 0 0 -1
    outer loop
      vertex 60 0 -62
      vertex 49.4304 -42.1964 -62
      vertex 47.3726 -41.6269 -62
    endloop
  endfacet
  facet normal 0 0 1
    outer loop
      vertex 60 0 -18
      vertex 47.3726 -41.6269 -18
      vertex 49.4304 -42.1964 -18
    endloop
  endfacet
  facet normal -0.266713 -0.963776 0
    outer loop
      vertex 47.3726 -41.6269 -62
      vertex 49.4304 -42.1964 -62
      vertex 49.4304 -42.1964 -18
    endloop
  endfacet
  facet normal -0.266713 -0.963776 0
    outer loop
      vertex 47.3726 -41.6269 -62
      vertex 49.4304 -42.1964 -18
      vertex 47.3726 -41.6269 -18
    endloop
  endfacet
  facet normal 0 0 -1
    outer loop
      vertex 60 0 -62
      vertex 51.5136 -42.6642 -62
      vertex 49.4304 -42.1964 -62
    endloop
  endfacet
  facet normal 0 0 1
    outer loop
      vertex 60 0 -18
      vertex 49.4304 -42.1964 -18
      vertex 51.5136 -42.6642 -18
    endloop
  endfacet
  facet normal -0.219101 -0.975702 0
    outer loop
      vertex 49.4304 -42.1964 -62
      vertex 51.5136 -42.6642 -62
      vertex 51.5136 -42.6642 -18
    endloop
  endfacet
  facet normal -0.219101 -0.975702 0
    outer loop
      vertex 49.4304 -42.1964 -62
      vertex 51.5136 -42.6642 -18
      vertex 49.4304 -42.1964 -18
    endloop
  endfacet
  facet normal 0 0 -1
    outer loop
      vertex 60 0 -62
      vertex 53.6172 -43.0292 -62
      vertex 51.5136 -42.6642 -62
    endloop
  endfacet
  facet normal 0 0 1
    outer loop
      vertex 60 0 -18
      vertex 51.5136 -42.6642 -18
      vertex 53.6172 -43.0292 -18
    endloop
  endfacet
  facet normal -0.170962 -0.985278 0
    outer loop
      vertex 51.5136 -42.6642 -62
      vertex 53.6172 -43.0292 -62
      vertex 53.6172 -43.0292 -18
    endloop
  endfacet
  facet normal -0.170962 -0.985278 0
    outer loop
      vertex 51.5136 -42.6642 -62
      vertex 53.6172 -43.0292 -18
      vertex 51.5136 -42.6642 -18
    endloop
  endfacet
  facet normal 0 0 -1
    outer loop
      vertex 60 0 -62
      vertex 55.7363 -43.2905 -62
      vertex 53.6172 -43.0292 -62
    endloop
  endfacet
  facet normal 0 0 1
    outer loop
      vertex 60 0 -18
      vertex 53.6172 -43.0292 -18
      vertex 55.7363 -43.2905 -18
    endloop
  endfacet
  facet normal -0.122411 -0.99248 0
    outer loop
      vertex 53.6172 -43.0292 -62
      vertex 55.7363 -43.2905 -62
      vertex 55.7363 -43.2905 -18
    endloop
  endfacet
  facet normal -0.122411 -0.99248 0
    outer loop
      vertex 53.6172 -43.0292 -62
      vertex 55.7363 -43.2905 -18
      vertex 53.6172 -43.0292 -18
    endloop
  endfacet
  facet normal 0 0 -1
    outer loop
      vertex 60 0 -62
      vertex 57.8656 -43.4476 -62
      vertex 55.7363 -43.2905 -62
    endloop
  endfacet
  facet normal 0 0 1
    outer loop
      vertex 60 0 -18
      vertex 55.7363 -43.2905 -18
      vertex 57.8656 -43.4476 -18
    endloop
  endfacet
  facet normal -0.0735646 -0.99729 0
    outer loop
      vertex 55.7363 -43.2905 -62
      vertex 57.8656 -43.4476 -62
      vertex 57.8656 -43.4476 -18
    endloop
  endfacet
  facet normal -0.0735646 -0.99729 0
    outer loop
      vertex 55.7363 -43.2905 -62
      vertex 57.8656 -43.4476 -18
      vertex 55.7363 -43.2905 -18
    endloop
  endfacet
  facet normal 0 0 -1
    outer loop
      vertex 60 0 -62
      vertex 60 -43.5 -62
      vertex 57.8656 -43.4476 -62
    endloop
  endfacet
  facet normal 0 0 1
    outer loop
      vertex 60 0 -18
      vertex 57.8656 -43.4476 -18
      vertex 60 -43.5 -18
    endloop
  endfacet
  facet normal -0.0245412 -0.999699 0
    outer loop
      vertex 57.8656 -43.4476 -62
      vertex 60 -43.5 -62
      vertex 60 -43.5 -18
    endloop
  endfacet
  facet normal -0.0245412 -0.999699 0
    outer loop
      vertex 57.8656 -43.4476 -62
      vertex 60 -43.5 -18
      vertex 57.8656 -43.4476 -18
    endloop
  endfacet
  facet normal 0 0 -1
    outer loop
      vertex 60 0 -62
      vertex 62.1344 -43.4476 -62
      vertex 60 -43.5 -62
    endloop
  endfacet
  facet normal 0 0 1
    outer loop
      vertex 60 0 -18
      vertex 60 -43.5 -18
      vertex 62.1344 -43.4476 -18
    endloop
  endfacet
  facet normal 0.0245412 -0.999699 0
    outer loop
      vertex 60 -43.5 -62
      vertex 62.1344 -43.4476 -62
      vertex 62.1344 -43.4476 -18
    endloop
  endfacet
  facet normal 0.0245412 -0.999699 0
    outer loop
      vertex 60 -43.5 -62
      vertex 62.1344 -43.4476 -18
      vertex 60 -43.5 -18
    endloop
  endfacet
  facet normal 0 0 -1
    outer loop
      vertex 60 0 -62
      vertex 64.2637 -43.2905 -62
      vertex 62.1344 -43.4476 -62
    endloop
  endfacet
  facet normal 0 0 1
    outer loop
      vertex 60 0 -18
      vertex 62.1344 -43.4476 -18
      vertex 64.2637 -43.2905 -18
    endloop
  endfacet
  facet normal 0.0735646 -0.99729 0
    outer loop
      vertex 62.1344 -43.4476 -62
      vertex 64.2637 -43.2905 -62
      vertex 64.2637 -43.2905 -18
    endloop
  endfacet
  facet normal 0.0735646 -0.99729 0
    outer loop
      vertex 62.1344 -43.4476 -62
      vertex 64.2637 -43.2905 -18
      vertex 62.1344 -43.4476 -18
    endloop
  endfacet
  facet normal 0 0 -1
    outer loop
      vertex 60 0 -62
      vertex 66.3828 -43.0292 -62
      vertex 64.2637 -43.2905 -62
    endloop
  endfacet
  facet normal 0 0 1
    outer loop
      vertex 60 0 -18
      vertex 64.2637 -43.2905 -18
      vertex 66.3828 -43.0292 -18
    endloop
  endfacet
  facet normal 0.122411 -0.99248 0
    outer loop
      vertex 64.2637 -43.2905 -62
      vertex 66.3828 -43.0292 -62
      vertex 66.3828 -43.0292 -18
    endloop
  endfacet
  facet normal 0.122411 -0.99248 0
    outer loop
      vertex 64.2637 -43.2905 -62
      vertex 66.3828 -43.0292 -18
      vertex 64.2637 -43.2905 -18
    endloop
  endfacet
  facet normal 0 0 -1
    outer loop
      vertex 60 0 -62
      vertex 68.4864 -42.6642 -62
      vertex 66.3828 -43.0292 -62
    endloop
  endfacet
  facet normal 0 0 1
    outer loop
      vertex 60 0 -18
      vertex 66.3828 -43.0292 -18
      vertex 68.4864 -42.6642 -18
    endloop
  endfacet
  facet normal 0.170962 -0.985278 0
    outer loop
      vertex 66.3828 -43.0292 -62
      vertex 68.4864 -42.6642 -62
      vertex 68.4864 -42.6642 -18
    endloop
  endfacet
  facet normal 0.170962 -0.985278 0
    outer loop
      vertex 66.3828 -43.0292 -62
      vertex 68.4864 -42.6642 -18
      vertex 66.3828 -43.0292 -18
    endloop
  endfacet
  facet normal 0 0 -1
    outer loop
      vertex 60 0 -62
      vertex 70.5696 -42.1964 -62
      vertex 68.4864 -42.6642 -62
    endloop
  endfacet
  facet normal 0 0 1
    outer loop
      vertex 60 0 -18
      vertex 68.4864 -42.6642 -18
      vertex 70.5696 -42.1964 -18
    endloop
  endfacet
  facet normal 0.219101 -0.975702 0
    outer loop
      vertex 68.4864 -42.6642 -62
      vertex 70.5696 -42.1964 -62
      vertex 70.5696 -42.1964 -18
    endloop
  endfacet
  facet normal 0.219101 -0.975702 0
    outer loop
      vertex 68.4864 -42.6642 -62
      vertex 70.5696 -42.1964 -18
      vertex 68.4864 -42.6642 -18
    endloop
  endfacet
  facet normal 0 0 -1
    outer loop
      vertex 60 0 -62
      vertex 72.6274 -41.6269 -62
      vertex 70.5696 -42.1964 -62
    endloop
  endfacet
  facet normal 0 0 1
    outer loop
      vertex 60 0 -18
      vertex 70.5696 -42.1964 -18
      vertex 72.6274 -41.6269 -18
    endloop
  endfacet
  facet normal 0.266713 -0.963776 0
    outer loop
      vertex 70.5696 -42.1964 -62
      vertex 72.6274 -41.6269 -62
      vertex 72.6274 -41.6269 -18
    endloop
  endfacet
  facet normal 0.266713 -0.963776 0
    outer loop
      vertex 70.5696 -42.1964 -62
      vertex 72.6274 -41.6269 -18
      vertex 70.5696 -42.1964 -18
    endloop
  endfacet
  facet normal 0 0 -1
    outer loop
      vertex 60 0 -62
      vertex 74.6547 -40.9572 -62
      vertex 72.6274 -41.6269 -62
    endloop
  endfacet
  facet normal 0 0 1
    outer loop
      vertex 60 0 -18
      vertex 72.6274 -41.6269 -18
      vertex 74.6547 -40.9572 -18
    endloop
  endfacet
  facet normal 0.313682 -0.949528 0
    outer loop
      vertex 72.6274 -41.6269 -62
      vertex 74.6547 -40.9572 -62
      vertex 74.6547 -40.9572 -18
    endloop
  endfacet
  facet normal 0.313682 -0.949528 0
    outer loop
      vertex 72.6274 -41.6269 -62
      vertex 74.6547 -40.9572 -18
      vertex 72.6274 -41.6269 -18
    endloop
  endfacet
  facet normal 0 0 -1
    outer loop
      vertex 60 0 -62
      vertex 76.6467 -40.1888 -62
      vertex 74.6547 -40.9572 -62
    endloop
  endfacet
  facet normal 0 0 1
    outer loop
      vertex 60 0 -18
      vertex 74.6547 -40.9572 -18
      vertex 76.6467 -40.1888 -18
    endloop
  endfacet
  facet normal 0.359895 -0.932993 0
    outer loop
      vertex 74.6547 -40.9572 -62
      vertex 76.6467 -40.1888 -62
      vertex 76.6467 -40.1888 -18
    endloop
  endfacet
  facet normal 0.359895 -0.932993 0
    outer loop
      vertex 74.6547 -40.9572 -62
      vertex 76.6467 -40.1888 -18
      vertex 74.6547 -40.9572 -18
    endloop
  endfacet
  facet normal 0 0 -1
    outer loop
      vertex 60 0 -62
      vertex 78.5986 -39.3235 -62
      vertex 76.6467 -40.1888 -62
    endloop
  endfacet
  facet normal 0 0 1
    outer loop
      vertex 60 0 -18
      vertex 76.6467 -40.1888 -18
      vertex 78.5986 -39.3235 -18
    endloop
  endfacet
  facet normal 0.405241 -0.91421 0
    outer loop
      vertex 76.6467 -40.1888 -62
      vertex 78.5986 -39.3235 -62
      vertex 78.5986 -39.3235 -18
    endloop
  endfacet
  facet normal 0.405241 -0.91421 0
    outer loop
      vertex 76.6467 -40.1888 -62
      vertex 78.5986 -39.3235 -18
      vertex 76.6467 -40.1888 -18
    endloop
  endfacet
  facet normal 0 0 -1
    outer loop
      vertex 60 0 -62
      vertex 80.5058 -38.3636 -62
      vertex 78.5986 -39.3235 -62
    endloop
  endfacet
  facet normal 0 0 1
    outer loop
      vertex 60 0 -18
      vertex 78.5986 -39.3235 -18
      vertex 80.5058 -38.3636 -18
    endloop
  endfacet
  facet normal 0.449611 -0.893224 0
    outer loop
      vertex 78.5986 -39.3235 -62
      vertex 80.5058 -38.3636 -62
      vertex 80.5058 -38.3636 -18
    endloop
  endfacet
  facet normal 0.449611 -0.893224 0
    outer loop
      vertex 78.5986 -39.3235 -62
      vertex 80.5058 -38.3636 -18
      vertex 78.5986 -39.3235 -18
    endloop
  endfacet
  facet normal 0 0 -1
    outer loop
      vertex 60 0 -62
      vertex 82.3635 -37.3112 -62
      vertex 80.5058 -38.3636 -62
    endloop
  endfacet
  facet normal 0 0 1
    outer loop
      vertex 60 0 -18
      vertex 80.5058 -38.3636 -18
      vertex 82.3635 -37.3112 -18
    endloop
  endfacet
  facet normal 0.492898 -0.870087 0
    outer loop
      vertex 80.5058 -38.3636 -62
      vertex 82.3635 -37.3112 -62
      vertex 82.3635 -37.3112 -18
    endloop
  endfacet
  facet normal 0.492898 -0.870087 0
    outer loop
      vertex 80.5058 -38.3636 -62
      vertex 82.3635 -37.3112 -18
      vertex 80.5058 -38.3636 -18
    endloop
  endfacet
  facet normal 0 0 -1
    outer loop
      vertex 60 0 -62
      vertex 84.1673 -36.1689 -62
      vertex 82.3635 -37.3112 -62
    endloop
  endfacet
  facet normal 0 0 1
    outer loop
      vertex 60 0 -18
      vertex 82.3635 -37.3112 -18
      vertex 84.1673 -36.1689 -18
    endloop
  endfacet
  facet normal 0.534998 -0.844854 0
    outer loop
      vertex 82.3635 -37.3112 -62
      vertex 84.1673 -36.1689 -62
      vertex 84.1673 -36.1689 -18
    endloop
  endfacet
  facet normal 0.534998 -0.844854 0
    outer loop
      vertex 82.3635 -37.3112 -62
      vertex 84.1673 -36.1689 -18
      vertex 82.3635 -37.3112 -18
    endloop
  endfacet
  facet normal 0 0 -1
    outer loop
      vertex 60 0 -62
      vertex 85.9129 -34.9395 -62
      vertex 84.1673 -36.1689 -62
    endloop
  endfacet
  facet normal 0 0 1
    outer loop
      vertex 60 0 -18
      vertex 84.1673 -36.1689 -18
      vertex 85.9129 -34.9395 -18
    endloop
  endfacet
  facet normal 0.575808 -0.817585 0
    outer loop
      vertex 84.1673 -36.1689 -62
      vertex 85.9129 -34.9395 -62
      vertex 85.9129 -34.9395 -18
    endloop
  endfacet
  facet normal 0.575808 -0.817585 0
    outer loop
      vertex 84.1673 -36.1689 -62
      vertex 85.9129 -34.9395 -18
      vertex 84.1673 -36.1689 -18
    endloop
  endfacet
  facet normal 0 0 -1
    outer loop
      vertex 60 0 -62
      vertex 87.5961 -33.626 -62
      vertex 85.9129 -34.9395 -62
    endloop
  endfacet
  facet normal 0 0 1
    outer loop
      vertex 60 0 -18
      vertex 85.9129 -34.9395 -18
      vertex 87.5961 -33.626 -18
    endloop
  endfacet
  facet normal 0.615232 -0.788346 0
    outer loop
      vertex 85.9129 -34.9395 -62
      vertex 87.5961 -33.626 -62
      vertex 87.5961 -33.626 -18
    endloop
  endfacet
  facet normal 0.615232 -0.788346 0
    outer loop
      vertex 85.9129 -34.9395 -62
      vertex 87.5961 -33.626 -18
      vertex 85.9129 -34.9395 -18
    endloop
  endfacet
  facet normal 0 0 -1
    outer loop
      vertex 60 0 -62
      vertex 89.2128 -32.2314 -62
      vertex 87.5961 -33.626 -62
    endloop
  endfacet
  facet normal 0 0 1
    outer loop
      vertex 60 0 -18
      vertex 87.5961 -33.626 -18
      vertex 89.2128 -32.2314 -18
    endloop
  endfacet
  facet normal 0.653173 -0.757209 0
    outer loop
      vertex 87.5961 -33.626 -62
      vertex 89.2128 -32.2314 -62
      vertex 89.2128 -32.2314 -18
    endloop
  endfacet
  facet normal 0.653173 -0.757209 0
    outer loop
      vertex 87.5961 -33.626 -62
      vertex 89.2128 -32.2314 -18
      vertex 87.5961 -33.626 -18
    endloop
  endfacet
  facet normal 0 0 -1
    outer loop
      vertex 60 0 -62
      vertex 90.7591 -30.7591 -62
      vertex 89.2128 -32.2314 -62
    endloop
  endfacet
  facet normal 0 0 1
    outer loop
      vertex 60 0 -18
      vertex 89.2128 -32.2314 -18
      vertex 90.7591 -30.7591 -18
    endloop
  endfacet
  facet normal 0.689541 -0.724247 0
    outer loop
      vertex 89.2128 -32.2314 -62
      vertex 90.7591 -30.7591 -62
      vertex 90.7591 -30.7591 -18
    endloop
  endfacet
  facet normal 0.689541 -0.724247 0
    outer loop
      vertex 89.2128 -32.2314 -62
      vertex 90.7591 -30.7591 -18
      vertex 89.2128 -32.2314 -18
    endloop
  endfacet
  facet normal 0 0 -1
    outer loop
      vertex 60 0 -62
      vertex 92.2314 -29.2128 -62
      vertex 90.7591 -30.7591 -62
    endloop
  endfacet
  facet normal 0 0 1
    outer loop
      vertex 60 0 -18
      vertex 90.7591 -30.7591 -18
      vertex 92.2314 -29.2128 -18
    endloop
  endfacet
  facet normal 0.724247 -0.689541 0
    outer loop
      vertex 90.7591 -30.7591 -62
      vertex 92.2314 -29.2128 -62
      vertex 92.2314 -29.2128 -18
    endloop
  endfacet
  facet normal 0.724247 -0.689541 0
    outer loop
      vertex 90.7591 -30.7591 -62
      vertex 92.2314 -29.2128 -18
      vertex 90.7591 -30.7591 -18
    endloop
  endfacet
  facet normal 0 0 -1
    outer loop
      vertex 60 0 -62
      vertex 93.626 -27.5961 -62
      vertex 92.2314 -29.2128 -62
    endloop
  endfacet
  facet normal 0 0 1
    outer loop
      vertex 60 0 -18
      vertex 92.2314 -29.2128 -18
      vertex 93.626 -27.5961 -18
    endloop
  endfacet
  facet normal 0.757209 -0.653173 0
    outer loop
      vertex 92.2314 -29.2128 -62
      vertex 93.626 -27.5961 -62
      vertex 93.626 -27.5961 -18
    endloop
  endfacet
  facet normal 0.757209 -0.653173 0
    outer loop
      vertex 92.2314 -29.2128 -62
      vertex 93.626 -27.5961 -18
      vertex 92.2314 -29.2128 -18
    endloop
  endfacet
  facet normal 0 0 -1
    outer loop
      vertex 60 0 -62
      vertex 94.9395 -25.9129 -62
      vertex 93.626 -27.5961 -62
    endloop
  endfacet
  facet normal 0 0 1
    outer loop
      vertex 60 0 -18
      vertex 93.626 -27.5961 -18
      vertex 94.9395 -25.9129 -18
    endloop
  endfacet
  facet normal 0.788346 -0.615232 0
    outer loop
      vertex 93.626 -27.5961 -62
      vertex 94.9395 -25.9129 -62
      vertex 94.9395 -25.9129 -18
    endloop
  endfacet
  facet normal 0.788346 -0.615232 0
    outer loop
      vertex 93.626 -27.5961 -62
      vertex 94.9395 -25.9129 -18
      vertex 93.626 -27.5961 -18
    endloop
  endfacet
  facet normal 0 0 -1
    outer loop
      vertex 60 0 -62
      vertex 96.1689 -24.1673 -62
      vertex 94.9395 -25.9129 -62
    endloop
  endfacet
  facet normal 0 0 1
    outer loop
      vertex 60 0 -18
      vertex 94.9395 -25.9129 -18
      vertex 96.1689 -24.1673 -18
    endloop
  endfacet
  facet normal 0.817585 -0.575808 0
    outer loop
      vertex 94.9395 -25.9129 -62
      vertex 96.1689 -24.1673 -62
      vertex 96.1689 -24.1673 -18
    endloop
  endfacet
  facet normal 0.817585 -0.575808 0
    outer loop
      vertex 94.9395 -25.9129 -62
      vertex 96.1689 -24.1673 -18
      vertex 94.9395 -25.9129 -18
    endloop
  endfacet
  facet normal 0 0 -1
    outer loop
      vertex 60 0 -62
      vertex 97.3112 -22.3635 -62
      vertex 96.1689 -24.1673 -62
    endloop
  endfacet
  facet normal 0 0 1
    outer loop
      vertex 60 0 -18
      vertex 96.1689 -24.1673 -18
      vertex 97.3112 -22.3635 -18
    endloop
  endfacet
  facet normal 0.844854 -0.534998 0
    outer loop
      vertex 96.1689 -24.1673 -62
      vertex 97.3112 -22.3635 -62
      vertex 97.3112 -22.3635 -18
    endloop
  endfacet
  facet normal 0.844854 -0.534998 0
    outer loop
      vertex 96.1689 -24.1673 -62
      vertex 97.3112 -22.3635 -18
      vertex 96.1689 -24.1673 -18
    endloop
  endfacet
  facet normal 0 0 -1
    outer loop
      vertex 60 0 -62
      vertex 98.3636 -20.5058 -62
      vertex 97.3112 -22.3635 -62
    endloop
  endfacet
  facet normal 0 0 1
    outer loop
      vertex 60 0 -18
      vertex 97.3112 -22.3635 -18
      vertex 98.3636 -20.5058 -18
    endloop
  endfacet
  facet normal 0.870087 -0.492898 0
    outer loop
      vertex 97.3112 -22.3635 -62
      vertex 98.3636 -20.5058 -62
      vertex 98.3636 -20.5058 -18
    endloop
  endfacet
  facet normal 0.870087 -0.492898 0
    outer loop
      vertex 97.3112 -22.3635 -62
      vertex 98.3636 -20.5058 -18
      vertex 97.3112 -22.3635 -18
    endloop
  endfacet
  facet normal 0 0 -1
    outer loop
      vertex 60 0 -62
      vertex 99.3235 -18.5986 -62
      vertex 98.3636 -20.5058 -62
    endloop
  endfacet
  facet normal 0 0 1
    outer loop
      vertex 60 0 -18
      vertex 98.3636 -20.5058 -18
      vertex 99.3235 -18.5986 -18
    endloop
  endfacet
  facet normal 0.893224 -0.449611 0
    outer loop
      vertex 98.3636 -20.5058 -62
      vertex 99.3235 -18.5986 -62
      vertex 99.3235 -18.5986 -18
    endloop
  endfacet
  facet normal 0.893224 -0.449611 0
    outer loop
      vertex 98.3636 -20.5058 -62
      vertex 99.3235 -18.5986 -18
      vertex 98.3636 -20.5058 -18
    endloop
  endfacet
  facet normal 0 0 -1
    outer loop
      vertex 60 0 -62
      vertex 100.189 -16.6467 -62
      vertex 99.3235 -18.5986 -62
    endloop
  endfacet
  facet normal 0 0 1
    outer loop
      vertex 60 0 -18
      vertex 99.3235 -18.5986 -18
      vertex 100.189 -16.6467 -18
    endloop
  endfacet
  facet normal 0.91421 -0.405241 0
    outer loop
      vertex 99.3235 -18.5986 -62
      vertex 100.189 -16.6467 -62
      vertex 100.189 -16.6467 -18
    endloop
  endfacet
  facet normal 0.91421 -0.405241 0
    outer loop
      vertex 99.3235 -18.5986 -62
      vertex 100.189 -16.6467 -18
      vertex 99.3235 -18.5986 -18
    endloop
  endfacet
  facet normal 0 0 -1
    outer loop
      vertex 60 0 -62
      vertex 100.957 -14.6547 -62
      vertex 100.189 -16.6467 -62
    endloop
  endfacet
  facet normal 0 0 1
    outer loop
      vertex 60 0 -18
      vertex 100.189 -16.6467 -18
      vertex 100.957 -14.6547 -18
    endloop
  endfacet
  facet normal 0.932993 -0.359895 0
    outer loop
      vertex 100.189 -16.6467 -62
      vertex 100.957 -14.6547 -62
      vertex 100.957 -14.6547 -18
    endloop
  endfacet
  facet normal 0.932993 -0.359895 0
    outer loop
      vertex 100.189 -16.6467 -62
      vertex 100.957 -14.6547 -18
      vertex 100.189 -16.6467 -18
    endloop
  endfacet
  facet normal 0 0 -1
    outer loop
      vertex 60 0 -62
      vertex 101.627 -12.6274 -62
      vertex 100.957 -14.6547 -62
    endloop
  endfacet
  facet normal 0 0 1
    outer loop
      vertex 60 0 -18
      vertex 100.957 -14.6547 -18
      vertex 101.627 -12.6274 -18
    endloop
  endfacet
  facet normal 0.949528 -0.313682 0
    outer loop
      vertex 100.957 -14.6547 -62
      vertex 101.627 -12.6274 -62
      vertex 101.627 -12.6274 -18
    endloop
  endfacet
  facet normal 0.949528 -0.313682 0
    outer loop
      vertex 100.957 -14.6547 -62
      vertex 101.627 -12.6274 -18
      vertex 100.957 -14.6547 -18
    endloop
  endfacet
  facet normal 0 0 -1
    outer loop
      vertex 60 0 -62
      vertex 102.196 -10.5696 -62
      vertex 101.627 -12.6274 -62
    endloop
  endfacet
  facet normal 0 0 1
    outer loop
      vertex 60 0 -18
      vertex 101.627 -12.6274 -18
      vertex 102.196 -10.5696 -18
    endloop
  endfacet
  facet normal 0.963776 -0.266713 0
    outer loop
      vertex 101.627 -12.6274 -62
      vertex 102.196 -10.5696 -62
      vertex 102.196 -10.5696 -18
    endloop
  endfacet
  facet normal 0.963776 -0.266713 0
    outer loop
      vertex 101.627 -12.6274 -62
      vertex 102.196 -10.5696 -18
      vertex 101.627 -12.6274 -18
    endloop
  endfacet
  facet normal 0 0 -1
    outer loop
      vertex 60 0 -62
      vertex 102.664 -8.48643 -62
      vertex 102.196 -10.5696 -62
    endloop
  endfacet
  facet normal 0 0 1
    outer loop
      vertex 60 0 -18
      vertex 102.196 -10.5696 -18
      vertex 102.664 -8.48643 -18
    endloop
  endfacet
  facet normal 0.975702 -0.219101 0
    outer loop
      vertex 102.196 -10.5696 -62
      vertex 102.664 -8.48643 -62
      vertex 102.664 -8.48643 -18
    endloop
  endfacet
  facet normal 0.975702 -0.219101 0
    outer loop
      vertex 102.196 -10.5696 -62
      vertex 102.664 -8.48643 -18
      vertex 102.196 -10.5696 -18
    endloop
  endfacet
  facet normal 0 0 -1
    outer loop
      vertex 60 0 -62
      vertex 103.029 -6.38278 -62
      vertex 102.664 -8.48643 -62
    endloop
  endfacet
  facet normal 0 0 1
    outer loop
      vertex 60 0 -18
      vertex 102.664 -8.48643 -18
      vertex 103.029 -6.38278 -18
    endloop
  endfacet
  facet normal 0.985278 -0.170962 0
    outer loop
      vertex 102.664 -8.48643 -62
      vertex 103.029 -6.38278 -62
      vertex 103.029 -6.38278 -18
    endloop
  endfacet
  facet normal 0.985278 -0.170962 0
    outer loop
      vertex 102.664 -8.48643 -62
      vertex 103.029 -6.38278 -18
      vertex 102.664 -8.48643 -18
    endloop
  endfacet
  facet normal 0 0 -1
    outer loop
      vertex 60 0 -62
      vertex 103.291 -4.26375 -62
      vertex 103.029 -6.38278 -62
    endloop
  endfacet
  facet normal 0 0 1
    outer loop
      vertex 60 0 -18
      vertex 103.029 -6.38278 -18
      vertex 103.291 -4.26375 -18
    endloop
  endfacet
  facet normal 0.99248 -0.122411 0
    outer loop
      vertex 103.029 -6.38278 -62
      vertex 103.291 -4.26375 -62
      vertex 103.291 -4.26375 -18
    endloop
  endfacet
  facet normal 0.99248 -0.122411 0
    outer loop
      vertex 103.029 -6.38278 -62
      vertex 103.291 -4.26375 -18
      vertex 103.029 -6.38278 -18
    endloop
  endfacet
  facet normal 0 0 -1
    outer loop
      vertex 60 0 -62
      vertex 103.448 -2.13444 -62
      vertex 103.291 -4.26375 -62
    endloop
  endfacet
  facet normal 0 0 1
    outer loop
      vertex 60 0 -18
      vertex 103.291 -4.26375 -18
      vertex 103.448 -2.13444 -18
    endloop
  endfacet
  facet normal 0.99729 -0.0735646 0
    outer loop
      vertex 103.291 -4.26375 -62
      vertex 103.448 -2.13444 -62
      vertex 103.448 -2.13444 -18
    endloop
  endfacet
  facet normal 0.99729 -0.0735646 0
    outer loop
      vertex 103.291 -4.26375 -62
      vertex 103.448 -2.13444 -18
      vertex 103.291 -4.26375 -18
    endloop
  endfacet
  facet normal 0 0 -1
    outer loop
      vertex 60 0 -62
      vertex 103.5 -1.06544e-14 -62
      vertex 103.448 -2.13444 -62
    endloop
  endfacet
  facet normal 0 0 1
    outer loop
      vertex 60 0 -18
      vertex 103.448 -2.13444 -18
      vertex 103.5 -1.06544e-14 -18
    endloop
  endfacet
  facet normal 0.999699 -0.0245412 0
    outer loop
      vertex 103.448 -2.13444 -62
      vertex 103.5 -1.06544e-14 -62
      vertex 103.5 -1.06544e-14 -18
    endloop
  endfacet
  facet normal 0.999699 -0.0245412 0
    outer loop
      vertex 103.448 -2.13444 -62
      vertex 103.5 -1.06544e-14 -18
      vertex 103.448 -2.13444 -18
    endloop
  endfacet
  facet normal 0 0 -1
    outer loop
      vertex 0 -43.5 18
      vertex 60 43.5 18
      vertex 60 -43.5 18
    endloop
  endfacet
  facet normal 0 0 -1
    outer loop
      vertex 0 -43.5 18
      vertex 0 43.5 18
      vertex 60 43.5 18
    endloop
  endfacet
  facet normal 0 0 1
    outer loop
      vertex 0 -43.5 62
      vertex 60 -43.5 62
      vertex 60 43.5 62
    endloop
  endfacet
  facet normal 0 0 1
    outer loop
      vertex 0 -43.5 62
      vertex 60 43.5 62
      vertex 0 43.5 62
    endloop
  endfacet
  facet normal -1 0 0
    outer loop
      vertex 0 -43.5 18
      vertex 0 -43.5 62
      vertex 0 43.5 62
    endloop
  endfacet
  facet normal -1 0 0
    outer loop
      vertex 0 -43.5 18
      vertex 0 43.5 62
      vertex 0 43.5 18
    endloop
  endfacet
  facet normal 1 0 0
    outer loop
      vertex 60 -43.5 18
      vertex 60 43.5 18
      vertex 60 43.5 62
    endloop
  endfacet
  facet normal 1 0 0
    outer loop
      vertex 60 -43.5 18
      vertex 60 43.5 62
      vertex 60 -43.5 62
    endloop
  endfacet
  facet normal 0 -1 0
    outer loop
      vertex 0 -43.5 18
      vertex 60 -43.5 18
      vertex 60 -43.5 62
    endloop
  endfacet
  facet normal 0 -1 0
    outer loop
      vertex 0 -43.5 18
      vertex 60 -43.5 62
      vertex 0 -43.5 62
    endloop
  endfacet
  facet normal 0 1 0
    outer loop
      vertex 0 43.5 18
      vertex 0 43.5 62
      vertex 60 43.5 62
    endloop
  endfacet
  facet normal 0 1 0
    outer loop
      vertex 0 43.5 18
      vertex 60 43.5 62
      vertex 60 43.5 18
    endloop
  endfacet
  facet normal 0 0 -1
    outer loop
      vertex 0 0 18
      vertex 43.4476 2.13444 18
      vertex 43.5 0 18
    endloop
  endfacet
  facet normal 0 0 1
    outer loop
      vertex 0 0 62
      vertex 43.5 0 62
      vertex 43.4476 2.13444 62
    endloop
  endfacet
  facet normal 0.999699 0.0245412 0
    outer loop
      vertex 43.5 0 18
      vertex 43.4476 2.13444 18
      vertex 43.4476 2.13444 62
    endloop
  endfacet
  facet normal 0.999699 0.0245412 0
    outer loop
      vertex 43.5 0 18
      vertex 43.4476 2.13444 62
      vertex 43.5 0 62
    endloop
  endfacet
  facet normal 0 0 -1
    outer loop
      vertex 0 0 18
      vertex 43.2905 4.26375 18
      vertex 43.4476 2.13444 18
    endloop
  endfacet
  facet normal 0 0 1
    outer loop
      vertex 0 0 62
      vertex 43.4476 2.13444 62
      vertex 43.2905 4.26375 62
    endloop
  endfacet
  facet normal 0.99729 0.0735646 0
    outer loop
      vertex 43.4476 2.13444 18
      vertex 43.2905 4.26375 18
      vertex 43.2905 4.26375 62
    endloop
  endfacet
  facet normal 0.99729 0.0735646 0
    outer loop
      vertex 43.4476 2.13444 18
      vertex 43.2905 4.26375 62
      vertex 43.4476 2.13444 62
    endloop
  endfacet
  facet normal 0 0 -1
    outer loop
      vertex 0 0 18
      vertex 43.0292 6.38278 18
      vertex 43.2905 4.26375 18
    endloop
  endfacet
  facet normal 0 0 1
    outer loop
      vertex 0 0 62
      vertex 43.2905 4.26375 62
      vertex 43.0292 6.38278 62
    endloop
  endfacet
  facet normal 0.99248 0.122411 0
    outer loop
      vertex 43.2905 4.26375 18
      vertex 43.0292 6.38278 18
      vertex 43.0292 6.38278 62
    endloop
  endfacet
  facet normal 0.99248 0.122411 0
    outer loop
      vertex 43.2905 4.26375 18
      vertex 43.0292 6.38278 62
      vertex 43.2905 4.26375 62
    endloop
  endfacet
  facet normal 0 0 -1
    outer loop
      vertex 0 0 18
      vertex 42.6642 8.48643 18
      vertex 43.0292 6.38278 18
    endloop
  endfacet
  facet normal 0 0 1
    outer loop
      vertex 0 0 62
      vertex 43.0292 6.38278 62
      vertex 42.6642 8.48643 62
    endloop
  endfacet
  facet normal 0.985278 0.170962 0
    outer loop
      vertex 43.0292 6.38278 18
      vertex 42.6642 8.48643 18
      vertex 42.6642 8.48643 62
    endloop
  endfacet
  facet normal 0.985278 0.170962 0
    outer loop
      vertex 43.0292 6.38278 18
      vertex 42.6642 8.48643 62
      vertex 43.0292 6.38278 62
    endloop
  endfacet
  facet normal 0 0 -1
    outer loop
      vertex 0 0 18
      vertex 42.1964 10.5696 18
      vertex 42.6642 8.48643 18
    endloop
  endfacet
  facet normal 0 0 1
    outer loop
      vertex 0 0 62
      vertex 42.6642 8.48643 62
      vertex 42.1964 10.5696 62
    endloop
  endfacet
  facet normal 0.975702 0.219101 0
    outer loop
      vertex 42.6642 8.48643 18
      vertex 42.1964 10.5696 18
      vertex 42.1964 10.5696 62
    endloop
  endfacet
  facet normal 0.975702 0.219101 0
    outer loop
      vertex 42.6642 8.48643 18
      vertex 42.1964 10.5696 62
      vertex 42.6642 8.48643 62
    endloop
  endfacet
  facet normal 0 0 -1
    outer loop
      vertex 0 0 18
      vertex 41.6269 12.6274 18
      vertex 42.1964 10.5696 18
    endloop
  endfacet
  facet normal 0 0 1
    outer loop
      vertex 0 0 62
      vertex 42.1964 10.5696 62
      vertex 41.6269 12.6274 62
    endloop
  endfacet
  facet normal 0.963776 0.266713 0
    outer loop
      vertex 42.1964 10.5696 18
      vertex 41.6269 12.6274 18
      vertex 41.6269 12.6274 62
    endloop
  endfacet
  facet normal 0.963776 0.266713 0
    outer loop
      vertex 42.1964 10.5696 18
      vertex 41.6269 12.6274 62
      vertex 42.1964 10.5696 62
    endloop
  endfacet
  facet normal 0 0 -1
    outer loop
      vertex 0 0 18
      vertex 40.9572 14.6547 18
      vertex 41.6269 12.6274 18
    endloop
  endfacet
  facet normal 0 0 1
    outer loop
      vertex 0 0 62
      vertex 41.6269 12.6274 62
      vertex 40.9572 14.6547 62
    endloop
  endfacet
  facet normal 0.949528 0.313682 0
    outer loop
      vertex 41.6269 12.6274 18
      vertex 40.9572 14.6547 18
      vertex 40.9572 14.6547 62
    endloop
  endfacet
  facet normal 0.949528 0.313682 0
    outer loop
      vertex 41.6269 12.6274 18
      vertex 40.9572 14.6547 62
      vertex 41.6269 12.6274 62
    endloop
  endfacet
  facet normal 0 0 -1
    outer loop
      vertex 0 0 18
      vertex 40.1888 16.6467 18
      vertex 40.9572 14.6547 18
    endloop
  endfacet
  facet normal 0 0 1
    outer loop
      vertex 0 0 62
      vertex 40.9572 14.6547 62
      vertex 40.1888 16.6467 62
    endloop
  endfacet
  facet normal 0.932993 0.359895 0
    outer loop
      vertex 40.9572 14.6547 18
      vertex 40.1888 16.6467 18
      vertex 40.1888 16.6467 62
    endloop
  endfacet
  facet normal 0.932993 0.359895 0
    outer loop
      vertex 40.9572 14.6547 18
      vertex 40.1888 16.6467 62
      vertex 40.9572 14.6547 62
    endloop
  endfacet
  facet normal 0 0 -1
    outer loop
      vertex 0 0 18
      vertex 39.3235 18.5986 18
      vertex 40.1888 16.6467 18
    endloop
  endfacet
  facet normal 0 0 1
    outer loop
      vertex 0 0 62
      vertex 40.1888 16.6467 62
      vertex 39.3235 18.5986 62
    endloop
  endfacet
  facet normal 0.91421 0.405241 0
    outer loop
      vertex 40.1888 16.6467 18
      vertex 39.3235 18.5986 18
      vertex 39.3235 18.5986 62
    endloop
  endfacet
  facet normal 0.91421 0.405241 0
    outer loop
      vertex 40.1888 16.6467 18
      vertex 39.3235 18.5986 62
      vertex 40.1888 16.6467 62
    endloop
  endfacet
  facet normal 0 0 -1
    outer loop
      vertex 0 0 18
      vertex 38.3636 20.5058 18
      vertex 39.3235 18.5986 18
    endloop
  endfacet
  facet normal 0 0 1
    outer loop
      vertex 0 0 62
      vertex 39.3235 18.5986 62
      vertex 38.3636 20.5058 62
    endloop
  endfacet
  facet normal 0.893224 0.449611 0
    outer loop
      vertex 39.3235 18.5986 18
      vertex 38.3636 20.5058 18
      vertex 38.3636 20.5058 62
    endloop
  endfacet
  facet normal 0.893224 0.449611 0
    outer loop
      vertex 39.3235 18.5986 18
      vertex 38.3636 20.5058 62
      vertex 39.3235 18.5986 62
    endloop
  endfacet
  facet normal 0 0 -1
    outer loop
      vertex 0 0 18
      vertex 37.3112 22.3635 18
      vertex 38.3636 20.5058 18
    endloop
  endfacet
  facet normal 0 0 1
    outer loop
      vertex 0 0 62
      vertex 38.3636 20.5058 62
      vertex 37.3112 22.3635 62
    endloop
  endfacet
  facet normal 0.870087 0.492898 0
    outer loop
      vertex 38.3636 20.5058 18
      vertex 37.3112 22.3635 18
      vertex 37.3112 22.3635 62
    endloop
  endfacet
  facet normal 0.870087 0.492898 0
    outer loop
      vertex 38.3636 20.5058 18
      vertex 37.3112 22.3635 62
      vertex 38.3636 20.5058 62
    endloop
  endfacet
  facet normal 0 0 -1
    outer loop
      vertex 0 0 18
      vertex 36.1689 24.1673 18
      vertex 37.3112 22.3635 18
    endloop
  endfacet
  facet normal 0 0 1
    outer loop
      vertex 0 0 62
      vertex 37.3112 22.3635 62
      vertex 36.1689 24.1673 62
    endloop
  endfacet
  facet normal 0.844854 0.534998 0
    outer loop
      vertex 37.3112 22.3635 18
      vertex 36.1689 24.1673 18
      vertex 36.1689 24.1673 62
    endloop
  endfacet
  facet normal 0.844854 0.534998 0
    outer loop
      vertex 37.3112 22.3635 18
      vertex 36.1689 24.1673 62
      vertex 37.3112 22.3635 62
    endloop
  endfacet
  facet normal 0 0 -1
    outer loop
      vertex 0 0 18
      vertex 34.9395 25.9129 18
      vertex 36.1689 24.1673 18
    endloop
  endfacet
  facet normal 0 0 1
    outer loop
      vertex 0 0 62
      vertex 36.1689 24.1673 62
      vertex 34.9395 25.9129 62
    endloop
  endfacet
  facet normal 0.817585 0.575808 0
    outer loop
      vertex 36.1689 24.1673 18
      vertex 34.9395 25.9129 18
      vertex 34.9395 25.9129 62
    endloop
  endfacet
  facet normal 0.817585 0.575808 0
    outer loop
      vertex 36.1689 24.1673 18
      vertex 34.9395 25.9129 62
      vertex 36.1689 24.1673 62
    endloop
  endfacet
  facet normal 0 0 -1
    outer loop
      vertex 0 0 18
      vertex 33.626 27.5961 18
      vertex 34.9395 25.9129 18
    endloop
  endfacet
  facet normal 0 0 1
    outer loop
      vertex 0 0 62
      vertex 34.9395 25.9129 62
      vertex 33.626 27.5961 62
    endloop
  endfacet
  facet normal 0.788346 0.615232 0
    outer loop
      vertex 34.9395 25.9129 18
      vertex 33.626 27.5961 18
      vertex 33.626 27.5961 62
    endloop
  endfacet
  facet normal 0.788346 0.615232 0
    outer loop
      vertex 34.9395 25.9129 18
      vertex 33.626 27.5961 62
      vertex 34.9395 25.9129 62
    endloop
  endfacet
  facet normal 0 0 -1
    outer loop
      vertex 0 0 18
      vertex 32.2314 29.2128 18
      vertex 33.626 27.5961 18
    endloop
  endfacet
  facet normal 0 0 1
    outer loop
      vertex 0 0 62
      vertex 33.626 27.5961 62
      vertex 32.2314 29.2128 62
    endloop
  endfacet
  facet normal 0.757209 0.653173 0
    outer loop
      vertex 33.626 27.5961 18
      vertex 32.2314 29.2128 18
      vertex 32.2314 29.2128 62
    endloop
  endfacet
  facet normal 0.757209 0.653173 0
    outer loop
      vertex 33.626 27.5961 18
      vertex 32.2314 29.2128 62
      vertex 33.626 27.5961 62
    endloop
  endfacet
  facet normal 0 0 -1
    outer loop
      vertex 0 0 18
      vertex 30.7591 30.7591 18
      vertex 32.2314 29.2128 18
    endloop
  endfacet
  facet normal 0 0 1
    outer loop
      vertex 0 0 62
      vertex 32.2314 29.2128 62
      vertex 30.7591 30.7591 62
    endloop
  endfacet
  facet normal 0.724247 0.689541 0
    outer loop
      vertex 32.2314 29.2128 18
      vertex 30.7591 30.7591 18
      vertex 30.7591 30.7591 62
    endloop
  endfacet
  facet normal 0.724247 0.689541 0
    outer loop
      vertex 32.2314 29.2128 18
      vertex 30.7591 30.7591 62
      vertex 32.2314 29.2128 62
    endloop
  endfacet
  facet normal 0 0 -1
    outer loop
      vertex 0 0 18
      vertex 29.2128 32.2314 18
      vertex 30.7591 30.7591 18
    endloop
  endfacet
  facet normal 0 0 1
    outer loop
      vertex 0 0 62
      vertex 30.7591 30.7591 62
      vertex 29.2128 32.2314 62
    endloop
  endfacet
  facet normal 0.689541 0.724247 0
    outer loop
      vertex 30.7591 30.7591 18
      vertex 29.2128 32.2314 18
      vertex 29.2128 32.2314 62
    endloop
  endfacet
  facet normal 0.689541 0.724247 0
    outer loop
      vertex 30.7591 30.7591 18
      vertex 29.2128 32.2314 62
      vertex 30.7591 30.7591 62
    endloop
  endfacet
  facet normal 0 0 -1
    outer loop
      vertex 0 0 18
      vertex 27.5961 33.626 18
      vertex 29.2128 32.2314 18
    endloop
  endfacet
  facet normal 0 0 1
    outer loop
      vertex 0 0 62
      vertex 29.2128 32.2314 62
      vertex 27.5961 33.626 62
    endloop
  endfacet
  facet normal 0.653173 0.757209 0
    outer loop
      vertex 29.2128 32.2314 18
      vertex 27.5961 33.626 18
      vertex 27.5961 33.626 62
    endloop
  endfacet
  facet normal 0.653173 0.757209 0
    outer loop
      vertex 29.2128 32.2314 18
      vertex 27.5961 33.626 62
      vertex 29.2128 32.2314 62
    endloop
  endfacet
  facet normal 0 0 -1
    outer loop
      vertex 0 0 18
      vertex 25.9129 34.9395 18
      vertex 27.5961 33.626 18
    endloop
  endfacet
  facet normal 0 0 1
    outer loop
      vertex 0 0 62
      vertex 27.5961 33.626 62
      vertex 25.9129 34.9395 62
    endloop
  endfacet
  facet normal 0.615232 0.788346 0
    outer loop
      vertex 27.5961 33.626 18
      vertex 25.9129 34.9395 18
      vertex 25.9129 34.9395 62
    endloop
  endfacet
  facet normal 0.615232 0.788346 0
    outer loop
      vertex 27.5961 33.626 18
      vertex 25.9129 34.9395 62
      vertex 27.5961 33.626 62
    endloop
  endfacet
  facet normal 0 0 -1
    outer loop
      vertex 0 0 18
      vertex 24.1673 36.1689 18
      vertex 25.9129 34.9395 18
    endloop
  endfacet
  facet normal 0 0 1
    outer loop
      vertex 0 0 62
      vertex 25.9129 34.9395 62
      vertex 24.1673 36.1689 62
    endloop
  endfacet
  facet normal 0.575808 0.817585 0
    outer loop
      vertex 25.9129 34.9395 18
      vertex 24.1673 36.1689 18
      vertex 24.1673 36.1689 62
    endloop
  endfacet
  facet normal 0.575808 0.817585 0
    outer loop
      vertex 25.9129 34.9395 18
      vertex 24.1673 36.1689 62
      vertex 25.9129 34.9395 62
    endloop
  endfacet
  facet normal 0 0 -1
    outer loop
      vertex 0 0 18
      vertex 22.3635 37.3112 18
      vertex 24.1673 36.1689 18
    endloop
  endfacet
  facet normal 0 0 1
    outer loop
      vertex 0 0 62
      vertex 24.1673 36.1689 62
      vertex 22.3635 37.3112 62
    endloop
  endfacet
  facet normal 0.534998 0.844854 0
    outer loop
      vertex 24.1673 36.1689 18
      vertex 22.3635 37.3112 18
      vertex 22.3635 37.3112 62
    endloop
  endfacet
  facet normal 0.534998 0.844854 0
    outer loop
      vertex 24.1673 36.1689 18
      vertex 22.3635 37.3112 62
      vertex 24.1673 36.1689 62
    endloop
  endfacet
  facet normal 0 0 -1
    outer loop
      vertex 0 0 18
      vertex 20.5058 38.3636 18
      vertex 22.3635 37.3112 18
    endloop
  endfacet
  facet normal 0 0 1
    outer loop
      vertex 0 0 62
      vertex 22.3635 37.3112 62
      vertex 20.5058 38.3636 62
    endloop
  endfacet
  facet normal 0.492898 0.870087 0
    outer loop
      vertex 22.3635 37.3112 18
      vertex 20.5058 38.3636 18
      vertex 20.5058 38.3636 62
    endloop
  endfacet
  facet normal 0.492898 0.870087 0
    outer loop
      vertex 22.3635 37.3112 18
      vertex 20.5058 38.3636 62
      vertex 22.3635 37.3112 62
    endloop
  endfacet
  facet normal 0 0 -1
    outer loop
      vertex 0 0 18
      vertex 18.5986 39.3235 18
      vertex 20.5058 38.3636 18
    endloop
  endfacet
  facet normal 0 0 1
    outer loop
      vertex 0 0 62
      vertex 20.5058 38.3636 62
      vertex 18.5986 39.3235 62
    endloop
  endfacet
  facet normal 0.449611 0.893224 0
    outer loop
      vertex 20.5058 38.3636 18
      vertex 18.5986 39.3235 18
      vertex 18.5986 39.3235 62
    endloop
  endfacet
  facet normal 0.449611 0.893224 0
    outer loop
      vertex 20.5058 38.3636 18
      vertex 18.5986 39.3235 62
      vertex 20.5058 38.3636 62
    endloop
  endfacet
  facet normal 0 0 -1
    outer loop
      vertex 0 0 18
      vertex 16.6467 40.1888 18
      vertex 18.5986 39.3235 18
    endloop
  endfacet
  facet normal 0 0 1
    outer loop
      vertex 0 0 62
      vertex 18.5986 39.3235 62
      vertex 16.6467 40.1888 62
    endloop
  endfacet
  facet normal 0.405241 0.91421 0
    outer loop
      vertex 18.5986 39.3235 18
      vertex 16.6467 40.1888 18
      vertex 16.6467 40.1888 62
    endloop
  endfacet
  facet normal 0.405241 0.91421 0
    outer loop
      vertex 18.5986 39.3235 18
      vertex 16.6467 40.1888 62
      vertex 18.5986 39.3235 62
    endloop
  endfacet
  facet normal 0 0 -1
    outer loop
      vertex 0 0 18
      vertex 14.6547 40.9572 18
      vertex 16.6467 40.1888 18
    endloop
  endfacet
  facet normal 0 0 1
    outer loop
      vertex 0 0 62
      vertex 16.6467 40.1888 62
      vertex 14.6547 40.9572 62
    endloop
  endfacet
  facet normal 0.359895 0.932993 0
    outer loop
      vertex 16.6467 40.1888 18
      vertex 14.6547 40.9572 18
      vertex 14.6547 40.9572 62
    endloop
  endfacet
  facet normal 0.359895 0.932993 0
    outer loop
      vertex 16.6467 40.1888 18
      vertex 14.6547 40.9572 62
      vertex 16.6467 40.1888 62
    endloop
  endfacet
  facet normal 0 0 -1
    outer loop
      vertex 0 0 18
      vertex 12.6274 41.6269 18
      vertex 14.6547 40.9572 18
    endloop
  endfacet
  facet normal 0 0 1
    outer loop
      vertex 0 0 62
      vertex 14.6547 40.9572 62
      vertex 12.6274 41.6269 62
    endloop
  endfacet
  facet normal 0.313682 0.949528 0
    outer loop
      vertex 14.6547 40.9572 18
      vertex 12.6274 41.6269 18
      vertex 12.6274 41.6269 62
    endloop
  endfacet
  facet normal 0.313682 0.949528 0
    outer loop
      vertex 14.6547 40.9572 18
      vertex 12.6274 41.6269 62
      vertex 14.6547 40.9572 62
    endloop
  endfacet
  facet normal 0 0 -1
    outer loop
      vertex 0 0 18
      vertex 10.5696 42.1964 18
      vertex 12.6274 41.6269 18
    endloop
  endfacet
  facet normal 0 0 1
    outer loop
      vertex 0 0 62
      vertex 12.6274 41.6269 62
      vertex 10.5696 42.1964 62
    endloop
  endfacet
  facet normal 0.266713 0.963776 0
    outer loop
      vertex 12.6274 41.6269 18
      vertex 10.5696 42.1964 18
      vertex 10.5696 42.1964 62
    endloop
  endfacet
  facet normal 0.266713 0.963776 0
    outer loop
      vertex 12.6274 41.6269 18
      vertex 10.5696 42.1964 62
      vertex 12.6274 41.6269 62
    endloop
  endfacet
  facet normal 0 0 -1
    outer loop
      vertex 0 0 18
      vertex 8.48643 42.6642 18
      vertex 10.5696 42.1964 18
    endloop
  endfacet
  facet normal 0 0 1
    outer loop
      vertex 0 0 62
      vertex 10.5696 42.1964 62
      vertex 8.48643 42.6642 62
    endloop
  endfacet
  facet normal 0.219101 0.975702 0
    outer loop
      vertex 10.5696 42.1964 18
      vertex 8.48643 42.6642 18
      vertex 8.48643 42.6642 62
    endloop
  endfacet
  facet normal 0.219101 0.975702 0
    outer loop
      vertex 10.5696 42.1964 18
      vertex 8.48643 42.6642 62
      vertex 10.5696 42.1964 62
    endloop
  endfacet
  facet normal 0 0 -1
    outer loop
      vertex 0 0 18
      vertex 6.38278 43.0292 18
      vertex 8.48643 42.6642 18
    endloop
  endfacet
  facet normal 0 0 1
    outer loop
      vertex 0 0 62
      vertex 8.48643 42.6642 62
      vertex 6.38278 43.0292 62
    endloop
  endfacet
  facet normal 0.170962 0.985278 0
    outer loop
      vertex 8.48643 42.6642 18
      vertex 6.38278 43.0292 18
      vertex 6.38278 43.0292 62
    endloop
  endfacet
  facet normal 0.170962 0.985278 0
    outer loop
      vertex 8.48643 42.6642 18
      vertex 6.38278 43.0292 62
      vertex 8.48643 42.6642 62
    endloop
  endfacet
  facet normal 0 0 -1
    outer loop
      vertex 0 0 18
      vertex 4.26375 43.2905 18
      vertex 6.38278 43.0292 18
    endloop
  endfacet
  facet normal 0 0 1
    outer loop
      vertex 0 0 62
      vertex 6.38278 43.0292 62
      vertex 4.26375 43.2905 62
    endloop
  endfacet
  facet normal 0.122411 0.99248 0
    outer loop
      vertex 6.38278 43.0292 18
      vertex 4.26375 43.2905 18
      vertex 4.26375 43.2905 62
    endloop
  endfacet
  facet normal 0.122411 0.99248 0
    outer loop
      vertex 6.38278 43.0292 18
      vertex 4.26375 43.2905 62
      vertex 6.38278 43.0292 62
    endloop
  endfacet
  facet normal 0 0 -1
    outer loop
      vertex 0 0 18
      vertex 2.13444 43.4476 18
      vertex 4.26375 43.2905 18
    endloop
  endfacet
  facet normal 0 0 1
    outer loop
      vertex 0 0 62
      vertex 4.26375 43.2905 62
      vertex 2.13444 43.4476 62
    endloop
  endfacet
  facet normal 0.0735646 0.99729 0
    outer loop
      vertex 4.26375 43.2905 18
      vertex 2.13444 43.4476 18
      vertex 2.13444 43.4476 62
    endloop
  endfacet
  facet normal 0.0735646 0.99729 0
    outer loop
      vertex 4.26375 43.2905 18
      vertex 2.13444 43.4476 62
      vertex 4.26375 43.2905 62
    endloop
  endfacet
  facet normal 0 0 -1
    outer loop
      vertex 0 0 18
      vertex 2.66361e-15 43.5 18
      vertex 2.13444 43.4476 18
    endloop
  endfacet
  facet normal 0 0 1
    outer loop
      vertex 0 0 62
      vertex 2.13444 43.4476 62
      vertex 2.66361e-15 43.5 62
    endloop
  endfacet
  facet normal 0.0245412 0.999699 0
    outer loop
      vertex 2.13444 43.4476 18
      vertex 2.66361e-15 43.5 18
      vertex 2.66361e-15 43.5 62
    endloop
  endfacet
  facet normal 0.0245412 0.999699 0
    outer loop
      vertex 2.13444 43.4476 18
      vertex 2.66361e-15 43.5 62
      vertex 2.13444 43.4476 62
    endloop
  endfacet
  facet normal 0 0 -1
    outer loop
      vertex 0 0 18
      vertex -2.13444 43.4476 18
      vertex 2.66361e-15 43.5 18
    endloop
  endfacet
  facet normal 0 0 1
    outer loop
      vertex 0 0 62
      vertex 2.66361e-15 43.5 62
      vertex -2.13444 43.4476 62
    endloop
  endfacet
  facet normal -0.0245412 0.999699 0
    outer loop
      vertex 2.66361e-15 43.5 18
      vertex -2.13444 43.4476 18
      vertex -2.13444 43.4476 62
    endloop
  endfacet
  facet normal -0.0245412 0.999699 0
    outer loop
      vertex 2.66361e-15 43.5 18
      vertex -2.13444 43.4476 62
      vertex 2.66361e-15 43.5 62
    endloop
  endfacet
  facet normal 0 0 -1
    outer loop
      vertex 0 0 18
      vertex -4.26375 43.2905 18
      vertex -2.13444 43.4476 18
    endloop
  endfacet
  facet normal 0 0 1
    outer loop
      vertex 0 0 62
      vertex -2.13444 43.4476 62
      vertex -4.26375 43.2905 62
    endloop
  endfacet
  facet normal -0.0735646 0.99729 0
    outer loop
      vertex -2.13444 43.4476 18
      vertex -4.26375 43.2905 18
      vertex -4.26375 43.2905 62
    endloop
  endfacet
  facet normal -0.0735646 0.99729 0
    outer loop
      vertex -2.13444 43.4476 18
      vertex -4.26375 43.2905 62
      vertex -2.13444 43.4476 62
    endloop
  endfacet
  facet normal 0 0 -1
    outer loop
      vertex 0 0 18
      vertex -6.38278 43.0292 18
      vertex -4.26375 43.2905 18
    endloop
  endfacet
  facet normal 0 0 1
    outer loop
      vertex 0 0 62
      vertex -4.26375 43.2905 62
      vertex -6.38278 43.0292 62
    endloop
  endfacet
  facet normal -0.122411 0.99248 0
    outer loop
      vertex -4.26375 43.2905 18
      vertex -6.38278 43.0292 18
      vertex -6.38278 43.0292 62
    endloop
  endfacet
  facet normal -0.122411 0.99248 0
    outer loop
      vertex -4.26375 43.2905 18
      vertex -6.38278 43.0292 62
      vertex -4.26375 43.2905 62
    endloop
  endfacet
  facet normal 0 0 -1
    outer loop
      vertex 0 0 18
      vertex -8.48643 42.6642 18
      vertex -6.38278 43.0292 18
    endloop
  endfacet
  facet normal 0 0 1
    outer loop
      vertex 0 0 62
      vertex -6.38278 43.0292 62
      vertex -8.48643 42.6642 62
    endloop
  endfacet
  facet normal -0.170962 0.985278 0
    outer loop
      vertex -6.38278 43.0292 18
      vertex -8.48643 42.6642 18
      vertex -8.48643 42.6642 62
    endloop
  endfacet
  facet normal -0.170962 0.985278 0
    outer loop
      vertex -6.38278 43.0292 18
      vertex -8.48643 42.6642 62
      vertex -6.38278 43.0292 62
    endloop
  endfacet
  facet normal 0 0 -1
    outer loop
      vertex 0 0 18
      vertex -10.5696 42.1964 18
      vertex -8.48643 42.6642 18
    endloop
  endfacet
  facet normal 0 0 1
    outer loop
      vertex 0 0 62
      vertex -8.48643 42.6642 62
      vertex -10.5696 42.1964 62
    endloop
  endfacet
  facet normal -0.219101 0.975702 0
    outer loop
      vertex -8.48643 42.6642 18
      vertex -10.5696 42.1964 18
      vertex -10.5696 42.1964 62
    endloop
  endfacet
  facet normal -0.219101 0.975702 0
    outer loop
      vertex -8.48643 42.6642 18
      vertex -10.5696 42.1964 62
      vertex -8.48643 42.6642 62
    endloop
  endfacet
  facet normal 0 0 -1
    outer loop
      vertex 0 0 18
      vertex -12.6274 41.6269 18
      vertex -10.5696 42.1964 18
    endloop
  endfacet
  facet normal 0 0 1
    outer loop
      vertex 0 0 62
      vertex -10.5696 42.1964 62
      vertex -12.6274 41.6269 62
    endloop
  endfacet
  facet normal -0.266713 0.963776 0
    outer loop
      vertex -10.5696 42.1964 18
      vertex -12.6274 41.6269 18
      vertex -12.6274 41.6269 62
    endloop
  endfacet
  facet normal -0.266713 0.963776 0
    outer loop
      vertex -10.5696 42.1964 18
      vertex -12.6274 41.6269 62
      vertex -10.5696 42.1964 62
    endloop
  endfacet
  facet normal 0 0 -1
    outer loop
      vertex 0 0 18
      vertex -14.6547 40.9572 18
      vertex -12.6274 41.6269 18
    endloop
  endfacet
  facet normal 0 0 1
    outer loop
      vertex 0 0 62
      vertex -12.6274 41.6269 62
      vertex -14.6547 40.9572 62
    endloop
  endfacet
  facet normal -0.313682 0.949528 0
    outer loop
      vertex -12.6274 41.6269 18
      vertex -14.6547 40.9572 18
      vertex -14.6547 40.9572 62
    endloop
  endfacet
  facet normal -0.313682 0.949528 0
    outer loop
      vertex -12.6274 41.6269 18
      vertex -14.6547 40.9572 62
      vertex -12.6274 41.6269 62
    endloop
  endfacet
  facet normal 0 0 -1
    outer loop
      vertex 0 0 18
      vertex -16.6467 40.1888 18
      vertex -14.6547 40.9572 18
    endloop
  endfacet
  facet normal 0 0 1
    outer loop
      vertex 0 0 62
      vertex -14.6547 40.9572 62
      vertex -16.6467 40.1888 62
    endloop
  endfacet
  facet normal -0.359895 0.932993 0
    outer loop
      vertex -14.6547 40.9572 18
      vertex -16.6467 40.1888 18
      vertex -16.6467 40.1888 62
    endloop
  endfacet
  facet normal -0.359895 0.932993 0
    outer loop
      vertex -14.6547 40.9572 18
      vertex -16.6467 40.1888 62
      vertex -14.6547 40.9572 62
    endloop
  endfacet
  facet normal 0 0 -1
    outer loop
      vertex 0 0 18
      vertex -18.5986 39.3235 18
      vertex -16.6467 40.1888 18
    endloop
  endfacet
  facet normal 0 0 1
    outer loop
      vertex 0 0 62
      vertex -16.6467 40.1888 62
      vertex -18.5986 39.3235 62
    endloop
  endfacet
  facet normal -0.405241 0.91421 0
    outer loop
      vertex -16.6467 40.1888 18
      vertex -18.5986 39.3235 18
      vertex -18.5986 39.3235 62
    endloop
  endfacet
  facet normal -0.405241 0.91421 0
    outer loop
      vertex -16.6467 40.1888 18
      vertex -18.5986 39.3235 62
      vertex -16.6467 40.1888 62
    endloop
  endfacet
  facet normal 0 0 -1
    outer loop
      vertex 0 0 18
      vertex -20.5058 38.3636 18
      vertex -18.5986 39.3235 18
    endloop
  endfacet
  facet normal 0 0 1
    outer loop
      vertex 0 0 62
      vertex -18.5986 39.3235 62
      vertex -20.5058 38.3636 62
    endloop
  endfacet
  facet normal -0.449611 0.893224 0
    outer loop
      vertex -18.5986 39.3235 18
      vertex -20.5058 38.3636 18
      vertex -20.5058 38.3636 62
    endloop
  endfacet
  facet normal -0.449611 0.893224 0
    outer loop
      vertex -18.5986 39.3235 18
      vertex -20.5058 38.3636 62
      vertex -18.5986 39.3235 62
    endloop
  endfacet
  facet normal 0 0 -1
    outer loop
      vertex 0 0 18
      vertex -22.3635 37.3112 18
      vertex -20.5058 38.3636 18
    endloop
  endfacet
  facet normal 0 0 1
    outer loop
      vertex 0 0 62
      vertex -20.5058 38.3636 62
      vertex -22.3635 37.3112 62
    endloop
  endfacet
  facet normal -0.492898 0.870087 0
    outer loop
      vertex -20.5058 38.3636 18
      vertex -22.3635 37.3112 18
      vertex -22.3635 37.3112 62
    endloop
  endfacet
  facet normal -0.492898 0.870087 0
    outer loop
      vertex -20.5058 38.3636 18
      vertex -22.3635 37.3112 62
      vertex -20.5058 38.3636 62
    endloop
  endfacet
  facet normal 0 0 -1
    outer loop
      vertex 0 0 18
      vertex -24.1673 36.1689 18
      vertex -22.3635 37.3112 18
    endloop
  endfacet
  facet normal 0 0 1
    outer loop
      vertex 0 0 62
      vertex -22.3635 37.3112 62
      vertex -24.1673 36.1689 62
    endloop
  endfacet
  facet normal -0.534998 0.844854 0
    outer loop
      vertex -22.3635 37.3112 18
      vertex -24.1673 36.1689 18
      vertex -24.1673 36.1689 62
    endloop
  endfacet
  facet normal -0.534998 0.844854 0
    outer loop
      vertex -22.3635 37.3112 18
      vertex -24.1673 36.1689 62
      vertex -22.3635 37.3112 62
    endloop
  endfacet
  facet normal 0 0 -1
    outer loop
      vertex 0 0 18
      vertex -25.9129 34.9395 18
      vertex -24.1673 36.1689 18
    endloop
  endfacet
  facet normal 0 0 1
    outer loop
      vertex 0 0 62
      vertex -24.1673 36.1689 62
      vertex -25.9129 34.9395 62
    endloop
  endfacet
  facet normal -0.575808 0.817585 0
    outer loop
      vertex -24.1673 36.1689 18
      vertex -25.9129 34.9395 18
      vertex -25.9129 34.9395 62
    endloop
  endfacet
  facet normal -0.575808 0.817585 0
    outer loop
      vertex -24.1673 36.1689 18
      vertex -25.9129 34.9395 62
      vertex -24.1673 36.1689 62
    endloop
  endfacet
  facet normal 0 0 -1
    outer loop
      vertex 0 0 18
      vertex -27.5961 33.626 18
      vertex -25.9129 34.9395 18
    endloop
  endfacet
  facet normal 0 0 1
    outer loop
      vertex 0 0 62
      vertex -25.9129 34.9395 62
      vertex -27.5961 33.626 62
    endloop
  endfacet
  facet normal -0.615232 0.788346 0
    outer loop
      vertex -25.9129 34.9395 18
      vertex -27.5961 33.626 18
      vertex -27.5961 33.626 62
    endloop
  endfacet
  facet normal -0.615232 0.788346 0
    outer loop
      vertex -25.9129 34.9395 18
      vertex -27.5961 33.626 62
      vertex -25.9129 34.9395 62
    endloop
  endfacet
  facet normal 0 0 -1
    outer loop
      vertex 0 0 18
      vertex -29.2128 32.2314 18
      vertex -27.5961 33.626 18
    endloop
  endfacet
  facet normal 0 0 1
    outer loop
      vertex 0 0 62
      vertex -27.5961 33.626 62
      vertex -29.2128 32.2314 62
    endloop
  endfacet
  facet normal -0.653173 0.757209 0
    outer loop
      vertex -27.5961 33.626 18
      vertex -29.2128 32.2314 18
      vertex -29.2128 32.2314 62
    endloop
  endfacet
  facet normal -0.653173 0.757209 0
    outer loop
      vertex -27.5961 33.626 18
      vertex -29.2128 32.2314 62
      vertex -27.5961 33.626 62
    endloop
  endfacet
  facet normal 0 0 -1
    outer loop
      vertex 0 0 18
      vertex -30.7591 30.7591 18
      vertex -29.2128 32.2314 18
    endloop
  endfacet
  facet normal 0 0 1
    outer loop
      vertex 0 0 62
      vertex -29.2128 32.2314 62
      vertex -30.7591 30.7591 62
    endloop
  endfacet
  facet normal -0.689541 0.724247 0
    outer loop
      vertex -29.2128 32.2314 18
      vertex -30.7591 30.7591 18
      vertex -30.7591 30.7591 62
    endloop
  endfacet
  facet normal -0.689541 0.724247 0
    outer loop
      vertex -29.2128 32.2314 18
      vertex -30.7591 30.7591 62
      vertex -29.2128 32.2314 62
    endloop
  endfacet
  facet normal 0 0 -1
    outer loop
      vertex 0 0 18
      vertex -32.2314 29.2128 18
      vertex -30.7591 30.7591 18
    endloop
  endfacet
  facet normal 0 0 1
    outer loop
      vertex 0 0 62
      vertex -30.7591 30.7591 62
      vertex -32.2314 29.2128 62
    endloop
  endfacet
  facet normal -0.724247 0.689541 0
    outer loop
      vertex -30.7591 30.7591 18
      vertex -32.2314 29.2128 18
      vertex -32.2314 29.2128 62
    endloop
  endfacet
  facet normal -0.724247 0.689541 0
    outer loop
      vertex -30.7591 30.7591 18
      vertex -32.2314 29.2128 62
      vertex -30.7591 30.7591 62
    endloop
  endfacet
  facet normal 0 0 -1
    outer loop
      vertex 0 0 18
      vertex -33.626 27.5961 18
      vertex -32.2314 29.2128 18
    endloop
  endfacet
  facet normal 0 0 1
    outer loop
      vertex 0 0 62
      vertex -32.2314 29.2128 62
      vertex -33.626 27.5961 62
    endloop
  endfacet
  facet normal -0.757209 0.653173 0
    outer loop
      vertex -32.2314 29.2128 18
      vertex -33.626 27.5961 18
      vertex -33.626 27.5961 62
    endloop
  endfacet
  facet normal -0.757209 0.653173 0
    outer loop
      vertex -32.2314 29.2128 18
      vertex -33.626 27.5961 62
      vertex -32.2314 29.2128 62
    endloop
  endfacet
  facet normal 0 0 -1
    outer loop
      vertex 0 0 18
      vertex -34.9395 25.9129 18
      vertex -33.626 27.5961 18
    endloop
  endfacet
  facet normal 0 0 1
    outer loop
      vertex 0 0 62
      vertex -33.626 27.5961 62
      vertex -34.9395 25.9129 62
    endloop
  endfacet
  facet normal -0.788346 0.615232 0
    outer loop
      vertex -33.626 27.5961 18
      vertex -34.9395 25.9129 18
      vertex -34.9395 25.9129 62
    endloop
  endfacet
  facet normal -0.788346 0.615232 0
    outer loop
      vertex -33.626 27.5961 18
      vertex -34.9395 25.9129 62
      vertex -33.626 27.5961 62
    endloop
  endfacet
  facet normal 0 0 -1
    outer loop
      vertex 0 0 18
      vertex -36.1689 24.1673 18
      vertex -34.9395 25.9129 18
    endloop
  endfacet
  facet normal 0 0 1
    outer loop
      vertex 0 0 62
      vertex -34.9395 25.9129 62
      vertex -36.1689 24.1673 62
    endloop
  endfacet
  facet normal -0.817585 0.575808 0
    outer loop
      vertex -34.9395 25.9129 18
      vertex -36.1689 24.1673 18
      vertex -36.1689 24.1673 62
    endloop
  endfacet
  facet normal -0.817585 0.575808 0
    outer loop
      vertex -34.9395 25.9129 18
      vertex -36.1689 24.1673 62
      vertex -34.9395 25.9129 62
    endloop
  endfacet
  facet normal 0 0 -1
    outer loop
      vertex 0 0 18
      vertex -37.3112 22.3635 18
      vertex -36.1689 24.1673 18
    endloop
  endfacet
  facet normal 0 0 1
    outer loop
      vertex 0 0 62
      vertex -36.1689 24.1673 62
      vertex -37.3112 22.3635 62
    endloop
  endfacet
  facet normal -0.844854 0.534998 0
    outer loop
      vertex -36.1689 24.1673 18
      vertex -37.3112 22.3635 18
      vertex -37.3112 22.3635 62
    endloop
  endfacet
  facet normal -0.844854 0.534998 0
    outer loop
      vertex -36.1689 24.1673 18
      vertex -37.3112 22.3635 62
      vertex -36.1689 24.1673 62
    endloop
  endfacet
  facet normal 0 0 -1
    outer loop
      vertex 0 0 18
      vertex -38.3636 20.5058 18
      vertex -37.3112 22.3635 18
    endloop
  endfacet
  facet normal 0 0 1
    outer loop
      vertex 0 0 62
      vertex -37.3112 22.3635 62
      vertex -38.3636 20.5058 62
    endloop
  endfacet
  facet normal -0.870087 0.492898 0
    outer loop
      vertex -37.3112 22.3635 18
      vertex -38.3636 20.5058 18
      vertex -38.3636 20.5058 62
    endloop
  endfacet
  facet normal -0.870087 0.492898 0
    outer loop
      vertex -37.3112 22.3635 18
      vertex -38.3636 20.5058 62
      vertex -37.3112 22.3635 62
    endloop
  endfacet
  facet normal 0 0 -1
    outer loop
      vertex 0 0 18
      vertex -39.3235 18.5986 18
      vertex -38.3636 20.5058 18
    endloop
  endfacet
  facet normal 0 0 1
    outer loop
      vertex 0 0 62
      vertex -38.3636 20.5058 62
      vertex -39.3235 18.5986 62
    endloop
  endfacet
  facet normal -0.893224 0.449611 0
    outer loop
      vertex -38.3636 20.5058 18
      vertex -39.3235 18.5986 18
      vertex -39.3235 18.5986 62
    endloop
  endfacet
  facet normal -0.893224 0.449611 0
    outer loop
      vertex -38.3636 20.5058 18
      vertex -39.3235 18.5986 62
      vertex -38.3636 20.5058 62
    endloop
  endfacet
  facet normal 0 0 -1
    outer loop
      vertex 0 0 18
      vertex -40.1888 16.6467 18
      vertex -39.3235 18.5986 18
    endloop
  endfacet
  facet normal 0 0 1
    outer loop
      vertex 0 0 62
      vertex -39.3235 18.5986 62
      vertex -40.1888 16.6467 62
    endloop
  endfacet
  facet normal -0.91421 0.405241 0
    outer loop
      vertex -39.3235 18.5986 18
      vertex -40.1888 16.6467 18
      vertex -40.1888 16.6467 62
    endloop
  endfacet
  facet normal -0.91421 0.405241 0
    outer loop
      vertex -39.3235 18.5986 18
      vertex -40.1888 16.6467 62
      vertex -39.3235 18.5986 62
    endloop
  endfacet
  facet normal 0 0 -1
    outer loop
      vertex 0 0 18
      vertex -40.9572 14.6547 18
      vertex -40.1888 16.6467 18
    endloop
  endfacet
  facet normal 0 0 1
    outer loop
      vertex 0 0 62
      vertex -40.1888 16.6467 62
      vertex -40.9572 14.6547 62
    endloop
  endfacet
  facet normal -0.932993 0.359895 0
    outer loop
      vertex -40.1888 16.6467 18
      vertex -40.9572 14.6547 18
      vertex -40.9572 14.6547 62
    endloop
  endfacet
  facet normal -0.932993 0.359895 0
    outer loop
      vertex -40.1888 16.6467 18
      vertex -40.9572 14.6547 62
      vertex -40.1888 16.6467 62
    endloop
  endfacet
  facet normal 0 0 -1
    outer loop
      vertex 0 0 18
      vertex -41.6269 12.6274 18
      vertex -40.9572 14.6547 18
    endloop
  endfacet
  facet normal 0 0 1
    outer loop
      vertex 0 0 62
      vertex -40.9572 14.6547 62
      vertex -41.6269 12.6274 62
    endloop
  endfacet
  facet normal -0.949528 0.313682 0
    outer loop
      vertex -40.9572 14.6547 18
      vertex -41.6269 12.6274 18
      vertex -41.6269 12.6274 62
    endloop
  endfacet
  facet normal -0.949528 0.313682 0
    outer loop
      vertex -40.9572 14.6547 18
      vertex -41.6269 12.6274 62
      vertex -40.9572 14.6547 62
    endloop
  endfacet
  facet normal 0 0 -1
    outer loop
      vertex 0 0 18
      vertex -42.1964 10.5696 18
      vertex -41.6269 12.6274 18
    endloop
  endfacet
  facet normal 0 0 1
    outer loop
      vertex 0 0 62
      vertex -41.6269 12.6274 62
      vertex -42.1964 10.5696 62
    endloop
  endfacet
  facet normal -0.963776 0.266713 0
    outer loop
      vertex -41.6269 12.6274 18
      vertex -42.1964 10.5696 18
      vertex -42.1964 10.5696 62
    endloop
  endfacet
  facet normal -0.963776 0.266713 0
    outer loop
      vertex -41.6269 12.6274 18
      vertex -42.1964 10.5696 62
      vertex -41.6269 12.6274 62
    endloop
  endfacet
  facet normal 0 0 -1
    outer loop
      vertex 0 0 18
      vertex -42.6642 8.48643 18
      vertex -42.1964 10.5696 18
    endloop
  endfacet
  facet normal 0 0 1
    outer loop
      vertex 0 0 62
      vertex -42.1964 10.5696 62
      vertex -42.6642 8.48643 62
    endloop
  endfacet
  facet normal -0.975702 0.219101 0
    outer loop
      vertex -42.1964 10.5696 18
      vertex -42.6642 8.48643 18
      vertex -42.6642 8.48643 62
    endloop
  endfacet
  facet normal -0.975702 0.219101 0
    outer loop
      vertex -42.1964 10.5696 18
      vertex -42.6642 8.48643 62
      vertex -42.1964 10.5696 62
    endloop
  endfacet
  facet normal 0 0 -1
    outer loop
      vertex 0 0 18
      vertex -43.0292 6.38278 18
      vertex -42.6642 8.48643 18
    endloop
  endfacet
  facet normal 0 0 1
    outer loop
      vertex 0 0 62
      vertex -42.6642 8.48643 62
      vertex -43.0292 6.38278 62
    endloop
  endfacet
  facet normal -0.985278 0.170962 0
    outer loop
      vertex -42.6642 8.48643 18
      vertex -43.0292 6.38278 18
      vertex -43.0292 6.38278 62
    endloop
  endfacet
  facet normal -0.985278 0.170962 0
    outer loop
      vertex -42.6642 8.48643 18
      vertex -43.0292 6.38278 62
      vertex -42.6642 8.48643 62
    endloop
  endfacet
  facet normal 0 0 -1
    outer loop
      vertex 0 0 18
      vertex -43.2905 4.26375 18
      vertex -43.0292 6.38278 18
    endloop
  endfacet
  facet normal 0 0 1
    outer loop
      vertex 0 0 62
      vertex -43.0292 6.38278 62
      vertex -43.2905 4.26375 62
    endloop
  endfacet
  facet normal -0.99248 0.122411 0
    outer loop
      vertex -43.0292 6.38278 18
      vertex -43.2905 4.26375 18
      vertex -43.2905 4.26375 62
    endloop
  endfacet
  facet normal -0.99248 0.122411 0
    outer loop
      vertex -43.0292 6.38278 18
      vertex -43.2905 4.26375 62
      vertex -43.0292 6.38278 62
    endloop
  endfacet
  facet normal 0 0 -1
    outer loop
      vertex 0 0 18
      vertex -43.4476 2.13444 18
      vertex -43.2905 4.26375 18
    endloop
  endfacet
  facet normal 0 0 1
    outer loop
      vertex 0 0 62
      vertex -43.2905 4.26375 62
      vertex -43.4476 2.13444 62
    endloop
  endfacet
  facet normal -0.99729 0.0735646 0
    outer loop
      vertex -43.2905 4.26375 18
      vertex -43.4476 2.13444 18
      vertex -43.4476 2.13444 62
    endloop
  endfacet
  facet normal -0.99729 0.0735646 0
    outer loop
      vertex -43.2905 4.26375 18
      vertex -43.4476 2.13444 62
      vertex -43.2905 4.26375 62
    endloop
  endfacet
  facet normal 0 0 -1
    outer loop
      vertex 0 0 18
      vertex -43.5 5.32721e-15 18
      vertex -43.4476 2.13444 18
    endloop
  endfacet
  facet normal 0 0 1
    outer loop
      vertex 0 0 62
      vertex -43.4476 2.13444 62
      vertex -43.5 5.32721e-15 62
    endloop
  endfacet
  facet normal -0.999699 0.0245412 0
    outer loop
      vertex -43.4476 2.13444 18
      vertex -43.5 5.32721e-15 18
      vertex -43.5 5.32721e-15 62
    endloop
  endfacet
  facet normal -0.999699 0.0245412 0
    outer loop
      vertex -43.4476 2.13444 18
      vertex -43.5 5.32721e-15 62
      vertex -43.4476 2.13444 62
    endloop
  endfacet
  facet normal 0 0 -1
    outer loop
      vertex 0 0 18
      vertex -43.4476 -2.13444 18
      vertex -43.5 5.32721e-15 18
    endloop
  endfacet
  facet normal 0 0 1
    outer loop
      vertex 0 0 62
      vertex -43.5 5.32721e-15 62
      vertex -43.4476 -2.13444 62
    endloop
  endfacet
  facet normal -0.999699 -0.0245412 0
    outer loop
      vertex -43.5 5.32721e-15 18
      vertex -43.4476 -2.13444 18
      vertex -43.4476 -2.13444 62
    endloop
  endfacet
  facet normal -0.999699 -0.0245412 0
    outer loop
      vertex -43.5 5.32721e-15 18
      vertex -43.4476 -2.13444 62
      vertex -43.5 5.32721e-15 62
    endloop
  endfacet
  facet normal 0 0 -1
    outer loop
      vertex 0 0 18
      vertex -43.2905 -4.26375 18
      vertex -43.4476 -2.13444 18
    endloop
  endfacet
  facet normal 0 0 1
    outer loop
      vertex 0 0 62
      vertex -43.4476 -2.13444 62
      vertex -43.2905 -4.26375 62
    endloop
  endfacet
  facet normal -0.99729 -0.0735646 0
    outer loop
      vertex -43.4476 -2.13444 18
      vertex -43.2905 -4.26375 18
      vertex -43.2905 -4.26375 62
    endloop
  endfacet
  facet normal -0.99729 -0.0735646 0
    outer loop
      vertex -43.4476 -2.13444 18
      vertex -43.2905 -4.26375 62
      vertex -43.4476 -2.13444 62
    endloop
  endfacet
  facet normal 0 0 -1
    outer loop
      vertex 0 0 18
      vertex -43.0292 -6.38278 18
      vertex -43.2905 -4.26375 18
    endloop
  endfacet
  facet normal 0 0 1
    outer loop
      vertex 0 0 62
      vertex -43.2905 -4.26375 62
      vertex -43.0292 -6.38278 62
    endloop
  endfacet
  facet normal -0.99248 -0.122411 0
    outer loop
      vertex -43.2905 -4.26375 18
      vertex -43.0292 -6.38278 18
      vertex -43.0292 -6.38278 62
    endloop
  endfacet
  facet normal -0.99248 -0.122411 0
    outer loop
      vertex -43.2905 -4.26375 18
      vertex -43.0292 -6.38278 62
      vertex -43.2905 -4.26375 62
    endloop
  endfacet
  facet normal 0 0 -1
    outer loop
      vertex 0 0 18
      vertex -42.6642 -8.48643 18
      vertex -43.0292 -6.38278 18
    endloop
  endfacet
  facet normal 0 0 1
    outer loop
      vertex 0 0 62
      vertex -43.0292 -6.38278 62
      vertex -42.6642 -8.48643 62
    endloop
  endfacet
  facet normal -0.985278 -0.170962 0
    outer loop
      vertex -43.0292 -6.38278 18
      vertex -42.6642 -8.48643 18
      vertex -42.6642 -8.48643 62
    endloop
  endfacet
  facet normal -0.985278 -0.170962 0
    outer loop
      vertex -43.0292 -6.38278 18
      vertex -42.6642 -8.48643 62
      vertex -43.0292 -6.38278 62
    endloop
  endfacet
  facet normal 0 0 -1
    outer loop
      vertex 0 0 18
      vertex -42.1964 -10.5696 18
      vertex -42.6642 -8.48643 18
    endloop
  endfacet
  facet normal 0 0 1
    outer loop
      vertex 0 0 62
      vertex -42.6642 -8.48643 62
      vertex -42.1964 -10.5696 62
    endloop
  endfacet
  facet normal -0.975702 -0.219101 0
    outer loop
      vertex -42.6642 -8.48643 18
      vertex -42.1964 -10.5696 18
      vertex -42.1964 -10.5696 62
    endloop
  endfacet
  facet normal -0.975702 -0.219101 0
    outer loop
      vertex -42.6642 -8.48643 18
      vertex -42.1964 -10.5696 62
      vertex -42.6642 -8.48643 62
    endloop
  endfacet
  facet normal 0 0 -1
    outer loop
      vertex 0 0 18
      vertex -41.6269 -12.6274 18
      vertex -42.1964 -10.5696 18
    endloop
  endfacet
  facet normal 0 0 1
    outer loop
      vertex 0 0 62
      vertex -42.1964 -10.5696 62
      vertex -41.6269 -12.6274 62
    endloop
  endfacet
  facet normal -0.963776 -0.266713 0
    outer loop
      vertex -42.1964 -10.5696 18
      vertex -41.6269 -12.6274 18
      vertex -41.6269 -12.6274 62
    endloop
  endfacet
  facet normal -0.963776 -0.266713 0
    outer loop
      vertex -42.1964 -10.5696 18
      vertex -41.6269 -12.6274 62
      vertex -42.1964 -10.5696 62
    endloop
  endfacet
  facet normal 0 0 -1
    outer loop
      vertex 0 0 18
      vertex -40.9572 -14.6547 18
      vertex -41.6269 -12.6274 18
    endloop
  endfacet
  facet normal 0 0 1
    outer loop
      vertex 0 0 62
      vertex -41.6269 -12.6274 62
      vertex -40.9572 -14.6547 62
    endloop
  endfacet
  facet normal -0.949528 -0.313682 0
    outer loop
      vertex -41.6269 -12.6274 18
      vertex -40.9572 -14.6547 18
      vertex -40.9572 -14.6547 62
    endloop
  endfacet
  facet normal -0.949528 -0.313682 0
    outer loop
      vertex -41.6269 -12.6274 18
      vertex -40.9572 -14.6547 62
      vertex -41.6269 -12.6274 62
    endloop
  endfacet
  facet normal 0 0 -1
    outer loop
      vertex 0 0 18
      vertex -40.1888 -16.6467 18
      vertex -40.9572 -14.6547 18
    endloop
  endfacet
  facet normal 0 0 1
    outer loop
      vertex 0 0 62
      vertex -40.9572 -14.6547 62
      vertex -40.1888 -16.6467 62
    endloop
  endfacet
  facet normal -0.932993 -0.359895 0
    outer loop
      vertex -40.9572 -14.6547 18
      vertex -40.1888 -16.6467 18
      vertex -40.1888 -16.6467 62
    endloop
  endfacet
  facet normal -0.932993 -0.359895 0
    outer loop
      vertex -40.9572 -14.6547 18
      vertex -40.1888 -16.6467 62
      vertex -40.9572 -14.6547 62
    endloop
  endfacet
  facet normal 0 0 -1
    outer loop
      vertex 0 0 18
      vertex -39.3235 -18.5986 18
      vertex -40.1888 -16.6467 18
    endloop
  endfacet
  facet normal 0 0 1
    outer loop
      vertex 0 0 62
      vertex -40.1888 -16.6467 62
      vertex -39.3235 -18.5986 62
    endloop
  endfacet
  facet normal -0.91421 -0.405241 0
    outer loop
      vertex -40.1888 -16.6467 18
      vertex -39.3235 -18.5986 18
      vertex -39.3235 -18.5986 62
    endloop
  endfacet
  facet normal -0.91421 -0.405241 0
    outer loop
      vertex -40.1888 -16.6467 18
      vertex -39.3235 -18.5986 62
      vertex -40.1888 -16.6467 62
    endloop
  endfacet
  facet normal 0 0 -1
    outer loop
      vertex 0 0 18
      vertex -38.3636 -20.5058 18
      vertex -39.3235 -18.5986 18
    endloop
  endfacet
  facet normal 0 0 1
    outer loop
      vertex 0 0 62
      vertex -39.3235 -18.5986 62
      vertex -38.3636 -20.5058 62
    endloop
  endfacet
  facet normal -0.893224 -0.449611 0
    outer loop
      vertex -39.3235 -18.5986 18
      vertex -38.3636 -20.5058 18
      vertex -38.3636 -20.5058 62
    endloop
  endfacet
  facet normal -0.893224 -0.449611 0
    outer loop
      vertex -39.3235 -18.5986 18
      vertex -38.3636 -20.5058 62
      vertex -39.3235 -18.5986 62
    endloop
  endfacet
  facet normal 0 0 -1
    outer loop
      vertex 0 0 18
      vertex -37.3112 -22.3635 18
      vertex -38.3636 -20.5058 18
    endloop
  endfacet
  facet normal 0 0 1
    outer loop
      vertex 0 0 62
      vertex -38.3636 -20.5058 62
      vertex -37.3112 -22.3635 62
    endloop
  endfacet
  facet normal -0.870087 -0.492898 0
    outer loop
      vertex -38.3636 -20.5058 18
      vertex -37.3112 -22.3635 18
      vertex -37.3112 -22.3635 62
    endloop
  endfacet
  facet normal -0.870087 -0.492898 0
    outer loop
      vertex -38.3636 -20.5058 18
      vertex -37.3112 -22.3635 62
      vertex -38.3636 -20.5058 62
    endloop
  endfacet
  facet normal 0 0 -1
    outer loop
      vertex 0 0 18
      vertex -36.1689 -24.1673 18
      vertex -37.3112 -22.3635 18
    endloop
  endfacet
  facet normal 0 0 1
    outer loop
      vertex 0 0 62
      vertex -37.3112 -22.3635 62
      vertex -36.1689 -24.1673 62
    endloop
  endfacet
  facet normal -0.844854 -0.534998 0
    outer loop
      vertex -37.3112 -22.3635 18
      vertex -36.1689 -24.1673 18
      vertex -36.1689 -24.1673 62
    endloop
  endfacet
  facet normal -0.844854 -0.534998 0
    outer loop
      vertex -37.3112 -22.3635 18
      vertex -36.1689 -24.1673 62
      vertex -37.3112 -22.3635 62
    endloop
  endfacet
  facet normal 0 0 -1
    outer loop
      vertex 0 0 18
      vertex -34.9395 -25.9129 18
      vertex -36.1689 -24.1673 18
    endloop
  endfacet
  facet normal 0 0 1
    outer loop
      vertex 0 0 62
      vertex -36.1689 -24.1673 62
      vertex -34.9395 -25.9129 62
    endloop
  endfacet
  facet normal -0.817585 -0.575808 0
    outer loop
      vertex -36.1689 -24.1673 18
      vertex -34.9395 -25.9129 18
      vertex -34.9395 -25.9129 62
    endloop
  endfacet
  facet normal -0.817585 -0.575808 0
    outer loop
      vertex -36.1689 -24.1673 18
      vertex -34.9395 -25.9129 62
      vertex -36.1689 -24.1673 62
    endloop
  endfacet
  facet normal 0 0 -1
    outer loop
      vertex 0 0 18
      vertex -33.626 -27.5961 18
      vertex -34.9395 -25.9129 18
    endloop
  endfacet
  facet normal 0 0 1
    outer loop
      vertex 0 0 62
      vertex -34.9395 -25.9129 62
      vertex -33.626 -27.5961 62
    endloop
  endfacet
  facet normal -0.788346 -0.615232 0
    outer loop
      vertex -34.9395 -25.9129 18
      vertex -33.626 -27.5961 18
      vertex -33.626 -27.5961 62
    endloop
  endfacet
  facet normal -0.788346 -0.615232 0
    outer loop
      vertex -34.9395 -25.9129 18
      vertex -33.626 -27.5961 62
      vertex -34.9395 -25.9129 62
    endloop
  endfacet
  facet normal 0 0 -1
    outer loop
      vertex 0 0 18
      vertex -32.2314 -29.2128 18
      vertex -33.626 -27.5961 18
    endloop
  endfacet
  facet normal 0 0 1
    outer loop
      vertex 0 0 62
      vertex -33.626 -27.5961 62
      vertex -32.2314 -29.2128 62
    endloop
  endfacet
  facet normal -0.757209 -0.653173 0
    outer loop
      vertex -33.626 -27.5961 18
      vertex -32.2314 -29.2128 18
      vertex -32.2314 -29.2128 62
    endloop
  endfacet
  facet normal -0.757209 -0.653173 0
    outer loop
      vertex -33.626 -27.5961 18
      vertex -32.2314 -29.2128 62
      vertex -33.626 -27.5961 62
    endloop
  endfacet
  facet normal 0 0 -1
    outer loop
      vertex 0 0 18
      vertex -30.7591 -30.7591 18
      vertex -32.2314 -29.2128 18
    endloop
  endfacet
  facet normal 0 0 1
    outer loop
      vertex 0 0 62
      vertex -32.2314 -29.2128 62
      vertex -30.7591 -30.7591 62
    endloop
  endfacet
  facet normal -0.724247 -0.689541 0
    outer loop
      vertex -32.2314 -29.2128 18
      vertex -30.7591 -30.7591 18
      vertex -30.7591 -30.7591 62
    endloop
  endfacet
  facet normal -0.724247 -0.689541 0
    outer loop
      vertex -32.2314 -29.2128 18
      vertex -30.7591 -30.7591 62
      vertex -32.2314 -29.2128 62
    endloop
  endfacet
  facet normal 0 0 -1
    outer loop
      vertex 0 0 18
      vertex -29.2128 -32.2314 18
      vertex -30.7591 -30.7591 18
    endloop
  endfacet
  facet normal 0 0 1
    outer loop
      vertex 0 0 62
      vertex -30.7591 -30.7591 62
      vertex -29.2128 -32.2314 62
    endloop
  endfacet
  facet normal -0.689541 -0.724247 0
    outer loop
      vertex -30.7591 -30.7591 18
      vertex -29.2128 -32.2314 18
      vertex -29.2128 -32.2314 62
    endloop
  endfacet
  facet normal -0.689541 -0.724247 0
    outer loop
      vertex -30.7591 -30.7591 18
      vertex -29.2128 -32.2314 62
      vertex -30.7591 -30.7591 62
    endloop
  endfacet
  facet normal 0 0 -1
    outer loop
      vertex 0 0 18
      vertex -27.5961 -33.626 18
      vertex -29.2128 -32.2314 18
    endloop
  endfacet
  facet normal 0 0 1
    outer loop
      vertex 0 0 62
      vertex -29.2128 -32.2314 62
      vertex -27.5961 -33.626 62
    endloop
  endfacet
  facet normal -0.653173 -0.757209 0
    outer loop
      vertex -29.2128 -32.2314 18
      vertex -27.5961 -33.626 18
      vertex -27.5961 -33.626 62
    endloop
  endfacet
  facet normal -0.653173 -0.757209 0
    outer loop
      vertex -29.2128 -32.2314 18
      vertex -27.5961 -33.626 62
      vertex -29.2128 -32.2314 62
    endloop
  endfacet
  facet normal 0 0 -1
    outer loop
      vertex 0 0 18
      vertex -25.9129 -34.9395 18
      vertex -27.5961 -33.626 18
    endloop
  endfacet
  facet normal 0 0 1
    outer loop
      vertex 0 0 62
      vertex -27.5961 -33.626 62
      vertex -25.9129 -34.9395 62
    endloop
  endfacet
  facet normal -0.615232 -0.788346 0
    outer loop
      vertex -27.5961 -33.626 18
      vertex -25.9129 -34.9395 18
      vertex -25.9129 -34.9395 62
    endloop
  endfacet
  facet normal -0.615232 -0.788346 0
    outer loop
      vertex -27.5961 -33.626 18
      vertex -25.9129 -34.9395 62
      vertex -27.5961 -33.626 62
    endloop
  endfacet
  facet normal 0 0 -1
    outer loop
      vertex 0 0 18
      vertex -24.1673 -36.1689 18
      vertex -25.9129 -34.9395 18
    endloop
  endfacet
  facet normal 0 0 1
    outer loop
      vertex 0 0 62
      vertex -25.9129 -34.9395 62
      vertex -24.1673 -36.1689 62
    endloop
  endfacet
  facet normal -0.575808 -0.817585 0
    outer loop
      vertex -25.9129 -34.9395 18
      vertex -24.1673 -36.1689 18
      vertex -24.1673 -36.1689 62
    endloop
  endfacet
  facet normal -0.575808 -0.817585 0
    outer loop
      vertex -25.9129 -34.9395 18
      vertex -24.1673 -36.1689 62
      vertex -25.9129 -34.9395 62
    endloop
  endfacet
  facet normal 0 0 -1
    outer loop
      vertex 0 0 18
      vertex -22.3635 -37.3112 18
      vertex -24.1673 -36.1689 18
    endloop
  endfacet
  facet normal 0 0 1
    outer loop
      vertex 0 0 62
      vertex -24.1673 -36.1689 62
      vertex -22.3635 -37.3112 62
    endloop
  endfacet
  facet normal -0.534998 -0.844854 0
    outer loop
      vertex -24.1673 -36.1689 18
      vertex -22.3635 -37.3112 18
      vertex -22.3635 -37.3112 62
    endloop
  endfacet
  facet normal -0.534998 -0.844854 0
    outer loop
      vertex -24.1673 -36.1689 18
      vertex -22.3635 -37.3112 62
      vertex -24.1673 -36.1689 62
    endloop
  endfacet
  facet normal 0 0 -1
    outer loop
      vertex 0 0 18
      vertex -20.5058 -38.3636 18
      vertex -22.3635 -37.3112 18
    endloop
  endfacet
  facet normal 0 0 1
    outer loop
      vertex 0 0 62
      vertex -22.3635 -37.3112 62
      vertex -20.5058 -38.3636 62
    endloop
  endfacet
  facet normal -0.492898 -0.870087 0
    outer loop
      vertex -22.3635 -37.3112 18
      vertex -20.5058 -38.3636 18
      vertex -20.5058 -38.3636 62
    endloop
  endfacet
  facet normal -0.492898 -0.870087 0
    outer loop
      vertex -22.3635 -37.3112 18
      vertex -20.5058 -38.3636 62
      vertex -22.3635 -37.3112 62
    endloop
  endfacet
  facet normal 0 0 -1
    outer loop
      vertex 0 0 18
      vertex -18.5986 -39.3235 18
      vertex -20.5058 -38.3636 18
    endloop
  endfacet
  facet normal 0 0 1
    outer loop
      vertex 0 0 62
      vertex -20.5058 -38.3636 62
      vertex -18.5986 -39.3235 62
    endloop
  endfacet
  facet normal -0.449611 -0.893224 0
    outer loop
      vertex -20.5058 -38.3636 18
      vertex -18.5986 -39.3235 18
      vertex -18.5986 -39.3235 62
    endloop
  endfacet
  facet normal -0.449611 -0.893224 0
    outer loop
      vertex -20.5058 -38.3636 18
      vertex -18.5986 -39.3235 62
      vertex -20.5058 -38.3636 62
    endloop
  endfacet
  facet normal 0 0 -1
    outer loop
      vertex 0 0 18
      vertex -16.6467 -40.1888 18
      vertex -18.5986 -39.3235 18
    endloop
  endfacet
  facet normal 0 0 1
    outer loop
      vertex 0 0 62
      vertex -18.5986 -39.3235 62
      vertex -16.6467 -40.1888 62
    endloop
  endfacet
  facet normal -0.405241 -0.91421 0
    outer loop
      vertex -18.5986 -39.3235 18
      vertex -16.6467 -40.1888 18
      vertex -16.6467 -40.1888 62
    endloop
  endfacet
  facet normal -0.405241 -0.91421 0
    outer loop
      vertex -18.5986 -39.3235 18
      vertex -16.6467 -40.1888 62
      vertex -18.5986 -39.3235 62
    endloop
  endfacet
  facet normal 0 0 -1
    outer loop
      vertex 0 0 18
      vertex -14.6547 -40.9572 18
      vertex -16.6467 -40.1888 18
    endloop
  endfacet
  facet normal 0 0 1
    outer loop
      vertex 0 0 62
      vertex -16.6467 -40.1888 62
      vertex -14.6547 -40.9572 62
    endloop
  endfacet
  facet normal -0.359895 -0.932993 0
    outer loop
      vertex -16.6467 -40.1888 18
      vertex -14.6547 -40.9572 18
      vertex -14.6547 -40.9572 62
    endloop
  endfacet
  facet normal -0.359895 -0.932993 0
    outer loop
      vertex -16.6467 -40.1888 18
      vertex -14.6547 -40.9572 62
      vertex -16.6467 -40.1888 62
    endloop
  endfacet
  facet normal 0 0 -1
    outer loop
      vertex 0 0 18
      vertex -12.6274 -41.6269 18
      vertex -14.6547 -40.9572 18
    endloop
  endfacet
  facet normal 0 0 1
    outer loop
      vertex 0 0 62
      vertex -14.6547 -40.9572 62
      vertex -12.6274 -41.6269 62
    endloop
  endfacet
  facet normal -0.313682 -0.949528 0
    outer loop
      vertex -14.6547 -40.9572 18
      vertex -12.6274 -41.6269 18
      vertex -12.6274 -41.6269 62
    endloop
  endfacet
  facet normal -0.313682 -0.949528 0
    outer loop
      vertex -14.6547 -40.9572 18
      vertex -12.6274 -41.6269 62
      vertex -14.6547 -40.9572 62
    endloop
  endfacet
  facet normal 0 0 -1
    outer loop
      vertex 0 0 18
      vertex -10.5696 -42.1964 18
      vertex -12.6274 -41.6269 18
    endloop
  endfacet
  facet normal 0 0 1
    outer loop
      vertex 0 0 62
      vertex -12.6274 -41.6269 62
      vertex -10.5696 -42.1964 62
    endloop
  endfacet
  facet normal -0.266713 -0.963776 0
    outer loop
      vertex -12.6274 -41.6269 18
      vertex -10.5696 -42.1964 18
      vertex -10.5696 -42.1964 62
    endloop
  endfacet
  facet normal -0.266713 -0.963776 0
    outer loop
      vertex -12.6274 -41.6269 18
      vertex -10.5696 -42.1964 62
      vertex -12.6274 -41.6269 62
    endloop
  endfacet
  facet normal 0 0 -1
    outer loop
      vertex 0 0 18
      vertex -8.48643 -42.6642 18
      vertex -10.5696 -42.1964 18
    endloop
  endfacet
  facet normal 0 0 1
    outer loop
      vertex 0 0 62
      vertex -10.5696 -42.1964 62
      vertex -8.48643 -42.6642 62
    endloop
  endfacet
  facet normal -0.219101 -0.975702 0
    outer loop
      vertex -10.5696 -42.1964 18
      vertex -8.48643 -42.6642 18
      vertex -8.48643 -42.6642 62
    endloop
  endfacet
  facet normal -0.219101 -0.975702 0
    outer loop
      vertex -10.5696 -42.1964 18
      vertex -8.48643 -42.6642 62
      vertex -10.5696 -42.1964 62
    endloop
  endfacet
  facet normal 0 0 -1
    outer loop
      vertex 0 0 18
      vertex -6.38278 -43.0292 18
      vertex -8.48643 -42.6642 18
    endloop
  endfacet
  facet normal 0 0 1
    outer loop
      vertex 0 0 62
      vertex -8.48643 -42.6642 62
      vertex -6.38278 -43.0292 62
    endloop
  endfacet
  facet normal -0.170962 -0.985278 0
    outer loop
      vertex -8.48643 -42.6642 18
      vertex -6.38278 -43.0292 18
      vertex -6.38278 -43.0292 62
    endloop
  endfacet
  facet normal -0.170962 -0.985278 0
    outer loop
      vertex -8.48643 -42.6642 18
      vertex -6.38278 -43.0292 62
      vertex -8.48643 -42.6642 62
    endloop
  endfacet
  facet normal 0 0 -1
    outer loop
      vertex 0 0 18
      vertex -4.26375 -43.2905 18
      vertex -6.38278 -43.0292 18
    endloop
  endfacet
  facet normal 0 0 1
    outer loop
      vertex 0 0 62
      vertex -6.38278 -43.0292 62
      vertex -4.26375 -43.2905 62
    endloop
  endfacet
  facet normal -0.122411 -0.99248 0
    outer loop
      vertex -6.38278 -43.0292 18
      vertex -4.26375 -43.2905 18
      vertex -4.26375 -43.2905 62
    endloop
  endfacet
  facet normal -0.122411 -0.99248 0
    outer loop
      vertex -6.38278 -43.0292 18
      vertex -4.26375 -43.2905 62
      vertex -6.38278 -43.0292 62
    endloop
  endfacet
  facet normal 0 0 -1
    outer loop
      vertex 0 0 18
      vertex -2.13444 -43.4476 18
      vertex -4.26375 -43.2905 18
    endloop
  endfacet
  facet normal 0 0 1
    outer loop
      vertex 0 0 62
      vertex -4.26375 -43.2905 62
      vertex -2.13444 -43.4476 62
    endloop
  endfacet
  facet normal -0.0735646 -0.99729 0
    outer loop
      vertex -4.26375 -43.2905 18
      vertex -2.13444 -43.4476 18
      vertex -2.13444 -43.4476 62
    endloop
  endfacet
  facet normal -0.0735646 -0.99729 0
    outer loop
      vertex -4.26375 -43.2905 18
      vertex -2.13444 -43.4476 62
      vertex -4.26375 -43.2905 62
    endloop
  endfacet
  facet normal 0 0 -1
    outer loop
      vertex 0 0 18
      vertex -7.99082e-15 -43.5 18
      vertex -2.13444 -43.4476 18
    endloop
  endfacet
  facet normal 0 0 1
    outer loop
      vertex 0 0 62
      vertex -2.13444 -43.4476 62
      vertex -7.99082e-15 -43.5 62
    endloop
  endfacet
  facet normal -0.0245412 -0.999699 0
    outer loop
      vertex -2.13444 -43.4476 18
      vertex -7.99082e-15 -43.5 18
      vertex -7.99082e-15 -43.5 62
    endloop
  endfacet
  facet normal -0.0245412 -0.999699 0
    outer loop
      vertex -2.13444 -43.4476 18
      vertex -7.99082e-15 -43.5 62
      vertex -2.13444 -43.4476 62
    endloop
  endfacet
  facet normal 0 0 -1
    outer loop
      vertex 0 0 18
      vertex 2.13444 -43.4476 18
      vertex -7.99082e-15 -43.5 18
    endloop
  endfacet
  facet normal 0 0 1
    outer loop
      vertex 0 0 62
      vertex -7.99082e-15 -43.5 62
      vertex 2.13444 -43.4476 62
    endloop
  endfacet
  facet normal 0.0245412 -0.999699 0
    outer loop
      vertex -7.99082e-15 -43.5 18
      vertex 2.13444 -43.4476 18
      vertex 2.13444 -43.4476 62
    endloop
  endfacet
  facet normal 0.0245412 -0.999699 0
    outer loop
      vertex -7.99082e-15 -43.5 18
      vertex 2.13444 -43.4476 62
      vertex -7.99082e-15 -43.5 62
    endloop
  endfacet
  facet normal 0 0 -1
    outer loop
      vertex 0 0 18
      vertex 4.26375 -43.2905 18
      vertex 2.13444 -43.4476 18
    endloop
  endfacet
  facet normal 0 0 1
    outer loop
      vertex 0 0 62
      vertex 2.13444 -43.4476 62
      vertex 4.26375 -43.2905 62
    endloop
  endfacet
  facet normal 0.0735646 -0.99729 0
    outer loop
      vertex 2.13444 -43.4476 18
      vertex 4.26375 -43.2905 18
      vertex 4.26375 -43.2905 62
    endloop
  endfacet
  facet normal 0.0735646 -0.99729 0
    outer loop
      vertex 2.13444 -43.4476 18
      vertex 4.26375 -43.2905 62
      vertex 2.13444 -43.4476 62
    endloop
  endfacet
  facet normal 0 0 -1
    outer loop
      vertex 0 0 18
      vertex 6.38278 -43.0292 18
      vertex 4.26375 -43.2905 18
    endloop
  endfacet
  facet normal 0 0 1
    outer loop
      vertex 0 0 62
      vertex 4.26375 -43.2905 62
      vertex 6.38278 -43.0292 62
    endloop
  endfacet
  facet normal 0.122411 -0.99248 0
    outer loop
      vertex 4.26375 -43.2905 18
      vertex 6.38278 -43.0292 18
      vertex 6.38278 -43.0292 62
    endloop
  endfacet
  facet normal 0.122411 -0.99248 0
    outer loop
      vertex 4.26375 -43.2905 18
      vertex 6.38278 -43.0292 62
      vertex 4.26375 -43.2905 62
    endloop
  endfacet
  facet normal 0 0 -1
    outer loop
      vertex 0 0 18
      vertex 8.48643 -42.6642 18
      vertex 6.38278 -43.0292 18
    endloop
  endfacet
  facet normal 0 0 1
    outer loop
      vertex 0 0 62
      vertex 6.38278 -43.0292 62
      vertex 8.48643 -42.6642 62
    endloop
  endfacet
  facet normal 0.170962 -0.985278 0
    outer loop
      vertex 6.38278 -43.0292 18
      vertex 8.48643 -42.6642 18
      vertex 8.48643 -42.6642 62
    endloop
  endfacet
  facet normal 0.170962 -0.985278 0
    outer loop
      vertex 6.38278 -43.0292 18
      vertex 8.48643 -42.6642 62
      vertex 6.38278 -43.0292 62
    endloop
  endfacet
  facet normal 0 0 -1
    outer loop
      vertex 0 0 18
      vertex 10.5696 -42.1964 18
      vertex 8.48643 -42.6642 18
    endloop
  endfacet
  facet normal 0 0 1
    outer loop
      vertex 0 0 62
      vertex 8.48643 -42.6642 62
      vertex 10.5696 -42.1964 62
    endloop
  endfacet
  facet normal 0.219101 -0.975702 0
    outer loop
      vertex 8.48643 -42.6642 18
      vertex 10.5696 -42.1964 18
      vertex 10.5696 -42.1964 62
    endloop
  endfacet
  facet normal 0.219101 -0.975702 0
    outer loop
      vertex 8.48643 -42.6642 18
      vertex 10.5696 -42.1964 62
      vertex 8.48643 -42.6642 62
    endloop
  endfacet
  facet normal 0 0 -1
    outer loop
      vertex 0 0 18
      vertex 12.6274 -41.6269 18
      vertex 10.5696 -42.1964 18
    endloop
  endfacet
  facet normal 0 0 1
    outer loop
      vertex 0 0 62
      vertex 10.5696 -42.1964 62
      vertex 12.6274 -41.6269 62
    endloop
  endfacet
  facet normal 0.266713 -0.963776 0
    outer loop
      vertex 10.5696 -42.1964 18
      vertex 12.6274 -41.6269 18
      vertex 12.6274 -41.6269 62
    endloop
  endfacet
  facet normal 0.266713 -0.963776 0
    outer loop
      vertex 10.5696 -42.1964 18
      vertex 12.6274 -41.6269 62
      vertex 10.5696 -42.1964 62
    endloop
  endfacet
  facet normal 0 0 -1
    outer loop
      vertex 0 0 18
      vertex 14.6547 -40.9572 18
      vertex 12.6274 -41.6269 18
    endloop
  endfacet
  facet normal 0 0 1
    outer loop
      vertex 0 0 62
      vertex 12.6274 -41.6269 62
      vertex 14.6547 -40.9572 62
    endloop
  endfacet
  facet normal 0.313682 -0.949528 0
    outer loop
      vertex 12.6274 -41.6269 18
      vertex 14.6547 -40.9572 18
      vertex 14.6547 -40.9572 62
    endloop
  endfacet
  facet normal 0.313682 -0.949528 0
    outer loop
      vertex 12.6274 -41.6269 18
      vertex 14.6547 -40.9572 62
      vertex 12.6274 -41.6269 62
    endloop
  endfacet
  facet normal 0 0 -1
    outer loop
      vertex 0 0 18
      vertex 16.6467 -40.1888 18
      vertex 14.6547 -40.9572 18
    endloop
  endfacet
  facet normal 0 0 1
    outer loop
      vertex 0 0 62
      vertex 14.6547 -40.9572 62
      vertex 16.6467 -40.1888 62
    endloop
  endfacet
  facet normal 0.359895 -0.932993 0
    outer loop
      vertex 14.6547 -40.9572 18
      vertex 16.6467 -40.1888 18
      vertex 16.6467 -40.1888 62
    endloop
  endfacet
  facet normal 0.359895 -0.932993 0
    outer loop
      vertex 14.6547 -40.9572 18
      vertex 16.6467 -40.1888 62
      vertex 14.6547 -40.9572 62
    endloop
  endfacet
  facet normal 0 0 -1
    outer loop
      vertex 0 0 18
      vertex 18.5986 -39.3235 18
      vertex 16.6467 -40.1888 18
    endloop
  endfacet
  facet normal 0 0 1
    outer loop
      vertex 0 0 62
      vertex 16.6467 -40.1888 62
      vertex 18.5986 -39.3235 62
    endloop
  endfacet
  facet normal 0.405241 -0.91421 0
    outer loop
      vertex 16.6467 -40.1888 18
      vertex 18.5986 -39.3235 18
      vertex 18.5986 -39.3235 62
    endloop
  endfacet
  facet normal 0.405241 -0.91421 0
    outer loop
      vertex 16.6467 -40.1888 18
      vertex 18.5986 -39.3235 62
      vertex 16.6467 -40.1888 62
    endloop
  endfacet
  facet normal 0 0 -1
    outer loop
      vertex 0 0 18
      vertex 20.5058 -38.3636 18
      vertex 18.5986 -39.3235 18
    endloop
  endfacet
  facet normal 0 0 1
    outer loop
      vertex 0 0 62
      vertex 18.5986 -39.3235 62
      vertex 20.5058 -38.3636 62
    endloop
  endfacet
  facet normal 0.449611 -0.893224 0
    outer loop
      vertex 18.5986 -39.3235 18
      vertex 20.5058 -38.3636 18
      vertex 20.5058 -38.3636 62
    endloop
  endfacet
  facet normal 0.449611 -0.893224 0
    outer loop
      vertex 18.5986 -39.3235 18
      vertex 20.5058 -38.3636 62
      vertex 18.5986 -39.3235 62
    endloop
  endfacet
  facet normal 0 0 -1
    outer loop
      vertex 0 0 18
      vertex 22.3635 -37.3112 18
      vertex 20.5058 -38.3636 18
    endloop
  endfacet
  facet normal 0 0 1
    outer loop
      vertex 0 0 62
      vertex 20.5058 -38.3636 62
      vertex 22.3635 -37.3112 62
    endloop
  endfacet
  facet normal 0.492898 -0.870087 0
    outer loop
      vertex 20.5058 -38.3636 18
      vertex 22.3635 -37.3112 18
      vertex 22.3635 -37.3112 62
    endloop
  endfacet
  facet normal 0.492898 -0.870087 0
    outer loop
      vertex 20.5058 -38.3636 18
      vertex 22.3635 -37.3112 62
      vertex 20.5058 -38.3636 62
    endloop
  endfacet
  facet normal 0 0 -1
    outer loop
      vertex 0 0 18
      vertex 24.1673 -36.1689 18
      vertex 22.3635 -37.3112 18
    endloop
  endfacet
  facet normal 0 0 1
    outer loop
      vertex 0 0 62
      vertex 22.3635 -37.3112 62
      vertex 24.1673 -36.1689 62
    endloop
  endfacet
  facet normal 0.534998 -0.844854 0
    outer loop
      vertex 22.3635 -37.3112 18
      vertex 24.1673 -36.1689 18
      vertex 24.1673 -36.1689 62
    endloop
  endfacet
  facet normal 0.534998 -0.844854 0
    outer loop
      vertex 22.3635 -37.3112 18
      vertex 24.1673 -36.1689 62
      vertex 22.3635 -37.3112 62
    endloop
  endfacet
  facet normal 0 0 -1
    outer loop
      vertex 0 0 18
      vertex 25.9129 -34.9395 18
      vertex 24.1673 -36.1689 18
    endloop
  endfacet
  facet normal 0 0 1
    outer loop
      vertex 0 0 62
      vertex 24.1673 -36.1689 62
      vertex 25.9129 -34.9395 62
    endloop
  endfacet
  facet normal 0.575808 -0.817585 0
    outer loop
      vertex 24.1673 -36.1689 18
      vertex 25.9129 -34.9395 18
      vertex 25.9129 -34.9395 62
    endloop
  endfacet
  facet normal 0.575808 -0.817585 0
    outer loop
      vertex 24.1673 -36.1689 18
      vertex 25.9129 -34.9395 62
      vertex 24.1673 -36.1689 62
    endloop
  endfacet
  facet normal 0 0 -1
    outer loop
      vertex 0 0 18
      vertex 27.5961 -33.626 18
      vertex 25.9129 -34.9395 18
    endloop
  endfacet
  facet normal 0 0 1
    outer loop
      vertex 0 0 62
      vertex 25.9129 -34.9395 62
      vertex 27.5961 -33.626 62
    endloop
  endfacet
  facet normal 0.615232 -0.788346 0
    outer loop
      vertex 25.9129 -34.9395 18
      vertex 27.5961 -33.626 18
      vertex 27.5961 -33.626 62
    endloop
  endfacet
  facet normal 0.615232 -0.788346 0
    outer loop
      vertex 25.9129 -34.9395 18
      vertex 27.5961 -33.626 62
      vertex 25.9129 -34.9395 62
    endloop
  endfacet
  facet normal 0 0 -1
    outer loop
      vertex 0 0 18
      vertex 29.2128 -32.2314 18
      vertex 27.5961 -33.626 18
    endloop
  endfacet
  facet normal 0 0 1
    outer loop
      vertex 0 0 62
      vertex 27.5961 -33.626 62
      vertex 29.2128 -32.2314 62
    endloop
  endfacet
  facet normal 0.653173 -0.757209 0
    outer loop
      vertex 27.5961 -33.626 18
      vertex 29.2128 -32.2314 18
      vertex 29.2128 -32.2314 62
    endloop
  endfacet
  facet normal 0.653173 -0.757209 0
    outer loop
      vertex 27.5961 -33.626 18
      vertex 29.2128 -32.2314 62
      vertex 27.5961 -33.626 62
    endloop
  endfacet
  facet normal 0 0 -1
    outer loop
      vertex 0 0 18
      vertex 30.7591 -30.7591 18
      vertex 29.2128 -32.2314 18
    endloop
  endfacet
  facet normal 0 0 1
    outer loop
      vertex 0 0 62
      vertex 29.2128 -32.2314 62
      vertex 30.7591 -30.7591 62
    endloop
  endfacet
  facet normal 0.689541 -0.724247 0
    outer loop
      vertex 29.2128 -32.2314 18
      vertex 30.7591 -30.7591 18
      vertex 30.7591 -30.7591 62
    endloop
  endfacet
  facet normal 0.689541 -0.724247 0
    outer loop
      vertex 29.2128 -32.2314 18
      vertex 30.7591 -30.7591 62
      vertex 29.2128 -32.2314 62
    endloop
  endfacet
  facet normal 0 0 -1
    outer loop
      vertex 0 0 18
      vertex 32.2314 -29.2128 18
      vertex 30.7591 -30.7591 18
    endloop
  endfacet
  facet normal 0 0 1
    outer loop
      vertex 0 0 62
      vertex 30.7591 -30.7591 62
      vertex 32.2314 -29.2128 62
    endloop
  endfacet
  facet normal 0.724247 -0.689541 0
    outer loop
      vertex 30.7591 -30.7591 18
      vertex 32.2314 -29.2128 18
      vertex 32.2314 -29.2128 62
    endloop
  endfacet
  facet normal 0.724247 -0.689541 0
    outer loop
      vertex 30.7591 -30.7591 18
      vertex 32.2314 -29.2128 62
      vertex 30.7591 -30.7591 62
    endloop
  endfacet
  facet normal 0 0 -1
    outer loop
      vertex 0 0 18
      vertex 33.626 -27.5961 18
      vertex 32.2314 -29.2128 18
    endloop
  endfacet
  facet normal 0 0 1
    outer loop
      vertex 0 0 62
      vertex 32.2314 -29.2128 62
      vertex 33.626 -27.5961 62
    endloop
  endfacet
  facet normal 0.757209 -0.653173 0
    outer loop
      vertex 32.2314 -29.2128 18
      vertex 33.626 -27.5961 18
      vertex 33.626 -27.5961 62
    endloop
  endfacet
  facet normal 0.757209 -0.653173 0
    outer loop
      vertex 32.2314 -29.2128 18
      vertex 33.626 -27.5961 62
      vertex 32.2314 -29.2128 62
    endloop
  endfacet
  facet normal 0 0 -1
    outer loop
      vertex 0 0 18
      vertex 34.9395 -25.9129 18
      vertex 33.626 -27.5961 18
    endloop
  endfacet
  facet normal 0 0 1
    outer loop
      vertex 0 0 62
      vertex 33.626 -27.5961 62
      vertex 34.9395 -25.9129 62
    endloop
  endfacet
  facet normal 0.788346 -0.615232 0
    outer loop
      vertex 33.626 -27.5961 18
      vertex 34.9395 -25.9129 18
      vertex 34.9395 -25.9129 62
    endloop
  endfacet
  facet normal 0.788346 -0.615232 0
    outer loop
      vertex 33.626 -27.5961 18
      vertex 34.9395 -25.9129 62
      vertex 33.626 -27.5961 62
    endloop
  endfacet
  facet normal 0 0 -1
    outer loop
      vertex 0 0 18
      vertex 36.1689 -24.1673 18
      vertex 34.9395 -25.9129 18
    endloop
  endfacet
  facet normal 0 0 1
    outer loop
      vertex 0 0 62
      vertex 34.9395 -25.9129 62
      vertex 36.1689 -24.1673 62
    endloop
  endfacet
  facet normal 0.817585 -0.575808 0
    outer loop
      vertex 34.9395 -25.9129 18
      vertex 36.1689 -24.1673 18
      vertex 36.1689 -24.1673 62
    endloop
  endfacet
  facet normal 0.817585 -0.575808 0
    outer loop
      vertex 34.9395 -25.9129 18
      vertex 36.1689 -24.1673 62
      vertex 34.9395 -25.9129 62
    endloop
  endfacet
  facet normal 0 0 -1
    outer loop
      vertex 0 0 18
      vertex 37.3112 -22.3635 18
      vertex 36.1689 -24.1673 18
    endloop
  endfacet
  facet normal 0 0 1
    outer loop
      vertex 0 0 62
      vertex 36.1689 -24.1673 62
      vertex 37.3112 -22.3635 62
    endloop
  endfacet
  facet normal 0.844854 -0.534998 0
    outer loop
      vertex 36.1689 -24.1673 18
      vertex 37.3112 -22.3635 18
      vertex 37.3112 -22.3635 62
    endloop
  endfacet
  facet normal 0.844854 -0.534998 0
    outer loop
      vertex 36.1689 -24.1673 18
      vertex 37.3112 -22.3635 62
      vertex 36.1689 -24.1673 62
    endloop
  endfacet
  facet normal 0 0 -1
    outer loop
      vertex 0 0 18
      vertex 38.3636 -20.5058 18
      vertex 37.3112 -22.3635 18
    endloop
  endfacet
  facet normal 0 0 1
    outer loop
      vertex 0 0 62
      vertex 37.3112 -22.3635 62
      vertex 38.3636 -20.5058 62
    endloop
  endfacet
  facet normal 0.870087 -0.492898 0
    outer loop
      vertex 37.3112 -22.3635 18
      vertex 38.3636 -20.5058 18
      vertex 38.3636 -20.5058 62
    endloop
  endfacet
  facet normal 0.870087 -0.492898 0
    outer loop
      vertex 37.3112 -22.3635 18
      vertex 38.3636 -20.5058 62
      vertex 37.3112 -22.3635 62
    endloop
  endfacet
  facet normal 0 0 -1
    outer loop
      vertex 0 0 18
      vertex 39.3235 -18.5986 18
      vertex 38.3636 -20.5058 18
    endloop
  endfacet
  facet normal 0 0 1
    outer loop
      vertex 0 0 62
      vertex 38.3636 -20.5058 62
      vertex 39.3235 -18.5986 62
    endloop
  endfacet
  facet normal 0.893224 -0.449611 0
    outer loop
      vertex 38.3636 -20.5058 18
      vertex 39.3235 -18.5986 18
      vertex 39.3235 -18.5986 62
    endloop
  endfacet
  facet normal 0.893224 -0.449611 0
    outer loop
      vertex 38.3636 -20.5058 18
      vertex 39.3235 -18.5986 62
      vertex 38.3636 -20.5058 62
    endloop
  endfacet
  facet normal 0 0 -1
    outer loop
      vertex 0 0 18
      vertex 40.1888 -16.6467 18
      vertex 39.3235 -18.5986 18
    endloop
  endfacet
  facet normal 0 0 1
    outer loop
      vertex 0 0 62
      vertex 39.3235 -18.5986 62
      vertex 40.1888 -16.6467 62
    endloop
  endfacet
  facet normal 0.91421 -0.405241 0
    outer loop
      vertex 39.3235 -18.5986 18
      vertex 40.1888 -16.6467 18
      vertex 40.1888 -16.6467 62
    endloop
  endfacet
  facet normal 0.91421 -0.405241 0
    outer loop
      vertex 39.3235 -18.5986 18
      vertex 40.1888 -16.6467 62
      vertex 39.3235 -18.5986 62
    endloop
  endfacet
  facet normal 0 0 -1
    outer loop
      vertex 0 0 18
      vertex 40.9572 -14.6547 18
      vertex 40.1888 -16.6467 18
    endloop
  endfacet
  facet normal 0 0 1
    outer loop
      vertex 0 0 62
      vertex 40.1888 -16.6467 62
      vertex 40.9572 -14.6547 62
    endloop
  endfacet
  facet normal 0.932993 -0.359895 0
    outer loop
      vertex 40.1888 -16.6467 18
      vertex 40.9572 -14.6547 18
      vertex 40.9572 -14.6547 62
    endloop
  endfacet
  facet normal 0.932993 -0.359895 0
    outer loop
      vertex 40.1888 -16.6467 18
      vertex 40.9572 -14.6547 62
      vertex 40.1888 -16.6467 62
    endloop
  endfacet
  facet normal 0 0 -1
    outer loop
      vertex 0 0 18
      vertex 41.6269 -12.6274 18
      vertex 40.9572 -14.6547 18
    endloop
  endfacet
  facet normal 0 0 1
    outer loop
      vertex 0 0 62
      vertex 40.9572 -14.6547 62
      vertex 41.6269 -12.6274 62
    endloop
  endfacet
  facet normal 0.949528 -0.313682 0
    outer loop
      vertex 40.9572 -14.6547 18
      vertex 41.6269 -12.6274 18
      vertex 41.6269 -12.6274 62
    endloop
  endfacet
  facet normal 0.949528 -0.313682 0
    outer loop
      vertex 40.9572 -14.6547 18
      vertex 41.6269 -12.6274 62
      vertex 40.9572 -14.6547 62
    endloop
  endfacet
  facet normal 0 0 -1
    outer loop
      vertex 0 0 18
      vertex 42.1964 -10.5696 18
      vertex 41.6269 -12.6274 18
    endloop
  endfacet
  facet normal 0 0 1
    outer loop
      vertex 0 0 62
      vertex 41.6269 -12.6274 62
      vertex 42.1964 -10.5696 62
    endloop
  endfacet
  facet normal 0.963776 -0.266713 0
    outer loop
      vertex 41.6269 -12.6274 18
      vertex 42.1964 -10.5696 18
      vertex 42.1964 -10.5696 62
    endloop
  endfacet
  facet normal 0.963776 -0.266713 0
    outer loop
      vertex 41.6269 -12.6274 18
      vertex 42.1964 -10.5696 62
      vertex 41.6269 -12.6274 62
    endloop
  endfacet
  facet normal 0 0 -1
    outer loop
      vertex 0 0 18
      vertex 42.6642 -8.48643 18
      vertex 42.1964 -10.5696 18
    endloop
  endfacet
  facet normal 0 0 1
    outer loop
      vertex 0 0 62
      vertex 42.1964 -10.5696 62
      vertex 42.6642 -8.48643 62
    endloop
  endfacet
  facet normal 0.975702 -0.219101 0
    outer loop
      vertex 42.1964 -10.5696 18
      vertex 42.6642 -8.48643 18
      vertex 42.6642 -8.48643 62
    endloop
  endfacet
  facet normal 0.975702 -0.219101 0
    outer loop
      vertex 42.1964 -10.5696 18
      vertex 42.6642 -8.48643 62
      vertex 42.1964 -10.5696 62
    endloop
  endfacet
  facet normal 0 0 -1
    outer loop
      vertex 0 0 18
      vertex 43.0292 -6.38278 18
      vertex 42.6642 -8.48643 18
    endloop
  endfacet
  facet normal 0 0 1
    outer loop
      vertex 0 0 62
      vertex 42.6642 -8.48643 62
      vertex 43.0292 -6.38278 62
    endloop
  endfacet
  facet normal 0.985278 -0.170962 0
    outer loop
      vertex 42.6642 -8.48643 18
      vertex 43.0292 -6.38278 18
      vertex 43.0292 -6.38278 62
    endloop
  endfacet
  facet normal 0.985278 -0.170962 0
    outer loop
      vertex 42.6642 -8.48643 18
      vertex 43.0292 -6.38278 62
      vertex 42.6642 -8.48643 62
    endloop
  endfacet
  facet normal 0 0 -1
    outer loop
      vertex 0 0 18
      vertex 43.2905 -4.26375 18
      vertex 43.0292 -6.38278 18
    endloop
  endfacet
  facet normal 0 0 1
    outer loop
      vertex 0 0 62
      vertex 43.0292 -6.38278 62
      vertex 43.2905 -4.26375 62
    endloop
  endfacet
  facet normal 0.99248 -0.122411 0
    outer loop
      vertex 43.0292 -6.38278 18
      vertex 43.2905 -4.26375 18
      vertex 43.2905 -4.26375 62
    endloop
  endfacet
  facet normal 0.99248 -0.122411 0
    outer loop
      vertex 43.0292 -6.38278 18
      vertex 43.2905 -4.26375 62
      vertex 43.0292 -6.38278 62
    endloop
  endfacet
  facet normal 0 0 -1
    outer loop
      vertex 0 0 18
      vertex 43.4476 -2.13444 18
      vertex 43.2905 -4.26375 18
    endloop
  endfacet
  facet normal 0 0 1
    outer loop
      vertex 0 0 62
      vertex 43.2905 -4.26375 62
      vertex 43.4476 -2.13444 62
    endloop
  endfacet
  facet normal 0.99729 -0.0735646 0
    outer loop
      vertex 43.2905 -4.26375 18
      vertex 43.4476 -2.13444 18
      vertex 43.4476 -2.13444 62
    endloop
  endfacet
  facet normal 0.99729 -0.0735646 0
    outer loop
      vertex 43.2905 -4.26375 18
      vertex 43.4476 -2.13444 62
      vertex 43.2905 -4.26375 62
    endloop
  endfacet
  facet normal 0 0 -1
    outer loop
      vertex 0 0 18
      vertex 43.5 -1.06544e-14 18
      vertex 43.4476 -2.13444 18
    endloop
  endfacet
  facet normal 0 0 1
    outer loop
      vertex 0 0 62
      vertex 43.4476 -2.13444 62
      vertex 43.5 -1.06544e-14 62
    endloop
  endfacet
  facet normal 0.999699 -0.0245412 0
    outer loop
      vertex 43.4476 -2.13444 18
      vertex 43.5 -1.06544e-14 18
      vertex 43.5 -1.06544e-14 62
    endloop
  endfacet
  facet normal 0.999699 -0.0245412 0
    outer loop
      vertex 43.4476 -2.13444 18
      vertex 43.5 -1.06544e-14 62
      vertex 43.4476 -2.13444 62
    endloop
  endfacet
  facet normal 0 0 -1
    outer loop
      vertex 60 0 18
      vertex 103.448 2.13444 18
      vertex 103.5 0 18
    endloop
  endfacet
  facet normal 0 0 1
    outer loop
      vertex 60 0 62
      vertex 103.5 0 62
      vertex 103.448 2.13444 62
    endloop
  endfacet
  facet normal 0.999699 0.0245412 0
    outer loop
      vertex 103.5 0 18
      vertex 103.448 2.13444 18
      vertex 103.448 2.13444 62
    endloop
  endfacet
  facet normal 0.999699 0.0245412 0
    outer loop
      vertex 103.5 0 18
      vertex 103.448 2.13444 62
      vertex 103.5 0 62
    endloop
  endfacet
  facet normal 0 0 -1
    outer loop
      vertex 60 0 18
      vertex 103.291 4.26375 18
      vertex 103.448 2.13444 18
    endloop
  endfacet
  facet normal 0 0 1
    outer loop
      vertex 60 0 62
      vertex 103.448 2.13444 62
      vertex 103.291 4.26375 62
    endloop
  endfacet
  facet normal 0.99729 0.0735646 0
    outer loop
      vertex 103.448 2.13444 18
      vertex 103.291 4.26375 18
      vertex 103.291 4.26375 62
    endloop
  endfacet
  facet normal 0.99729 0.0735646 0
    outer loop
      vertex 103.448 2.13444 18
      vertex 103.291 4.26375 62
      vertex 103.448 2.13444 62
    endloop
  endfacet
  facet normal 0 0 -1
    outer loop
      vertex 60 0 18
      vertex 103.029 6.38278 18
      vertex 103.291 4.26375 18
    endloop
  endfacet
  facet normal 0 0 1
    outer loop
      vertex 60 0 62
      vertex 103.291 4.26375 62
      vertex 103.029 6.38278 62
    endloop
  endfacet
  facet normal 0.99248 0.122411 0
    outer loop
      vertex 103.291 4.26375 18
      vertex 103.029 6.38278 18
      vertex 103.029 6.38278 62
    endloop
  endfacet
  facet normal 0.99248 0.122411 0
    outer loop
      vertex 103.291 4.26375 18
      vertex 103.029 6.38278 62
      vertex 103.291 4.26375 62
    endloop
  endfacet
  facet normal 0 0 -1
    outer loop
      vertex 60 0 18
      vertex 102.664 8.48643 18
      vertex 103.029 6.38278 18
    endloop
  endfacet
  facet normal 0 0 1
    outer loop
      vertex 60 0 62
      vertex 103.029 6.38278 62
      vertex 102.664 8.48643 62
    endloop
  endfacet
  facet normal 0.985278 0.170962 0
    outer loop
      vertex 103.029 6.38278 18
      vertex 102.664 8.48643 18
      vertex 102.664 8.48643 62
    endloop
  endfacet
  facet normal 0.985278 0.170962 0
    outer loop
      vertex 103.029 6.38278 18
      vertex 102.664 8.48643 62
      vertex 103.029 6.38278 62
    endloop
  endfacet
  facet normal 0 0 -1
    outer loop
      vertex 60 0 18
      vertex 102.196 10.5696 18
      vertex 102.664 8.48643 18
    endloop
  endfacet
  facet normal 0 0 1
    outer loop
      vertex 60 0 62
      vertex 102.664 8.48643 62
      vertex 102.196 10.5696 62
    endloop
  endfacet
  facet normal 0.975702 0.219101 0
    outer loop
      vertex 102.664 8.48643 18
      vertex 102.196 10.5696 18
      vertex 102.196 10.5696 62
    endloop
  endfacet
  facet normal 0.975702 0.219101 0
    outer loop
      vertex 102.664 8.48643 18
      vertex 102.196 10.5696 62
      vertex 102.664 8.48643 62
    endloop
  endfacet
  facet normal 0 0 -1
    outer loop
      vertex 60 0 18
      vertex 101.627 12.6274 18
      vertex 102.196 10.5696 18
    endloop
  endfacet
  facet normal 0 0 1
    outer loop
      vertex 60 0 62
      vertex 102.196 10.5696 62
      vertex 101.627 12.6274 62
    endloop
  endfacet
  facet normal 0.963776 0.266713 0
    outer loop
      vertex 102.196 10.5696 18
      vertex 101.627 12.6274 18
      vertex 101.627 12.6274 62
    endloop
  endfacet
  facet normal 0.963776 0.266713 0
    outer loop
      vertex 102.196 10.5696 18
      vertex 101.627 12.6274 62
      vertex 102.196 10.5696 62
    endloop
  endfacet
  facet normal 0 0 -1
    outer loop
      vertex 60 0 18
      vertex 100.957 14.6547 18
      vertex 101.627 12.6274 18
    endloop
  endfacet
  facet normal 0 0 1
    outer loop
      vertex 60 0 62
      vertex 101.627 12.6274 62
      vertex 100.957 14.6547 62
    endloop
  endfacet
  facet normal 0.949528 0.313682 0
    outer loop
      vertex 101.627 12.6274 18
      vertex 100.957 14.6547 18
      vertex 100.957 14.6547 62
    endloop
  endfacet
  facet normal 0.949528 0.313682 0
    outer loop
      vertex 101.627 12.6274 18
      vertex 100.957 14.6547 62
      vertex 101.627 12.6274 62
    endloop
  endfacet
  facet normal 0 0 -1
    outer loop
      vertex 60 0 18
      vertex 100.189 16.6467 18
      vertex 100.957 14.6547 18
    endloop
  endfacet
  facet normal 0 0 1
    outer loop
      vertex 60 0 62
      vertex 100.957 14.6547 62
      vertex 100.189 16.6467 62
    endloop
  endfacet
  facet normal 0.932993 0.359895 0
    outer loop
      vertex 100.957 14.6547 18
      vertex 100.189 16.6467 18
      vertex 100.189 16.6467 62
    endloop
  endfacet
  facet normal 0.932993 0.359895 0
    outer loop
      vertex 100.957 14.6547 18
      vertex 100.189 16.6467 62
      vertex 100.957 14.6547 62
    endloop
  endfacet
  facet normal 0 0 -1
    outer loop
      vertex 60 0 18
      vertex 99.3235 18.5986 18
      vertex 100.189 16.6467 18
    endloop
  endfacet
  facet normal 0 0 1
    outer loop
      vertex 60 0 62
      vertex 100.189 16.6467 62
      vertex 99.3235 18.5986 62
    endloop
  endfacet
  facet normal 0.91421 0.405241 0
    outer loop
      vertex 100.189 16.6467 18
      vertex 99.3235 18.5986 18
      vertex 99.3235 18.5986 62
    endloop
  endfacet
  facet normal 0.91421 0.405241 0
    outer loop
      vertex 100.189 16.6467 18
      vertex 99.3235 18.5986 62
      vertex 100.189 16.6467 62
    endloop
  endfacet
  facet normal 0 0 -1
    outer loop
      vertex 60 0 18
      vertex 98.3636 20.5058 18
      vertex 99.3235 18.5986 18
    endloop
  endfacet
  facet normal 0 0 1
    outer loop
      vertex 60 0 62
      vertex 99.3235 18.5986 62
      vertex 98.3636 20.5058 62
    endloop
  endfacet
  facet normal 0.893224 0.449611 0
    outer loop
      vertex 99.3235 18.5986 18
      vertex 98.3636 20.5058 18
      vertex 98.3636 20.5058 62
    endloop
  endfacet
  facet normal 0.893224 0.449611 0
    outer loop
      vertex 99.3235 18.5986 18
      vertex 98.3636 20.5058 62
      vertex 99.3235 18.5986 62
    endloop
  endfacet
  facet normal 0 0 -1
    outer loop
      vertex 60 0 18
      vertex 97.3112 22.3635 18
      vertex 98.3636 20.5058 18
    endloop
  endfacet
  facet normal 0 0 1
    outer loop
      vertex 60 0 62
      vertex 98.3636 20.5058 62
      vertex 97.3112 22.3635 62
    endloop
  endfacet
  facet normal 0.870087 0.492898 0
    outer loop
      vertex 98.3636 20.5058 18
      vertex 97.3112 22.3635 18
      vertex 97.3112 22.3635 62
    endloop
  endfacet
  facet normal 0.870087 0.492898 0
    outer loop
      vertex 98.3636 20.5058 18
      vertex 97.3112 22.3635 62
      vertex 98.3636 20.5058 62
    endloop
  endfacet
  facet normal 0 0 -1
    outer loop
      vertex 60 0 18
      vertex 96.1689 24.1673 18
      vertex 97.3112 22.3635 18
    endloop
  endfacet
  facet normal 0 0 1
    outer loop
      vertex 60 0 62
      vertex 97.3112 22.3635 62
      vertex 96.1689 24.1673 62
    endloop
  endfacet
  facet normal 0.844854 0.534998 0
    outer loop
      vertex 97.3112 22.3635 18
      vertex 96.1689 24.1673 18
      vertex 96.1689 24.1673 62
    endloop
  endfacet
  facet normal 0.844854 0.534998 0
    outer loop
      vertex 97.3112 22.3635 18
      vertex 96.1689 24.1673 62
      vertex 97.3112 22.3635 62
    endloop
  endfacet
  facet normal 0 0 -1
    outer loop
      vertex 60 0 18
      vertex 94.9395 25.9129 18
      vertex 96.1689 24.1673 18
    endloop
  endfacet
  facet normal 0 0 1
    outer loop
      vertex 60 0 62
      vertex 96.1689 24.1673 62
      vertex 94.9395 25.9129 62
    endloop
  endfacet
  facet normal 0.817585 0.575808 0
    outer loop
      vertex 96.1689 24.1673 18
      vertex 94.9395 25.9129 18
      vertex 94.9395 25.9129 62
    endloop
  endfacet
  facet normal 0.817585 0.575808 0
    outer loop
      vertex 96.1689 24.1673 18
      vertex 94.9395 25.9129 62
      vertex 96.1689 24.1673 62
    endloop
  endfacet
  facet normal 0 0 -1
    outer loop
      vertex 60 0 18
      vertex 93.626 27.5961 18
      vertex 94.9395 25.9129 18
    endloop
  endfacet
  facet normal 0 0 1
    outer loop
      vertex 60 0 62
      vertex 94.9395 25.9129 62
      vertex 93.626 27.5961 62
    endloop
  endfacet
  facet normal 0.788346 0.615232 0
    outer loop
      vertex 94.9395 25.9129 18
      vertex 93.626 27.5961 18
      vertex 93.626 27.5961 62
    endloop
  endfacet
  facet normal 0.788346 0.615232 0
    outer loop
      vertex 94.9395 25.9129 18
      vertex 93.626 27.5961 62
      vertex 94.9395 25.9129 62
    endloop
  endfacet
  facet normal 0 0 -1
    outer loop
      vertex 60 0 18
      vertex 92.2314 29.2128 18
      vertex 93.626 27.5961 18
    endloop
  endfacet
  facet normal 0 0 1
    outer loop
      vertex 60 0 62
      vertex 93.626 27.5961 62
      vertex 92.2314 29.2128 62
    endloop
  endfacet
  facet normal 0.757209 0.653173 0
    outer loop
      vertex 93.626 27.5961 18
      vertex 92.2314 29.2128 18
      vertex 92.2314 29.2128 62
    endloop
  endfacet
  facet normal 0.757209 0.653173 0
    outer loop
      vertex 93.626 27.5961 18
      vertex 92.2314 29.2128 62
      vertex 93.626 27.5961 62
    endloop
  endfacet
  facet normal 0 0 -1
    outer loop
      vertex 60 0 18
      vertex 90.7591 30.7591 18
      vertex 92.2314 29.2128 18
    endloop
  endfacet
  facet normal 0 0 1
    outer loop
      vertex 60 0 62
      vertex 92.2314 29.2128 62
      vertex 90.7591 30.7591 62
    endloop
  endfacet
  facet normal 0.724247 0.689541 0
    outer loop
      vertex 92.2314 29.2128 18
      vertex 90.7591 30.7591 18
      vertex 90.7591 30.7591 62
    endloop
  endfacet
  facet normal 0.724247 0.689541 0
    outer loop
      vertex 92.2314 29.2128 18
      vertex 90.7591 30.7591 62
      vertex 92.2314 29.2128 62
    endloop
  endfacet
  facet normal 0 0 -1
    outer loop
      vertex 60 0 18
      vertex 89.2128 32.2314 18
      vertex 90.7591 30.7591 18
    endloop
  endfacet
  facet normal 0 0 1
    outer loop
      vertex 60 0 62
      vertex 90.7591 30.7591 62
      vertex 89.2128 32.2314 62
    endloop
  endfacet
  facet normal 0.689541 0.724247 0
    outer loop
      vertex 90.7591 30.7591 18
      vertex 89.2128 32.2314 18
      vertex 89.2128 32.2314 62
    endloop
  endfacet
  facet normal 0.689541 0.724247 0
    outer loop
      vertex 90.7591 30.7591 18
      vertex 89.2128 32.2314 62
      vertex 90.7591 30.7591 62
    endloop
  endfacet
  facet normal 0 0 -1
    outer loop
      vertex 60 0 18
      vertex 87.5961 33.626 18
      vertex 89.2128 32.2314 18
    endloop
  endfacet
  facet normal 0 0 1
    outer loop
      vertex 60 0 62
      vertex 89.2128 32.2314 62
      vertex 87.5961 33.626 62
    endloop
  endfacet
  facet normal 0.653173 0.757209 0
    outer loop
      vertex 89.2128 32.2314 18
      vertex 87.5961 33.626 18
      vertex 87.5961 33.626 62
    endloop
  endfacet
  facet normal 0.653173 0.757209 0
    outer loop
      vertex 89.2128 32.2314 18
      vertex 87.5961 33.626 62
      vertex 89.2128 32.2314 62
    endloop
  endfacet
  facet normal 0 0 -1
    outer loop
      vertex 60 0 18
      vertex 85.9129 34.9395 18
      vertex 87.5961 33.626 18
    endloop
  endfacet
  facet normal 0 0 1
    outer loop
      vertex 60 0 62
      vertex 87.5961 33.626 62
      vertex 85.9129 34.9395 62
    endloop
  endfacet
  facet normal 0.615232 0.788346 0
    outer loop
      vertex 87.5961 33.626 18
      vertex 85.9129 34.9395 18
      vertex 85.9129 34.9395 62
    endloop
  endfacet
  facet normal 0.615232 0.788346 0
    outer loop
      vertex 87.5961 33.626 18
      vertex 85.9129 34.9395 62
      vertex 87.5961 33.626 62
    endloop
  endfacet
  facet normal 0 0 -1
    outer loop
      vertex 60 0 18
      vertex 84.1673 36.1689 18
      vertex 85.9129 34.9395 18
    endloop
  endfacet
  facet normal 0 0 1
    outer loop
      vertex 60 0 62
      vertex 85.9129 34.9395 62
      vertex 84.1673 36.1689 62
    endloop
  endfacet
  facet normal 0.575808 0.817585 0
    outer loop
      vertex 85.9129 34.9395 18
      vertex 84.1673 36.1689 18
      vertex 84.1673 36.1689 62
    endloop
  endfacet
  facet normal 0.575808 0.817585 0
    outer loop
      vertex 85.9129 34.9395 18
      vertex 84.1673 36.1689 62
      vertex 85.9129 34.9395 62
    endloop
  endfacet
  facet normal 0 0 -1
    outer loop
      vertex 60 0 18
      vertex 82.3635 37.3112 18
      vertex 84.1673 36.1689 18
    endloop
  endfacet
  facet normal 0 0 1
    outer loop
      vertex 60 0 62
      vertex 84.1673 36.1689 62
      vertex 82.3635 37.3112 62
    endloop
  endfacet
  facet normal 0.534998 0.844854 0
    outer loop
      vertex 84.1673 36.1689 18
      vertex 82.3635 37.3112 18
      vertex 82.3635 37.3112 62
    endloop
  endfacet
  facet normal 0.534998 0.844854 0
    outer loop
      vertex 84.1673 36.1689 18
      vertex 82.3635 37.3112 62
      vertex 84.1673 36.1689 62
    endloop
  endfacet
  facet normal 0 0 -1
    outer loop
      vertex 60 0 18
      vertex 80.5058 38.3636 18
      vertex 82.3635 37.3112 18
    endloop
  endfacet
  facet normal 0 0 1
    outer loop
      vertex 60 0 62
      vertex 82.3635 37.3112 62
      vertex 80.5058 38.3636 62
    endloop
  endfacet
  facet normal 0.492898 0.870087 0
    outer loop
      vertex 82.3635 37.3112 18
      vertex 80.5058 38.3636 18
      vertex 80.5058 38.3636 62
    endloop
  endfacet
  facet normal 0.492898 0.870087 0
    outer loop
      vertex 82.3635 37.3112 18
      vertex 80.5058 38.3636 62
      vertex 82.3635 37.3112 62
    endloop
  endfacet
  facet normal 0 0 -1
    outer loop
      vertex 60 0 18
      vertex 78.5986 39.3235 18
      vertex 80.5058 38.3636 18
    endloop
  endfacet
  facet normal 0 0 1
    outer loop
      vertex 60 0 62
      vertex 80.5058 38.3636 62
      vertex 78.5986 39.3235 62
    endloop
  endfacet
  facet normal 0.449611 0.893224 0
    outer loop
      vertex 80.5058 38.3636 18
      vertex 78.5986 39.3235 18
      vertex 78.5986 39.3235 62
    endloop
  endfacet
  facet normal 0.449611 0.893224 0
    outer loop
      vertex 80.5058 38.3636 18
      vertex 78.5986 39.3235 62
      vertex 80.5058 38.3636 62
    endloop
  endfacet
  facet normal 0 0 -1
    outer loop
      vertex 60 0 18
      vertex 76.6467 40.1888 18
      vertex 78.5986 39.3235 18
    endloop
  endfacet
  facet normal 0 0 1
    outer loop
      vertex 60 0 62
      vertex 78.5986 39.3235 62
      vertex 76.6467 40.1888 62
    endloop
  endfacet
  facet normal 0.405241 0.91421 0
    outer loop
      vertex 78.5986 39.3235 18
      vertex 76.6467 40.1888 18
      vertex 76.6467 40.1888 62
    endloop
  endfacet
  facet normal 0.405241 0.91421 0
    outer loop
      vertex 78.5986 39.3235 18
      vertex 76.6467 40.1888 62
      vertex 78.5986 39.3235 62
    endloop
  endfacet
  facet normal 0 0 -1
    outer loop
      vertex 60 0 18
      vertex 74.6547 40.9572 18
      vertex 76.6467 40.1888 18
    endloop
  endfacet
  facet normal 0 0 1
    outer loop
      vertex 60 0 62
      vertex 76.6467 40.1888 62
      vertex 74.6547 40.9572 62
    endloop
  endfacet
  facet normal 0.359895 0.932993 0
    outer loop
      vertex 76.6467 40.1888 18
      vertex 74.6547 40.9572 18
      vertex 74.6547 40.9572 62
    endloop
  endfacet
  facet normal 0.359895 0.932993 0
    outer loop
      vertex 76.6467 40.1888 18
      vertex 74.6547 40.9572 62
      vertex 76.6467 40.1888 62
    endloop
  endfacet
  facet normal 0 0 -1
    outer loop
      vertex 60 0 18
      vertex 72.6274 41.6269 18
      vertex 74.6547 40.9572 18
    endloop
  endfacet
  facet normal 0 0 1
    outer loop
      vertex 60 0 62
      vertex 74.6547 40.9572 62
      vertex 72.6274 41.6269 62
    endloop
  endfacet
  facet normal 0.313682 0.949528 0
    outer loop
      vertex 74.6547 40.9572 18
      vertex 72.6274 41.6269 18
      vertex 72.6274 41.6269 62
    endloop
  endfacet
  facet normal 0.313682 0.949528 0
    outer loop
      vertex 74.6547 40.9572 18
      vertex 72.6274 41.6269 62
      vertex 74.6547 40.9572 62
    endloop
  endfacet
  facet normal 0 0 -1
    outer loop
      vertex 60 0 18
      vertex 70.5696 42.1964 18
      vertex 72.6274 41.6269 18
    endloop
  endfacet
  facet normal 0 0 1
    outer loop
      vertex 60 0 62
      vertex 72.6274 41.6269 62
      vertex 70.5696 42.1964 62
    endloop
  endfacet
  facet normal 0.266713 0.963776 0
    outer loop
      vertex 72.6274 41.6269 18
      vertex 70.5696 42.1964 18
      vertex 70.5696 42.1964 62
    endloop
  endfacet
  facet normal 0.266713 0.963776 0
    outer loop
      vertex 72.6274 41.6269 18
      vertex 70.5696 42.1964 62
      vertex 72.6274 41.6269 62
    endloop
  endfacet
  facet normal 0 0 -1
    outer loop
      vertex 60 0 18
      vertex 68.4864 42.6642 18
      vertex 70.5696 42.1964 18
    endloop
  endfacet
  facet normal 0 0 1
    outer loop
      vertex 60 0 62
      vertex 70.5696 42.1964 62
      vertex 68.4864 42.6642 62
    endloop
  endfacet
  facet normal 0.219101 0.975702 0
    outer loop
      vertex 70.5696 42.1964 18
      vertex 68.4864 42.6642 18
      vertex 68.4864 42.6642 62
    endloop
  endfacet
  facet normal 0.219101 0.975702 0
    outer loop
      vertex 70.5696 42.1964 18
      vertex 68.4864 42.6642 62
      vertex 70.5696 42.1964 62
    endloop
  endfacet
  facet normal 0 0 -1
    outer loop
      vertex 60 0 18
      vertex 66.3828 43.0292 18
      vertex 68.4864 42.6642 18
    endloop
  endfacet
  facet normal 0 0 1
    outer loop
      vertex 60 0 62
      vertex 68.4864 42.6642 62
      vertex 66.3828 43.0292 62
    endloop
  endfacet
  facet normal 0.170962 0.985278 0
    outer loop
      vertex 68.4864 42.6642 18
      vertex 66.3828 43.0292 18
      vertex 66.3828 43.0292 62
    endloop
  endfacet
  facet normal 0.170962 0.985278 0
    outer loop
      vertex 68.4864 42.6642 18
      vertex 66.3828 43.0292 62
      vertex 68.4864 42.6642 62
    endloop
  endfacet
  facet normal 0 0 -1
    outer loop
      vertex 60 0 18
      vertex 64.2637 43.2905 18
      vertex 66.3828 43.0292 18
    endloop
  endfacet
  facet normal 0 0 1
    outer loop
      vertex 60 0 62
      vertex 66.3828 43.0292 62
      vertex 64.2637 43.2905 62
    endloop
  endfacet
  facet normal 0.122411 0.99248 0
    outer loop
      vertex 66.3828 43.0292 18
      vertex 64.2637 43.2905 18
      vertex 64.2637 43.2905 62
    endloop
  endfacet
  facet normal 0.122411 0.99248 0
    outer loop
      vertex 66.3828 43.0292 18
      vertex 64.2637 43.2905 62
      vertex 66.3828 43.0292 62
    endloop
  endfacet
  facet normal 0 0 -1
    outer loop
      vertex 60 0 18
      vertex 62.1344 43.4476 18
      vertex 64.2637 43.2905 18
    endloop
  endfacet
  facet normal 0 0 1
    outer loop
      vertex 60 0 62
      vertex 64.2637 43.2905 62
      vertex 62.1344 43.4476 62
    endloop
  endfacet
  facet normal 0.0735646 0.99729 0
    outer loop
      vertex 64.2637 43.2905 18
      vertex 62.1344 43.4476 18
      vertex 62.1344 43.4476 62
    endloop
  endfacet
  facet normal 0.0735646 0.99729 0
    outer loop
      vertex 64.2637 43.2905 18
      vertex 62.1344 43.4476 62
      vertex 64.2637 43.2905 62
    endloop
  endfacet
  facet normal 0 0 -1
    outer loop
      vertex 60 0 18
      vertex 60 43.5 18
      vertex 62.1344 43.4476 18
    endloop
  endfacet
  facet normal 0 0 1
    outer loop
      vertex 60 0 62
      vertex 62.1344 43.4476 62
      vertex 60 43.5 62
    endloop
  endfacet
  facet normal 0.0245412 0.999699 0
    outer loop
      vertex 62.1344 43.4476 18
      vertex 60 43.5 18
      vertex 60 43.5 62
    endloop
  endfacet
  facet normal 0.0245412 0.999699 0
    outer loop
      vertex 62.1344 43.4476 18
      vertex 60 43.5 62
      vertex 62.1344 43.4476 62
    endloop
  endfacet
  facet normal 0 0 -1
    outer loop
      vertex 60 0 18
      vertex 57.8656 43.4476 18
      vertex 60 43.5 18
    endloop
  endfacet
  facet normal 0 0 1
    outer loop
      vertex 60 0 62
      vertex 60 43.5 62
      vertex 57.8656 43.4476 62
    endloop
  endfacet
  facet normal -0.0245412 0.999699 0
    outer loop
      vertex 60 43.5 18
      vertex 57.8656 43.4476 18
      vertex 57.8656 43.4476 62
    endloop
  endfacet
  facet normal -0.0245412 0.999699 0
    outer loop
      vertex 60 43.5 18
      vertex 57.8656 43.4476 62
      vertex 60 43.5 62
    endloop
  endfacet
  facet normal 0 0 -1
    outer loop
      vertex 60 0 18
      vertex 55.7363 43.2905 18
      vertex 57.8656 43.4476 18
    endloop
  endfacet
  facet normal 0 0 1
    outer loop
      vertex 60 0 62
      vertex 57.8656 43.4476 62
      vertex 55.7363 43.2905 62
    endloop
  endfacet
  facet normal -0.0735646 0.99729 0
    outer loop
      vertex 57.8656 43.4476 18
      vertex 55.7363 43.2905 18
      vertex 55.7363 43.2905 62
    endloop
  endfacet
  facet normal -0.0735646 0.99729 0
    outer loop
      vertex 57.8656 43.4476 18
      vertex 55.7363 43.2905 62
      vertex 57.8656 43.4476 62
    endloop
  endfacet
  facet normal 0 0 -1
    outer loop
      vertex 60 0 18
      vertex 53.6172 43.0292 18
      vertex 55.7363 43.2905 18
    endloop
  endfacet
  facet normal 0 0 1
    outer loop
      vertex 60 0 62
      vertex 55.7363 43.2905 62
      vertex 53.6172 43.0292 62
    endloop
  endfacet
  facet normal -0.122411 0.99248 0
    outer loop
      vertex 55.7363 43.2905 18
      vertex 53.6172 43.0292 18
      vertex 53.6172 43.0292 62
    endloop
  endfacet
  facet normal -0.122411 0.99248 0
    outer loop
      vertex 55.7363 43.2905 18
      vertex 53.6172 43.0292 62
      vertex 55.7363 43.2905 62
    endloop
  endfacet
  facet normal 0 0 -1
    outer loop
      vertex 60 0 18
      vertex 51.5136 42.6642 18
      vertex 53.6172 43.0292 18
    endloop
  endfacet
  facet normal 0 0 1
    outer loop
      vertex 60 0 62
      vertex 53.6172 43.0292 62
      vertex 51.5136 42.6642 62
    endloop
  endfacet
  facet normal -0.170962 0.985278 0
    outer loop
      vertex 53.6172 43.0292 18
      vertex 51.5136 42.6642 18
      vertex 51.5136 42.6642 62
    endloop
  endfacet
  facet normal -0.170962 0.985278 0
    outer loop
      vertex 53.6172 43.0292 18
      vertex 51.5136 42.6642 62
      vertex 53.6172 43.0292 62
    endloop
  endfacet
  facet normal 0 0 -1
    outer loop
      vertex 60 0 18
      vertex 49.4304 42.1964 18
      vertex 51.5136 42.6642 18
    endloop
  endfacet
  facet normal 0 0 1
    outer loop
      vertex 60 0 62
      vertex 51.5136 42.6642 62
      vertex 49.4304 42.1964 62
    endloop
  endfacet
  facet normal -0.219101 0.975702 0
    outer loop
      vertex 51.5136 42.6642 18
      vertex 49.4304 42.1964 18
      vertex 49.4304 42.1964 62
    endloop
  endfacet
  facet normal -0.219101 0.975702 0
    outer loop
      vertex 51.5136 42.6642 18
      vertex 49.4304 42.1964 62
      vertex 51.5136 42.6642 62
    endloop
  endfacet
  facet normal 0 0 -1
    outer loop
      vertex 60 0 18
      vertex 47.3726 41.6269 18
      vertex 49.4304 42.1964 18
    endloop
  endfacet
  facet normal 0 0 1
    outer loop
      vertex 60 0 62
      vertex 49.4304 42.1964 62
      vertex 47.3726 41.6269 62
    endloop
  endfacet
  facet normal -0.266713 0.963776 0
    outer loop
      vertex 49.4304 42.1964 18
      vertex 47.3726 41.6269 18
      vertex 47.3726 41.6269 62
    endloop
  endfacet
  facet normal -0.266713 0.963776 0
    outer loop
      vertex 49.4304 42.1964 18
      vertex 47.3726 41.6269 62
      vertex 49.4304 42.1964 62
    endloop
  endfacet
  facet normal 0 0 -1
    outer loop
      vertex 60 0 18
      vertex 45.3453 40.9572 18
      vertex 47.3726 41.6269 18
    endloop
  endfacet
  facet normal 0 0 1
    outer loop
      vertex 60 0 62
      vertex 47.3726 41.6269 62
      vertex 45.3453 40.9572 62
    endloop
  endfacet
  facet normal -0.313682 0.949528 0
    outer loop
      vertex 47.3726 41.6269 18
      vertex 45.3453 40.9572 18
      vertex 45.3453 40.9572 62
    endloop
  endfacet
  facet normal -0.313682 0.949528 0
    outer loop
      vertex 47.3726 41.6269 18
      vertex 45.3453 40.9572 62
      vertex 47.3726 41.6269 62
    endloop
  endfacet
  facet normal 0 0 -1
    outer loop
      vertex 60 0 18
      vertex 43.3533 40.1888 18
      vertex 45.3453 40.9572 18
    endloop
  endfacet
  facet normal 0 0 1
    outer loop
      vertex 60 0 62
      vertex 45.3453 40.9572 62
      vertex 43.3533 40.1888 62
    endloop
  endfacet
  facet normal -0.359895 0.932993 0
    outer loop
      vertex 45.3453 40.9572 18
      vertex 43.3533 40.1888 18
      vertex 43.3533 40.1888 62
    endloop
  endfacet
  facet normal -0.359895 0.932993 0
    outer loop
      vertex 45.3453 40.9572 18
      vertex 43.3533 40.1888 62
      vertex 45.3453 40.9572 62
    endloop
  endfacet
  facet normal 0 0 -1
    outer loop
      vertex 60 0 18
      vertex 41.4014 39.3235 18
      vertex 43.3533 40.1888 18
    endloop
  endfacet
  facet normal 0 0 1
    outer loop
      vertex 60 0 62
      vertex 43.3533 40.1888 62
      vertex 41.4014 39.3235 62
    endloop
  endfacet
  facet normal -0.405241 0.91421 0
    outer loop
      vertex 43.3533 40.1888 18
      vertex 41.4014 39.3235 18
      vertex 41.4014 39.3235 62
    endloop
  endfacet
  facet normal -0.405241 0.91421 0
    outer loop
      vertex 43.3533 40.1888 18
      vertex 41.4014 39.3235 62
      vertex 43.3533 40.1888 62
    endloop
  endfacet
  facet normal 0 0 -1
    outer loop
      vertex 60 0 18
      vertex 39.4942 38.3636 18
      vertex 41.4014 39.3235 18
    endloop
  endfacet
  facet normal 0 0 1
    outer loop
      vertex 60 0 62
      vertex 41.4014 39.3235 62
      vertex 39.4942 38.3636 62
    endloop
  endfacet
  facet normal -0.449611 0.893224 0
    outer loop
      vertex 41.4014 39.3235 18
      vertex 39.4942 38.3636 18
      vertex 39.4942 38.3636 62
    endloop
  endfacet
  facet normal -0.449611 0.893224 0
    outer loop
      vertex 41.4014 39.3235 18
      vertex 39.4942 38.3636 62
      vertex 41.4014 39.3235 62
    endloop
  endfacet
  facet normal 0 0 -1
    outer loop
      vertex 60 0 18
      vertex 37.6365 37.3112 18
      vertex 39.4942 38.3636 18
    endloop
  endfacet
  facet normal 0 0 1
    outer loop
      vertex 60 0 62
      vertex 39.4942 38.3636 62
      vertex 37.6365 37.3112 62
    endloop
  endfacet
  facet normal -0.492898 0.870087 0
    outer loop
      vertex 39.4942 38.3636 18
      vertex 37.6365 37.3112 18
      vertex 37.6365 37.3112 62
    endloop
  endfacet
  facet normal -0.492898 0.870087 0
    outer loop
      vertex 39.4942 38.3636 18
      vertex 37.6365 37.3112 62
      vertex 39.4942 38.3636 62
    endloop
  endfacet
  facet normal 0 0 -1
    outer loop
      vertex 60 0 18
      vertex 35.8327 36.1689 18
      vertex 37.6365 37.3112 18
    endloop
  endfacet
  facet normal 0 0 1
    outer loop
      vertex 60 0 62
      vertex 37.6365 37.3112 62
      vertex 35.8327 36.1689 62
    endloop
  endfacet
  facet normal -0.534998 0.844854 0
    outer loop
      vertex 37.6365 37.3112 18
      vertex 35.8327 36.1689 18
      vertex 35.8327 36.1689 62
    endloop
  endfacet
  facet normal -0.534998 0.844854 0
    outer loop
      vertex 37.6365 37.3112 18
      vertex 35.8327 36.1689 62
      vertex 37.6365 37.3112 62
    endloop
  endfacet
  facet normal 0 0 -1
    outer loop
      vertex 60 0 18
      vertex 34.0871 34.9395 18
      vertex 35.8327 36.1689 18
    endloop
  endfacet
  facet normal 0 0 1
    outer loop
      vertex 60 0 62
      vertex 35.8327 36.1689 62
      vertex 34.0871 34.9395 62
    endloop
  endfacet
  facet normal -0.575808 0.817585 0
    outer loop
      vertex 35.8327 36.1689 18
      vertex 34.0871 34.9395 18
      vertex 34.0871 34.9395 62
    endloop
  endfacet
  facet normal -0.575808 0.817585 0
    outer loop
      vertex 35.8327 36.1689 18
      vertex 34.0871 34.9395 62
      vertex 35.8327 36.1689 62
    endloop
  endfacet
  facet normal 0 0 -1
    outer loop
      vertex 60 0 18
      vertex 32.4039 33.626 18
      vertex 34.0871 34.9395 18
    endloop
  endfacet
  facet normal 0 0 1
    outer loop
      vertex 60 0 62
      vertex 34.0871 34.9395 62
      vertex 32.4039 33.626 62
    endloop
  endfacet
  facet normal -0.615232 0.788346 0
    outer loop
      vertex 34.0871 34.9395 18
      vertex 32.4039 33.626 18
      vertex 32.4039 33.626 62
    endloop
  endfacet
  facet normal -0.615232 0.788346 0
    outer loop
      vertex 34.0871 34.9395 18
      vertex 32.4039 33.626 62
      vertex 34.0871 34.9395 62
    endloop
  endfacet
  facet normal 0 0 -1
    outer loop
      vertex 60 0 18
      vertex 30.7872 32.2314 18
      vertex 32.4039 33.626 18
    endloop
  endfacet
  facet normal 0 0 1
    outer loop
      vertex 60 0 62
      vertex 32.4039 33.626 62
      vertex 30.7872 32.2314 62
    endloop
  endfacet
  facet normal -0.653173 0.757209 0
    outer loop
      vertex 32.4039 33.626 18
      vertex 30.7872 32.2314 18
      vertex 30.7872 32.2314 62
    endloop
  endfacet
  facet normal -0.653173 0.757209 0
    outer loop
      vertex 32.4039 33.626 18
      vertex 30.7872 32.2314 62
      vertex 32.4039 33.626 62
    endloop
  endfacet
  facet normal 0 0 -1
    outer loop
      vertex 60 0 18
      vertex 29.2409 30.7591 18
      vertex 30.7872 32.2314 18
    endloop
  endfacet
  facet normal 0 0 1
    outer loop
      vertex 60 0 62
      vertex 30.7872 32.2314 62
      vertex 29.2409 30.7591 62
    endloop
  endfacet
  facet normal -0.689541 0.724247 0
    outer loop
      vertex 30.7872 32.2314 18
      vertex 29.2409 30.7591 18
      vertex 29.2409 30.7591 62
    endloop
  endfacet
  facet normal -0.689541 0.724247 0
    outer loop
      vertex 30.7872 32.2314 18
      vertex 29.2409 30.7591 62
      vertex 30.7872 32.2314 62
    endloop
  endfacet
  facet normal 0 0 -1
    outer loop
      vertex 60 0 18
      vertex 27.7686 29.2128 18
      vertex 29.2409 30.7591 18
    endloop
  endfacet
  facet normal 0 0 1
    outer loop
      vertex 60 0 62
      vertex 29.2409 30.7591 62
      vertex 27.7686 29.2128 62
    endloop
  endfacet
  facet normal -0.724247 0.689541 0
    outer loop
      vertex 29.2409 30.7591 18
      vertex 27.7686 29.2128 18
      vertex 27.7686 29.2128 62
    endloop
  endfacet
  facet normal -0.724247 0.689541 0
    outer loop
      vertex 29.2409 30.7591 18
      vertex 27.7686 29.2128 62
      vertex 29.2409 30.7591 62
    endloop
  endfacet
  facet normal 0 0 -1
    outer loop
      vertex 60 0 18
      vertex 26.374 27.5961 18
      vertex 27.7686 29.2128 18
    endloop
  endfacet
  facet normal 0 0 1
    outer loop
      vertex 60 0 62
      vertex 27.7686 29.2128 62
      vertex 26.374 27.5961 62
    endloop
  endfacet
  facet normal -0.757209 0.653173 0
    outer loop
      vertex 27.7686 29.2128 18
      vertex 26.374 27.5961 18
      vertex 26.374 27.5961 62
    endloop
  endfacet
  facet normal -0.757209 0.653173 0
    outer loop
      vertex 27.7686 29.2128 18
      vertex 26.374 27.5961 62
      vertex 27.7686 29.2128 62
    endloop
  endfacet
  facet normal 0 0 -1
    outer loop
      vertex 60 0 18
      vertex 25.0605 25.9129 18
      vertex 26.374 27.5961 18
    endloop
  endfacet
  facet normal 0 0 1
    outer loop
      vertex 60 0 62
      vertex 26.374 27.5961 62
      vertex 25.0605 25.9129 62
    endloop
  endfacet
  facet normal -0.788346 0.615232 0
    outer loop
      vertex 26.374 27.5961 18
      vertex 25.0605 25.9129 18
      vertex 25.0605 25.9129 62
    endloop
  endfacet
  facet normal -0.788346 0.615232 0
    outer loop
      vertex 26.374 27.5961 18
      vertex 25.0605 25.9129 62
      vertex 26.374 27.5961 62
    endloop
  endfacet
  facet normal 0 0 -1
    outer loop
      vertex 60 0 18
      vertex 23.8311 24.1673 18
      vertex 25.0605 25.9129 18
    endloop
  endfacet
  facet normal 0 0 1
    outer loop
      vertex 60 0 62
      vertex 25.0605 25.9129 62
      vertex 23.8311 24.1673 62
    endloop
  endfacet
  facet normal -0.817585 0.575808 0
    outer loop
      vertex 25.0605 25.9129 18
      vertex 23.8311 24.1673 18
      vertex 23.8311 24.1673 62
    endloop
  endfacet
  facet normal -0.817585 0.575808 0
    outer loop
      vertex 25.0605 25.9129 18
      vertex 23.8311 24.1673 62
      vertex 25.0605 25.9129 62
    endloop
  endfacet
  facet normal 0 0 -1
    outer loop
      vertex 60 0 18
      vertex 22.6888 22.3635 18
      vertex 23.8311 24.1673 18
    endloop
  endfacet
  facet normal 0 0 1
    outer loop
      vertex 60 0 62
      vertex 23.8311 24.1673 62
      vertex 22.6888 22.3635 62
    endloop
  endfacet
  facet normal -0.844854 0.534998 0
    outer loop
      vertex 23.8311 24.1673 18
      vertex 22.6888 22.3635 18
      vertex 22.6888 22.3635 62
    endloop
  endfacet
  facet normal -0.844854 0.534998 0
    outer loop
      vertex 23.8311 24.1673 18
      vertex 22.6888 22.3635 62
      vertex 23.8311 24.1673 62
    endloop
  endfacet
  facet normal 0 0 -1
    outer loop
      vertex 60 0 18
      vertex 21.6364 20.5058 18
      vertex 22.6888 22.3635 18
    endloop
  endfacet
  facet normal 0 0 1
    outer loop
      vertex 60 0 62
      vertex 22.6888 22.3635 62
      vertex 21.6364 20.5058 62
    endloop
  endfacet
  facet normal -0.870087 0.492898 0
    outer loop
      vertex 22.6888 22.3635 18
      vertex 21.6364 20.5058 18
      vertex 21.6364 20.5058 62
    endloop
  endfacet
  facet normal -0.870087 0.492898 0
    outer loop
      vertex 22.6888 22.3635 18
      vertex 21.6364 20.5058 62
      vertex 22.6888 22.3635 62
    endloop
  endfacet
  facet normal 0 0 -1
    outer loop
      vertex 60 0 18
      vertex 20.6765 18.5986 18
      vertex 21.6364 20.5058 18
    endloop
  endfacet
  facet normal 0 0 1
    outer loop
      vertex 60 0 62
      vertex 21.6364 20.5058 62
      vertex 20.6765 18.5986 62
    endloop
  endfacet
  facet normal -0.893224 0.449611 0
    outer loop
      vertex 21.6364 20.5058 18
      vertex 20.6765 18.5986 18
      vertex 20.6765 18.5986 62
    endloop
  endfacet
  facet normal -0.893224 0.449611 0
    outer loop
      vertex 21.6364 20.5058 18
      vertex 20.6765 18.5986 62
      vertex 21.6364 20.5058 62
    endloop
  endfacet
  facet normal 0 0 -1
    outer loop
      vertex 60 0 18
      vertex 19.8112 16.6467 18
      vertex 20.6765 18.5986 18
    endloop
  endfacet
  facet normal 0 0 1
    outer loop
      vertex 60 0 62
      vertex 20.6765 18.5986 62
      vertex 19.8112 16.6467 62
    endloop
  endfacet
  facet normal -0.91421 0.405241 0
    outer loop
      vertex 20.6765 18.5986 18
      vertex 19.8112 16.6467 18
      vertex 19.8112 16.6467 62
    endloop
  endfacet
  facet normal -0.91421 0.405241 0
    outer loop
      vertex 20.6765 18.5986 18
      vertex 19.8112 16.6467 62
      vertex 20.6765 18.5986 62
    endloop
  endfacet
  facet normal 0 0 -1
    outer loop
      vertex 60 0 18
      vertex 19.0428 14.6547 18
      vertex 19.8112 16.6467 18
    endloop
  endfacet
  facet normal 0 0 1
    outer loop
      vertex 60 0 62
      vertex 19.8112 16.6467 62
      vertex 19.0428 14.6547 62
    endloop
  endfacet
  facet normal -0.932993 0.359895 0
    outer loop
      vertex 19.8112 16.6467 18
      vertex 19.0428 14.6547 18
      vertex 19.0428 14.6547 62
    endloop
  endfacet
  facet normal -0.932993 0.359895 0
    outer loop
      vertex 19.8112 16.6467 18
      vertex 19.0428 14.6547 62
      vertex 19.8112 16.6467 62
    endloop
  endfacet
  facet normal 0 0 -1
    outer loop
      vertex 60 0 18
      vertex 18.3731 12.6274 18
      vertex 19.0428 14.6547 18
    endloop
  endfacet
  facet normal 0 0 1
    outer loop
      vertex 60 0 62
      vertex 19.0428 14.6547 62
      vertex 18.3731 12.6274 62
    endloop
  endfacet
  facet normal -0.949528 0.313682 0
    outer loop
      vertex 19.0428 14.6547 18
      vertex 18.3731 12.6274 18
      vertex 18.3731 12.6274 62
    endloop
  endfacet
  facet normal -0.949528 0.313682 0
    outer loop
      vertex 19.0428 14.6547 18
      vertex 18.3731 12.6274 62
      vertex 19.0428 14.6547 62
    endloop
  endfacet
  facet normal 0 0 -1
    outer loop
      vertex 60 0 18
      vertex 17.8036 10.5696 18
      vertex 18.3731 12.6274 18
    endloop
  endfacet
  facet normal 0 0 1
    outer loop
      vertex 60 0 62
      vertex 18.3731 12.6274 62
      vertex 17.8036 10.5696 62
    endloop
  endfacet
  facet normal -0.963776 0.266713 0
    outer loop
      vertex 18.3731 12.6274 18
      vertex 17.8036 10.5696 18
      vertex 17.8036 10.5696 62
    endloop
  endfacet
  facet normal -0.963776 0.266713 0
    outer loop
      vertex 18.3731 12.6274 18
      vertex 17.8036 10.5696 62
      vertex 18.3731 12.6274 62
    endloop
  endfacet
  facet normal 0 0 -1
    outer loop
      vertex 60 0 18
      vertex 17.3358 8.48643 18
      vertex 17.8036 10.5696 18
    endloop
  endfacet
  facet normal 0 0 1
    outer loop
      vertex 60 0 62
      vertex 17.8036 10.5696 62
      vertex 17.3358 8.48643 62
    endloop
  endfacet
  facet normal -0.975702 0.219101 0
    outer loop
      vertex 17.8036 10.5696 18
      vertex 17.3358 8.48643 18
      vertex 17.3358 8.48643 62
    endloop
  endfacet
  facet normal -0.975702 0.219101 0
    outer loop
      vertex 17.8036 10.5696 18
      vertex 17.3358 8.48643 62
      vertex 17.8036 10.5696 62
    endloop
  endfacet
  facet normal 0 0 -1
    outer loop
      vertex 60 0 18
      vertex 16.9708 6.38278 18
      vertex 17.3358 8.48643 18
    endloop
  endfacet
  facet normal 0 0 1
    outer loop
      vertex 60 0 62
      vertex 17.3358 8.48643 62
      vertex 16.9708 6.38278 62
    endloop
  endfacet
  facet normal -0.985278 0.170962 0
    outer loop
      vertex 17.3358 8.48643 18
      vertex 16.9708 6.38278 18
      vertex 16.9708 6.38278 62
    endloop
  endfacet
  facet normal -0.985278 0.170962 0
    outer loop
      vertex 17.3358 8.48643 18
      vertex 16.9708 6.38278 62
      vertex 17.3358 8.48643 62
    endloop
  endfacet
  facet normal 0 0 -1
    outer loop
      vertex 60 0 18
      vertex 16.7095 4.26375 18
      vertex 16.9708 6.38278 18
    endloop
  endfacet
  facet normal 0 0 1
    outer loop
      vertex 60 0 62
      vertex 16.9708 6.38278 62
      vertex 16.7095 4.26375 62
    endloop
  endfacet
  facet normal -0.99248 0.122411 0
    outer loop
      vertex 16.9708 6.38278 18
      vertex 16.7095 4.26375 18
      vertex 16.7095 4.26375 62
    endloop
  endfacet
  facet normal -0.99248 0.122411 0
    outer loop
      vertex 16.9708 6.38278 18
      vertex 16.7095 4.26375 62
      vertex 16.9708 6.38278 62
    endloop
  endfacet
  facet normal 0 0 -1
    outer loop
      vertex 60 0 18
      vertex 16.5524 2.13444 18
      vertex 16.7095 4.26375 18
    endloop
  endfacet
  facet normal 0 0 1
    outer loop
      vertex 60 0 62
      vertex 16.7095 4.26375 62
      vertex 16.5524 2.13444 62
    endloop
  endfacet
  facet normal -0.99729 0.0735646 0
    outer loop
      vertex 16.7095 4.26375 18
      vertex 16.5524 2.13444 18
      vertex 16.5524 2.13444 62
    endloop
  endfacet
  facet normal -0.99729 0.0735646 0
    outer loop
      vertex 16.7095 4.26375 18
      vertex 16.5524 2.13444 62
      vertex 16.7095 4.26375 62
    endloop
  endfacet
  facet normal 0 0 -1
    outer loop
      vertex 60 0 18
      vertex 16.5 5.32721e-15 18
      vertex 16.5524 2.13444 18
    endloop
  endfacet
  facet normal 0 0 1
    outer loop
      vertex 60 0 62
      vertex 16.5524 2.13444 62
      vertex 16.5 5.32721e-15 62
    endloop
  endfacet
  facet normal -0.999699 0.0245412 0
    outer loop
      vertex 16.5524 2.13444 18
      vertex 16.5 5.32721e-15 18
      vertex 16.5 5.32721e-15 62
    endloop
  endfacet
  facet normal -0.999699 0.0245412 0
    outer loop
      vertex 16.5524 2.13444 18
      vertex 16.5 5.32721e-15 62
      vertex 16.5524 2.13444 62
    endloop
  endfacet
  facet normal 0 0 -1
    outer loop
      vertex 60 0 18
      vertex 16.5524 -2.13444 18
      vertex 16.5 5.32721e-15 18
    endloop
  endfacet
  facet normal 0 0 1
    outer loop
      vertex 60 0 62
      vertex 16.5 5.32721e-15 62
      vertex 16.5524 -2.13444 62
    endloop
  endfacet
  facet normal -0.999699 -0.0245412 0
    outer loop
      vertex 16.5 5.32721e-15 18
      vertex 16.5524 -2.13444 18
      vertex 16.5524 -2.13444 62
    endloop
  endfacet
  facet normal -0.999699 -0.0245412 0
    outer loop
      vertex 16.5 5.32721e-15 18
      vertex 16.5524 -2.13444 62
      vertex 16.5 5.32721e-15 62
    endloop
  endfacet
  facet normal 0 0 -1
    outer loop
      vertex 60 0 18
      vertex 16.7095 -4.26375 18
      vertex 16.5524 -2.13444 18
    endloop
  endfacet
  facet normal 0 0 1
    outer loop
      vertex 60 0 62
      vertex 16.5524 -2.13444 62
      vertex 16.7095 -4.26375 62
    endloop
  endfacet
  facet normal -0.99729 -0.0735646 0
    outer loop
      vertex 16.5524 -2.13444 18
      vertex 16.7095 -4.26375 18
      vertex 16.7095 -4.26375 62
    endloop
  endfacet
  facet normal -0.99729 -0.0735646 0
    outer loop
      vertex 16.5524 -2.13444 18
      vertex 16.7095 -4.26375 62
      vertex 16.5524 -2.13444 62
    endloop
  endfacet
  facet normal 0 0 -1
    outer loop
      vertex 60 0 18
      vertex 16.9708 -6.38278 18
      vertex 16.7095 -4.26375 18
    endloop
  endfacet
  facet normal 0 0 1
    outer loop
      vertex 60 0 62
      vertex 16.7095 -4.26375 62
      vertex 16.9708 -6.38278 62
    endloop
  endfacet
  facet normal -0.99248 -0.122411 0
    outer loop
      vertex 16.7095 -4.26375 18
      vertex 16.9708 -6.38278 18
      vertex 16.9708 -6.38278 62
    endloop
  endfacet
  facet normal -0.99248 -0.122411 0
    outer loop
      vertex 16.7095 -4.26375 18
      vertex 16.9708 -6.38278 62
      vertex 16.7095 -4.26375 62
    endloop
  endfacet
  facet normal 0 0 -1
    outer loop
      vertex 60 0 18
      vertex 17.3358 -8.48643 18
      vertex 16.9708 -6.38278 18
    endloop
  endfacet
  facet normal 0 0 1
    outer loop
      vertex 60 0 62
      vertex 16.9708 -6.38278 62
      vertex 17.3358 -8.48643 62
    endloop
  endfacet
  facet normal -0.985278 -0.170962 0
    outer loop
      vertex 16.9708 -6.38278 18
      vertex 17.3358 -8.48643 18
      vertex 17.3358 -8.48643 62
    endloop
  endfacet
  facet normal -0.985278 -0.170962 0
    outer loop
      vertex 16.9708 -6.38278 18
      vertex 17.3358 -8.48643 62
      vertex 16.9708 -6.38278 62
    endloop
  endfacet
  facet normal 0 0 -1
    outer loop
      vertex 60 0 18
      vertex 17.8036 -10.5696 18
      vertex 17.3358 -8.48643 18
    endloop
  endfacet
  facet normal 0 0 1
    outer loop
      vertex 60 0 62
      vertex 17.3358 -8.48643 62
      vertex 17.8036 -10.5696 62
    endloop
  endfacet
  facet normal -0.975702 -0.219101 0
    outer loop
      vertex 17.3358 -8.48643 18
      vertex 17.8036 -10.5696 18
      vertex 17.8036 -10.5696 62
    endloop
  endfacet
  facet normal -0.975702 -0.219101 0
    outer loop
      vertex 17.3358 -8.48643 18
      vertex 17.8036 -10.5696 62
      vertex 17.3358 -8.48643 62
    endloop
  endfacet
  facet normal 0 0 -1
    outer loop
      vertex 60 0 18
      vertex 18.3731 -12.6274 18
      vertex 17.8036 -10.5696 18
    endloop
  endfacet
  facet normal 0 0 1
    outer loop
      vertex 60 0 62
      vertex 17.8036 -10.5696 62
      vertex 18.3731 -12.6274 62
    endloop
  endfacet
  facet normal -0.963776 -0.266713 0
    outer loop
      vertex 17.8036 -10.5696 18
      vertex 18.3731 -12.6274 18
      vertex 18.3731 -12.6274 62
    endloop
  endfacet
  facet normal -0.963776 -0.266713 0
    outer loop
      vertex 17.8036 -10.5696 18
      vertex 18.3731 -12.6274 62
      vertex 17.8036 -10.5696 62
    endloop
  endfacet
  facet normal 0 0 -1
    outer loop
      vertex 60 0 18
      vertex 19.0428 -14.6547 18
      vertex 18.3731 -12.6274 18
    endloop
  endfacet
  facet normal 0 0 1
    outer loop
      vertex 60 0 62
      vertex 18.3731 -12.6274 62
      vertex 19.0428 -14.6547 62
    endloop
  endfacet
  facet normal -0.949528 -0.313682 0
    outer loop
      vertex 18.3731 -12.6274 18
      vertex 19.0428 -14.6547 18
      vertex 19.0428 -14.6547 62
    endloop
  endfacet
  facet normal -0.949528 -0.313682 0
    outer loop
      vertex 18.3731 -12.6274 18
      vertex 19.0428 -14.6547 62
      vertex 18.3731 -12.6274 62
    endloop
  endfacet
  facet normal 0 0 -1
    outer loop
      vertex 60 0 18
      vertex 19.8112 -16.6467 18
      vertex 19.0428 -14.6547 18
    endloop
  endfacet
  facet normal 0 0 1
    outer loop
      vertex 60 0 62
      vertex 19.0428 -14.6547 62
      vertex 19.8112 -16.6467 62
    endloop
  endfacet
  facet normal -0.932993 -0.359895 0
    outer loop
      vertex 19.0428 -14.6547 18
      vertex 19.8112 -16.6467 18
      vertex 19.8112 -16.6467 62
    endloop
  endfacet
  facet normal -0.932993 -0.359895 0
    outer loop
      vertex 19.0428 -14.6547 18
      vertex 19.8112 -16.6467 62
      vertex 19.0428 -14.6547 62
    endloop
  endfacet
  facet normal 0 0 -1
    outer loop
      vertex 60 0 18
      vertex 20.6765 -18.5986 18
      vertex 19.8112 -16.6467 18
    endloop
  endfacet
  facet normal 0 0 1
    outer loop
      vertex 60 0 62
      vertex 19.8112 -16.6467 62
      vertex 20.6765 -18.5986 62
    endloop
  endfacet
  facet normal -0.91421 -0.405241 0
    outer loop
      vertex 19.8112 -16.6467 18
      vertex 20.6765 -18.5986 18
      vertex 20.6765 -18.5986 62
    endloop
  endfacet
  facet normal -0.91421 -0.405241 0
    outer loop
      vertex 19.8112 -16.6467 18
      vertex 20.6765 -18.5986 62
      vertex 19.8112 -16.6467 62
    endloop
  endfacet
  facet normal 0 0 -1
    outer loop
      vertex 60 0 18
      vertex 21.6364 -20.5058 18
      vertex 20.6765 -18.5986 18
    endloop
  endfacet
  facet normal 0 0 1
    outer loop
      vertex 60 0 62
      vertex 20.6765 -18.5986 62
      vertex 21.6364 -20.5058 62
    endloop
  endfacet
  facet normal -0.893224 -0.449611 0
    outer loop
      vertex 20.6765 -18.5986 18
      vertex 21.6364 -20.5058 18
      vertex 21.6364 -20.5058 62
    endloop
  endfacet
  facet normal -0.893224 -0.449611 0
    outer loop
      vertex 20.6765 -18.5986 18
      vertex 21.6364 -20.5058 62
      vertex 20.6765 -18.5986 62
    endloop
  endfacet
  facet normal 0 0 -1
    outer loop
      vertex 60 0 18
      vertex 22.6888 -22.3635 18
      vertex 21.6364 -20.5058 18
    endloop
  endfacet
  facet normal 0 0 1
    outer loop
      vertex 60 0 62
      vertex 21.6364 -20.5058 62
      vertex 22.6888 -22.3635 62
    endloop
  endfacet
  facet normal -0.870087 -0.492898 0
    outer loop
      vertex 21.6364 -20.5058 18
      vertex 22.6888 -22.3635 18
      vertex 22.6888 -22.3635 62
    endloop
  endfacet
  facet normal -0.870087 -0.492898 0
    outer loop
      vertex 21.6364 -20.5058 18
      vertex 22.6888 -22.3635 62
      vertex 21.6364 -20.5058 62
    endloop
  endfacet
  facet normal 0 0 -1
    outer loop
      vertex 60 0 18
      vertex 23.8311 -24.1673 18
      vertex 22.6888 -22.3635 18
    endloop
  endfacet
  facet normal 0 0 1
    outer loop
      vertex 60 0 62
      vertex 22.6888 -22.3635 62
      vertex 23.8311 -24.1673 62
    endloop
  endfacet
  facet normal -0.844854 -0.534998 0
    outer loop
      vertex 22.6888 -22.3635 18
      vertex 23.8311 -24.1673 18
      vertex 23.8311 -24.1673 62
    endloop
  endfacet
  facet normal -0.844854 -0.534998 0
    outer loop
      vertex 22.6888 -22.3635 18
      vertex 23.8311 -24.1673 62
      vertex 22.6888 -22.3635 62
    endloop
  endfacet
  facet normal 0 0 -1
    outer loop
      vertex 60 0 18
      vertex 25.0605 -25.9129 18
      vertex 23.8311 -24.1673 18
    endloop
  endfacet
  facet normal 0 0 1
    outer loop
      vertex 60 0 62
      vertex 23.8311 -24.1673 62
      vertex 25.0605 -25.9129 62
    endloop
  endfacet
  facet normal -0.817585 -0.575808 0
    outer loop
      vertex 23.8311 -24.1673 18
      vertex 25.0605 -25.9129 18
      vertex 25.0605 -25.9129 62
    endloop
  endfacet
  facet normal -0.817585 -0.575808 0
    outer loop
      vertex 23.8311 -24.1673 18
      vertex 25.0605 -25.9129 62
      vertex 23.8311 -24.1673 62
    endloop
  endfacet
  facet normal 0 0 -1
    outer loop
      vertex 60 0 18
      vertex 26.374 -27.5961 18
      vertex 25.0605 -25.9129 18
    endloop
  endfacet
  facet normal 0 0 1
    outer loop
      vertex 60 0 62
      vertex 25.0605 -25.9129 62
      vertex 26.374 -27.5961 62
    endloop
  endfacet
  facet normal -0.788346 -0.615232 0
    outer loop
      vertex 25.0605 -25.9129 18
      vertex 26.374 -27.5961 18
      vertex 26.374 -27.5961 62
    endloop
  endfacet
  facet normal -0.788346 -0.615232 0
    outer loop
      vertex 25.0605 -25.9129 18
      vertex 26.374 -27.5961 62
      vertex 25.0605 -25.9129 62
    endloop
  endfacet
  facet normal 0 0 -1
    outer loop
      vertex 60 0 18
      vertex 27.7686 -29.2128 18
      vertex 26.374 -27.5961 18
    endloop
  endfacet
  facet normal 0 0 1
    outer loop
      vertex 60 0 62
      vertex 26.374 -27.5961 62
      vertex 27.7686 -29.2128 62
    endloop
  endfacet
  facet normal -0.757209 -0.653173 0
    outer loop
      vertex 26.374 -27.5961 18
      vertex 27.7686 -29.2128 18
      vertex 27.7686 -29.2128 62
    endloop
  endfacet
  facet normal -0.757209 -0.653173 0
    outer loop
      vertex 26.374 -27.5961 18
      vertex 27.7686 -29.2128 62
      vertex 26.374 -27.5961 62
    endloop
  endfacet
  facet normal 0 0 -1
    outer loop
      vertex 60 0 18
      vertex 29.2409 -30.7591 18
      vertex 27.7686 -29.2128 18
    endloop
  endfacet
  facet normal 0 0 1
    outer loop
      vertex 60 0 62
      vertex 27.7686 -29.2128 62
      vertex 29.2409 -30.7591 62
    endloop
  endfacet
  facet normal -0.724247 -0.689541 0
    outer loop
      vertex 27.7686 -29.2128 18
      vertex 29.2409 -30.7591 18
      vertex 29.2409 -30.7591 62
    endloop
  endfacet
  facet normal -0.724247 -0.689541 0
    outer loop
      vertex 27.7686 -29.2128 18
      vertex 29.2409 -30.7591 62
      vertex 27.7686 -29.2128 62
    endloop
  endfacet
  facet normal 0 0 -1
    outer loop
      vertex 60 0 18
      vertex 30.7872 -32.2314 18
      vertex 29.2409 -30.7591 18
    endloop
  endfacet
  facet normal 0 0 1
    outer loop
      vertex 60 0 62
      vertex 29.2409 -30.7591 62
      vertex 30.7872 -32.2314 62
    endloop
  endfacet
  facet normal -0.689541 -0.724247 0
    outer loop
      vertex 29.2409 -30.7591 18
      vertex 30.7872 -32.2314 18
      vertex 30.7872 -32.2314 62
    endloop
  endfacet
  facet normal -0.689541 -0.724247 0
    outer loop
      vertex 29.2409 -30.7591 18
      vertex 30.7872 -32.2314 62
      vertex 29.2409 -30.7591 62
    endloop
  endfacet
  facet normal 0 0 -1
    outer loop
      vertex 60 0 18
      vertex 32.4039 -33.626 18
      vertex 30.7872 -32.2314 18
    endloop
  endfacet
  facet normal 0 0 1
    outer loop
      vertex 60 0 62
      vertex 30.7872 -32.2314 62
      vertex 32.4039 -33.626 62
    endloop
  endfacet
  facet normal -0.653173 -0.757209 0
    outer loop
      vertex 30.7872 -32.2314 18
      vertex 32.4039 -33.626 18
      vertex 32.4039 -33.626 62
    endloop
  endfacet
  facet normal -0.653173 -0.757209 0
    outer loop
      vertex 30.7872 -32.2314 18
      vertex 32.4039 -33.626 62
      vertex 30.7872 -32.2314 62
    endloop
  endfacet
  facet normal 0 0 -1
    outer loop
      vertex 60 0 18
      vertex 34.0871 -34.9395 18
      vertex 32.4039 -33.626 18
    endloop
  endfacet
  facet normal 0 0 1
    outer loop
      vertex 60 0 62
      vertex 32.4039 -33.626 62
      vertex 34.0871 -34.9395 62
    endloop
  endfacet
  facet normal -0.615232 -0.788346 0
    outer loop
      vertex 32.4039 -33.626 18
      vertex 34.0871 -34.9395 18
      vertex 34.0871 -34.9395 62
    endloop
  endfacet
  facet normal -0.615232 -0.788346 0
    outer loop
      vertex 32.4039 -33.626 18
      vertex 34.0871 -34.9395 62
      vertex 32.4039 -33.626 62
    endloop
  endfacet
  facet normal 0 0 -1
    outer loop
      vertex 60 0 18
      vertex 35.8327 -36.1689 18
      vertex 34.0871 -34.9395 18
    endloop
  endfacet
  facet normal 0 0 1
    outer loop
      vertex 60 0 62
      vertex 34.0871 -34.9395 62
      vertex 35.8327 -36.1689 62
    endloop
  endfacet
  facet normal -0.575808 -0.817585 0
    outer loop
      vertex 34.0871 -34.9395 18
      vertex 35.8327 -36.1689 18
      vertex 35.8327 -36.1689 62
    endloop
  endfacet
  facet normal -0.575808 -0.817585 0
    outer loop
      vertex 34.0871 -34.9395 18
      vertex 35.8327 -36.1689 62
      vertex 34.0871 -34.9395 62
    endloop
  endfacet
  facet normal 0 0 -1
    outer loop
      vertex 60 0 18
      vertex 37.6365 -37.3112 18
      vertex 35.8327 -36.1689 18
    endloop
  endfacet
  facet normal 0 0 1
    outer loop
      vertex 60 0 62
      vertex 35.8327 -36.1689 62
      vertex 37.6365 -37.3112 62
    endloop
  endfacet
  facet normal -0.534998 -0.844854 0
    outer loop
      vertex 35.8327 -36.1689 18
      vertex 37.6365 -37.3112 18
      vertex 37.6365 -37.3112 62
    endloop
  endfacet
  facet normal -0.534998 -0.844854 0
    outer loop
      vertex 35.8327 -36.1689 18
      vertex 37.6365 -37.3112 62
      vertex 35.8327 -36.1689 62
    endloop
  endfacet
  facet normal 0 0 -1
    outer loop
      vertex 60 0 18
      vertex 39.4942 -38.3636 18
      vertex 37.6365 -37.3112 18
    endloop
  endfacet
  facet normal 0 0 1
    outer loop
      vertex 60 0 62
      vertex 37.6365 -37.3112 62
      vertex 39.4942 -38.3636 62
    endloop
  endfacet
  facet normal -0.492898 -0.870087 0
    outer loop
      vertex 37.6365 -37.3112 18
      vertex 39.4942 -38.3636 18
      vertex 39.4942 -38.3636 62
    endloop
  endfacet
  facet normal -0.492898 -0.870087 0
    outer loop
      vertex 37.6365 -37.3112 18
      vertex 39.4942 -38.3636 62
      vertex 37.6365 -37.3112 62
    endloop
  endfacet
  facet normal 0 0 -1
    outer loop
      vertex 60 0 18
      vertex 41.4014 -39.3235 18
      vertex 39.4942 -38.3636 18
    endloop
  endfacet
  facet normal 0 0 1
    outer loop
      vertex 60 0 62
      vertex 39.4942 -38.3636 62
      vertex 41.4014 -39.3235 62
    endloop
  endfacet
  facet normal -0.449611 -0.893224 0
    outer loop
      vertex 39.4942 -38.3636 18
      vertex 41.4014 -39.3235 18
      vertex 41.4014 -39.3235 62
    endloop
  endfacet
  facet normal -0.449611 -0.893224 0
    outer loop
      vertex 39.4942 -38.3636 18
      vertex 41.4014 -39.3235 62
      vertex 39.4942 -38.3636 62
    endloop
  endfacet
  facet normal 0 0 -1
    outer loop
      vertex 60 0 18
      vertex 43.3533 -40.1888 18
      vertex 41.4014 -39.3235 18
    endloop
  endfacet
  facet normal 0 0 1
    outer loop
      vertex 60 0 62
      vertex 41.4014 -39.3235 62
      vertex 43.3533 -40.1888 62
    endloop
  endfacet
  facet normal -0.405241 -0.91421 0
    outer loop
      vertex 41.4014 -39.3235 18
      vertex 43.3533 -40.1888 18
      vertex 43.3533 -40.1888 62
    endloop
  endfacet
  facet normal -0.405241 -0.91421 0
    outer loop
      vertex 41.4014 -39.3235 18
      vertex 43.3533 -40.1888 62
      vertex 41.4014 -39.3235 62
    endloop
  endfacet
  facet normal 0 0 -1
    outer loop
      vertex 60 0 18
      vertex 45.3453 -40.9572 18
      vertex 43.3533 -40.1888 18
    endloop
  endfacet
  facet normal 0 0 1
    outer loop
      vertex 60 0 62
      vertex 43.3533 -40.1888 62
      vertex 45.3453 -40.9572 62
    endloop
  endfacet
  facet normal -0.359895 -0.932993 0
    outer loop
      vertex 43.3533 -40.1888 18
      vertex 45.3453 -40.9572 18
      vertex 45.3453 -40.9572 62
    endloop
  endfacet
  facet normal -0.359895 -0.932993 0
    outer loop
      vertex 43.3533 -40.1888 18
      vertex 45.3453 -40.9572 62
      vertex 43.3533 -40.1888 62
    endloop
  endfacet
  facet normal 0 0 -1
    outer loop
      vertex 60 0 18
      vertex 47.3726 -41.6269 18
      vertex 45.3453 -40.9572 18
    endloop
  endfacet
  facet normal 0 0 1
    outer loop
      vertex 60 0 62
      vertex 45.3453 -40.9572 62
      vertex 47.3726 -41.6269 62
    endloop
  endfacet
  facet normal -0.313682 -0.949528 0
    outer loop
      vertex 45.3453 -40.9572 18
      vertex 47.3726 -41.6269 18
      vertex 47.3726 -41.6269 62
    endloop
  endfacet
  facet normal -0.313682 -0.949528 0
    outer loop
      vertex 45.3453 -40.9572 18
      vertex 47.3726 -41.6269 62
      vertex 45.3453 -40.9572 62
    endloop
  endfacet
  facet normal 0 0 -1
    outer loop
      vertex 60 0 18
      vertex 49.4304 -42.1964 18
      vertex 47.3726 -41.6269 18
    endloop
  endfacet
  facet normal 0 0 1
    outer loop
      vertex 60 0 62
      vertex 47.3726 -41.6269 62
      vertex 49.4304 -42.1964 62
    endloop
  endfacet
  facet normal -0.266713 -0.963776 0
    outer loop
      vertex 47.3726 -41.6269 18
      vertex 49.4304 -42.1964 18
      vertex 49.4304 -42.1964 62
    endloop
  endfacet
  facet normal -0.266713 -0.963776 0
    outer loop
      vertex 47.3726 -41.6269 18
      vertex 49.4304 -42.1964 62
      vertex 47.3726 -41.6269 62
    endloop
  endfacet
  facet normal 0 0 -1
    outer loop
      vertex 60 0 18
      vertex 51.5136 -42.6642 18
      vertex 49.4304 -42.1964 18
    endloop
  endfacet
  facet normal 0 0 1
    outer loop
      vertex 60 0 62
      vertex 49.4304 -42.1964 62
      vertex 51.5136 -42.6642 62
    endloop
  endfacet
  facet normal -0.219101 -0.975702 0
    outer loop
      vertex 49.4304 -42.1964 18
      vertex 51.5136 -42.6642 18
      vertex 51.5136 -42.6642 62
    endloop
  endfacet
  facet normal -0.219101 -0.975702 0
    outer loop
      vertex 49.4304 -42.1964 18
      vertex 51.5136 -42.6642 62
      vertex 49.4304 -42.1964 62
    endloop
  endfacet
  facet normal 0 0 -1
    outer loop
      vertex 60 0 18
      vertex 53.6172 -43.0292 18
      vertex 51.5136 -42.6642 18
    endloop
  endfacet
  facet normal 0 0 1
    outer loop
      vertex 60 0 62
      vertex 51.5136 -42.6642 62
      vertex 53.6172 -43.0292 62
    endloop
  endfacet
  facet normal -0.170962 -0.985278 0
    outer loop
      vertex 51.5136 -42.6642 18
      vertex 53.6172 -43.0292 18
      vertex 53.6172 -43.0292 62
    endloop
  endfacet
  facet normal -0.170962 -0.985278 0
    outer loop
      vertex 51.5136 -42.6642 18
      vertex 53.6172 -43.0292 62
      vertex 51.5136 -42.6642 62
    endloop
  endfacet
  facet normal 0 0 -1
    outer loop
      vertex 60 0 18
      vertex 55.7363 -43.2905 18
      vertex 53.6172 -43.0292 18
    endloop
  endfacet
  facet normal 0 0 1
    outer loop
      vertex 60 0 62
      vertex 53.6172 -43.0292 62
      vertex 55.7363 -43.2905 62
    endloop
  endfacet
  facet normal -0.122411 -0.99248 0
    outer loop
      vertex 53.6172 -43.0292 18
      vertex 55.7363 -43.2905 18
      vertex 55.7363 -43.2905 62
    endloop
  endfacet
  facet normal -0.122411 -0.99248 0
    outer loop
      vertex 53.6172 -43.0292 18
      vertex 55.7363 -43.2905 62
      vertex 53.6172 -43.0292 62
    endloop
  endfacet
  facet normal 0 0 -1
    outer loop
      vertex 60 0 18
      vertex 57.8656 -43.4476 18
      vertex 55.7363 -43.2905 18
    endloop
  endfacet
  facet normal 0 0 1
    outer loop
      vertex 60 0 62
      vertex 55.7363 -43.2905 62
      vertex 57.8656 -43.4476 62
    endloop
  endfacet
  facet normal -0.0735646 -0.99729 0
    outer loop
      vertex 55.7363 -43.2905 18
      vertex 57.8656 -43.4476 18
      vertex 57.8656 -43.4476 62
    endloop
  endfacet
  facet normal -0.0735646 -0.99729 0
    outer loop
      vertex 55.7363 -43.2905 18
      vertex 57.8656 -43.4476 62
      vertex 55.7363 -43.2905 62
    endloop
  endfacet
  facet normal 0 0 -1
    outer loop
      vertex 60 0 18
      vertex 60 -43.5 18
      vertex 57.8656 -43.4476 18
    endloop
  endfacet
  facet normal 0 0 1
    outer loop
      vertex 60 0 62
      vertex 57.8656 -43.4476 62
      vertex 60 -43.5 62
    endloop
  endfacet
  facet normal -0.0245412 -0.999699 0
    outer loop
      vertex 57.8656 -43.4476 18
      vertex 60 -43.5 18
      vertex 60 -43.5 62
    endloop
  endfacet
  facet normal -0.0245412 -0.999699 0
    outer loop
      vertex 57.8656 -43.4476 18
      vertex 60 -43.5 62
      vertex 57.8656 -43.4476 62
    endloop
  endfacet
  facet normal 0 0 -1
    outer loop
      vertex 60 0 18
      vertex 62.1344 -43.4476 18
      vertex 60 -43.5 18
    endloop
  endfacet
  facet normal 0 0 1
    outer loop
      vertex 60 0 62
      vertex 60 -43.5 62
      vertex 62.1344 -43.4476 62
    endloop
  endfacet
  facet normal 0.0245412 -0.999699 0
    outer loop
      vertex 60 -43.5 18
      vertex 62.1344 -43.4476 18
      vertex 62.1344 -43.4476 62
    endloop
  endfacet
  facet normal 0.0245412 -0.999699 0
    outer loop
      vertex 60 -43.5 18
      vertex 62.1344 -43.4476 62
      vertex 60 -43.5 62
    endloop
  endfacet
  facet normal 0 0 -1
    outer loop
      vertex 60 0 18
      vertex 64.2637 -43.2905 18
      vertex 62.1344 -43.4476 18
    endloop
  endfacet
  facet normal 0 0 1
    outer loop
      vertex 60 0 62
      vertex 62.1344 -43.4476 62
      vertex 64.2637 -43.2905 62
    endloop
  endfacet
  facet normal 0.0735646 -0.99729 0
    outer loop
      vertex 62.1344 -43.4476 18
      vertex 64.2637 -43.2905 18
      vertex 64.2637 -43.2905 62
    endloop
  endfacet
  facet normal 0.0735646 -0.99729 0
    outer loop
      vertex 62.1344 -43.4476 18
      vertex 64.2637 -43.2905 62
      vertex 62.1344 -43.4476 62
    endloop
  endfacet
  facet normal 0 0 -1
    outer loop
      vertex 60 0 18
      vertex 66.3828 -43.0292 18
      vertex 64.2637 -43.2905 18
    endloop
  endfacet
  facet normal 0 0 1
    outer loop
      vertex 60 0 62
      vertex 64.2637 -43.2905 62
      vertex 66.3828 -43.0292 62
    endloop
  endfacet
  facet normal 0.122411 -0.99248 0
    outer loop
      vertex 64.2637 -43.2905 18
      vertex 66.3828 -43.0292 18
      vertex 66.3828 -43.0292 62
    endloop
  endfacet
  facet normal 0.122411 -0.99248 0
    outer loop
      vertex 64.2637 -43.2905 18
      vertex 66.3828 -43.0292 62
      vertex 64.2637 -43.2905 62
    endloop
  endfacet
  facet normal 0 0 -1
    outer loop
      vertex 60 0 18
      vertex 68.4864 -42.6642 18
      vertex 66.3828 -43.0292 18
    endloop
  endfacet
  facet normal 0 0 1
    outer loop
      vertex 60 0 62
      vertex 66.3828 -43.0292 62
      vertex 68.4864 -42.6642 62
    endloop
  endfacet
  facet normal 0.170962 -0.985278 0
    outer loop
      vertex 66.3828 -43.0292 18
      vertex 68.4864 -42.6642 18
      vertex 68.4864 -42.6642 62
    endloop
  endfacet
  facet normal 0.170962 -0.985278 0
    outer loop
      vertex 66.3828 -43.0292 18
      vertex 68.4864 -42.6642 62
      vertex 66.3828 -43.0292 62
    endloop
  endfacet
  facet normal 0 0 -1
    outer loop
      vertex 60 0 18
      vertex 70.5696 -42.1964 18
      vertex 68.4864 -42.6642 18
    endloop
  endfacet
  facet normal 0 0 1
    outer loop
      vertex 60 0 62
      vertex 68.4864 -42.6642 62
      vertex 70.5696 -42.1964 62
    endloop
  endfacet
  facet normal 0.219101 -0.975702 0
    outer loop
      vertex 68.4864 -42.6642 18
      vertex 70.5696 -42.1964 18
      vertex 70.5696 -42.1964 62
    endloop
  endfacet
  facet normal 0.219101 -0.975702 0
    outer loop
      vertex 68.4864 -42.6642 18
      vertex 70.5696 -42.1964 62
      vertex 68.4864 -42.6642 62
    endloop
  endfacet
  facet normal 0 0 -1
    outer loop
      vertex 60 0 18
      vertex 72.6274 -41.6269 18
      vertex 70.5696 -42.1964 18
    endloop
  endfacet
  facet normal 0 0 1
    outer loop
      vertex 60 0 62
      vertex 70.5696 -42.1964 62
      vertex 72.6274 -41.6269 62
    endloop
  endfacet
  facet normal 0.266713 -0.963776 0
    outer loop
      vertex 70.5696 -42.1964 18
      vertex 72.6274 -41.6269 18
      vertex 72.6274 -41.6269 62
    endloop
  endfacet
  facet normal 0.266713 -0.963776 0
    outer loop
      vertex 70.5696 -42.1964 18
      vertex 72.6274 -41.6269 62
      vertex 70.5696 -42.1964 62
    endloop
  endfacet
  facet normal 0 0 -1
    outer loop
      vertex 60 0 18
      vertex 74.6547 -40.9572 18
      vertex 72.6274 -41.6269 18
    endloop
  endfacet
  facet normal 0 0 1
    outer loop
      vertex 60 0 62
      vertex 72.6274 -41.6269 62
      vertex 74.6547 -40.9572 62
    endloop
  endfacet
  facet normal 0.313682 -0.949528 0
    outer loop
      vertex 72.6274 -41.6269 18
      vertex 74.6547 -40.9572 18
      vertex 74.6547 -40.9572 62
    endloop
  endfacet
  facet normal 0.313682 -0.949528 0
    outer loop
      vertex 72.6274 -41.6269 18
      vertex 74.6547 -40.9572 62
      vertex 72.6274 -41.6269 62
    endloop
  endfacet
  facet normal 0 0 -1
    outer loop
      vertex 60 0 18
      vertex 76.6467 -40.1888 18
      vertex 74.6547 -40.9572 18
    endloop
  endfacet
  facet normal 0 0 1
    outer loop
      vertex 60 0 62
      vertex 74.6547 -40.9572 62
      vertex 76.6467 -40.1888 62
    endloop
  endfacet
  facet normal 0.359895 -0.932993 0
    outer loop
      vertex 74.6547 -40.9572 18
      vertex 76.6467 -40.1888 18
      vertex 76.6467 -40.1888 62
    endloop
  endfacet
  facet normal 0.359895 -0.932993 0
    outer loop
      vertex 74.6547 -40.9572 18
      vertex 76.6467 -40.1888 62
      vertex 74.6547 -40.9572 62
    endloop
  endfacet
  facet normal 0 0 -1
    outer loop
      vertex 60 0 18
      vertex 78.5986 -39.3235 18
      vertex 76.6467 -40.1888 18
    endloop
  endfacet
  facet normal 0 0 1
    outer loop
      vertex 60 0 62
      vertex 76.6467 -40.1888 62
      vertex 78.5986 -39.3235 62
    endloop
  endfacet
  facet normal 0.405241 -0.91421 0
    outer loop
      vertex 76.6467 -40.1888 18
      vertex 78.5986 -39.3235 18
      vertex 78.5986 -39.3235 62
    endloop
  endfacet
  facet normal 0.405241 -0.91421 0
    outer loop
      vertex 76.6467 -40.1888 18
      vertex 78.5986 -39.3235 62
      vertex 76.6467 -40.1888 62
    endloop
  endfacet
  facet normal 0 0 -1
    outer loop
      vertex 60 0 18
      vertex 80.5058 -38.3636 18
      vertex 78.5986 -39.3235 18
    endloop
  endfacet
  facet normal 0 0 1
    outer loop
      vertex 60 0 62
      vertex 78.5986 -39.3235 62
      vertex 80.5058 -38.3636 62
    endloop
  endfacet
  facet normal 0.449611 -0.893224 0
    outer loop
      vertex 78.5986 -39.3235 18
      vertex 80.5058 -38.3636 18
      vertex 80.5058 -38.3636 62
    endloop
  endfacet
  facet normal 0.449611 -0.893224 0
    outer loop
      vertex 78.5986 -39.3235 18
      vertex 80.5058 -38.3636 62
      vertex 78.5986 -39.3235 62
    endloop
  endfacet
  facet normal 0 0 -1
    outer loop
      vertex 60 0 18
      vertex 82.3635 -37.3112 18
      vertex 80.5058 -38.3636 18
    endloop
  endfacet
  facet normal 0 0 1
    outer loop
      vertex 60 0 62
      vertex 80.5058 -38.3636 62
      vertex 82.3635 -37.3112 62
    endloop
  endfacet
  facet normal 0.492898 -0.870087 0
    outer loop
      vertex 80.5058 -38.3636 18
      vertex 82.3635 -37.3112 18
      vertex 82.3635 -37.3112 62
    endloop
  endfacet
  facet normal 0.492898 -0.870087 0
    outer loop
      vertex 80.5058 -38.3636 18
      vertex 82.3635 -37.3112 62
      vertex 80.5058 -38.3636 62
    endloop
  endfacet
  facet normal 0 0 -1
    outer loop
      vertex 60 0 18
      vertex 84.1673 -36.1689 18
      vertex 82.3635 -37.3112 18
    endloop
  endfacet
  facet normal 0 0 1
    outer loop
      vertex 60 0 62
      vertex 82.3635 -37.3112 62
      vertex 84.1673 -36.1689 62
    endloop
  endfacet
  facet normal 0.534998 -0.844854 0
    outer loop
      vertex 82.3635 -37.3112 18
      vertex 84.1673 -36.1689 18
      vertex 84.1673 -36.1689 62
    endloop
  endfacet
  facet normal 0.534998 -0.844854 0
    outer loop
      vertex 82.3635 -37.3112 18
      vertex 84.1673 -36.1689 62
      vertex 82.3635 -37.3112 62
    endloop
  endfacet
  facet normal 0 0 -1
    outer loop
      vertex 60 0 18
      vertex 85.9129 -34.9395 18
      vertex 84.1673 -36.1689 18
    endloop
  endfacet
  facet normal 0 0 1
    outer loop
      vertex 60 0 62
      vertex 84.1673 -36.1689 62
      vertex 85.9129 -34.9395 62
    endloop
  endfacet
  facet normal 0.575808 -0.817585 0
    outer loop
      vertex 84.1673 -36.1689 18
      vertex 85.9129 -34.9395 18
      vertex 85.9129 -34.9395 62
    endloop
  endfacet
  facet normal 0.575808 -0.817585 0
    outer loop
      vertex 84.1673 -36.1689 18
      vertex 85.9129 -34.9395 62
      vertex 84.1673 -36.1689 62
    endloop
  endfacet
  facet normal 0 0 -1
    outer loop
      vertex 60 0 18
      vertex 87.5961 -33.626 18
      vertex 85.9129 -34.9395 18
    endloop
  endfacet
  facet normal 0 0 1
    outer loop
      vertex 60 0 62
      vertex 85.9129 -34.9395 62
      vertex 87.5961 -33.626 62
    endloop
  endfacet
  facet normal 0.615232 -0.788346 0
    outer loop
      vertex 85.9129 -34.9395 18
      vertex 87.5961 -33.626 18
      vertex 87.5961 -33.626 62
    endloop
  endfacet
  facet normal 0.615232 -0.788346 0
    outer loop
      vertex 85.9129 -34.9395 18
      vertex 87.5961 -33.626 62
      vertex 85.9129 -34.9395 62
    endloop
  endfacet
  facet normal 0 0 -1
    outer loop
      vertex 60 0 18
      vertex 89.2128 -32.2314 18
      vertex 87.5961 -33.626 18
    endloop
  endfacet
  facet normal 0 0 1
    outer loop
      vertex 60 0 62
      vertex 87.5961 -33.626 62
      vertex 89.2128 -32.2314 62
    endloop
  endfacet
  facet normal 0.653173 -0.757209 0
    outer loop
      vertex 87.5961 -33.626 18
      vertex 89.2128 -32.2314 18
      vertex 89.2128 -32.2314 62
    endloop
  endfacet
  facet normal 0.653173 -0.757209 0
    outer loop
      vertex 87.5961 -33.626 18
      vertex 89.2128 -32.2314 62
      vertex 87.5961 -33.626 62
    endloop
  endfacet
  facet normal 0 0 -1
    outer loop
      vertex 60 0 18
      vertex 90.7591 -30.7591 18
      vertex 89.2128 -32.2314 18
    endloop
  endfacet
  facet normal 0 0 1
    outer loop
      vertex 60 0 62
      vertex 89.2128 -32.2314 62
      vertex 90.7591 -30.7591 62
    endloop
  endfacet
  facet normal 0.689541 -0.724247 0
    outer loop
      vertex 89.2128 -32.2314 18
      vertex 90.7591 -30.7591 18
      vertex 90.7591 -30.7591 62
    endloop
  endfacet
  facet normal 0.689541 -0.724247 0
    outer loop
      vertex 89.2128 -32.2314 18
      vertex 90.7591 -30.7591 62
      vertex 89.2128 -32.2314 62
    endloop
  endfacet
  facet normal 0 0 -1
    outer loop
      vertex 60 0 18
      vertex 92.2314 -29.2128 18
      vertex 90.7591 -30.7591 18
    endloop
  endfacet
  facet normal 0 0 1
    outer loop
      vertex 60 0 62
      vertex 90.7591 -30.7591 62
      vertex 92.2314 -29.2128 62
    endloop
  endfacet
  facet normal 0.724247 -0.689541 0
    outer loop
      vertex 90.7591 -30.7591 18
      vertex 92.2314 -29.2128 18
      vertex 92.2314 -29.2128 62
    endloop
  endfacet
  facet normal 0.724247 -0.689541 0
    outer loop
      vertex 90.7591 -30.7591 18
      vertex 92.2314 -29.2128 62
      vertex 90.7591 -30.7591 62
    endloop
  endfacet
  facet normal 0 0 -1
    outer loop
      vertex 60 0 18
      vertex 93.626 -27.5961 18
      vertex 92.2314 -29.2128 18
    endloop
  endfacet
  facet normal 0 0 1
    outer loop
      vertex 60 0 62
      vertex 92.2314 -29.2128 62
      vertex 93.626 -27.5961 62
    endloop
  endfacet
  facet normal 0.757209 -0.653173 0
    outer loop
      vertex 92.2314 -29.2128 18
      vertex 93.626 -27.5961 18
      vertex 93.626 -27.5961 62
    endloop
  endfacet
  facet normal 0.757209 -0.653173 0
    outer loop
      vertex 92.2314 -29.2128 18
      vertex 93.626 -27.5961 62
      vertex 92.2314 -29.2128 62
    endloop
  endfacet
  facet normal 0 0 -1
    outer loop
      vertex 60 0 18
      vertex 94.9395 -25.9129 18
      vertex 93.626 -27.5961 18
    endloop
  endfacet
  facet normal 0 0 1
    outer loop
      vertex 60 0 62
      vertex 93.626 -27.5961 62
      vertex 94.9395 -25.9129 62
    endloop
  endfacet
  facet normal 0.788346 -0.615232 0
    outer loop
      vertex 93.626 -27.5961 18
      vertex 94.9395 -25.9129 18
      vertex 94.9395 -25.9129 62
    endloop
  endfacet
  facet normal 0.788346 -0.615232 0
    outer loop
      vertex 93.626 -27.5961 18
      vertex 94.9395 -25.9129 62
      vertex 93.626 -27.5961 62
    endloop
  endfacet
  facet normal 0 0 -1
    outer loop
      vertex 60 0 18
      vertex 96.1689 -24.1673 18
      vertex 94.9395 -25.9129 18
    endloop
  endfacet
  facet normal 0 0 1
    outer loop
      vertex 60 0 62
      vertex 94.9395 -25.9129 62
      vertex 96.1689 -24.1673 62
    endloop
  endfacet
  facet normal 0.817585 -0.575808 0
    outer loop
      vertex 94.9395 -25.9129 18
      vertex 96.1689 -24.1673 18
      vertex 96.1689 -24.1673 62
    endloop
  endfacet
  facet normal 0.817585 -0.575808 0
    outer loop
      vertex 94.9395 -25.9129 18
      vertex 96.1689 -24.1673 62
      vertex 94.9395 -25.9129 62
    endloop
  endfacet
  facet normal 0 0 -1
    outer loop
      vertex 60 0 18
      vertex 97.3112 -22.3635 18
      vertex 96.1689 -24.1673 18
    endloop
  endfacet
  facet normal 0 0 1
    outer loop
      vertex 60 0 62
      vertex 96.1689 -24.1673 62
      vertex 97.3112 -22.3635 62
    endloop
  endfacet
  facet normal 0.844854 -0.534998 0
    outer loop
      vertex 96.1689 -24.1673 18
      vertex 97.3112 -22.3635 18
      vertex 97.3112 -22.3635 62
    endloop
  endfacet
  facet normal 0.844854 -0.534998 0
    outer loop
      vertex 96.1689 -24.1673 18
      vertex 97.3112 -22.3635 62
      vertex 96.1689 -24.1673 62
    endloop
  endfacet
  facet normal 0 0 -1
    outer loop
      vertex 60 0 18
      vertex 98.3636 -20.5058 18
      vertex 97.3112 -22.3635 18
    endloop
  endfacet
  facet normal 0 0 1
    outer loop
      vertex 60 0 62
      vertex 97.3112 -22.3635 62
      vertex 98.3636 -20.5058 62
    endloop
  endfacet
  facet normal 0.870087 -0.492898 0
    outer loop
      vertex 97.3112 -22.3635 18
      vertex 98.3636 -20.5058 18
      vertex 98.3636 -20.5058 62
    endloop
  endfacet
  facet normal 0.870087 -0.492898 0
    outer loop
      vertex 97.3112 -22.3635 18
      vertex 98.3636 -20.5058 62
      vertex 97.3112 -22.3635 62
    endloop
  endfacet
  facet normal 0 0 -1
    outer loop
      vertex 60 0 18
      vertex 99.3235 -18.5986 18
      vertex 98.3636 -20.5058 18
    endloop
  endfacet
  facet normal 0 0 1
    outer loop
      vertex 60 0 62
      vertex 98.3636 -20.5058 62
      vertex 99.3235 -18.5986 62
    endloop
  endfacet
  facet normal 0.893224 -0.449611 0
    outer loop
      vertex 98.3636 -20.5058 18
      vertex 99.3235 -18.5986 18
      vertex 99.3235 -18.5986 62
    endloop
  endfacet
  facet normal 0.893224 -0.449611 0
    outer loop
      vertex 98.3636 -20.5058 18
      vertex 99.3235 -18.5986 62
      vertex 98.3636 -20.5058 62
    endloop
  endfacet
  facet normal 0 0 -1
    outer loop
      vertex 60 0 18
      vertex 100.189 -16.6467 18
      vertex 99.3235 -18.5986 18
    endloop
  endfacet
  facet normal 0 0 1
    outer loop
      vertex 60 0 62
      vertex 99.3235 -18.5986 62
      vertex 100.189 -16.6467 62
    endloop
  endfacet
  facet normal 0.91421 -0.405241 0
    outer loop
      vertex 99.3235 -18.5986 18
      vertex 100.189 -16.6467 18
      vertex 100.189 -16.6467 62
    endloop
  endfacet
  facet normal 0.91421 -0.405241 0
    outer loop
      vertex 99.3235 -18.5986 18
      vertex 100.189 -16.6467 62
      vertex 99.3235 -18.5986 62
    endloop
  endfacet
  facet normal 0 0 -1
    outer loop
      vertex 60 0 18
      vertex 100.957 -14.6547 18
      vertex 100.189 -16.6467 18
    endloop
  endfacet
  facet normal 0 0 1
    outer loop
      vertex 60 0 62
      vertex 100.189 -16.6467 62
      vertex 100.957 -14.6547 62
    endloop
  endfacet
  facet normal 0.932993 -0.359895 0
    outer loop
      vertex 100.189 -16.6467 18
      vertex 100.957 -14.6547 18
      vertex 100.957 -14.6547 62
    endloop
  endfacet
  facet normal 0.932993 -0.359895 0
    outer loop
      vertex 100.189 -16.6467 18
      vertex 100.957 -14.6547 62
      vertex 100.189 -16.6467 62
    endloop
  endfacet
  facet normal 0 0 -1
    outer loop
      vertex 60 0 18
      vertex 101.627 -12.6274 18
      vertex 100.957 -14.6547 18
    endloop
  endfacet
  facet normal 0 0 1
    outer loop
      vertex 60 0 62
      vertex 100.957 -14.6547 62
      vertex 101.627 -12.6274 62
    endloop
  endfacet
  facet normal 0.949528 -0.313682 0
    outer loop
      vertex 100.957 -14.6547 18
      vertex 101.627 -12.6274 18
      vertex 101.627 -12.6274 62
    endloop
  endfacet
  facet normal 0.949528 -0.313682 0
    outer loop
      vertex 100.957 -14.6547 18
      vertex 101.627 -12.6274 62
      vertex 100.957 -14.6547 62
    endloop
  endfacet
  facet normal 0 0 -1
    outer loop
      vertex 60 0 18
      vertex 102.196 -10.5696 18
      vertex 101.627 -12.6274 18
    endloop
  endfacet
  facet normal 0 0 1
    outer loop
      vertex 60 0 62
      vertex 101.627 -12.6274 62
      vertex 102.196 -10.5696 62
    endloop
  endfacet
  facet normal 0.963776 -0.266713 0
    outer loop
      vertex 101.627 -12.6274 18
      vertex 102.196 -10.5696 18
      vertex 102.196 -10.5696 62
    endloop
  endfacet
  facet normal 0.963776 -0.266713 0
    outer loop
      vertex 101.627 -12.6274 18
      vertex 102.196 -10.5696 62
      vertex 101.627 -12.6274 62
    endloop
  endfacet
  facet normal 0 0 -1
    outer loop
      vertex 60 0 18
      vertex 102.664 -8.48643 18
      vertex 102.196 -10.5696 18
    endloop
  endfacet
  facet normal 0 0 1
    outer loop
      vertex 60 0 62
      vertex 102.196 -10.5696 62
      vertex 102.664 -8.48643 62
    endloop
  endfacet
  facet normal 0.975702 -0.219101 0
    outer loop
      vertex 102.196 -10.5696 18
      vertex 102.664 -8.48643 18
      vertex 102.664 -8.48643 62
    endloop
  endfacet
  facet normal 0.975702 -0.219101 0
    outer loop
      vertex 102.196 -10.5696 18
      vertex 102.664 -8.48643 62
      vertex 102.196 -10.5696 62
    endloop
  endfacet
  facet normal 0 0 -1
    outer loop
      vertex 60 0 18
      vertex 103.029 -6.38278 18
      vertex 102.664 -8.48643 18
    endloop
  endfacet
  facet normal 0 0 1
    outer loop
      vertex 60 0 62
      vertex 102.664 -8.48643 62
      vertex 103.029 -6.38278 62
    endloop
  endfacet
  facet normal 0.985278 -0.170962 0
    outer loop
      vertex 102.664 -8.48643 18
      vertex 103.029 -6.38278 18
      vertex 103.029 -6.38278 62
    endloop
  endfacet
  facet normal 0.985278 -0.170962 0
    outer loop
      vertex 102.664 -8.48643 18
      vertex 103.029 -6.38278 62
      vertex 102.664 -8.48643 62
    endloop
  endfacet
  facet normal 0 0 -1
    outer loop
      vertex 60 0 18
      vertex 103.291 -4.26375 18
      vertex 103.029 -6.38278 18
    endloop
  endfacet
  facet normal 0 0 1
    outer loop
      vertex 60 0 62
      vertex 103.029 -6.38278 62
      vertex 103.291 -4.26375 62
    endloop
  endfacet
  facet normal 0.99248 -0.122411 0
    outer loop
      vertex 103.029 -6.38278 18
      vertex 103.291 -4.26375 18
      vertex 103.291 -4.26375 62
    endloop
  endfacet
  facet normal 0.99248 -0.122411 0
    outer loop
      vertex 103.029 -6.38278 18
      vertex 103.291 -4.26375 62
      vertex 103.029 -6.38278 62
    endloop
  endfacet
  facet normal 0 0 -1
    outer loop
      vertex 60 0 18
      vertex 103.448 -2.13444 18
      vertex 103.291 -4.26375 18
    endloop
  endfacet
  facet normal 0 0 1
    outer loop
      vertex 60 0 62
      vertex 103.291 -4.26375 62
      vertex 103.448 -2.13444 62
    endloop
  endfacet
  facet normal 0.99729 -0.0735646 0
    outer loop
      vertex 103.291 -4.26375 18
      vertex 103.448 -2.13444 18
      vertex 103.448 -2.13444 62
    endloop
  endfacet
  facet normal 0.99729 -0.0735646 0
    outer loop
      vertex 103.291 -4.26375 18
      vertex 103.448 -2.13444 62
      vertex 103.291 -4.26375 62
    endloop
  endfacet
  facet normal 0 0 -1
    outer loop
      vertex 60 0 18
      vertex 103.5 -1.06544e-14 18
      vertex 103.448 -2.13444 18
    endloop
  endfacet
  facet normal 0 0 1
    outer loop
      vertex 60 0 62
      vertex 103.448 -2.13444 62
      vertex 103.5 -1.06544e-14 62
    endloop
  endfacet
  facet normal 0.999699 -0.0245412 0
    outer loop
      vertex 103.448 -2.13444 18
      vertex 103.5 -1.06544e-14 18
      vertex 103.5 -1.06544e-14 62
    endloop
  endfacet
  facet normal 0.999699 -0.0245412 0
    outer loop
      vertex 103.448 -2.13444 18
      vertex 103.5 -1.06544e-14 62
      vertex 103.448 -2.13444 62
    endloop
  endfacet
  facet normal 0 0 -1
    outer loop
      vertex nan nan -18
      vertex nan nan -18
      vertex nan nan -18
    endloop
  endfacet
  facet normal 0 0 -1
    outer loop
      vertex nan nan -18
      vertex nan nan -18
      vertex nan nan -18
    endloop
  endfacet
  facet normal 0 0 1
    outer loop
      vertex nan nan -62
      vertex nan nan -62
      vertex nan nan -62
    endloop
  endfacet
  facet normal 0 0 1
    outer loop
      vertex nan nan -62
      vertex nan nan -62
      vertex nan nan -62
    endloop
  endfacet
  facet normal nan nan 0
    outer loop
      vertex nan nan -18
      vertex nan nan -18
      vertex nan nan -62
    endloop
  endfacet
  facet normal nan nan 0
    outer loop
      vertex nan nan -18
      vertex nan nan -62
      vertex nan nan -62
    endloop
  endfacet
  facet normal nan nan 0
    outer loop
      vertex nan nan -18
      vertex nan nan -18
      vertex nan nan -62
    endloop
  endfacet
  facet normal nan nan 0
    outer loop
      vertex nan nan -18
      vertex nan nan -62
      vertex nan nan -62
    endloop
  endfacet
  facet normal 0 0 -1
    outer loop
      vertex nan nan -18
      vertex nan nan -18
      vertex nan nan -18
    endloop
  endfacet
  facet normal 0 0 -1
    outer loop
      vertex nan nan -18
      vertex nan nan -18
      vertex nan nan -18
    endloop
  endfacet
  facet normal 0 0 1
    outer loop
      vertex nan nan -62
      vertex nan nan -62
      vertex nan nan -62
    endloop
  endfacet
  facet normal 0 0 1
    outer loop
      vertex nan nan -62
      vertex nan nan -62
      vertex nan nan -62
    endloop
  endfacet
  facet normal nan nan 0
    outer loop
      vertex nan nan -18
      vertex nan nan -18
      vertex nan nan -62
    endloop
  endfacet
  facet normal nan nan 0
    outer loop
      vertex nan nan -18
      vertex nan nan -62
      vertex nan nan -62
    endloop
  endfacet
  facet normal nan nan 0
    outer loop
      vertex nan nan -18
      vertex nan nan -18
      vertex nan nan -62
    endloop
  endfacet
  facet normal nan nan 0
    outer loop
      vertex nan nan -18
      vertex nan nan -62
      vertex nan nan -62
    endloop
  endfacet
  facet normal 0 0 -1
    outer loop
      vertex nan nan -18
      vertex nan nan -18
      vertex nan nan -18
    endloop
  endfacet
  facet normal 0 0 -1
    outer loop
      vertex nan nan -18
      vertex nan nan -18
      vertex nan nan -18
    endloop
  endfacet
  facet normal 0 0 1
    outer loop
      vertex nan nan -62
      vertex nan nan -62
      vertex nan nan -62
    endloop
  endfacet
  facet normal 0 0 1
    outer loop
      vertex nan nan -62
      vertex nan nan -62
      vertex nan nan -62
    endloop
  endfacet
  facet normal nan nan 0
    outer loop
      vertex nan nan -18
      vertex nan nan -18
      vertex nan nan -62
    endloop
  endfacet
  facet normal nan nan 0
    outer loop
      vertex nan nan -18
      vertex nan nan -62
      vertex nan nan -62
    endloop
  endfacet
  facet normal nan nan 0
    outer loop
      vertex nan nan -18
      vertex nan nan -18
      vertex nan nan -62
    endloop
  endfacet
  facet normal nan nan 0
    outer loop
      vertex nan nan -18
      vertex nan nan -62
      vertex nan nan -62
    endloop
  endfacet
  facet normal nan nan 0
    outer loop
      vertex nan nan -18
      vertex nan nan -18
      vertex nan nan -62
    endloop
  endfacet
  facet normal nan nan 0
    outer loop
      vertex nan nan -18
      vertex nan nan -62
      vertex nan nan -62
    endloop
  endfacet
  facet normal nan nan 0
    outer loop
      vertex nan nan -18
      vertex nan nan -18
      vertex nan nan -62
    endloop
  endfacet
  facet normal nan nan 0
    outer loop
      vertex nan nan -18
      vertex nan nan -62
      vertex nan nan -62
    endloop
  endfacet
endsolid crank_with_cw_mm
