solid crank_fullsupport_mm
  facet normal 0 0 -1
    outer loop
      vertex 0 0 -115.012
      vertex 39.9542 1.5698 -115.012
      vertex 39.985 0 -115.012
    endloop
  endfacet
  facet normal 0 0 1
    outer loop
      vertex 0 0 -62.2325
      vertex 39.985 0 -62.2325
      vertex 39.9542 1.5698 -62.2325
    endloop
  endfacet
  facet normal 0.999807 0.0196337 0
    outer loop
      vertex 39.985 0 -115.012
      vertex 39.9542 1.5698 -115.012
      vertex 39.9542 1.5698 -62.2325
    endloop
  endfacet
  facet normal 0.999807 0.0196337 0
    outer loop
      vertex 39.985 0 -115.012
      vertex 39.9542 1.5698 -62.2325
      vertex 39.985 0 -62.2325
    endloop
  endfacet
  facet normal 0 0 -1
    outer loop
      vertex 0 0 -115.012
      vertex 39.8617 3.13719 -115.012
      vertex 39.9542 1.5698 -115.012
    endloop
  endfacet
  facet normal 0 0 1
    outer loop
      vertex 0 0 -62.2325
      vertex 39.9542 1.5698 -62.2325
      vertex 39.8617 3.13719 -62.2325
    endloop
  endfacet
  facet normal 0.998266 0.0588708 0
    outer loop
      vertex 39.9542 1.5698 -115.012
      vertex 39.8617 3.13719 -115.012
      vertex 39.8617 3.13719 -62.2325
    endloop
  endfacet
  facet normal 0.998266 0.0588708 0
    outer loop
      vertex 39.9542 1.5698 -115.012
      vertex 39.8617 3.13719 -62.2325
      vertex 39.9542 1.5698 -62.2325
    endloop
  endfacet
  facet normal 0 0 -1
    outer loop
      vertex 0 0 -115.012
      vertex 39.7078 4.69973 -115.012
      vertex 39.8617 3.13719 -115.012
    endloop
  endfacet
  facet normal 0 0 1
    outer loop
      vertex 0 0 -62.2325
      vertex 39.8617 3.13719 -62.2325
      vertex 39.7078 4.69973 -62.2325
    endloop
  endfacet
  facet normal 0.995185 0.0980171 0
    outer loop
      vertex 39.8617 3.13719 -115.012
      vertex 39.7078 4.69973 -115.012
      vertex 39.7078 4.69973 -62.2325
    endloop
  endfacet
  facet normal 0.995185 0.0980171 0
    outer loop
      vertex 39.8617 3.13719 -115.012
      vertex 39.7078 4.69973 -62.2325
      vertex 39.8617 3.13719 -62.2325
    endloop
  endfacet
  facet normal 0 0 -1
    outer loop
      vertex 0 0 -115.012
      vertex 39.4927 6.25503 -115.012
      vertex 39.7078 4.69973 -115.012
    endloop
  endfacet
  facet normal 0 0 1
    outer loop
      vertex 0 0 -62.2325
      vertex 39.7078 4.69973 -62.2325
      vertex 39.4927 6.25503 -62.2325
    endloop
  endfacet
  facet normal 0.990569 0.137012 0
    outer loop
      vertex 39.7078 4.69973 -115.012
      vertex 39.4927 6.25503 -115.012
      vertex 39.4927 6.25503 -62.2325
    endloop
  endfacet
  facet normal 0.990569 0.137012 0
    outer loop
      vertex 39.7078 4.69973 -115.012
      vertex 39.4927 6.25503 -62.2325
      vertex 39.7078 4.69973 -62.2325
    endloop
  endfacet
  facet normal 0 0 -1
    outer loop
      vertex 0 0 -115.012
      vertex 39.2167 7.80069 -115.012
      vertex 39.4927 6.25503 -115.012
    endloop
  endfacet
  facet normal 0 0 1
    outer loop
      vertex 0 0 -62.2325
      vertex 39.4927 6.25503 -62.2325
      vertex 39.2167 7.80069 -62.2325
    endloop
  endfacet
  facet normal 0.984427 0.175796 0
    outer loop
      vertex 39.4927 6.25503 -115.012
      vertex 39.2167 7.80069 -115.012
      vertex 39.2167 7.80069 -62.2325
    endloop
  endfacet
  facet normal 0.984427 0.175796 0
    outer loop
      vertex 39.4927 6.25503 -115.012
      vertex 39.2167 7.80069 -62.2325
      vertex 39.4927 6.25503 -62.2325
    endloop
  endfacet
  facet normal 0 0 -1
    outer loop
      vertex 0 0 -115.012
      vertex 38.8802 9.33431 -115.012
      vertex 39.2167 7.80069 -115.012
    endloop
  endfacet
  facet normal 0 0 1
    outer loop
      vertex 0 0 -62.2325
      vertex 39.2167 7.80069 -62.2325
      vertex 38.8802 9.33431 -62.2325
    endloop
  endfacet
  facet normal 0.976766 0.214309 0
    outer loop
      vertex 39.2167 7.80069 -115.012
      vertex 38.8802 9.33431 -115.012
      vertex 38.8802 9.33431 -62.2325
    endloop
  endfacet
  facet normal 0.976766 0.214309 0
    outer loop
      vertex 39.2167 7.80069 -115.012
      vertex 38.8802 9.33431 -62.2325
      vertex 39.2167 7.80069 -62.2325
    endloop
  endfacet
  facet normal 0 0 -1
    outer loop
      vertex 0 0 -115.012
      vertex 38.4838 10.8535 -115.012
      vertex 38.8802 9.33431 -115.012
    endloop
  endfacet
  facet normal 0 0 1
    outer loop
      vertex 0 0 -62.2325
      vertex 38.8802 9.33431 -62.2325
      vertex 38.4838 10.8535 -62.2325
    endloop
  endfacet
  facet normal 0.967599 0.252492 0
    outer loop
      vertex 38.8802 9.33431 -115.012
      vertex 38.4838 10.8535 -115.012
      vertex 38.4838 10.8535 -62.2325
    endloop
  endfacet
  facet normal 0.967599 0.252492 0
    outer loop
      vertex 38.8802 9.33431 -115.012
      vertex 38.4838 10.8535 -62.2325
      vertex 38.8802 9.33431 -62.2325
    endloop
  endfacet
  facet normal 0 0 -1
    outer loop
      vertex 0 0 -115.012
      vertex 38.028 12.356 -115.012
      vertex 38.4838 10.8535 -115.012
    endloop
  endfacet
  facet normal 0 0 1
    outer loop
      vertex 0 0 -62.2325
      vertex 38.4838 10.8535 -62.2325
      vertex 38.028 12.356 -62.2325
    endloop
  endfacet
  facet normal 0.95694 0.290285 0
    outer loop
      vertex 38.4838 10.8535 -115.012
      vertex 38.028 12.356 -115.012
      vertex 38.028 12.356 -62.2325
    endloop
  endfacet
  facet normal 0.95694 0.290285 0
    outer loop
      vertex 38.4838 10.8535 -115.012
      vertex 38.028 12.356 -62.2325
      vertex 38.4838 10.8535 -62.2325
    endloop
  endfacet
  facet normal 0 0 -1
    outer loop
      vertex 0 0 -115.012
      vertex 37.5136 13.8395 -115.012
      vertex 38.028 12.356 -115.012
    endloop
  endfacet
  facet normal 0 0 1
    outer loop
      vertex 0 0 -62.2325
      vertex 38.028 12.356 -62.2325
      vertex 37.5136 13.8395 -62.2325
    endloop
  endfacet
  facet normal 0.944806 0.32763 0
    outer loop
      vertex 38.028 12.356 -115.012
      vertex 37.5136 13.8395 -115.012
      vertex 37.5136 13.8395 -62.2325
    endloop
  endfacet
  facet normal 0.944806 0.32763 0
    outer loop
      vertex 38.028 12.356 -115.012
      vertex 37.5136 13.8395 -62.2325
      vertex 38.028 12.356 -62.2325
    endloop
  endfacet
  facet normal 0 0 -1
    outer loop
      vertex 0 0 -115.012
      vertex 36.9413 15.3016 -115.012
      vertex 37.5136 13.8395 -115.012
    endloop
  endfacet
  facet normal 0 0 1
    outer loop
      vertex 0 0 -62.2325
      vertex 37.5136 13.8395 -62.2325
      vertex 36.9413 15.3016 -62.2325
    endloop
  endfacet
  facet normal 0.931215 0.36447 0
    outer loop
      vertex 37.5136 13.8395 -115.012
      vertex 36.9413 15.3016 -115.012
      vertex 36.9413 15.3016 -62.2325
    endloop
  endfacet
  facet normal 0.931215 0.36447 0
    outer loop
      vertex 37.5136 13.8395 -115.012
      vertex 36.9413 15.3016 -62.2325
      vertex 37.5136 13.8395 -62.2325
    endloop
  endfacet
  facet normal 0 0 -1
    outer loop
      vertex 0 0 -115.012
      vertex 36.3121 16.7401 -115.012
      vertex 36.9413 15.3016 -115.012
    endloop
  endfacet
  facet normal 0 0 1
    outer loop
      vertex 0 0 -62.2325
      vertex 36.9413 15.3016 -62.2325
      vertex 36.3121 16.7401 -62.2325
    endloop
  endfacet
  facet normal 0.916188 0.400749 0
    outer loop
      vertex 36.9413 15.3016 -115.012
      vertex 36.3121 16.7401 -115.012
      vertex 36.3121 16.7401 -62.2325
    endloop
  endfacet
  facet normal 0.916188 0.400749 0
    outer loop
      vertex 36.9413 15.3016 -115.012
      vertex 36.3121 16.7401 -62.2325
      vertex 36.9413 15.3016 -62.2325
    endloop
  endfacet
  facet normal 0 0 -1
    outer loop
      vertex 0 0 -115.012
      vertex 35.6269 18.1528 -115.012
      vertex 36.3121 16.7401 -115.012
    endloop
  endfacet
  facet normal 0 0 1
    outer loop
      vertex 0 0 -62.2325
      vertex 36.3121 16.7401 -62.2325
      vertex 35.6269 18.1528 -62.2325
    endloop
  endfacet
  facet normal 0.899748 0.436409 0
    outer loop
      vertex 36.3121 16.7401 -115.012
      vertex 35.6269 18.1528 -115.012
      vertex 35.6269 18.1528 -62.2325
    endloop
  endfacet
  facet normal 0.899748 0.436409 0
    outer loop
      vertex 36.3121 16.7401 -115.012
      vertex 35.6269 18.1528 -62.2325
      vertex 36.3121 16.7401 -62.2325
    endloop
  endfacet
  facet normal 0 0 -1
    outer loop
      vertex 0 0 -115.012
      vertex 34.8868 19.5375 -115.012
      vertex 35.6269 18.1528 -115.012
    endloop
  endfacet
  facet normal 0 0 1
    outer loop
      vertex 0 0 -62.2325
      vertex 35.6269 18.1528 -62.2325
      vertex 34.8868 19.5375 -62.2325
    endloop
  endfacet
  facet normal 0.881921 0.471397 0
    outer loop
      vertex 35.6269 18.1528 -115.012
      vertex 34.8868 19.5375 -115.012
      vertex 34.8868 19.5375 -62.2325
    endloop
  endfacet
  facet normal 0.881921 0.471397 0
    outer loop
      vertex 35.6269 18.1528 -115.012
      vertex 34.8868 19.5375 -62.2325
      vertex 35.6269 18.1528 -62.2325
    endloop
  endfacet
  facet normal 0 0 -1
    outer loop
      vertex 0 0 -115.012
      vertex 34.0928 20.8921 -115.012
      vertex 34.8868 19.5375 -115.012
    endloop
  endfacet
  facet normal 0 0 1
    outer loop
      vertex 0 0 -62.2325
      vertex 34.8868 19.5375 -62.2325
      vertex 34.0928 20.8921 -62.2325
    endloop
  endfacet
  facet normal 0.862734 0.505657 0
    outer loop
      vertex 34.8868 19.5375 -115.012
      vertex 34.0928 20.8921 -115.012
      vertex 34.0928 20.8921 -62.2325
    endloop
  endfacet
  facet normal 0.862734 0.505657 0
    outer loop
      vertex 34.8868 19.5375 -115.012
      vertex 34.0928 20.8921 -62.2325
      vertex 34.8868 19.5375 -62.2325
    endloop
  endfacet
  facet normal 0 0 -1
    outer loop
      vertex 0 0 -115.012
      vertex 33.2463 22.2145 -115.012
      vertex 34.0928 20.8921 -115.012
    endloop
  endfacet
  facet normal 0 0 1
    outer loop
      vertex 0 0 -62.2325
      vertex 34.0928 20.8921 -62.2325
      vertex 33.2463 22.2145 -62.2325
    endloop
  endfacet
  facet normal 0.842217 0.539138 0
    outer loop
      vertex 34.0928 20.8921 -115.012
      vertex 33.2463 22.2145 -115.012
      vertex 33.2463 22.2145 -62.2325
    endloop
  endfacet
  facet normal 0.842217 0.539138 0
    outer loop
      vertex 34.0928 20.8921 -115.012
      vertex 33.2463 22.2145 -62.2325
      vertex 34.0928 20.8921 -62.2325
    endloop
  endfacet
  facet normal 0 0 -1
    outer loop
      vertex 0 0 -115.012
      vertex 32.3485 23.5026 -115.012
      vertex 33.2463 22.2145 -115.012
    endloop
  endfacet
  facet normal 0 0 1
    outer loop
      vertex 0 0 -62.2325
      vertex 33.2463 22.2145 -62.2325
      vertex 32.3485 23.5026 -62.2325
    endloop
  endfacet
  facet normal 0.820401 0.571788 0
    outer loop
      vertex 33.2463 22.2145 -115.012
      vertex 32.3485 23.5026 -115.012
      vertex 32.3485 23.5026 -62.2325
    endloop
  endfacet
  facet normal 0.820401 0.571788 0
    outer loop
      vertex 33.2463 22.2145 -115.012
      vertex 32.3485 23.5026 -62.2325
      vertex 33.2463 22.2145 -62.2325
    endloop
  endfacet
  facet normal 0 0 -1
    outer loop
      vertex 0 0 -115.012
      vertex 31.4009 24.7545 -115.012
      vertex 32.3485 23.5026 -115.012
    endloop
  endfacet
  facet normal 0 0 1
    outer loop
      vertex 0 0 -62.2325
      vertex 32.3485 23.5026 -62.2325
      vertex 31.4009 24.7545 -62.2325
    endloop
  endfacet
  facet normal 0.797321 0.603556 0
    outer loop
      vertex 32.3485 23.5026 -115.012
      vertex 31.4009 24.7545 -115.012
      vertex 31.4009 24.7545 -62.2325
    endloop
  endfacet
  facet normal 0.797321 0.603556 0
    outer loop
      vertex 32.3485 23.5026 -115.012
      vertex 31.4009 24.7545 -62.2325
      vertex 32.3485 23.5026 -62.2325
    endloop
  endfacet
  facet normal 0 0 -1
    outer loop
      vertex 0 0 -115.012
      vertex 30.4048 25.9682 -115.012
      vertex 31.4009 24.7545 -115.012
    endloop
  endfacet
  facet normal 0 0 1
    outer loop
      vertex 0 0 -62.2325
      vertex 31.4009 24.7545 -62.2325
      vertex 30.4048 25.9682 -62.2325
    endloop
  endfacet
  facet normal 0.77301 0.634393 0
    outer loop
      vertex 31.4009 24.7545 -115.012
      vertex 30.4048 25.9682 -115.012
      vertex 30.4048 25.9682 -62.2325
    endloop
  endfacet
  facet normal 0.77301 0.634393 0
    outer loop
      vertex 31.4009 24.7545 -115.012
      vertex 30.4048 25.9682 -62.2325
      vertex 31.4009 24.7545 -62.2325
    endloop
  endfacet
  facet normal 0 0 -1
    outer loop
      vertex 0 0 -115.012
      vertex 29.3619 27.1418 -115.012
      vertex 30.4048 25.9682 -115.012
    endloop
  endfacet
  facet normal 0 0 1
    outer loop
      vertex 0 0 -62.2325
      vertex 30.4048 25.9682 -62.2325
      vertex 29.3619 27.1418 -62.2325
    endloop
  endfacet
  facet normal 0.747508 0.664252 0
    outer loop
      vertex 30.4048 25.9682 -115.012
      vertex 29.3619 27.1418 -115.012
      vertex 29.3619 27.1418 -62.2325
    endloop
  endfacet
  facet normal 0.747508 0.664252 0
    outer loop
      vertex 30.4048 25.9682 -115.012
      vertex 29.3619 27.1418 -62.2325
      vertex 30.4048 25.9682 -62.2325
    endloop
  endfacet
  facet normal 0 0 -1
    outer loop
      vertex 0 0 -115.012
      vertex 28.2737 28.2737 -115.012
      vertex 29.3619 27.1418 -115.012
    endloop
  endfacet
  facet normal 0 0 1
    outer loop
      vertex 0 0 -62.2325
      vertex 29.3619 27.1418 -62.2325
      vertex 28.2737 28.2737 -62.2325
    endloop
  endfacet
  facet normal 0.720854 0.693087 0
    outer loop
      vertex 29.3619 27.1418 -115.012
      vertex 28.2737 28.2737 -115.012
      vertex 28.2737 28.2737 -62.2325
    endloop
  endfacet
  facet normal 0.720854 0.693087 0
    outer loop
      vertex 29.3619 27.1418 -115.012
      vertex 28.2737 28.2737 -62.2325
      vertex 29.3619 27.1418 -62.2325
    endloop
  endfacet
  facet normal 0 0 -1
    outer loop
      vertex 0 0 -115.012
      vertex 27.1418 29.3619 -115.012
      vertex 28.2737 28.2737 -115.012
    endloop
  endfacet
  facet normal 0 0 1
    outer loop
      vertex 0 0 -62.2325
      vertex 28.2737 28.2737 -62.2325
      vertex 27.1418 29.3619 -62.2325
    endloop
  endfacet
  facet normal 0.693087 0.720854 0
    outer loop
      vertex 28.2737 28.2737 -115.012
      vertex 27.1418 29.3619 -115.012
      vertex 27.1418 29.3619 -62.2325
    endloop
  endfacet
  facet normal 0.693087 0.720854 0
    outer loop
      vertex 28.2737 28.2737 -115.012
      vertex 27.1418 29.3619 -62.2325
      vertex 28.2737 28.2737 -62.2325
    endloop
  endfacet
  facet normal 0 0 -1
    outer loop
      vertex 0 0 -115.012
      vertex 25.9682 30.4048 -115.012
      vertex 27.1418 29.3619 -115.012
    endloop
  endfacet
  facet normal 0 0 1
    outer loop
      vertex 0 0 -62.2325
      vertex 27.1418 29.3619 -62.2325
      vertex 25.9682 30.4048 -62.2325
    endloop
  endfacet
  facet normal 0.664252 0.747508 0
    outer loop
      vertex 27.1418 29.3619 -115.012
      vertex 25.9682 30.4048 -115.012
      vertex 25.9682 30.4048 -62.2325
    endloop
  endfacet
  facet normal 0.664252 0.747508 0
    outer loop
      vertex 27.1418 29.3619 -115.012
      vertex 25.9682 30.4048 -62.2325
      vertex 27.1418 29.3619 -62.2325
    endloop
  endfacet
  facet normal 0 0 -1
    outer loop
      vertex 0 0 -115.012
      vertex 24.7545 31.4009 -115.012
      vertex 25.9682 30.4048 -115.012
    endloop
  endfacet
  facet normal 0 0 1
    outer loop
      vertex 0 0 -62.2325
      vertex 25.9682 30.4048 -62.2325
      vertex 24.7545 31.4009 -62.2325
    endloop
  endfacet
  facet normal 0.634393 0.77301 0
    outer loop
      vertex 25.9682 30.4048 -115.012
      vertex 24.7545 31.4009 -115.012
      vertex 24.7545 31.4009 -62.2325
    endloop
  endfacet
  facet normal 0.634393 0.77301 0
    outer loop
      vertex 25.9682 30.4048 -115.012
      vertex 24.7545 31.4009 -62.2325
      vertex 25.9682 30.4048 -62.2325
    endloop
  endfacet
  facet normal 0 0 -1
    outer loop
      vertex 0 0 -115.012
      vertex 23.5026 32.3485 -115.012
      vertex 24.7545 31.4009 -115.012
    endloop
  endfacet
  facet normal 0 0 1
    outer loop
      vertex 0 0 -62.2325
      vertex 24.7545 31.4009 -62.2325
      vertex 23.5026 32.3485 -62.2325
    endloop
  endfacet
  facet normal 0.603556 0.797321 0
    outer loop
      vertex 24.7545 31.4009 -115.012
      vertex 23.5026 32.3485 -115.012
      vertex 23.5026 32.3485 -62.2325
    endloop
  endfacet
  facet normal 0.603556 0.797321 0
    outer loop
      vertex 24.7545 31.4009 -115.012
      vertex 23.5026 32.3485 -62.2325
      vertex 24.7545 31.4009 -62.2325
    endloop
  endfacet
  facet normal 0 0 -1
    outer loop
      vertex 0 0 -115.012
      vertex 22.2145 33.2463 -115.012
      vertex 23.5026 32.3485 -115.012
    endloop
  endfacet
  facet normal 0 0 1
    outer loop
      vertex 0 0 -62.2325
      vertex 23.5026 32.3485 -62.2325
      vertex 22.2145 33.2463 -62.2325
    endloop
  endfacet
  facet normal 0.571788 0.820401 0
    outer loop
      vertex 23.5026 32.3485 -115.012
      vertex 22.2145 33.2463 -115.012
      vertex 22.2145 33.2463 -62.2325
    endloop
  endfacet
  facet normal 0.571788 0.820401 0
    outer loop
      vertex 23.5026 32.3485 -115.012
      vertex 22.2145 33.2463 -62.2325
      vertex 23.5026 32.3485 -62.2325
    endloop
  endfacet
  facet normal 0 0 -1
    outer loop
      vertex 0 0 -115.012
      vertex 20.8921 34.0928 -115.012
      vertex 22.2145 33.2463 -115.012
    endloop
  endfacet
  facet normal 0 0 1
    outer loop
      vertex 0 0 -62.2325
      vertex 22.2145 33.2463 -62.2325
      vertex 20.8921 34.0928 -62.2325
    endloop
  endfacet
  facet normal 0.539138 0.842217 0
    outer loop
      vertex 22.2145 33.2463 -115.012
      vertex 20.8921 34.0928 -115.012
      vertex 20.8921 34.0928 -62.2325
    endloop
  endfacet
  facet normal 0.539138 0.842217 0
    outer loop
      vertex 22.2145 33.2463 -115.012
      vertex 20.8921 34.0928 -62.2325
      vertex 22.2145 33.2463 -62.2325
    endloop
  endfacet
  facet normal 0 0 -1
    outer loop
      vertex 0 0 -115.012
      vertex 19.5375 34.8868 -115.012
      vertex 20.8921 34.0928 -115.012
    endloop
  endfacet
  facet normal 0 0 1
    outer loop
      vertex 0 0 -62.2325
      vertex 20.8921 34.0928 -62.2325
      vertex 19.5375 34.8868 -62.2325
    endloop
  endfacet
  facet normal 0.505657 0.862734 0
    outer loop
      vertex 20.8921 34.0928 -115.012
      vertex 19.5375 34.8868 -115.012
      vertex 19.5375 34.8868 -62.2325
    endloop
  endfacet
  facet normal 0.505657 0.862734 0
    outer loop
      vertex 20.8921 34.0928 -115.012
      vertex 19.5375 34.8868 -62.2325
      vertex 20.8921 34.0928 -62.2325
    endloop
  endfacet
  facet normal 0 0 -1
    outer loop
      vertex 0 0 -115.012
      vertex 18.1528 35.6269 -115.012
      vertex 19.5375 34.8868 -115.012
    endloop
  endfacet
  facet normal 0 0 1
    outer loop
      vertex 0 0 -62.2325
      vertex 19.5375 34.8868 -62.2325
      vertex 18.1528 35.6269 -62.2325
    endloop
  endfacet
  facet normal 0.471397 0.881921 0
    outer loop
      vertex 19.5375 34.8868 -115.012
      vertex 18.1528 35.6269 -115.012
      vertex 18.1528 35.6269 -62.2325
    endloop
  endfacet
  facet normal 0.471397 0.881921 0
    outer loop
      vertex 19.5375 34.8868 -115.012
      vertex 18.1528 35.6269 -62.2325
      vertex 19.5375 34.8868 -62.2325
    endloop
  endfacet
  facet normal 0 0 -1
    outer loop
      vertex 0 0 -115.012
      vertex 16.7401 36.3121 -115.012
      vertex 18.1528 35.6269 -115.012
    endloop
  endfacet
  facet normal 0 0 1
    outer loop
      vertex 0 0 -62.2325
      vertex 18.1528 35.6269 -62.2325
      vertex 16.7401 36.3121 -62.2325
    endloop
  endfacet
  facet normal 0.436409 0.899748 0
    outer loop
      vertex 18.1528 35.6269 -115.012
      vertex 16.7401 36.3121 -115.012
      vertex 16.7401 36.3121 -62.2325
    endloop
  endfacet
  facet normal 0.436409 0.899748 0
    outer loop
      vertex 18.1528 35.6269 -115.012
      vertex 16.7401 36.3121 -62.2325
      vertex 18.1528 35.6269 -62.2325
    endloop
  endfacet
  facet normal 0 0 -1
    outer loop
      vertex 0 0 -115.012
      vertex 15.3016 36.9413 -115.012
      vertex 16.7401 36.3121 -115.012
    endloop
  endfacet
  facet normal 0 0 1
    outer loop
      vertex 0 0 -62.2325
      vertex 16.7401 36.3121 -62.2325
      vertex 15.3016 36.9413 -62.2325
    endloop
  endfacet
  facet normal 0.400749 0.916188 0
    outer loop
      vertex 16.7401 36.3121 -115.012
      vertex 15.3016 36.9413 -115.012
      vertex 15.3016 36.9413 -62.2325
    endloop
  endfacet
  facet normal 0.400749 0.916188 0
    outer loop
      vertex 16.7401 36.3121 -115.012
      vertex 15.3016 36.9413 -62.2325
      vertex 16.7401 36.3121 -62.2325
    endloop
  endfacet
  facet normal 0 0 -1
    outer loop
      vertex 0 0 -115.012
      vertex 13.8395 37.5136 -115.012
      vertex 15.3016 36.9413 -115.012
    endloop
  endfacet
  facet normal 0 0 1
    outer loop
      vertex 0 0 -62.2325
      vertex 15.3016 36.9413 -62.2325
      vertex 13.8395 37.5136 -62.2325
    endloop
  endfacet
  facet normal 0.36447 0.931215 0
    outer loop
      vertex 15.3016 36.9413 -115.012
      vertex 13.8395 37.5136 -115.012
      vertex 13.8395 37.5136 -62.2325
    endloop
  endfacet
  facet normal 0.36447 0.931215 0
    outer loop
      vertex 15.3016 36.9413 -115.012
      vertex 13.8395 37.5136 -62.2325
      vertex 15.3016 36.9413 -62.2325
    endloop
  endfacet
  facet normal 0 0 -1
    outer loop
      vertex 0 0 -115.012
      vertex 12.356 38.028 -115.012
      vertex 13.8395 37.5136 -115.012
    endloop
  endfacet
  facet normal 0 0 1
    outer loop
      vertex 0 0 -62.2325
      vertex 13.8395 37.5136 -62.2325
      vertex 12.356 38.028 -62.2325
    endloop
  endfacet
  facet normal 0.32763 0.944806 0
    outer loop
      vertex 13.8395 37.5136 -115.012
      vertex 12.356 38.028 -115.012
      vertex 12.356 38.028 -62.2325
    endloop
  endfacet
  facet normal 0.32763 0.944806 0
    outer loop
      vertex 13.8395 37.5136 -115.012
      vertex 12.356 38.028 -62.2325
      vertex 13.8395 37.5136 -62.2325
    endloop
  endfacet
  facet normal 0 0 -1
    outer loop
      vertex 0 0 -115.012
      vertex 10.8535 38.4838 -115.012
      vertex 12.356 38.028 -115.012
    endloop
  endfacet
  facet normal 0 0 1
    outer loop
      vertex 0 0 -62.2325
      vertex 12.356 38.028 -62.2325
      vertex 10.8535 38.4838 -62.2325
    endloop
  endfacet
  facet normal 0.290285 0.95694 0
    outer loop
      vertex 12.356 38.028 -115.012
      vertex 10.8535 38.4838 -115.012
      vertex 10.8535 38.4838 -62.2325
    endloop
  endfacet
  facet normal 0.290285 0.95694 0
    outer loop
      vertex 12.356 38.028 -115.012
      vertex 10.8535 38.4838 -62.2325
      vertex 12.356 38.028 -62.2325
    endloop
  endfacet
  facet normal 0 0 -1
    outer loop
      vertex 0 0 -115.012
      vertex 9.33431 38.8802 -115.012
      vertex 10.8535 38.4838 -115.012
    endloop
  endfacet
  facet normal 0 0 1
    outer loop
      vertex 0 0 -62.2325
      vertex 10.8535 38.4838 -62.2325
      vertex 9.33431 38.8802 -62.2325
    endloop
  endfacet
  facet normal 0.252492 0.967599 0
    outer loop
      vertex 10.8535 38.4838 -115.012
      vertex 9.33431 38.8802 -115.012
      vertex 9.33431 38.8802 -62.2325
    endloop
  endfacet
  facet normal 0.252492 0.967599 0
    outer loop
      vertex 10.8535 38.4838 -115.012
      vertex 9.33431 38.8802 -62.2325
      vertex 10.8535 38.4838 -62.2325
    endloop
  endfacet
  facet normal 0 0 -1
    outer loop
      vertex 0 0 -115.012
      vertex 7.80069 39.2167 -115.012
      vertex 9.33431 38.8802 -115.012
    endloop
  endfacet
  facet normal 0 0 1
    outer loop
      vertex 0 0 -62.2325
      vertex 9.33431 38.8802 -62.2325
      vertex 7.80069 39.2167 -62.2325
    endloop
  endfacet
  facet normal 0.214309 0.976766 0
    outer loop
      vertex 9.33431 38.8802 -115.012
      vertex 7.80069 39.2167 -115.012
      vertex 7.80069 39.2167 -62.2325
    endloop
  endfacet
  facet normal 0.214309 0.976766 0
    outer loop
      vertex 9.33431 38.8802 -115.012
      vertex 7.80069 39.2167 -62.2325
      vertex 9.33431 38.8802 -62.2325
    endloop
  endfacet
  facet normal 0 0 -1
    outer loop
      vertex 0 0 -115.012
      vertex 6.25503 39.4927 -115.012
      vertex 7.80069 39.2167 -115.012
    endloop
  endfacet
  facet normal 0 0 1
    outer loop
      vertex 0 0 -62.2325
      vertex 7.80069 39.2167 -62.2325
      vertex 6.25503 39.4927 -62.2325
    endloop
  endfacet
  facet normal 0.175796 0.984427 0
    outer loop
      vertex 7.80069 39.2167 -115.012
      vertex 6.25503 39.4927 -115.012
      vertex 6.25503 39.4927 -62.2325
    endloop
  endfacet
  facet normal 0.175796 0.984427 0
    outer loop
      vertex 7.80069 39.2167 -115.012
      vertex 6.25503 39.4927 -62.2325
      vertex 7.80069 39.2167 -62.2325
    endloop
  endfacet
  facet normal 0 0 -1
    outer loop
      vertex 0 0 -115.012
      vertex 4.69973 39.7078 -115.012
      vertex 6.25503 39.4927 -115.012
    endloop
  endfacet
  facet normal 0 0 1
    outer loop
      vertex 0 0 -62.2325
      vertex 6.25503 39.4927 -62.2325
      vertex 4.69973 39.7078 -62.2325
    endloop
  endfacet
  facet normal 0.137012 0.990569 0
    outer loop
      vertex 6.25503 39.4927 -115.012
      vertex 4.69973 39.7078 -115.012
      vertex 4.69973 39.7078 -62.2325
    endloop
  endfacet
  facet normal 0.137012 0.990569 0
    outer loop
      vertex 6.25503 39.4927 -115.012
      vertex 4.69973 39.7078 -62.2325
      vertex 6.25503 39.4927 -62.2325
    endloop
  endfacet
  facet normal 0 0 -1
    outer loop
      vertex 0 0 -115.012
      vertex 3.13719 39.8617 -115.012
      vertex 4.69973 39.7078 -115.012
    endloop
  endfacet
  facet normal 0 0 1
    outer loop
      vertex 0 0 -62.2325
      vertex 4.69973 39.7078 -62.2325
      vertex 3.13719 39.8617 -62.2325
    endloop
  endfacet
  facet normal 0.0980171 0.995185 0
    outer loop
      vertex 4.69973 39.7078 -115.012
      vertex 3.13719 39.8617 -115.012
      vertex 3.13719 39.8617 -62.2325
    endloop
  endfacet
  facet normal 0.0980171 0.995185 0
    outer loop
      vertex 4.69973 39.7078 -115.012
      vertex 3.13719 39.8617 -62.2325
      vertex 4.69973 39.7078 -62.2325
    endloop
  endfacet
  facet normal 0 0 -1
    outer loop
      vertex 0 0 -115.012
      vertex 1.5698 39.9542 -115.012
      vertex 3.13719 39.8617 -115.012
    endloop
  endfacet
  facet normal 0 0 1
    outer loop
      vertex 0 0 -62.2325
      vertex 3.13719 39.8617 -62.2325
      vertex 1.5698 39.9542 -62.2325
    endloop
  endfacet
  facet normal 0.0588708 0.998266 0
    outer loop
      vertex 3.13719 39.8617 -115.012
      vertex 1.5698 39.9542 -115.012
      vertex 1.5698 39.9542 -62.2325
    endloop
  endfacet
  facet normal 0.0588708 0.998266 0
    outer loop
      vertex 3.13719 39.8617 -115.012
      vertex 1.5698 39.9542 -62.2325
      vertex 3.13719 39.8617 -62.2325
    endloop
  endfacet
  facet normal 0 0 -1
    outer loop
      vertex 0 0 -115.012
      vertex 2.44838e-15 39.985 -115.012
      vertex 1.5698 39.9542 -115.012
    endloop
  endfacet
  facet normal 0 0 1
    outer loop
      vertex 0 0 -62.2325
      vertex 1.5698 39.9542 -62.2325
      vertex 2.44838e-15 39.985 -62.2325
    endloop
  endfacet
  facet normal 0.0196337 0.999807 0
    outer loop
      vertex 1.5698 39.9542 -115.012
      vertex 2.44838e-15 39.985 -115.012
      vertex 2.44838e-15 39.985 -62.2325
    endloop
  endfacet
  facet normal 0.0196337 0.999807 0
    outer loop
      vertex 1.5698 39.9542 -115.012
      vertex 2.44838e-15 39.985 -62.2325
      vertex 1.5698 39.9542 -62.2325
    endloop
  endfacet
  facet normal 0 0 -1
    outer loop
      vertex 0 0 -115.012
      vertex -1.5698 39.9542 -115.012
      vertex 2.44838e-15 39.985 -115.012
    endloop
  endfacet
  facet normal 0 0 1
    outer loop
      vertex 0 0 -62.2325
      vertex 2.44838e-15 39.985 -62.2325
      vertex -1.5698 39.9542 -62.2325
    endloop
  endfacet
  facet normal -0.0196337 0.999807 0
    outer loop
      vertex 2.44838e-15 39.985 -115.012
      vertex -1.5698 39.9542 -115.012
      vertex -1.5698 39.9542 -62.2325
    endloop
  endfacet
  facet normal -0.0196337 0.999807 0
    outer loop
      vertex 2.44838e-15 39.985 -115.012
      vertex -1.5698 39.9542 -62.2325
      vertex 2.44838e-15 39.985 -62.2325
    endloop
  endfacet
  facet normal 0 0 -1
    outer loop
      vertex 0 0 -115.012
      vertex -3.13719 39.8617 -115.012
      vertex -1.5698 39.9542 -115.012
    endloop
  endfacet
  facet normal 0 0 1
    outer loop
      vertex 0 0 -62.2325
      vertex -1.5698 39.9542 -62.2325
      vertex -3.13719 39.8617 -62.2325
    endloop
  endfacet
  facet normal -0.0588708 0.998266 0
    outer loop
      vertex -1.5698 39.9542 -115.012
      vertex -3.13719 39.8617 -115.012
      vertex -3.13719 39.8617 -62.2325
    endloop
  endfacet
  facet normal -0.0588708 0.998266 0
    outer loop
      vertex -1.5698 39.9542 -115.012
      vertex -3.13719 39.8617 -62.2325
      vertex -1.5698 39.9542 -62.2325
    endloop
  endfacet
  facet normal 0 0 -1
    outer loop
      vertex 0 0 -115.012
      vertex -4.69973 39.7078 -115.012
      vertex -3.13719 39.8617 -115.012
    endloop
  endfacet
  facet normal 0 0 1
    outer loop
      vertex 0 0 -62.2325
      vertex -3.13719 39.8617 -62.2325
      vertex -4.69973 39.7078 -62.2325
    endloop
  endfacet
  facet normal -0.0980171 0.995185 0
    outer loop
      vertex -3.13719 39.8617 -115.012
      vertex -4.69973 39.7078 -115.012
      vertex -4.69973 39.7078 -62.2325
    endloop
  endfacet
  facet normal -0.0980171 0.995185 0
    outer loop
      vertex -3.13719 39.8617 -115.012
      vertex -4.69973 39.7078 -62.2325
      vertex -3.13719 39.8617 -62.2325
    endloop
  endfacet
  facet normal 0 0 -1
    outer loop
      vertex 0 0 -115.012
      vertex -6.25503 39.4927 -115.012
      vertex -4.69973 39.7078 -115.012
    endloop
  endfacet
  facet normal 0 0 1
    outer loop
      vertex 0 0 -62.2325
      vertex -4.69973 39.7078 -62.2325
      vertex -6.25503 39.4927 -62.2325
    endloop
  endfacet
  facet normal -0.137012 0.990569 0
    outer loop
      vertex -4.69973 39.7078 -115.012
      vertex -6.25503 39.4927 -115.012
      vertex -6.25503 39.4927 -62.2325
    endloop
  endfacet
  facet normal -0.137012 0.990569 0
    outer loop
      vertex -4.69973 39.7078 -115.012
      vertex -6.25503 39.4927 -62.2325
      vertex -4.69973 39.7078 -62.2325
    endloop
  endfacet
  facet normal 0 0 -1
    outer loop
      vertex 0 0 -115.012
      vertex -7.80069 39.2167 -115.012
      vertex -6.25503 39.4927 -115.012
    endloop
  endfacet
  facet normal 0 0 1
    outer loop
      vertex 0 0 -62.2325
      vertex -6.25503 39.4927 -62.2325
      vertex -7.80069 39.2167 -62.2325
    endloop
  endfacet
  facet normal -0.175796 0.984427 0
    outer loop
      vertex -6.25503 39.4927 -115.012
      vertex -7.80069 39.2167 -115.012
      vertex -7.80069 39.2167 -62.2325
    endloop
  endfacet
  facet normal -0.175796 0.984427 0
    outer loop
      vertex -6.25503 39.4927 -115.012
      vertex -7.80069 39.2167 -62.2325
      vertex -6.25503 39.4927 -62.2325
    endloop
  endfacet
  facet normal 0 0 -1
    outer loop
      vertex 0 0 -115.012
      vertex -9.33431 38.8802 -115.012
      vertex -7.80069 39.2167 -115.012
    endloop
  endfacet
  facet normal 0 0 1
    outer loop
      vertex 0 0 -62.2325
      vertex -7.80069 39.2167 -62.2325
      vertex -9.33431 38.8802 -62.2325
    endloop
  endfacet
  facet normal -0.214309 0.976766 0
    outer loop
      vertex -7.80069 39.2167 -115.012
      vertex -9.33431 38.8802 -115.012
      vertex -9.33431 38.8802 -62.2325
    endloop
  endfacet
  facet normal -0.214309 0.976766 0
    outer loop
      vertex -7.80069 39.2167 -115.012
      vertex -9.33431 38.8802 -62.2325
      vertex -7.80069 39.2167 -62.2325
    endloop
  endfacet
  facet normal 0 0 -1
    outer loop
      vertex 0 0 -115.012
      vertex -10.8535 38.4838 -115.012
      vertex -9.33431 38.8802 -115.012
    endloop
  endfacet
  facet normal 0 0 1
    outer loop
      vertex 0 0 -62.2325
      vertex -9.33431 38.8802 -62.2325
      vertex -10.8535 38.4838 -62.2325
    endloop
  endfacet
  facet normal -0.252492 0.967599 0
    outer loop
      vertex -9.33431 38.8802 -115.012
      vertex -10.8535 38.4838 -115.012
      vertex -10.8535 38.4838 -62.2325
    endloop
  endfacet
  facet normal -0.252492 0.967599 0
    outer loop
      vertex -9.33431 38.8802 -115.012
      vertex -10.8535 38.4838 -62.2325
      vertex -9.33431 38.8802 -62.2325
    endloop
  endfacet
  facet normal 0 0 -1
    outer loop
      vertex 0 0 -115.012
      vertex -12.356 38.028 -115.012
      vertex -10.8535 38.4838 -115.012
    endloop
  endfacet
  facet normal 0 0 1
    outer loop
      vertex 0 0 -62.2325
      vertex -10.8535 38.4838 -62.2325
      vertex -12.356 38.028 -62.2325
    endloop
  endfacet
  facet normal -0.290285 0.95694 0
    outer loop
      vertex -10.8535 38.4838 -115.012
      vertex -12.356 38.028 -115.012
      vertex -12.356 38.028 -62.2325
    endloop
  endfacet
  facet normal -0.290285 0.95694 0
    outer loop
      vertex -10.8535 38.4838 -115.012
      vertex -12.356 38.028 -62.2325
      vertex -10.8535 38.4838 -62.2325
    endloop
  endfacet
  facet normal 0 0 -1
    outer loop
      vertex 0 0 -115.012
      vertex -13.8395 37.5136 -115.012
      vertex -12.356 38.028 -115.012
    endloop
  endfacet
  facet normal 0 0 1
    outer loop
      vertex 0 0 -62.2325
      vertex -12.356 38.028 -62.2325
      vertex -13.8395 37.5136 -62.2325
    endloop
  endfacet
  facet normal -0.32763 0.944806 0
    outer loop
      vertex -12.356 38.028 -115.012
      vertex -13.8395 37.5136 -115.012
      vertex -13.8395 37.5136 -62.2325
    endloop
  endfacet
  facet normal -0.32763 0.944806 0
    outer loop
      vertex -12.356 38.028 -115.012
      vertex -13.8395 37.5136 -62.2325
      vertex -12.356 38.028 -62.2325
    endloop
  endfacet
  facet normal 0 0 -1
    outer loop
      vertex 0 0 -115.012
      vertex -15.3016 36.9413 -115.012
      vertex -13.8395 37.5136 -115.012
    endloop
  endfacet
  facet normal 0 0 1
    outer loop
      vertex 0 0 -62.2325
      vertex -13.8395 37.5136 -62.2325
      vertex -15.3016 36.9413 -62.2325
    endloop
  endfacet
  facet normal -0.36447 0.931215 0
    outer loop
      vertex -13.8395 37.5136 -115.012
      vertex -15.3016 36.9413 -115.012
      vertex -15.3016 36.9413 -62.2325
    endloop
  endfacet
  facet normal -0.36447 0.931215 0
    outer loop
      vertex -13.8395 37.5136 -115.012
      vertex -15.3016 36.9413 -62.2325
      vertex -13.8395 37.5136 -62.2325
    endloop
  endfacet
  facet normal 0 0 -1
    outer loop
      vertex 0 0 -115.012
      vertex -16.7401 36.3121 -115.012
      vertex -15.3016 36.9413 -115.012
    endloop
  endfacet
  facet normal 0 0 1
    outer loop
      vertex 0 0 -62.2325
      vertex -15.3016 36.9413 -62.2325
      vertex -16.7401 36.3121 -62.2325
    endloop
  endfacet
  facet normal -0.400749 0.916188 0
    outer loop
      vertex -15.3016 36.9413 -115.012
      vertex -16.7401 36.3121 -115.012
      vertex -16.7401 36.3121 -62.2325
    endloop
  endfacet
  facet normal -0.400749 0.916188 0
    outer loop
      vertex -15.3016 36.9413 -115.012
      vertex -16.7401 36.3121 -62.2325
      vertex -15.3016 36.9413 -62.2325
    endloop
  endfacet
  facet normal 0 0 -1
    outer loop
      vertex 0 0 -115.012
      vertex -18.1528 35.6269 -115.012
      vertex -16.7401 36.3121 -115.012
    endloop
  endfacet
  facet normal 0 0 1
    outer loop
      vertex 0 0 -62.2325
      vertex -16.7401 36.3121 -62.2325
      vertex -18.1528 35.6269 -62.2325
    endloop
  endfacet
  facet normal -0.436409 0.899748 0
    outer loop
      vertex -16.7401 36.3121 -115.012
      vertex -18.1528 35.6269 -115.012
      vertex -18.1528 35.6269 -62.2325
    endloop
  endfacet
  facet normal -0.436409 0.899748 0
    outer loop
      vertex -16.7401 36.3121 -115.012
      vertex -18.1528 35.6269 -62.2325
      vertex -16.7401 36.3121 -62.2325
    endloop
  endfacet
  facet normal 0 0 -1
    outer loop
      vertex 0 0 -115.012
      vertex -19.5375 34.8868 -115.012
      vertex -18.1528 35.6269 -115.012
    endloop
  endfacet
  facet normal 0 0 1
    outer loop
      vertex 0 0 -62.2325
      vertex -18.1528 35.6269 -62.2325
      vertex -19.5375 34.8868 -62.2325
    endloop
  endfacet
  facet normal -0.471397 0.881921 0
    outer loop
      vertex -18.1528 35.6269 -115.012
      vertex -19.5375 34.8868 -115.012
      vertex -19.5375 34.8868 -62.2325
    endloop
  endfacet
  facet normal -0.471397 0.881921 0
    outer loop
      vertex -18.1528 35.6269 -115.012
      vertex -19.5375 34.8868 -62.2325
      vertex -18.1528 35.6269 -62.2325
    endloop
  endfacet
  facet normal 0 0 -1
    outer loop
      vertex 0 0 -115.012
      vertex -20.8921 34.0928 -115.012
      vertex -19.5375 34.8868 -115.012
    endloop
  endfacet
  facet normal 0 0 1
    outer loop
      vertex 0 0 -62.2325
      vertex -19.5375 34.8868 -62.2325
      vertex -20.8921 34.0928 -62.2325
    endloop
  endfacet
  facet normal -0.505657 0.862734 0
    outer loop
      vertex -19.5375 34.8868 -115.012
      vertex -20.8921 34.0928 -115.012
      vertex -20.8921 34.0928 -62.2325
    endloop
  endfacet
  facet normal -0.505657 0.862734 0
    outer loop
      vertex -19.5375 34.8868 -115.012
      vertex -20.8921 34.0928 -62.2325
      vertex -19.5375 34.8868 -62.2325
    endloop
  endfacet
  facet normal 0 0 -1
    outer loop
      vertex 0 0 -115.012
      vertex -22.2145 33.2463 -115.012
      vertex -20.8921 34.0928 -115.012
    endloop
  endfacet
  facet normal 0 0 1
    outer loop
      vertex 0 0 -62.2325
      vertex -20.8921 34.0928 -62.2325
      vertex -22.2145 33.2463 -62.2325
    endloop
  endfacet
  facet normal -0.539138 0.842217 0
    outer loop
      vertex -20.8921 34.0928 -115.012
      vertex -22.2145 33.2463 -115.012
      vertex -22.2145 33.2463 -62.2325
    endloop
  endfacet
  facet normal -0.539138 0.842217 0
    outer loop
      vertex -20.8921 34.0928 -115.012
      vertex -22.2145 33.2463 -62.2325
      vertex -20.8921 34.0928 -62.2325
    endloop
  endfacet
  facet normal 0 0 -1
    outer loop
      vertex 0 0 -115.012
      vertex -23.5026 32.3485 -115.012
      vertex -22.2145 33.2463 -115.012
    endloop
  endfacet
  facet normal 0 0 1
    outer loop
      vertex 0 0 -62.2325
      vertex -22.2145 33.2463 -62.2325
      vertex -23.5026 32.3485 -62.2325
    endloop
  endfacet
  facet normal -0.571788 0.820401 0
    outer loop
      vertex -22.2145 33.2463 -115.012
      vertex -23.5026 32.3485 -115.012
      vertex -23.5026 32.3485 -62.2325
    endloop
  endfacet
  facet normal -0.571788 0.820401 0
    outer loop
      vertex -22.2145 33.2463 -115.012
      vertex -23.5026 32.3485 -62.2325
      vertex -22.2145 33.2463 -62.2325
    endloop
  endfacet
  facet normal 0 0 -1
    outer loop
      vertex 0 0 -115.012
      vertex -24.7545 31.4009 -115.012
      vertex -23.5026 32.3485 -115.012
    endloop
  endfacet
  facet normal 0 0 1
    outer loop
      vertex 0 0 -62.2325
      vertex -23.5026 32.3485 -62.2325
      vertex -24.7545 31.4009 -62.2325
    endloop
  endfacet
  facet normal -0.603556 0.797321 0
    outer loop
      vertex -23.5026 32.3485 -115.012
      vertex -24.7545 31.4009 -115.012
      vertex -24.7545 31.4009 -62.2325
    endloop
  endfacet
  facet normal -0.603556 0.797321 0
    outer loop
      vertex -23.5026 32.3485 -115.012
      vertex -24.7545 31.4009 -62.2325
      vertex -23.5026 32.3485 -62.2325
    endloop
  endfacet
  facet normal 0 0 -1
    outer loop
      vertex 0 0 -115.012
      vertex -25.9682 30.4048 -115.012
      vertex -24.7545 31.4009 -115.012
    endloop
  endfacet
  facet normal 0 0 1
    outer loop
      vertex 0 0 -62.2325
      vertex -24.7545 31.4009 -62.2325
      vertex -25.9682 30.4048 -62.2325
    endloop
  endfacet
  facet normal -0.634393 0.77301 0
    outer loop
      vertex -24.7545 31.4009 -115.012
      vertex -25.9682 30.4048 -115.012
      vertex -25.9682 30.4048 -62.2325
    endloop
  endfacet
  facet normal -0.634393 0.77301 0
    outer loop
      vertex -24.7545 31.4009 -115.012
      vertex -25.9682 30.4048 -62.2325
      vertex -24.7545 31.4009 -62.2325
    endloop
  endfacet
  facet normal 0 0 -1
    outer loop
      vertex 0 0 -115.012
      vertex -27.1418 29.3619 -115.012
      vertex -25.9682 30.4048 -115.012
    endloop
  endfacet
  facet normal 0 0 1
    outer loop
      vertex 0 0 -62.2325
      vertex -25.9682 30.4048 -62.2325
      vertex -27.1418 29.3619 -62.2325
    endloop
  endfacet
  facet normal -0.664252 0.747508 0
    outer loop
      vertex -25.9682 30.4048 -115.012
      vertex -27.1418 29.3619 -115.012
      vertex -27.1418 29.3619 -62.2325
    endloop
  endfacet
  facet normal -0.664252 0.747508 0
    outer loop
      vertex -25.9682 30.4048 -115.012
      vertex -27.1418 29.3619 -62.2325
      vertex -25.9682 30.4048 -62.2325
    endloop
  endfacet
  facet normal 0 0 -1
    outer loop
      vertex 0 0 -115.012
      vertex -28.2737 28.2737 -115.012
      vertex -27.1418 29.3619 -115.012
    endloop
  endfacet
  facet normal 0 0 1
    outer loop
      vertex 0 0 -62.2325
      vertex -27.1418 29.3619 -62.2325
      vertex -28.2737 28.2737 -62.2325
    endloop
  endfacet
  facet normal -0.693087 0.720854 0
    outer loop
      vertex -27.1418 29.3619 -115.012
      vertex -28.2737 28.2737 -115.012
      vertex -28.2737 28.2737 -62.2325
    endloop
  endfacet
  facet normal -0.693087 0.720854 0
    outer loop
      vertex -27.1418 29.3619 -115.012
      vertex -28.2737 28.2737 -62.2325
      vertex -27.1418 29.3619 -62.2325
    endloop
  endfacet
  facet normal 0 0 -1
    outer loop
      vertex 0 0 -115.012
      vertex -29.3619 27.1418 -115.012
      vertex -28.2737 28.2737 -115.012
    endloop
  endfacet
  facet normal 0 0 1
    outer loop
      vertex 0 0 -62.2325
      vertex -28.2737 28.2737 -62.2325
      vertex -29.3619 27.1418 -62.2325
    endloop
  endfacet
  facet normal -0.720854 0.693087 0
    outer loop
      vertex -28.2737 28.2737 -115.012
      vertex -29.3619 27.1418 -115.012
      vertex -29.3619 27.1418 -62.2325
    endloop
  endfacet
  facet normal -0.720854 0.693087 0
    outer loop
      vertex -28.2737 28.2737 -115.012
      vertex -29.3619 27.1418 -62.2325
      vertex -28.2737 28.2737 -62.2325
    endloop
  endfacet
  facet normal 0 0 -1
    outer loop
      vertex 0 0 -115.012
      vertex -30.4048 25.9682 -115.012
      vertex -29.3619 27.1418 -115.012
    endloop
  endfacet
  facet normal 0 0 1
    outer loop
      vertex 0 0 -62.2325
      vertex -29.3619 27.1418 -62.2325
      vertex -30.4048 25.9682 -62.2325
    endloop
  endfacet
  facet normal -0.747508 0.664252 0
    outer loop
      vertex -29.3619 27.1418 -115.012
      vertex -30.4048 25.9682 -115.012
      vertex -30.4048 25.9682 -62.2325
    endloop
  endfacet
  facet normal -0.747508 0.664252 0
    outer loop
      vertex -29.3619 27.1418 -115.012
      vertex -30.4048 25.9682 -62.2325
      vertex -29.3619 27.1418 -62.2325
    endloop
  endfacet
  facet normal 0 0 -1
    outer loop
      vertex 0 0 -115.012
      vertex -31.4009 24.7545 -115.012
      vertex -30.4048 25.9682 -115.012
    endloop
  endfacet
  facet normal 0 0 1
    outer loop
      vertex 0 0 -62.2325
      vertex -30.4048 25.9682 -62.2325
      vertex -31.4009 24.7545 -62.2325
    endloop
  endfacet
  facet normal -0.77301 0.634393 0
    outer loop
      vertex -30.4048 25.9682 -115.012
      vertex -31.4009 24.7545 -115.012
      vertex -31.4009 24.7545 -62.2325
    endloop
  endfacet
  facet normal -0.77301 0.634393 0
    outer loop
      vertex -30.4048 25.9682 -115.012
      vertex -31.4009 24.7545 -62.2325
      vertex -30.4048 25.9682 -62.2325
    endloop
  endfacet
  facet normal 0 0 -1
    outer loop
      vertex 0 0 -115.012
      vertex -32.3485 23.5026 -115.012
      vertex -31.4009 24.7545 -115.012
    endloop
  endfacet
  facet normal 0 0 1
    outer loop
      vertex 0 0 -62.2325
      vertex -31.4009 24.7545 -62.2325
      vertex -32.3485 23.5026 -62.2325
    endloop
  endfacet
  facet normal -0.797321 0.603556 0
    outer loop
      vertex -31.4009 24.7545 -115.012
      vertex -32.3485 23.5026 -115.012
      vertex -32.3485 23.5026 -62.2325
    endloop
  endfacet
  facet normal -0.797321 0.603556 0
    outer loop
      vertex -31.4009 24.7545 -115.012
      vertex -32.3485 23.5026 -62.2325
      vertex -31.4009 24.7545 -62.2325
    endloop
  endfacet
  facet normal 0 0 -1
    outer loop
      vertex 0 0 -115.012
      vertex -33.2463 22.2145 -115.012
      vertex -32.3485 23.5026 -115.012
    endloop
  endfacet
  facet normal 0 0 1
    outer loop
      vertex 0 0 -62.2325
      vertex -32.3485 23.5026 -62.2325
      vertex -33.2463 22.2145 -62.2325
    endloop
  endfacet
  facet normal -0.820401 0.571788 0
    outer loop
      vertex -32.3485 23.5026 -115.012
      vertex -33.2463 22.2145 -115.012
      vertex -33.2463 22.2145 -62.2325
    endloop
  endfacet
  facet normal -0.820401 0.571788 0
    outer loop
      vertex -32.3485 23.5026 -115.012
      vertex -33.2463 22.2145 -62.2325
      vertex -32.3485 23.5026 -62.2325
    endloop
  endfacet
  facet normal 0 0 -1
    outer loop
      vertex 0 0 -115.012
      vertex -34.0928 20.8921 -115.012
      vertex -33.2463 22.2145 -115.012
    endloop
  endfacet
  facet normal 0 0 1
    outer loop
      vertex 0 0 -62.2325
      vertex -33.2463 22.2145 -62.2325
      vertex -34.0928 20.8921 -62.2325
    endloop
  endfacet
  facet normal -0.842217 0.539138 0
    outer loop
      vertex -33.2463 22.2145 -115.012
      vertex -34.0928 20.8921 -115.012
      vertex -34.0928 20.8921 -62.2325
    endloop
  endfacet
  facet normal -0.842217 0.539138 0
    outer loop
      vertex -33.2463 22.2145 -115.012
      vertex -34.0928 20.8921 -62.2325
      vertex -33.2463 22.2145 -62.2325
    endloop
  endfacet
  facet normal 0 0 -1
    outer loop
      vertex 0 0 -115.012
      vertex -34.8868 19.5375 -115.012
      vertex -34.0928 20.8921 -115.012
    endloop
  endfacet
  facet normal 0 0 1
    outer loop
      vertex 0 0 -62.2325
      vertex -34.0928 20.8921 -62.2325
      vertex -34.8868 19.5375 -62.2325
    endloop
  endfacet
  facet normal -0.862734 0.505657 0
    outer loop
      vertex -34.0928 20.8921 -115.012
      vertex -34.8868 19.5375 -115.012
      vertex -34.8868 19.5375 -62.2325
    endloop
  endfacet
  facet normal -0.862734 0.505657 0
    outer loop
      vertex -34.0928 20.8921 -115.012
      vertex -34.8868 19.5375 -62.2325
      vertex -34.0928 20.8921 -62.2325
    endloop
  endfacet
  facet normal 0 0 -1
    outer loop
      vertex 0 0 -115.012
      vertex -35.6269 18.1528 -115.012
      vertex -34.8868 19.5375 -115.012
    endloop
  endfacet
  facet normal 0 0 1
    outer loop
      vertex 0 0 -62.2325
      vertex -34.8868 19.5375 -62.2325
      vertex -35.6269 18.1528 -62.2325
    endloop
  endfacet
  facet normal -0.881921 0.471397 0
    outer loop
      vertex -34.8868 19.5375 -115.012
      vertex -35.6269 18.1528 -115.012
      vertex -35.6269 18.1528 -62.2325
    endloop
  endfacet
  facet normal -0.881921 0.471397 0
    outer loop
      vertex -34.8868 19.5375 -115.012
      vertex -35.6269 18.1528 -62.2325
      vertex -34.8868 19.5375 -62.2325
    endloop
  endfacet
  facet normal 0 0 -1
    outer loop
      vertex 0 0 -115.012
      vertex -36.3121 16.7401 -115.012
      vertex -35.6269 18.1528 -115.012
    endloop
  endfacet
  facet normal 0 0 1
    outer loop
      vertex 0 0 -62.2325
      vertex -35.6269 18.1528 -62.2325
      vertex -36.3121 16.7401 -62.2325
    endloop
  endfacet
  facet normal -0.899748 0.436409 0
    outer loop
      vertex -35.6269 18.1528 -115.012
      vertex -36.3121 16.7401 -115.012
      vertex -36.3121 16.7401 -62.2325
    endloop
  endfacet
  facet normal -0.899748 0.436409 0
    outer loop
      vertex -35.6269 18.1528 -115.012
      vertex -36.3121 16.7401 -62.2325
      vertex -35.6269 18.1528 -62.2325
    endloop
  endfacet
  facet normal 0 0 -1
    outer loop
      vertex 0 0 -115.012
      vertex -36.9413 15.3016 -115.012
      vertex -36.3121 16.7401 -115.012
    endloop
  endfacet
  facet normal 0 0 1
    outer loop
      vertex 0 0 -62.2325
      vertex -36.3121 16.7401 -62.2325
      vertex -36.9413 15.3016 -62.2325
    endloop
  endfacet
  facet normal -0.916188 0.400749 0
    outer loop
      vertex -36.3121 16.7401 -115.012
      vertex -36.9413 15.3016 -115.012
      vertex -36.9413 15.3016 -62.2325
    endloop
  endfacet
  facet normal -0.916188 0.400749 0
    outer loop
      vertex -36.3121 16.7401 -115.012
      vertex -36.9413 15.3016 -62.2325
      vertex -36.3121 16.7401 -62.2325
    endloop
  endfacet
  facet normal 0 0 -1
    outer loop
      vertex 0 0 -115.012
      vertex -37.5136 13.8395 -115.012
      vertex -36.9413 15.3016 -115.012
    endloop
  endfacet
  facet normal 0 0 1
    outer loop
      vertex 0 0 -62.2325
      vertex -36.9413 15.3016 -62.2325
      vertex -37.5136 13.8395 -62.2325
    endloop
  endfacet
  facet normal -0.931215 0.36447 0
    outer loop
      vertex -36.9413 15.3016 -115.012
      vertex -37.5136 13.8395 -115.012
      vertex -37.5136 13.8395 -62.2325
    endloop
  endfacet
  facet normal -0.931215 0.36447 0
    outer loop
      vertex -36.9413 15.3016 -115.012
      vertex -37.5136 13.8395 -62.2325
      vertex -36.9413 15.3016 -62.2325
    endloop
  endfacet
  facet normal 0 0 -1
    outer loop
      vertex 0 0 -115.012
      vertex -38.028 12.356 -115.012
      vertex -37.5136 13.8395 -115.012
    endloop
  endfacet
  facet normal 0 0 1
    outer loop
      vertex 0 0 -62.2325
      vertex -37.5136 13.8395 -62.2325
      vertex -38.028 12.356 -62.2325
    endloop
  endfacet
  facet normal -0.944806 0.32763 0
    outer loop
      vertex -37.5136 13.8395 -115.012
      vertex -38.028 12.356 -115.012
      vertex -38.028 12.356 -62.2325
    endloop
  endfacet
  facet normal -0.944806 0.32763 0
    outer loop
      vertex -37.5136 13.8395 -115.012
      vertex -38.028 12.356 -62.2325
      vertex -37.5136 13.8395 -62.2325
    endloop
  endfacet
  facet normal 0 0 -1
    outer loop
      vertex 0 0 -115.012
      vertex -38.4838 10.8535 -115.012
      vertex -38.028 12.356 -115.012
    endloop
  endfacet
  facet normal 0 0 1
    outer loop
      vertex 0 0 -62.2325
      vertex -38.028 12.356 -62.2325
      vertex -38.4838 10.8535 -62.2325
    endloop
  endfacet
  facet normal -0.95694 0.290285 0
    outer loop
      vertex -38.028 12.356 -115.012
      vertex -38.4838 10.8535 -115.012
      vertex -38.4838 10.8535 -62.2325
    endloop
  endfacet
  facet normal -0.95694 0.290285 0
    outer loop
      vertex -38.028 12.356 -115.012
      vertex -38.4838 10.8535 -62.2325
      vertex -38.028 12.356 -62.2325
    endloop
  endfacet
  facet normal 0 0 -1
    outer loop
      vertex 0 0 -115.012
      vertex -38.8802 9.33431 -115.012
      vertex -38.4838 10.8535 -115.012
    endloop
  endfacet
  facet normal 0 0 1
    outer loop
      vertex 0 0 -62.2325
      vertex -38.4838 10.8535 -62.2325
      vertex -38.8802 9.33431 -62.2325
    endloop
  endfacet
  facet normal -0.967599 0.252492 0
    outer loop
      vertex -38.4838 10.8535 -115.012
      vertex -38.8802 9.33431 -115.012
      vertex -38.8802 9.33431 -62.2325
    endloop
  endfacet
  facet normal -0.967599 0.252492 0
    outer loop
      vertex -38.4838 10.8535 -115.012
      vertex -38.8802 9.33431 -62.2325
      vertex -38.4838 10.8535 -62.2325
    endloop
  endfacet
  facet normal 0 0 -1
    outer loop
      vertex 0 0 -115.012
      vertex -39.2167 7.80069 -115.012
      vertex -38.8802 9.33431 -115.012
    endloop
  endfacet
  facet normal 0 0 1
    outer loop
      vertex 0 0 -62.2325
      vertex -38.8802 9.33431 -62.2325
      vertex -39.2167 7.80069 -62.2325
    endloop
  endfacet
  facet normal -0.976766 0.214309 0
    outer loop
      vertex -38.8802 9.33431 -115.012
      vertex -39.2167 7.80069 -115.012
      vertex -39.2167 7.80069 -62.2325
    endloop
  endfacet
  facet normal -0.976766 0.214309 0
    outer loop
      vertex -38.8802 9.33431 -115.012
      vertex -39.2167 7.80069 -62.2325
      vertex -38.8802 9.33431 -62.2325
    endloop
  endfacet
  facet normal 0 0 -1
    outer loop
      vertex 0 0 -115.012
      vertex -39.4927 6.25503 -115.012
      vertex -39.2167 7.80069 -115.012
    endloop
  endfacet
  facet normal 0 0 1
    outer loop
      vertex 0 0 -62.2325
      vertex -39.2167 7.80069 -62.2325
      vertex -39.4927 6.25503 -62.2325
    endloop
  endfacet
  facet normal -0.984427 0.175796 0
    outer loop
      vertex -39.2167 7.80069 -115.012
      vertex -39.4927 6.25503 -115.012
      vertex -39.4927 6.25503 -62.2325
    endloop
  endfacet
  facet normal -0.984427 0.175796 0
    outer loop
      vertex -39.2167 7.80069 -115.012
      vertex -39.4927 6.25503 -62.2325
      vertex -39.2167 7.80069 -62.2325
    endloop
  endfacet
  facet normal 0 0 -1
    outer loop
      vertex 0 0 -115.012
      vertex -39.7078 4.69973 -115.012
      vertex -39.4927 6.25503 -115.012
    endloop
  endfacet
  facet normal 0 0 1
    outer loop
      vertex 0 0 -62.2325
      vertex -39.4927 6.25503 -62.2325
      vertex -39.7078 4.69973 -62.2325
    endloop
  endfacet
  facet normal -0.990569 0.137012 0
    outer loop
      vertex -39.4927 6.25503 -115.012
      vertex -39.7078 4.69973 -115.012
      vertex -39.7078 4.69973 -62.2325
    endloop
  endfacet
  facet normal -0.990569 0.137012 0
    outer loop
      vertex -39.4927 6.25503 -115.012
      vertex -39.7078 4.69973 -62.2325
      vertex -39.4927 6.25503 -62.2325
    endloop
  endfacet
  facet normal 0 0 -1
    outer loop
      vertex 0 0 -115.012
      vertex -39.8617 3.13719 -115.012
      vertex -39.7078 4.69973 -115.012
    endloop
  endfacet
  facet normal 0 0 1
    outer loop
      vertex 0 0 -62.2325
      vertex -39.7078 4.69973 -62.2325
      vertex -39.8617 3.13719 -62.2325
    endloop
  endfacet
  facet normal -0.995185 0.0980171 0
    outer loop
      vertex -39.7078 4.69973 -115.012
      vertex -39.8617 3.13719 -115.012
      vertex -39.8617 3.13719 -62.2325
    endloop
  endfacet
  facet normal -0.995185 0.0980171 0
    outer loop
      vertex -39.7078 4.69973 -115.012
      vertex -39.8617 3.13719 -62.2325
      vertex -39.7078 4.69973 -62.2325
    endloop
  endfacet
  facet normal 0 0 -1
    outer loop
      vertex 0 0 -115.012
      vertex -39.9542 1.5698 -115.012
      vertex -39.8617 3.13719 -115.012
    endloop
  endfacet
  facet normal 0 0 1
    outer loop
      vertex 0 0 -62.2325
      vertex -39.8617 3.13719 -62.2325
      vertex -39.9542 1.5698 -62.2325
    endloop
  endfacet
  facet normal -0.998266 0.0588708 0
    outer loop
      vertex -39.8617 3.13719 -115.012
      vertex -39.9542 1.5698 -115.012
      vertex -39.9542 1.5698 -62.2325
    endloop
  endfacet
  facet normal -0.998266 0.0588708 0
    outer loop
      vertex -39.8617 3.13719 -115.012
      vertex -39.9542 1.5698 -62.2325
      vertex -39.8617 3.13719 -62.2325
    endloop
  endfacet
  facet normal 0 0 -1
    outer loop
      vertex 0 0 -115.012
      vertex -39.985 4.89675e-15 -115.012
      vertex -39.9542 1.5698 -115.012
    endloop
  endfacet
  facet normal 0 0 1
    outer loop
      vertex 0 0 -62.2325
      vertex -39.9542 1.5698 -62.2325
      vertex -39.985 4.89675e-15 -62.2325
    endloop
  endfacet
  facet normal -0.999807 0.0196337 0
    outer loop
      vertex -39.9542 1.5698 -115.012
      vertex -39.985 4.89675e-15 -115.012
      vertex -39.985 4.89675e-15 -62.2325
    endloop
  endfacet
  facet normal -0.999807 0.0196337 0
    outer loop
      vertex -39.9542 1.5698 -115.012
      vertex -39.985 4.89675e-15 -62.2325
      vertex -39.9542 1.5698 -62.2325
    endloop
  endfacet
  facet normal 0 0 -1
    outer loop
      vertex 0 0 -115.012
      vertex -39.9542 -1.5698 -115.012
      vertex -39.985 4.89675e-15 -115.012
    endloop
  endfacet
  facet normal 0 0 1
    outer loop
      vertex 0 0 -62.2325
      vertex -39.985 4.89675e-15 -62.2325
      vertex -39.9542 -1.5698 -62.2325
    endloop
  endfacet
  facet normal -0.999807 -0.0196337 0
    outer loop
      vertex -39.985 4.89675e-15 -115.012
      vertex -39.9542 -1.5698 -115.012
      vertex -39.9542 -1.5698 -62.2325
    endloop
  endfacet
  facet normal -0.999807 -0.0196337 0
    outer loop
      vertex -39.985 4.89675e-15 -115.012
      vertex -39.9542 -1.5698 -62.2325
      vertex -39.985 4.89675e-15 -62.2325
    endloop
  endfacet
  facet normal 0 0 -1
    outer loop
      vertex 0 0 -115.012
      vertex -39.8617 -3.13719 -115.012
      vertex -39.9542 -1.5698 -115.012
    endloop
  endfacet
  facet normal 0 0 1
    outer loop
      vertex 0 0 -62.2325
      vertex -39.9542 -1.5698 -62.2325
      vertex -39.8617 -3.13719 -62.2325
    endloop
  endfacet
  facet normal -0.998266 -0.0588708 0
    outer loop
      vertex -39.9542 -1.5698 -115.012
      vertex -39.8617 -3.13719 -115.012
      vertex -39.8617 -3.13719 -62.2325
    endloop
  endfacet
  facet normal -0.998266 -0.0588708 0
    outer loop
      vertex -39.9542 -1.5698 -115.012
      vertex -39.8617 -3.13719 -62.2325
      vertex -39.9542 -1.5698 -62.2325
    endloop
  endfacet
  facet normal 0 0 -1
    outer loop
      vertex 0 0 -115.012
      vertex -39.7078 -4.69973 -115.012
      vertex -39.8617 -3.13719 -115.012
    endloop
  endfacet
  facet normal 0 0 1
    outer loop
      vertex 0 0 -62.2325
      vertex -39.8617 -3.13719 -62.2325
      vertex -39.7078 -4.69973 -62.2325
    endloop
  endfacet
  facet normal -0.995185 -0.0980171 0
    outer loop
      vertex -39.8617 -3.13719 -115.012
      vertex -39.7078 -4.69973 -115.012
      vertex -39.7078 -4.69973 -62.2325
    endloop
  endfacet
  facet normal -0.995185 -0.0980171 0
    outer loop
      vertex -39.8617 -3.13719 -115.012
      vertex -39.7078 -4.69973 -62.2325
      vertex -39.8617 -3.13719 -62.2325
    endloop
  endfacet
  facet normal 0 0 -1
    outer loop
      vertex 0 0 -115.012
      vertex -39.4927 -6.25503 -115.012
      vertex -39.7078 -4.69973 -115.012
    endloop
  endfacet
  facet normal 0 0 1
    outer loop
      vertex 0 0 -62.2325
      vertex -39.7078 -4.69973 -62.2325
      vertex -39.4927 -6.25503 -62.2325
    endloop
  endfacet
  facet normal -0.990569 -0.137012 0
    outer loop
      vertex -39.7078 -4.69973 -115.012
      vertex -39.4927 -6.25503 -115.012
      vertex -39.4927 -6.25503 -62.2325
    endloop
  endfacet
  facet normal -0.990569 -0.137012 0
    outer loop
      vertex -39.7078 -4.69973 -115.012
      vertex -39.4927 -6.25503 -62.2325
      vertex -39.7078 -4.69973 -62.2325
    endloop
  endfacet
  facet normal 0 0 -1
    outer loop
      vertex 0 0 -115.012
      vertex -39.2167 -7.80069 -115.012
      vertex -39.4927 -6.25503 -115.012
    endloop
  endfacet
  facet normal 0 0 1
    outer loop
      vertex 0 0 -62.2325
      vertex -39.4927 -6.25503 -62.2325
      vertex -39.2167 -7.80069 -62.2325
    endloop
  endfacet
  facet normal -0.984427 -0.175796 0
    outer loop
      vertex -39.4927 -6.25503 -115.012
      vertex -39.2167 -7.80069 -115.012
      vertex -39.2167 -7.80069 -62.2325
    endloop
  endfacet
  facet normal -0.984427 -0.175796 0
    outer loop
      vertex -39.4927 -6.25503 -115.012
      vertex -39.2167 -7.80069 -62.2325
      vertex -39.4927 -6.25503 -62.2325
    endloop
  endfacet
  facet normal 0 0 -1
    outer loop
      vertex 0 0 -115.012
      vertex -38.8802 -9.33431 -115.012
      vertex -39.2167 -7.80069 -115.012
    endloop
  endfacet
  facet normal 0 0 1
    outer loop
      vertex 0 0 -62.2325
      vertex -39.2167 -7.80069 -62.2325
      vertex -38.8802 -9.33431 -62.2325
    endloop
  endfacet
  facet normal -0.976766 -0.214309 0
    outer loop
      vertex -39.2167 -7.80069 -115.012
      vertex -38.8802 -9.33431 -115.012
      vertex -38.8802 -9.33431 -62.2325
    endloop
  endfacet
  facet normal -0.976766 -0.214309 0
    outer loop
      vertex -39.2167 -7.80069 -115.012
      vertex -38.8802 -9.33431 -62.2325
      vertex -39.2167 -7.80069 -62.2325
    endloop
  endfacet
  facet normal 0 0 -1
    outer loop
      vertex 0 0 -115.012
      vertex -38.4838 -10.8535 -115.012
      vertex -38.8802 -9.33431 -115.012
    endloop
  endfacet
  facet normal 0 0 1
    outer loop
      vertex 0 0 -62.2325
      vertex -38.8802 -9.33431 -62.2325
      vertex -38.4838 -10.8535 -62.2325
    endloop
  endfacet
  facet normal -0.967599 -0.252492 0
    outer loop
      vertex -38.8802 -9.33431 -115.012
      vertex -38.4838 -10.8535 -115.012
      vertex -38.4838 -10.8535 -62.2325
    endloop
  endfacet
  facet normal -0.967599 -0.252492 0
    outer loop
      vertex -38.8802 -9.33431 -115.012
      vertex -38.4838 -10.8535 -62.2325
      vertex -38.8802 -9.33431 -62.2325
    endloop
  endfacet
  facet normal 0 0 -1
    outer loop
      vertex 0 0 -115.012
      vertex -38.028 -12.356 -115.012
      vertex -38.4838 -10.8535 -115.012
    endloop
  endfacet
  facet normal 0 0 1
    outer loop
      vertex 0 0 -62.2325
      vertex -38.4838 -10.8535 -62.2325
      vertex -38.028 -12.356 -62.2325
    endloop
  endfacet
  facet normal -0.95694 -0.290285 0
    outer loop
      vertex -38.4838 -10.8535 -115.012
      vertex -38.028 -12.356 -115.012
      vertex -38.028 -12.356 -62.2325
    endloop
  endfacet
  facet normal -0.95694 -0.290285 0
    outer loop
      vertex -38.4838 -10.8535 -115.012
      vertex -38.028 -12.356 -62.2325
      vertex -38.4838 -10.8535 -62.2325
    endloop
  endfacet
  facet normal 0 0 -1
    outer loop
      vertex 0 0 -115.012
      vertex -37.5136 -13.8395 -115.012
      vertex -38.028 -12.356 -115.012
    endloop
  endfacet
  facet normal 0 0 1
    outer loop
      vertex 0 0 -62.2325
      vertex -38.028 -12.356 -62.2325
      vertex -37.5136 -13.8395 -62.2325
    endloop
  endfacet
  facet normal -0.944806 -0.32763 0
    outer loop
      vertex -38.028 -12.356 -115.012
      vertex -37.5136 -13.8395 -115.012
      vertex -37.5136 -13.8395 -62.2325
    endloop
  endfacet
  facet normal -0.944806 -0.32763 0
    outer loop
      vertex -38.028 -12.356 -115.012
      vertex -37.5136 -13.8395 -62.2325
      vertex -38.028 -12.356 -62.2325
    endloop
  endfacet
  facet normal 0 0 -1
    outer loop
      vertex 0 0 -115.012
      vertex -36.9413 -15.3016 -115.012
      vertex -37.5136 -13.8395 -115.012
    endloop
  endfacet
  facet normal 0 0 1
    outer loop
      vertex 0 0 -62.2325
      vertex -37.5136 -13.8395 -62.2325
      vertex -36.9413 -15.3016 -62.2325
    endloop
  endfacet
  facet normal -0.931215 -0.36447 0
    outer loop
      vertex -37.5136 -13.8395 -115.012
      vertex -36.9413 -15.3016 -115.012
      vertex -36.9413 -15.3016 -62.2325
    endloop
  endfacet
  facet normal -0.931215 -0.36447 0
    outer loop
      vertex -37.5136 -13.8395 -115.012
      vertex -36.9413 -15.3016 -62.2325
      vertex -37.5136 -13.8395 -62.2325
    endloop
  endfacet
  facet normal 0 0 -1
    outer loop
      vertex 0 0 -115.012
      vertex -36.3121 -16.7401 -115.012
      vertex -36.9413 -15.3016 -115.012
    endloop
  endfacet
  facet normal 0 0 1
    outer loop
      vertex 0 0 -62.2325
      vertex -36.9413 -15.3016 -62.2325
      vertex -36.3121 -16.7401 -62.2325
    endloop
  endfacet
  facet normal -0.916188 -0.400749 0
    outer loop
      vertex -36.9413 -15.3016 -115.012
      vertex -36.3121 -16.7401 -115.012
      vertex -36.3121 -16.7401 -62.2325
    endloop
  endfacet
  facet normal -0.916188 -0.400749 0
    outer loop
      vertex -36.9413 -15.3016 -115.012
      vertex -36.3121 -16.7401 -62.2325
      vertex -36.9413 -15.3016 -62.2325
    endloop
  endfacet
  facet normal 0 0 -1
    outer loop
      vertex 0 0 -115.012
      vertex -35.6269 -18.1528 -115.012
      vertex -36.3121 -16.7401 -115.012
    endloop
  endfacet
  facet normal 0 0 1
    outer loop
      vertex 0 0 -62.2325
      vertex -36.3121 -16.7401 -62.2325
      vertex -35.6269 -18.1528 -62.2325
    endloop
  endfacet
  facet normal -0.899748 -0.436409 0
    outer loop
      vertex -36.3121 -16.7401 -115.012
      vertex -35.6269 -18.1528 -115.012
      vertex -35.6269 -18.1528 -62.2325
    endloop
  endfacet
  facet normal -0.899748 -0.436409 0
    outer loop
      vertex -36.3121 -16.7401 -115.012
      vertex -35.6269 -18.1528 -62.2325
      vertex -36.3121 -16.7401 -62.2325
    endloop
  endfacet
  facet normal 0 0 -1
    outer loop
      vertex 0 0 -115.012
      vertex -34.8868 -19.5375 -115.012
      vertex -35.6269 -18.1528 -115.012
    endloop
  endfacet
  facet normal 0 0 1
    outer loop
      vertex 0 0 -62.2325
      vertex -35.6269 -18.1528 -62.2325
      vertex -34.8868 -19.5375 -62.2325
    endloop
  endfacet
  facet normal -0.881921 -0.471397 0
    outer loop
      vertex -35.6269 -18.1528 -115.012
      vertex -34.8868 -19.5375 -115.012
      vertex -34.8868 -19.5375 -62.2325
    endloop
  endfacet
  facet normal -0.881921 -0.471397 0
    outer loop
      vertex -35.6269 -18.1528 -115.012
      vertex -34.8868 -19.5375 -62.2325
      vertex -35.6269 -18.1528 -62.2325
    endloop
  endfacet
  facet normal 0 0 -1
    outer loop
      vertex 0 0 -115.012
      vertex -34.0928 -20.8921 -115.012
      vertex -34.8868 -19.5375 -115.012
    endloop
  endfacet
  facet normal 0 0 1
    outer loop
      vertex 0 0 -62.2325
      vertex -34.8868 -19.5375 -62.2325
      vertex -34.0928 -20.8921 -62.2325
    endloop
  endfacet
  facet normal -0.862734 -0.505657 0
    outer loop
      vertex -34.8868 -19.5375 -115.012
      vertex -34.0928 -20.8921 -115.012
      vertex -34.0928 -20.8921 -62.2325
    endloop
  endfacet
  facet normal -0.862734 -0.505657 0
    outer loop
      vertex -34.8868 -19.5375 -115.012
      vertex -34.0928 -20.8921 -62.2325
      vertex -34.8868 -19.5375 -62.2325
    endloop
  endfacet
  facet normal 0 0 -1
    outer loop
      vertex 0 0 -115.012
      vertex -33.2463 -22.2145 -115.012
      vertex -34.0928 -20.8921 -115.012
    endloop
  endfacet
  facet normal 0 0 1
    outer loop
      vertex 0 0 -62.2325
      vertex -34.0928 -20.8921 -62.2325
      vertex -33.2463 -22.2145 -62.2325
    endloop
  endfacet
  facet normal -0.842217 -0.539138 0
    outer loop
      vertex -34.0928 -20.8921 -115.012
      vertex -33.2463 -22.2145 -115.012
      vertex -33.2463 -22.2145 -62.2325
    endloop
  endfacet
  facet normal -0.842217 -0.539138 0
    outer loop
      vertex -34.0928 -20.8921 -115.012
      vertex -33.2463 -22.2145 -62.2325
      vertex -34.0928 -20.8921 -62.2325
    endloop
  endfacet
  facet normal 0 0 -1
    outer loop
      vertex 0 0 -115.012
      vertex -32.3485 -23.5026 -115.012
      vertex -33.2463 -22.2145 -115.012
    endloop
  endfacet
  facet normal 0 0 1
    outer loop
      vertex 0 0 -62.2325
      vertex -33.2463 -22.2145 -62.2325
      vertex -32.3485 -23.5026 -62.2325
    endloop
  endfacet
  facet normal -0.820401 -0.571788 0
    outer loop
      vertex -33.2463 -22.2145 -115.012
      vertex -32.3485 -23.5026 -115.012
      vertex -32.3485 -23.5026 -62.2325
    endloop
  endfacet
  facet normal -0.820401 -0.571788 0
    outer loop
      vertex -33.2463 -22.2145 -115.012
      vertex -32.3485 -23.5026 -62.2325
      vertex -33.2463 -22.2145 -62.2325
    endloop
  endfacet
  facet normal 0 0 -1
    outer loop
      vertex 0 0 -115.012
      vertex -31.4009 -24.7545 -115.012
      vertex -32.3485 -23.5026 -115.012
    endloop
  endfacet
  facet normal 0 0 1
    outer loop
      vertex 0 0 -62.2325
      vertex -32.3485 -23.5026 -62.2325
      vertex -31.4009 -24.7545 -62.2325
    endloop
  endfacet
  facet normal -0.797321 -0.603556 0
    outer loop
      vertex -32.3485 -23.5026 -115.012
      vertex -31.4009 -24.7545 -115.012
      vertex -31.4009 -24.7545 -62.2325
    endloop
  endfacet
  facet normal -0.797321 -0.603556 0
    outer loop
      vertex -32.3485 -23.5026 -115.012
      vertex -31.4009 -24.7545 -62.2325
      vertex -32.3485 -23.5026 -62.2325
    endloop
  endfacet
  facet normal 0 0 -1
    outer loop
      vertex 0 0 -115.012
      vertex -30.4048 -25.9682 -115.012
      vertex -31.4009 -24.7545 -115.012
    endloop
  endfacet
  facet normal 0 0 1
    outer loop
      vertex 0 0 -62.2325
      vertex -31.4009 -24.7545 -62.2325
      vertex -30.4048 -25.9682 -62.2325
    endloop
  endfacet
  facet normal -0.77301 -0.634393 0
    outer loop
      vertex -31.4009 -24.7545 -115.012
      vertex -30.4048 -25.9682 -115.012
      vertex -30.4048 -25.9682 -62.2325
    endloop
  endfacet
  facet normal -0.77301 -0.634393 0
    outer loop
      vertex -31.4009 -24.7545 -115.012
      vertex -30.4048 -25.9682 -62.2325
      vertex -31.4009 -24.7545 -62.2325
    endloop
  endfacet
  facet normal 0 0 -1
    outer loop
      vertex 0 0 -115.012
      vertex -29.3619 -27.1418 -115.012
      vertex -30.4048 -25.9682 -115.012
    endloop
  endfacet
  facet normal 0 0 1
    outer loop
      vertex 0 0 -62.2325
      vertex -30.4048 -25.9682 -62.2325
      vertex -29.3619 -27.1418 -62.2325
    endloop
  endfacet
  facet normal -0.747508 -0.664252 0
    outer loop
      vertex -30.4048 -25.9682 -115.012
      vertex -29.3619 -27.1418 -115.012
      vertex -29.3619 -27.1418 -62.2325
    endloop
  endfacet
  facet normal -0.747508 -0.664252 0
    outer loop
      vertex -30.4048 -25.9682 -115.012
      vertex -29.3619 -27.1418 -62.2325
      vertex -30.4048 -25.9682 -62.2325
    endloop
  endfacet
  facet normal 0 0 -1
    outer loop
      vertex 0 0 -115.012
      vertex -28.2737 -28.2737 -115.012
      vertex -29.3619 -27.1418 -115.012
    endloop
  endfacet
  facet normal 0 0 1
    outer loop
      vertex 0 0 -62.2325
      vertex -29.3619 -27.1418 -62.2325
      vertex -28.2737 -28.2737 -62.2325
    endloop
  endfacet
  facet normal -0.720854 -0.693087 0
    outer loop
      vertex -29.3619 -27.1418 -115.012
      vertex -28.2737 -28.2737 -115.012
      vertex -28.2737 -28.2737 -62.2325
    endloop
  endfacet
  facet normal -0.720854 -0.693087 0
    outer loop
      vertex -29.3619 -27.1418 -115.012
      vertex -28.2737 -28.2737 -62.2325
      vertex -29.3619 -27.1418 -62.2325
    endloop
  endfacet
  facet normal 0 0 -1
    outer loop
      vertex 0 0 -115.012
      vertex -27.1418 -29.3619 -115.012
      vertex -28.2737 -28.2737 -115.012
    endloop
  endfacet
  facet normal 0 0 1
    outer loop
      vertex 0 0 -62.2325
      vertex -28.2737 -28.2737 -62.2325
      vertex -27.1418 -29.3619 -62.2325
    endloop
  endfacet
  facet normal -0.693087 -0.720854 0
    outer loop
      vertex -28.2737 -28.2737 -115.012
      vertex -27.1418 -29.3619 -115.012
      vertex -27.1418 -29.3619 -62.2325
    endloop
  endfacet
  facet normal -0.693087 -0.720854 0
    outer loop
      vertex -28.2737 -28.2737 -115.012
      vertex -27.1418 -29.3619 -62.2325
      vertex -28.2737 -28.2737 -62.2325
    endloop
  endfacet
  facet normal 0 0 -1
    outer loop
      vertex 0 0 -115.012
      vertex -25.9682 -30.4048 -115.012
      vertex -27.1418 -29.3619 -115.012
    endloop
  endfacet
  facet normal 0 0 1
    outer loop
      vertex 0 0 -62.2325
      vertex -27.1418 -29.3619 -62.2325
      vertex -25.9682 -30.4048 -62.2325
    endloop
  endfacet
  facet normal -0.664252 -0.747508 0
    outer loop
      vertex -27.1418 -29.3619 -115.012
      vertex -25.9682 -30.4048 -115.012
      vertex -25.9682 -30.4048 -62.2325
    endloop
  endfacet
  facet normal -0.664252 -0.747508 0
    outer loop
      vertex -27.1418 -29.3619 -115.012
      vertex -25.9682 -30.4048 -62.2325
      vertex -27.1418 -29.3619 -62.2325
    endloop
  endfacet
  facet normal 0 0 -1
    outer loop
      vertex 0 0 -115.012
      vertex -24.7545 -31.4009 -115.012
      vertex -25.9682 -30.4048 -115.012
    endloop
  endfacet
  facet normal 0 0 1
    outer loop
      vertex 0 0 -62.2325
      vertex -25.9682 -30.4048 -62.2325
      vertex -24.7545 -31.4009 -62.2325
    endloop
  endfacet
  facet normal -0.634393 -0.77301 0
    outer loop
      vertex -25.9682 -30.4048 -115.012
      vertex -24.7545 -31.4009 -115.012
      vertex -24.7545 -31.4009 -62.2325
    endloop
  endfacet
  facet normal -0.634393 -0.77301 0
    outer loop
      vertex -25.9682 -30.4048 -115.012
      vertex -24.7545 -31.4009 -62.2325
      vertex -25.9682 -30.4048 -62.2325
    endloop
  endfacet
  facet normal 0 0 -1
    outer loop
      vertex 0 0 -115.012
      vertex -23.5026 -32.3485 -115.012
      vertex -24.7545 -31.4009 -115.012
    endloop
  endfacet
  facet normal 0 0 1
    outer loop
      vertex 0 0 -62.2325
      vertex -24.7545 -31.4009 -62.2325
      vertex -23.5026 -32.3485 -62.2325
    endloop
  endfacet
  facet normal -0.603556 -0.797321 0
    outer loop
      vertex -24.7545 -31.4009 -115.012
      vertex -23.5026 -32.3485 -115.012
      vertex -23.5026 -32.3485 -62.2325
    endloop
  endfacet
  facet normal -0.603556 -0.797321 0
    outer loop
      vertex -24.7545 -31.4009 -115.012
      vertex -23.5026 -32.3485 -62.2325
      vertex -24.7545 -31.4009 -62.2325
    endloop
  endfacet
  facet normal 0 0 -1
    outer loop
      vertex 0 0 -115.012
      vertex -22.2145 -33.2463 -115.012
      vertex -23.5026 -32.3485 -115.012
    endloop
  endfacet
  facet normal 0 0 1
    outer loop
      vertex 0 0 -62.2325
      vertex -23.5026 -32.3485 -62.2325
      vertex -22.2145 -33.2463 -62.2325
    endloop
  endfacet
  facet normal -0.571788 -0.820401 0
    outer loop
      vertex -23.5026 -32.3485 -115.012
      vertex -22.2145 -33.2463 -115.012
      vertex -22.2145 -33.2463 -62.2325
    endloop
  endfacet
  facet normal -0.571788 -0.820401 0
    outer loop
      vertex -23.5026 -32.3485 -115.012
      vertex -22.2145 -33.2463 -62.2325
      vertex -23.5026 -32.3485 -62.2325
    endloop
  endfacet
  facet normal 0 0 -1
    outer loop
      vertex 0 0 -115.012
      vertex -20.8921 -34.0928 -115.012
      vertex -22.2145 -33.2463 -115.012
    endloop
  endfacet
  facet normal 0 0 1
    outer loop
      vertex 0 0 -62.2325
      vertex -22.2145 -33.2463 -62.2325
      vertex -20.8921 -34.0928 -62.2325
    endloop
  endfacet
  facet normal -0.539138 -0.842217 0
    outer loop
      vertex -22.2145 -33.2463 -115.012
      vertex -20.8921 -34.0928 -115.012
      vertex -20.8921 -34.0928 -62.2325
    endloop
  endfacet
  facet normal -0.539138 -0.842217 0
    outer loop
      vertex -22.2145 -33.2463 -115.012
      vertex -20.8921 -34.0928 -62.2325
      vertex -22.2145 -33.2463 -62.2325
    endloop
  endfacet
  facet normal 0 0 -1
    outer loop
      vertex 0 0 -115.012
      vertex -19.5375 -34.8868 -115.012
      vertex -20.8921 -34.0928 -115.012
    endloop
  endfacet
  facet normal 0 0 1
    outer loop
      vertex 0 0 -62.2325
      vertex -20.8921 -34.0928 -62.2325
      vertex -19.5375 -34.8868 -62.2325
    endloop
  endfacet
  facet normal -0.505657 -0.862734 0
    outer loop
      vertex -20.8921 -34.0928 -115.012
      vertex -19.5375 -34.8868 -115.012
      vertex -19.5375 -34.8868 -62.2325
    endloop
  endfacet
  facet normal -0.505657 -0.862734 0
    outer loop
      vertex -20.8921 -34.0928 -115.012
      vertex -19.5375 -34.8868 -62.2325
      vertex -20.8921 -34.0928 -62.2325
    endloop
  endfacet
  facet normal 0 0 -1
    outer loop
      vertex 0 0 -115.012
      vertex -18.1528 -35.6269 -115.012
      vertex -19.5375 -34.8868 -115.012
    endloop
  endfacet
  facet normal 0 0 1
    outer loop
      vertex 0 0 -62.2325
      vertex -19.5375 -34.8868 -62.2325
      vertex -18.1528 -35.6269 -62.2325
    endloop
  endfacet
  facet normal -0.471397 -0.881921 0
    outer loop
      vertex -19.5375 -34.8868 -115.012
      vertex -18.1528 -35.6269 -115.012
      vertex -18.1528 -35.6269 -62.2325
    endloop
  endfacet
  facet normal -0.471397 -0.881921 0
    outer loop
      vertex -19.5375 -34.8868 -115.012
      vertex -18.1528 -35.6269 -62.2325
      vertex -19.5375 -34.8868 -62.2325
    endloop
  endfacet
  facet normal 0 0 -1
    outer loop
      vertex 0 0 -115.012
      vertex -16.7401 -36.3121 -115.012
      vertex -18.1528 -35.6269 -115.012
    endloop
  endfacet
  facet normal 0 0 1
    outer loop
      vertex 0 0 -62.2325
      vertex -18.1528 -35.6269 -62.2325
      vertex -16.7401 -36.3121 -62.2325
    endloop
  endfacet
  facet normal -0.436409 -0.899748 0
    outer loop
      vertex -18.1528 -35.6269 -115.012
      vertex -16.7401 -36.3121 -115.012
      vertex -16.7401 -36.3121 -62.2325
    endloop
  endfacet
  facet normal -0.436409 -0.899748 0
    outer loop
      vertex -18.1528 -35.6269 -115.012
      vertex -16.7401 -36.3121 -62.2325
      vertex -18.1528 -35.6269 -62.2325
    endloop
  endfacet
  facet normal 0 0 -1
    outer loop
      vertex 0 0 -115.012
      vertex -15.3016 -36.9413 -115.012
      vertex -16.7401 -36.3121 -115.012
    endloop
  endfacet
  facet normal 0 0 1
    outer loop
      vertex 0 0 -62.2325
      vertex -16.7401 -36.3121 -62.2325
      vertex -15.3016 -36.9413 -62.2325
    endloop
  endfacet
  facet normal -0.400749 -0.916188 0
    outer loop
      vertex -16.7401 -36.3121 -115.012
      vertex -15.3016 -36.9413 -115.012
      vertex -15.3016 -36.9413 -62.2325
    endloop
  endfacet
  facet normal -0.400749 -0.916188 0
    outer loop
      vertex -16.7401 -36.3121 -115.012
      vertex -15.3016 -36.9413 -62.2325
      vertex -16.7401 -36.3121 -62.2325
    endloop
  endfacet
  facet normal 0 0 -1
    outer loop
      vertex 0 0 -115.012
      vertex -13.8395 -37.5136 -115.012
      vertex -15.3016 -36.9413 -115.012
    endloop
  endfacet
  facet normal 0 0 1
    outer loop
      vertex 0 0 -62.2325
      vertex -15.3016 -36.9413 -62.2325
      vertex -13.8395 -37.5136 -62.2325
    endloop
  endfacet
  facet normal -0.36447 -0.931215 0
    outer loop
      vertex -15.3016 -36.9413 -115.012
      vertex -13.8395 -37.5136 -115.012
      vertex -13.8395 -37.5136 -62.2325
    endloop
  endfacet
  facet normal -0.36447 -0.931215 0
    outer loop
      vertex -15.3016 -36.9413 -115.012
      vertex -13.8395 -37.5136 -62.2325
      vertex -15.3016 -36.9413 -62.2325
    endloop
  endfacet
  facet normal 0 0 -1
    outer loop
      vertex 0 0 -115.012
      vertex -12.356 -38.028 -115.012
      vertex -13.8395 -37.5136 -115.012
    endloop
  endfacet
  facet normal 0 0 1
    outer loop
      vertex 0 0 -62.2325
      vertex -13.8395 -37.5136 -62.2325
      vertex -12.356 -38.028 -62.2325
    endloop
  endfacet
  facet normal -0.32763 -0.944806 0
    outer loop
      vertex -13.8395 -37.5136 -115.012
      vertex -12.356 -38.028 -115.012
      vertex -12.356 -38.028 -62.2325
    endloop
  endfacet
  facet normal -0.32763 -0.944806 0
    outer loop
      vertex -13.8395 -37.5136 -115.012
      vertex -12.356 -38.028 -62.2325
      vertex -13.8395 -37.5136 -62.2325
    endloop
  endfacet
  facet normal 0 0 -1
    outer loop
      vertex 0 0 -115.012
      vertex -10.8535 -38.4838 -115.012
      vertex -12.356 -38.028 -115.012
    endloop
  endfacet
  facet normal 0 0 1
    outer loop
      vertex 0 0 -62.2325
      vertex -12.356 -38.028 -62.2325
      vertex -10.8535 -38.4838 -62.2325
    endloop
  endfacet
  facet normal -0.290285 -0.95694 0
    outer loop
      vertex -12.356 -38.028 -115.012
      vertex -10.8535 -38.4838 -115.012
      vertex -10.8535 -38.4838 -62.2325
    endloop
  endfacet
  facet normal -0.290285 -0.95694 0
    outer loop
      vertex -12.356 -38.028 -115.012
      vertex -10.8535 -38.4838 -62.2325
      vertex -12.356 -38.028 -62.2325
    endloop
  endfacet
  facet normal 0 0 -1
    outer loop
      vertex 0 0 -115.012
      vertex -9.33431 -38.8802 -115.012
      vertex -10.8535 -38.4838 -115.012
    endloop
  endfacet
  facet normal 0 0 1
    outer loop
      vertex 0 0 -62.2325
      vertex -10.8535 -38.4838 -62.2325
      vertex -9.33431 -38.8802 -62.2325
    endloop
  endfacet
  facet normal -0.252492 -0.967599 0
    outer loop
      vertex -10.8535 -38.4838 -115.012
      vertex -9.33431 -38.8802 -115.012
      vertex -9.33431 -38.8802 -62.2325
    endloop
  endfacet
  facet normal -0.252492 -0.967599 0
    outer loop
      vertex -10.8535 -38.4838 -115.012
      vertex -9.33431 -38.8802 -62.2325
      vertex -10.8535 -38.4838 -62.2325
    endloop
  endfacet
  facet normal 0 0 -1
    outer loop
      vertex 0 0 -115.012
      vertex -7.80069 -39.2167 -115.012
      vertex -9.33431 -38.8802 -115.012
    endloop
  endfacet
  facet normal 0 0 1
    outer loop
      vertex 0 0 -62.2325
      vertex -9.33431 -38.8802 -62.2325
      vertex -7.80069 -39.2167 -62.2325
    endloop
  endfacet
  facet normal -0.214309 -0.976766 0
    outer loop
      vertex -9.33431 -38.8802 -115.012
      vertex -7.80069 -39.2167 -115.012
      vertex -7.80069 -39.2167 -62.2325
    endloop
  endfacet
  facet normal -0.214309 -0.976766 0
    outer loop
      vertex -9.33431 -38.8802 -115.012
      vertex -7.80069 -39.2167 -62.2325
      vertex -9.33431 -38.8802 -62.2325
    endloop
  endfacet
  facet normal 0 0 -1
    outer loop
      vertex 0 0 -115.012
      vertex -6.25503 -39.4927 -115.012
      vertex -7.80069 -39.2167 -115.012
    endloop
  endfacet
  facet normal 0 0 1
    outer loop
      vertex 0 0 -62.2325
      vertex -7.80069 -39.2167 -62.2325
      vertex -6.25503 -39.4927 -62.2325
    endloop
  endfacet
  facet normal -0.175796 -0.984427 0
    outer loop
      vertex -7.80069 -39.2167 -115.012
      vertex -6.25503 -39.4927 -115.012
      vertex -6.25503 -39.4927 -62.2325
    endloop
  endfacet
  facet normal -0.175796 -0.984427 0
    outer loop
      vertex -7.80069 -39.2167 -115.012
      vertex -6.25503 -39.4927 -62.2325
      vertex -7.80069 -39.2167 -62.2325
    endloop
  endfacet
  facet normal 0 0 -1
    outer loop
      vertex 0 0 -115.012
      vertex -4.69973 -39.7078 -115.012
      vertex -6.25503 -39.4927 -115.012
    endloop
  endfacet
  facet normal 0 0 1
    outer loop
      vertex 0 0 -62.2325
      vertex -6.25503 -39.4927 -62.2325
      vertex -4.69973 -39.7078 -62.2325
    endloop
  endfacet
  facet normal -0.137012 -0.990569 0
    outer loop
      vertex -6.25503 -39.4927 -115.012
      vertex -4.69973 -39.7078 -115.012
      vertex -4.69973 -39.7078 -62.2325
    endloop
  endfacet
  facet normal -0.137012 -0.990569 0
    outer loop
      vertex -6.25503 -39.4927 -115.012
      vertex -4.69973 -39.7078 -62.2325
      vertex -6.25503 -39.4927 -62.2325
    endloop
  endfacet
  facet normal 0 0 -1
    outer loop
      vertex 0 0 -115.012
      vertex -3.13719 -39.8617 -115.012
      vertex -4.69973 -39.7078 -115.012
    endloop
  endfacet
  facet normal 0 0 1
    outer loop
      vertex 0 0 -62.2325
      vertex -4.69973 -39.7078 -62.2325
      vertex -3.13719 -39.8617 -62.2325
    endloop
  endfacet
  facet normal -0.0980171 -0.995185 0
    outer loop
      vertex -4.69973 -39.7078 -115.012
      vertex -3.13719 -39.8617 -115.012
      vertex -3.13719 -39.8617 -62.2325
    endloop
  endfacet
  facet normal -0.0980171 -0.995185 0
    outer loop
      vertex -4.69973 -39.7078 -115.012
      vertex -3.13719 -39.8617 -62.2325
      vertex -4.69973 -39.7078 -62.2325
    endloop
  endfacet
  facet normal 0 0 -1
    outer loop
      vertex 0 0 -115.012
      vertex -1.5698 -39.9542 -115.012
      vertex -3.13719 -39.8617 -115.012
    endloop
  endfacet
  facet normal 0 0 1
    outer loop
      vertex 0 0 -62.2325
      vertex -3.13719 -39.8617 -62.2325
      vertex -1.5698 -39.9542 -62.2325
    endloop
  endfacet
  facet normal -0.0588708 -0.998266 0
    outer loop
      vertex -3.13719 -39.8617 -115.012
      vertex -1.5698 -39.9542 -115.012
      vertex -1.5698 -39.9542 -62.2325
    endloop
  endfacet
  facet normal -0.0588708 -0.998266 0
    outer loop
      vertex -3.13719 -39.8617 -115.012
      vertex -1.5698 -39.9542 -62.2325
      vertex -3.13719 -39.8617 -62.2325
    endloop
  endfacet
  facet normal 0 0 -1
    outer loop
      vertex 0 0 -115.012
      vertex -7.34513e-15 -39.985 -115.012
      vertex -1.5698 -39.9542 -115.012
    endloop
  endfacet
  facet normal 0 0 1
    outer loop
      vertex 0 0 -62.2325
      vertex -1.5698 -39.9542 -62.2325
      vertex -7.34513e-15 -39.985 -62.2325
    endloop
  endfacet
  facet normal -0.0196337 -0.999807 0
    outer loop
      vertex -1.5698 -39.9542 -115.012
      vertex -7.34513e-15 -39.985 -115.012
      vertex -7.34513e-15 -39.985 -62.2325
    endloop
  endfacet
  facet normal -0.0196337 -0.999807 0
    outer loop
      vertex -1.5698 -39.9542 -115.012
      vertex -7.34513e-15 -39.985 -62.2325
      vertex -1.5698 -39.9542 -62.2325
    endloop
  endfacet
  facet normal 0 0 -1
    outer loop
      vertex 0 0 -115.012
      vertex 1.5698 -39.9542 -115.012
      vertex -7.34513e-15 -39.985 -115.012
    endloop
  endfacet
  facet normal 0 0 1
    outer loop
      vertex 0 0 -62.2325
      vertex -7.34513e-15 -39.985 -62.2325
      vertex 1.5698 -39.9542 -62.2325
    endloop
  endfacet
  facet normal 0.0196337 -0.999807 0
    outer loop
      vertex -7.34513e-15 -39.985 -115.012
      vertex 1.5698 -39.9542 -115.012
      vertex 1.5698 -39.9542 -62.2325
    endloop
  endfacet
  facet normal 0.0196337 -0.999807 0
    outer loop
      vertex -7.34513e-15 -39.985 -115.012
      vertex 1.5698 -39.9542 -62.2325
      vertex -7.34513e-15 -39.985 -62.2325
    endloop
  endfacet
  facet normal 0 0 -1
    outer loop
      vertex 0 0 -115.012
      vertex 3.13719 -39.8617 -115.012
      vertex 1.5698 -39.9542 -115.012
    endloop
  endfacet
  facet normal 0 0 1
    outer loop
      vertex 0 0 -62.2325
      vertex 1.5698 -39.9542 -62.2325
      vertex 3.13719 -39.8617 -62.2325
    endloop
  endfacet
  facet normal 0.0588708 -0.998266 0
    outer loop
      vertex 1.5698 -39.9542 -115.012
      vertex 3.13719 -39.8617 -115.012
      vertex 3.13719 -39.8617 -62.2325
    endloop
  endfacet
  facet normal 0.0588708 -0.998266 0
    outer loop
      vertex 1.5698 -39.9542 -115.012
      vertex 3.13719 -39.8617 -62.2325
      vertex 1.5698 -39.9542 -62.2325
    endloop
  endfacet
  facet normal 0 0 -1
    outer loop
      vertex 0 0 -115.012
      vertex 4.69973 -39.7078 -115.012
      vertex 3.13719 -39.8617 -115.012
    endloop
  endfacet
  facet normal 0 0 1
    outer loop
      vertex 0 0 -62.2325
      vertex 3.13719 -39.8617 -62.2325
      vertex 4.69973 -39.7078 -62.2325
    endloop
  endfacet
  facet normal 0.0980171 -0.995185 0
    outer loop
      vertex 3.13719 -39.8617 -115.012
      vertex 4.69973 -39.7078 -115.012
      vertex 4.69973 -39.7078 -62.2325
    endloop
  endfacet
  facet normal 0.0980171 -0.995185 0
    outer loop
      vertex 3.13719 -39.8617 -115.012
      vertex 4.69973 -39.7078 -62.2325
      vertex 3.13719 -39.8617 -62.2325
    endloop
  endfacet
  facet normal 0 0 -1
    outer loop
      vertex 0 0 -115.012
      vertex 6.25503 -39.4927 -115.012
      vertex 4.69973 -39.7078 -115.012
    endloop
  endfacet
  facet normal 0 0 1
    outer loop
      vertex 0 0 -62.2325
      vertex 4.69973 -39.7078 -62.2325
      vertex 6.25503 -39.4927 -62.2325
    endloop
  endfacet
  facet normal 0.137012 -0.990569 0
    outer loop
      vertex 4.69973 -39.7078 -115.012
      vertex 6.25503 -39.4927 -115.012
      vertex 6.25503 -39.4927 -62.2325
    endloop
  endfacet
  facet normal 0.137012 -0.990569 0
    outer loop
      vertex 4.69973 -39.7078 -115.012
      vertex 6.25503 -39.4927 -62.2325
      vertex 4.69973 -39.7078 -62.2325
    endloop
  endfacet
  facet normal 0 0 -1
    outer loop
      vertex 0 0 -115.012
      vertex 7.80069 -39.2167 -115.012
      vertex 6.25503 -39.4927 -115.012
    endloop
  endfacet
  facet normal 0 0 1
    outer loop
      vertex 0 0 -62.2325
      vertex 6.25503 -39.4927 -62.2325
      vertex 7.80069 -39.2167 -62.2325
    endloop
  endfacet
  facet normal 0.175796 -0.984427 0
    outer loop
      vertex 6.25503 -39.4927 -115.012
      vertex 7.80069 -39.2167 -115.012
      vertex 7.80069 -39.2167 -62.2325
    endloop
  endfacet
  facet normal 0.175796 -0.984427 0
    outer loop
      vertex 6.25503 -39.4927 -115.012
      vertex 7.80069 -39.2167 -62.2325
      vertex 6.25503 -39.4927 -62.2325
    endloop
  endfacet
  facet normal 0 0 -1
    outer loop
      vertex 0 0 -115.012
      vertex 9.33431 -38.8802 -115.012
      vertex 7.80069 -39.2167 -115.012
    endloop
  endfacet
  facet normal 0 0 1
    outer loop
      vertex 0 0 -62.2325
      vertex 7.80069 -39.2167 -62.2325
      vertex 9.33431 -38.8802 -62.2325
    endloop
  endfacet
  facet normal 0.214309 -0.976766 0
    outer loop
      vertex 7.80069 -39.2167 -115.012
      vertex 9.33431 -38.8802 -115.012
      vertex 9.33431 -38.8802 -62.2325
    endloop
  endfacet
  facet normal 0.214309 -0.976766 0
    outer loop
      vertex 7.80069 -39.2167 -115.012
      vertex 9.33431 -38.8802 -62.2325
      vertex 7.80069 -39.2167 -62.2325
    endloop
  endfacet
  facet normal 0 0 -1
    outer loop
      vertex 0 0 -115.012
      vertex 10.8535 -38.4838 -115.012
      vertex 9.33431 -38.8802 -115.012
    endloop
  endfacet
  facet normal 0 0 1
    outer loop
      vertex 0 0 -62.2325
      vertex 9.33431 -38.8802 -62.2325
      vertex 10.8535 -38.4838 -62.2325
    endloop
  endfacet
  facet normal 0.252492 -0.967599 0
    outer loop
      vertex 9.33431 -38.8802 -115.012
      vertex 10.8535 -38.4838 -115.012
      vertex 10.8535 -38.4838 -62.2325
    endloop
  endfacet
  facet normal 0.252492 -0.967599 0
    outer loop
      vertex 9.33431 -38.8802 -115.012
      vertex 10.8535 -38.4838 -62.2325
      vertex 9.33431 -38.8802 -62.2325
    endloop
  endfacet
  facet normal 0 0 -1
    outer loop
      vertex 0 0 -115.012
      vertex 12.356 -38.028 -115.012
      vertex 10.8535 -38.4838 -115.012
    endloop
  endfacet
  facet normal 0 0 1
    outer loop
      vertex 0 0 -62.2325
      vertex 10.8535 -38.4838 -62.2325
      vertex 12.356 -38.028 -62.2325
    endloop
  endfacet
  facet normal 0.290285 -0.95694 0
    outer loop
      vertex 10.8535 -38.4838 -115.012
      vertex 12.356 -38.028 -115.012
      vertex 12.356 -38.028 -62.2325
    endloop
  endfacet
  facet normal 0.290285 -0.95694 0
    outer loop
      vertex 10.8535 -38.4838 -115.012
      vertex 12.356 -38.028 -62.2325
      vertex 10.8535 -38.4838 -62.2325
    endloop
  endfacet
  facet normal 0 0 -1
    outer loop
      vertex 0 0 -115.012
      vertex 13.8395 -37.5136 -115.012
      vertex 12.356 -38.028 -115.012
    endloop
  endfacet
  facet normal 0 0 1
    outer loop
      vertex 0 0 -62.2325
      vertex 12.356 -38.028 -62.2325
      vertex 13.8395 -37.5136 -62.2325
    endloop
  endfacet
  facet normal 0.32763 -0.944806 0
    outer loop
      vertex 12.356 -38.028 -115.012
      vertex 13.8395 -37.5136 -115.012
      vertex 13.8395 -37.5136 -62.2325
    endloop
  endfacet
  facet normal 0.32763 -0.944806 0
    outer loop
      vertex 12.356 -38.028 -115.012
      vertex 13.8395 -37.5136 -62.2325
      vertex 12.356 -38.028 -62.2325
    endloop
  endfacet
  facet normal 0 0 -1
    outer loop
      vertex 0 0 -115.012
      vertex 15.3016 -36.9413 -115.012
      vertex 13.8395 -37.5136 -115.012
    endloop
  endfacet
  facet normal 0 0 1
    outer loop
      vertex 0 0 -62.2325
      vertex 13.8395 -37.5136 -62.2325
      vertex 15.3016 -36.9413 -62.2325
    endloop
  endfacet
  facet normal 0.36447 -0.931215 0
    outer loop
      vertex 13.8395 -37.5136 -115.012
      vertex 15.3016 -36.9413 -115.012
      vertex 15.3016 -36.9413 -62.2325
    endloop
  endfacet
  facet normal 0.36447 -0.931215 0
    outer loop
      vertex 13.8395 -37.5136 -115.012
      vertex 15.3016 -36.9413 -62.2325
      vertex 13.8395 -37.5136 -62.2325
    endloop
  endfacet
  facet normal 0 0 -1
    outer loop
      vertex 0 0 -115.012
      vertex 16.7401 -36.3121 -115.012
      vertex 15.3016 -36.9413 -115.012
    endloop
  endfacet
  facet normal 0 0 1
    outer loop
      vertex 0 0 -62.2325
      vertex 15.3016 -36.9413 -62.2325
      vertex 16.7401 -36.3121 -62.2325
    endloop
  endfacet
  facet normal 0.400749 -0.916188 0
    outer loop
      vertex 15.3016 -36.9413 -115.012
      vertex 16.7401 -36.3121 -115.012
      vertex 16.7401 -36.3121 -62.2325
    endloop
  endfacet
  facet normal 0.400749 -0.916188 0
    outer loop
      vertex 15.3016 -36.9413 -115.012
      vertex 16.7401 -36.3121 -62.2325
      vertex 15.3016 -36.9413 -62.2325
    endloop
  endfacet
  facet normal 0 0 -1
    outer loop
      vertex 0 0 -115.012
      vertex 18.1528 -35.6269 -115.012
      vertex 16.7401 -36.3121 -115.012
    endloop
  endfacet
  facet normal 0 0 1
    outer loop
      vertex 0 0 -62.2325
      vertex 16.7401 -36.3121 -62.2325
      vertex 18.1528 -35.6269 -62.2325
    endloop
  endfacet
  facet normal 0.436409 -0.899748 0
    outer loop
      vertex 16.7401 -36.3121 -115.012
      vertex 18.1528 -35.6269 -115.012
      vertex 18.1528 -35.6269 -62.2325
    endloop
  endfacet
  facet normal 0.436409 -0.899748 0
    outer loop
      vertex 16.7401 -36.3121 -115.012
      vertex 18.1528 -35.6269 -62.2325
      vertex 16.7401 -36.3121 -62.2325
    endloop
  endfacet
  facet normal 0 0 -1
    outer loop
      vertex 0 0 -115.012
      vertex 19.5375 -34.8868 -115.012
      vertex 18.1528 -35.6269 -115.012
    endloop
  endfacet
  facet normal 0 0 1
    outer loop
      vertex 0 0 -62.2325
      vertex 18.1528 -35.6269 -62.2325
      vertex 19.5375 -34.8868 -62.2325
    endloop
  endfacet
  facet normal 0.471397 -0.881921 0
    outer loop
      vertex 18.1528 -35.6269 -115.012
      vertex 19.5375 -34.8868 -115.012
      vertex 19.5375 -34.8868 -62.2325
    endloop
  endfacet
  facet normal 0.471397 -0.881921 0
    outer loop
      vertex 18.1528 -35.6269 -115.012
      vertex 19.5375 -34.8868 -62.2325
      vertex 18.1528 -35.6269 -62.2325
    endloop
  endfacet
  facet normal 0 0 -1
    outer loop
      vertex 0 0 -115.012
      vertex 20.8921 -34.0928 -115.012
      vertex 19.5375 -34.8868 -115.012
    endloop
  endfacet
  facet normal 0 0 1
    outer loop
      vertex 0 0 -62.2325
      vertex 19.5375 -34.8868 -62.2325
      vertex 20.8921 -34.0928 -62.2325
    endloop
  endfacet
  facet normal 0.505657 -0.862734 0
    outer loop
      vertex 19.5375 -34.8868 -115.012
      vertex 20.8921 -34.0928 -115.012
      vertex 20.8921 -34.0928 -62.2325
    endloop
  endfacet
  facet normal 0.505657 -0.862734 0
    outer loop
      vertex 19.5375 -34.8868 -115.012
      vertex 20.8921 -34.0928 -62.2325
      vertex 19.5375 -34.8868 -62.2325
    endloop
  endfacet
  facet normal 0 0 -1
    outer loop
      vertex 0 0 -115.012
      vertex 22.2145 -33.2463 -115.012
      vertex 20.8921 -34.0928 -115.012
    endloop
  endfacet
  facet normal 0 0 1
    outer loop
      vertex 0 0 -62.2325
      vertex 20.8921 -34.0928 -62.2325
      vertex 22.2145 -33.2463 -62.2325
    endloop
  endfacet
  facet normal 0.539138 -0.842217 0
    outer loop
      vertex 20.8921 -34.0928 -115.012
      vertex 22.2145 -33.2463 -115.012
      vertex 22.2145 -33.2463 -62.2325
    endloop
  endfacet
  facet normal 0.539138 -0.842217 0
    outer loop
      vertex 20.8921 -34.0928 -115.012
      vertex 22.2145 -33.2463 -62.2325
      vertex 20.8921 -34.0928 -62.2325
    endloop
  endfacet
  facet normal 0 0 -1
    outer loop
      vertex 0 0 -115.012
      vertex 23.5026 -32.3485 -115.012
      vertex 22.2145 -33.2463 -115.012
    endloop
  endfacet
  facet normal 0 0 1
    outer loop
      vertex 0 0 -62.2325
      vertex 22.2145 -33.2463 -62.2325
      vertex 23.5026 -32.3485 -62.2325
    endloop
  endfacet
  facet normal 0.571788 -0.820401 0
    outer loop
      vertex 22.2145 -33.2463 -115.012
      vertex 23.5026 -32.3485 -115.012
      vertex 23.5026 -32.3485 -62.2325
    endloop
  endfacet
  facet normal 0.571788 -0.820401 0
    outer loop
      vertex 22.2145 -33.2463 -115.012
      vertex 23.5026 -32.3485 -62.2325
      vertex 22.2145 -33.2463 -62.2325
    endloop
  endfacet
  facet normal 0 0 -1
    outer loop
      vertex 0 0 -115.012
      vertex 24.7545 -31.4009 -115.012
      vertex 23.5026 -32.3485 -115.012
    endloop
  endfacet
  facet normal 0 0 1
    outer loop
      vertex 0 0 -62.2325
      vertex 23.5026 -32.3485 -62.2325
      vertex 24.7545 -31.4009 -62.2325
    endloop
  endfacet
  facet normal 0.603556 -0.797321 0
    outer loop
      vertex 23.5026 -32.3485 -115.012
      vertex 24.7545 -31.4009 -115.012
      vertex 24.7545 -31.4009 -62.2325
    endloop
  endfacet
  facet normal 0.603556 -0.797321 0
    outer loop
      vertex 23.5026 -32.3485 -115.012
      vertex 24.7545 -31.4009 -62.2325
      vertex 23.5026 -32.3485 -62.2325
    endloop
  endfacet
  facet normal 0 0 -1
    outer loop
      vertex 0 0 -115.012
      vertex 25.9682 -30.4048 -115.012
      vertex 24.7545 -31.4009 -115.012
    endloop
  endfacet
  facet normal 0 0 1
    outer loop
      vertex 0 0 -62.2325
      vertex 24.7545 -31.4009 -62.2325
      vertex 25.9682 -30.4048 -62.2325
    endloop
  endfacet
  facet normal 0.634393 -0.77301 0
    outer loop
      vertex 24.7545 -31.4009 -115.012
      vertex 25.9682 -30.4048 -115.012
      vertex 25.9682 -30.4048 -62.2325
    endloop
  endfacet
  facet normal 0.634393 -0.77301 0
    outer loop
      vertex 24.7545 -31.4009 -115.012
      vertex 25.9682 -30.4048 -62.2325
      vertex 24.7545 -31.4009 -62.2325
    endloop
  endfacet
  facet normal 0 0 -1
    outer loop
      vertex 0 0 -115.012
      vertex 27.1418 -29.3619 -115.012
      vertex 25.9682 -30.4048 -115.012
    endloop
  endfacet
  facet normal 0 0 1
    outer loop
      vertex 0 0 -62.2325
      vertex 25.9682 -30.4048 -62.2325
      vertex 27.1418 -29.3619 -62.2325
    endloop
  endfacet
  facet normal 0.664252 -0.747508 0
    outer loop
      vertex 25.9682 -30.4048 -115.012
      vertex 27.1418 -29.3619 -115.012
      vertex 27.1418 -29.3619 -62.2325
    endloop
  endfacet
  facet normal 0.664252 -0.747508 0
    outer loop
      vertex 25.9682 -30.4048 -115.012
      vertex 27.1418 -29.3619 -62.2325
      vertex 25.9682 -30.4048 -62.2325
    endloop
  endfacet
  facet normal 0 0 -1
    outer loop
      vertex 0 0 -115.012
      vertex 28.2737 -28.2737 -115.012
      vertex 27.1418 -29.3619 -115.012
    endloop
  endfacet
  facet normal 0 0 1
    outer loop
      vertex 0 0 -62.2325
      vertex 27.1418 -29.3619 -62.2325
      vertex 28.2737 -28.2737 -62.2325
    endloop
  endfacet
  facet normal 0.693087 -0.720854 0
    outer loop
      vertex 27.1418 -29.3619 -115.012
      vertex 28.2737 -28.2737 -115.012
      vertex 28.2737 -28.2737 -62.2325
    endloop
  endfacet
  facet normal 0.693087 -0.720854 0
    outer loop
      vertex 27.1418 -29.3619 -115.012
      vertex 28.2737 -28.2737 -62.2325
      vertex 27.1418 -29.3619 -62.2325
    endloop
  endfacet
  facet normal 0 0 -1
    outer loop
      vertex 0 0 -115.012
      vertex 29.3619 -27.1418 -115.012
      vertex 28.2737 -28.2737 -115.012
    endloop
  endfacet
  facet normal 0 0 1
    outer loop
      vertex 0 0 -62.2325
      vertex 28.2737 -28.2737 -62.2325
      vertex 29.3619 -27.1418 -62.2325
    endloop
  endfacet
  facet normal 0.720854 -0.693087 0
    outer loop
      vertex 28.2737 -28.2737 -115.012
      vertex 29.3619 -27.1418 -115.012
      vertex 29.3619 -27.1418 -62.2325
    endloop
  endfacet
  facet normal 0.720854 -0.693087 0
    outer loop
      vertex 28.2737 -28.2737 -115.012
      vertex 29.3619 -27.1418 -62.2325
      vertex 28.2737 -28.2737 -62.2325
    endloop
  endfacet
  facet normal 0 0 -1
    outer loop
      vertex 0 0 -115.012
      vertex 30.4048 -25.9682 -115.012
      vertex 29.3619 -27.1418 -115.012
    endloop
  endfacet
  facet normal 0 0 1
    outer loop
      vertex 0 0 -62.2325
      vertex 29.3619 -27.1418 -62.2325
      vertex 30.4048 -25.9682 -62.2325
    endloop
  endfacet
  facet normal 0.747508 -0.664252 0
    outer loop
      vertex 29.3619 -27.1418 -115.012
      vertex 30.4048 -25.9682 -115.012
      vertex 30.4048 -25.9682 -62.2325
    endloop
  endfacet
  facet normal 0.747508 -0.664252 0
    outer loop
      vertex 29.3619 -27.1418 -115.012
      vertex 30.4048 -25.9682 -62.2325
      vertex 29.3619 -27.1418 -62.2325
    endloop
  endfacet
  facet normal 0 0 -1
    outer loop
      vertex 0 0 -115.012
      vertex 31.4009 -24.7545 -115.012
      vertex 30.4048 -25.9682 -115.012
    endloop
  endfacet
  facet normal 0 0 1
    outer loop
      vertex 0 0 -62.2325
      vertex 30.4048 -25.9682 -62.2325
      vertex 31.4009 -24.7545 -62.2325
    endloop
  endfacet
  facet normal 0.77301 -0.634393 0
    outer loop
      vertex 30.4048 -25.9682 -115.012
      vertex 31.4009 -24.7545 -115.012
      vertex 31.4009 -24.7545 -62.2325
    endloop
  endfacet
  facet normal 0.77301 -0.634393 0
    outer loop
      vertex 30.4048 -25.9682 -115.012
      vertex 31.4009 -24.7545 -62.2325
      vertex 30.4048 -25.9682 -62.2325
    endloop
  endfacet
  facet normal 0 0 -1
    outer loop
      vertex 0 0 -115.012
      vertex 32.3485 -23.5026 -115.012
      vertex 31.4009 -24.7545 -115.012
    endloop
  endfacet
  facet normal 0 0 1
    outer loop
      vertex 0 0 -62.2325
      vertex 31.4009 -24.7545 -62.2325
      vertex 32.3485 -23.5026 -62.2325
    endloop
  endfacet
  facet normal 0.797321 -0.603556 0
    outer loop
      vertex 31.4009 -24.7545 -115.012
      vertex 32.3485 -23.5026 -115.012
      vertex 32.3485 -23.5026 -62.2325
    endloop
  endfacet
  facet normal 0.797321 -0.603556 0
    outer loop
      vertex 31.4009 -24.7545 -115.012
      vertex 32.3485 -23.5026 -62.2325
      vertex 31.4009 -24.7545 -62.2325
    endloop
  endfacet
  facet normal 0 0 -1
    outer loop
      vertex 0 0 -115.012
      vertex 33.2463 -22.2145 -115.012
      vertex 32.3485 -23.5026 -115.012
    endloop
  endfacet
  facet normal 0 0 1
    outer loop
      vertex 0 0 -62.2325
      vertex 32.3485 -23.5026 -62.2325
      vertex 33.2463 -22.2145 -62.2325
    endloop
  endfacet
  facet normal 0.820401 -0.571788 0
    outer loop
      vertex 32.3485 -23.5026 -115.012
      vertex 33.2463 -22.2145 -115.012
      vertex 33.2463 -22.2145 -62.2325
    endloop
  endfacet
  facet normal 0.820401 -0.571788 0
    outer loop
      vertex 32.3485 -23.5026 -115.012
      vertex 33.2463 -22.2145 -62.2325
      vertex 32.3485 -23.5026 -62.2325
    endloop
  endfacet
  facet normal 0 0 -1
    outer loop
      vertex 0 0 -115.012
      vertex 34.0928 -20.8921 -115.012
      vertex 33.2463 -22.2145 -115.012
    endloop
  endfacet
  facet normal 0 0 1
    outer loop
      vertex 0 0 -62.2325
      vertex 33.2463 -22.2145 -62.2325
      vertex 34.0928 -20.8921 -62.2325
    endloop
  endfacet
  facet normal 0.842217 -0.539138 0
    outer loop
      vertex 33.2463 -22.2145 -115.012
      vertex 34.0928 -20.8921 -115.012
      vertex 34.0928 -20.8921 -62.2325
    endloop
  endfacet
  facet normal 0.842217 -0.539138 0
    outer loop
      vertex 33.2463 -22.2145 -115.012
      vertex 34.0928 -20.8921 -62.2325
      vertex 33.2463 -22.2145 -62.2325
    endloop
  endfacet
  facet normal 0 0 -1
    outer loop
      vertex 0 0 -115.012
      vertex 34.8868 -19.5375 -115.012
      vertex 34.0928 -20.8921 -115.012
    endloop
  endfacet
  facet normal 0 0 1
    outer loop
      vertex 0 0 -62.2325
      vertex 34.0928 -20.8921 -62.2325
      vertex 34.8868 -19.5375 -62.2325
    endloop
  endfacet
  facet normal 0.862734 -0.505657 0
    outer loop
      vertex 34.0928 -20.8921 -115.012
      vertex 34.8868 -19.5375 -115.012
      vertex 34.8868 -19.5375 -62.2325
    endloop
  endfacet
  facet normal 0.862734 -0.505657 0
    outer loop
      vertex 34.0928 -20.8921 -115.012
      vertex 34.8868 -19.5375 -62.2325
      vertex 34.0928 -20.8921 -62.2325
    endloop
  endfacet
  facet normal 0 0 -1
    outer loop
      vertex 0 0 -115.012
      vertex 35.6269 -18.1528 -115.012
      vertex 34.8868 -19.5375 -115.012
    endloop
  endfacet
  facet normal 0 0 1
    outer loop
      vertex 0 0 -62.2325
      vertex 34.8868 -19.5375 -62.2325
      vertex 35.6269 -18.1528 -62.2325
    endloop
  endfacet
  facet normal 0.881921 -0.471397 0
    outer loop
      vertex 34.8868 -19.5375 -115.012
      vertex 35.6269 -18.1528 -115.012
      vertex 35.6269 -18.1528 -62.2325
    endloop
  endfacet
  facet normal 0.881921 -0.471397 0
    outer loop
      vertex 34.8868 -19.5375 -115.012
      vertex 35.6269 -18.1528 -62.2325
      vertex 34.8868 -19.5375 -62.2325
    endloop
  endfacet
  facet normal 0 0 -1
    outer loop
      vertex 0 0 -115.012
      vertex 36.3121 -16.7401 -115.012
      vertex 35.6269 -18.1528 -115.012
    endloop
  endfacet
  facet normal 0 0 1
    outer loop
      vertex 0 0 -62.2325
      vertex 35.6269 -18.1528 -62.2325
      vertex 36.3121 -16.7401 -62.2325
    endloop
  endfacet
  facet normal 0.899748 -0.436409 0
    outer loop
      vertex 35.6269 -18.1528 -115.012
      vertex 36.3121 -16.7401 -115.012
      vertex 36.3121 -16.7401 -62.2325
    endloop
  endfacet
  facet normal 0.899748 -0.436409 0
    outer loop
      vertex 35.6269 -18.1528 -115.012
      vertex 36.3121 -16.7401 -62.2325
      vertex 35.6269 -18.1528 -62.2325
    endloop
  endfacet
  facet normal 0 0 -1
    outer loop
      vertex 0 0 -115.012
      vertex 36.9413 -15.3016 -115.012
      vertex 36.3121 -16.7401 -115.012
    endloop
  endfacet
  facet normal 0 0 1
    outer loop
      vertex 0 0 -62.2325
      vertex 36.3121 -16.7401 -62.2325
      vertex 36.9413 -15.3016 -62.2325
    endloop
  endfacet
  facet normal 0.916188 -0.400749 0
    outer loop
      vertex 36.3121 -16.7401 -115.012
      vertex 36.9413 -15.3016 -115.012
      vertex 36.9413 -15.3016 -62.2325
    endloop
  endfacet
  facet normal 0.916188 -0.400749 0
    outer loop
      vertex 36.3121 -16.7401 -115.012
      vertex 36.9413 -15.3016 -62.2325
      vertex 36.3121 -16.7401 -62.2325
    endloop
  endfacet
  facet normal 0 0 -1
    outer loop
      vertex 0 0 -115.012
      vertex 37.5136 -13.8395 -115.012
      vertex 36.9413 -15.3016 -115.012
    endloop
  endfacet
  facet normal 0 0 1
    outer loop
      vertex 0 0 -62.2325
      vertex 36.9413 -15.3016 -62.2325
      vertex 37.5136 -13.8395 -62.2325
    endloop
  endfacet
  facet normal 0.931215 -0.36447 0
    outer loop
      vertex 36.9413 -15.3016 -115.012
      vertex 37.5136 -13.8395 -115.012
      vertex 37.5136 -13.8395 -62.2325
    endloop
  endfacet
  facet normal 0.931215 -0.36447 0
    outer loop
      vertex 36.9413 -15.3016 -115.012
      vertex 37.5136 -13.8395 -62.2325
      vertex 36.9413 -15.3016 -62.2325
    endloop
  endfacet
  facet normal 0 0 -1
    outer loop
      vertex 0 0 -115.012
      vertex 38.028 -12.356 -115.012
      vertex 37.5136 -13.8395 -115.012
    endloop
  endfacet
  facet normal 0 0 1
    outer loop
      vertex 0 0 -62.2325
      vertex 37.5136 -13.8395 -62.2325
      vertex 38.028 -12.356 -62.2325
    endloop
  endfacet
  facet normal 0.944806 -0.32763 0
    outer loop
      vertex 37.5136 -13.8395 -115.012
      vertex 38.028 -12.356 -115.012
      vertex 38.028 -12.356 -62.2325
    endloop
  endfacet
  facet normal 0.944806 -0.32763 0
    outer loop
      vertex 37.5136 -13.8395 -115.012
      vertex 38.028 -12.356 -62.2325
      vertex 37.5136 -13.8395 -62.2325
    endloop
  endfacet
  facet normal 0 0 -1
    outer loop
      vertex 0 0 -115.012
      vertex 38.4838 -10.8535 -115.012
      vertex 38.028 -12.356 -115.012
    endloop
  endfacet
  facet normal 0 0 1
    outer loop
      vertex 0 0 -62.2325
      vertex 38.028 -12.356 -62.2325
      vertex 38.4838 -10.8535 -62.2325
    endloop
  endfacet
  facet normal 0.95694 -0.290285 0
    outer loop
      vertex 38.028 -12.356 -115.012
      vertex 38.4838 -10.8535 -115.012
      vertex 38.4838 -10.8535 -62.2325
    endloop
  endfacet
  facet normal 0.95694 -0.290285 0
    outer loop
      vertex 38.028 -12.356 -115.012
      vertex 38.4838 -10.8535 -62.2325
      vertex 38.028 -12.356 -62.2325
    endloop
  endfacet
  facet normal 0 0 -1
    outer loop
      vertex 0 0 -115.012
      vertex 38.8802 -9.33431 -115.012
      vertex 38.4838 -10.8535 -115.012
    endloop
  endfacet
  facet normal 0 0 1
    outer loop
      vertex 0 0 -62.2325
      vertex 38.4838 -10.8535 -62.2325
      vertex 38.8802 -9.33431 -62.2325
    endloop
  endfacet
  facet normal 0.967599 -0.252492 0
    outer loop
      vertex 38.4838 -10.8535 -115.012
      vertex 38.8802 -9.33431 -115.012
      vertex 38.8802 -9.33431 -62.2325
    endloop
  endfacet
  facet normal 0.967599 -0.252492 0
    outer loop
      vertex 38.4838 -10.8535 -115.012
      vertex 38.8802 -9.33431 -62.2325
      vertex 38.4838 -10.8535 -62.2325
    endloop
  endfacet
  facet normal 0 0 -1
    outer loop
      vertex 0 0 -115.012
      vertex 39.2167 -7.80069 -115.012
      vertex 38.8802 -9.33431 -115.012
    endloop
  endfacet
  facet normal 0 0 1
    outer loop
      vertex 0 0 -62.2325
      vertex 38.8802 -9.33431 -62.2325
      vertex 39.2167 -7.80069 -62.2325
    endloop
  endfacet
  facet normal 0.976766 -0.214309 0
    outer loop
      vertex 38.8802 -9.33431 -115.012
      vertex 39.2167 -7.80069 -115.012
      vertex 39.2167 -7.80069 -62.2325
    endloop
  endfacet
  facet normal 0.976766 -0.214309 0
    outer loop
      vertex 38.8802 -9.33431 -115.012
      vertex 39.2167 -7.80069 -62.2325
      vertex 38.8802 -9.33431 -62.2325
    endloop
  endfacet
  facet normal 0 0 -1
    outer loop
      vertex 0 0 -115.012
      vertex 39.4927 -6.25503 -115.012
      vertex 39.2167 -7.80069 -115.012
    endloop
  endfacet
  facet normal 0 0 1
    outer loop
      vertex 0 0 -62.2325
      vertex 39.2167 -7.80069 -62.2325
      vertex 39.4927 -6.25503 -62.2325
    endloop
  endfacet
  facet normal 0.984427 -0.175796 0
    outer loop
      vertex 39.2167 -7.80069 -115.012
      vertex 39.4927 -6.25503 -115.012
      vertex 39.4927 -6.25503 -62.2325
    endloop
  endfacet
  facet normal 0.984427 -0.175796 0
    outer loop
      vertex 39.2167 -7.80069 -115.012
      vertex 39.4927 -6.25503 -62.2325
      vertex 39.2167 -7.80069 -62.2325
    endloop
  endfacet
  facet normal 0 0 -1
    outer loop
      vertex 0 0 -115.012
      vertex 39.7078 -4.69973 -115.012
      vertex 39.4927 -6.25503 -115.012
    endloop
  endfacet
  facet normal 0 0 1
    outer loop
      vertex 0 0 -62.2325
      vertex 39.4927 -6.25503 -62.2325
      vertex 39.7078 -4.69973 -62.2325
    endloop
  endfacet
  facet normal 0.990569 -0.137012 0
    outer loop
      vertex 39.4927 -6.25503 -115.012
      vertex 39.7078 -4.69973 -115.012
      vertex 39.7078 -4.69973 -62.2325
    endloop
  endfacet
  facet normal 0.990569 -0.137012 0
    outer loop
      vertex 39.4927 -6.25503 -115.012
      vertex 39.7078 -4.69973 -62.2325
      vertex 39.4927 -6.25503 -62.2325
    endloop
  endfacet
  facet normal 0 0 -1
    outer loop
      vertex 0 0 -115.012
      vertex 39.8617 -3.13719 -115.012
      vertex 39.7078 -4.69973 -115.012
    endloop
  endfacet
  facet normal 0 0 1
    outer loop
      vertex 0 0 -62.2325
      vertex 39.7078 -4.69973 -62.2325
      vertex 39.8617 -3.13719 -62.2325
    endloop
  endfacet
  facet normal 0.995185 -0.0980171 0
    outer loop
      vertex 39.7078 -4.69973 -115.012
      vertex 39.8617 -3.13719 -115.012
      vertex 39.8617 -3.13719 -62.2325
    endloop
  endfacet
  facet normal 0.995185 -0.0980171 0
    outer loop
      vertex 39.7078 -4.69973 -115.012
      vertex 39.8617 -3.13719 -62.2325
      vertex 39.7078 -4.69973 -62.2325
    endloop
  endfacet
  facet normal 0 0 -1
    outer loop
      vertex 0 0 -115.012
      vertex 39.9542 -1.5698 -115.012
      vertex 39.8617 -3.13719 -115.012
    endloop
  endfacet
  facet normal 0 0 1
    outer loop
      vertex 0 0 -62.2325
      vertex 39.8617 -3.13719 -62.2325
      vertex 39.9542 -1.5698 -62.2325
    endloop
  endfacet
  facet normal 0.998266 -0.0588708 0
    outer loop
      vertex 39.8617 -3.13719 -115.012
      vertex 39.9542 -1.5698 -115.012
      vertex 39.9542 -1.5698 -62.2325
    endloop
  endfacet
  facet normal 0.998266 -0.0588708 0
    outer loop
      vertex 39.8617 -3.13719 -115.012
      vertex 39.9542 -1.5698 -62.2325
      vertex 39.8617 -3.13719 -62.2325
    endloop
  endfacet
  facet normal 0 0 -1
    outer loop
      vertex 0 0 -115.012
      vertex 39.985 -9.7935e-15 -115.012
      vertex 39.9542 -1.5698 -115.012
    endloop
  endfacet
  facet normal 0 0 1
    outer loop
      vertex 0 0 -62.2325
      vertex 39.9542 -1.5698 -62.2325
      vertex 39.985 -9.7935e-15 -62.2325
    endloop
  endfacet
  facet normal 0.999807 -0.0196337 0
    outer loop
      vertex 39.9542 -1.5698 -115.012
      vertex 39.985 -9.7935e-15 -115.012
      vertex 39.985 -9.7935e-15 -62.2325
    endloop
  endfacet
  facet normal 0.999807 -0.0196337 0
    outer loop
      vertex 39.9542 -1.5698 -115.012
      vertex 39.985 -9.7935e-15 -62.2325
      vertex 39.9542 -1.5698 -62.2325
    endloop
  endfacet
  facet normal 0 0 -1
    outer loop
      vertex 0 0 62.2325
      vertex 39.9542 1.5698 62.2325
      vertex 39.985 0 62.2325
    endloop
  endfacet
  facet normal 0 0 1
    outer loop
      vertex 0 0 115.012
      vertex 39.985 0 115.012
      vertex 39.9542 1.5698 115.012
    endloop
  endfacet
  facet normal 0.999807 0.0196337 0
    outer loop
      vertex 39.985 0 62.2325
      vertex 39.9542 1.5698 62.2325
      vertex 39.9542 1.5698 115.012
    endloop
  endfacet
  facet normal 0.999807 0.0196337 0
    outer loop
      vertex 39.985 0 62.2325
      vertex 39.9542 1.5698 115.012
      vertex 39.985 0 115.012
    endloop
  endfacet
  facet normal 0 0 -1
    outer loop
      vertex 0 0 62.2325
      vertex 39.8617 3.13719 62.2325
      vertex 39.9542 1.5698 62.2325
    endloop
  endfacet
  facet normal 0 0 1
    outer loop
      vertex 0 0 115.012
      vertex 39.9542 1.5698 115.012
      vertex 39.8617 3.13719 115.012
    endloop
  endfacet
  facet normal 0.998266 0.0588708 0
    outer loop
      vertex 39.9542 1.5698 62.2325
      vertex 39.8617 3.13719 62.2325
      vertex 39.8617 3.13719 115.012
    endloop
  endfacet
  facet normal 0.998266 0.0588708 0
    outer loop
      vertex 39.9542 1.5698 62.2325
      vertex 39.8617 3.13719 115.012
      vertex 39.9542 1.5698 115.012
    endloop
  endfacet
  facet normal 0 0 -1
    outer loop
      vertex 0 0 62.2325
      vertex 39.7078 4.69973 62.2325
      vertex 39.8617 3.13719 62.2325
    endloop
  endfacet
  facet normal 0 0 1
    outer loop
      vertex 0 0 115.012
      vertex 39.8617 3.13719 115.012
      vertex 39.7078 4.69973 115.012
    endloop
  endfacet
  facet normal 0.995185 0.0980171 0
    outer loop
      vertex 39.8617 3.13719 62.2325
      vertex 39.7078 4.69973 62.2325
      vertex 39.7078 4.69973 115.012
    endloop
  endfacet
  facet normal 0.995185 0.0980171 0
    outer loop
      vertex 39.8617 3.13719 62.2325
      vertex 39.7078 4.69973 115.012
      vertex 39.8617 3.13719 115.012
    endloop
  endfacet
  facet normal 0 0 -1
    outer loop
      vertex 0 0 62.2325
      vertex 39.4927 6.25503 62.2325
      vertex 39.7078 4.69973 62.2325
    endloop
  endfacet
  facet normal 0 0 1
    outer loop
      vertex 0 0 115.012
      vertex 39.7078 4.69973 115.012
      vertex 39.4927 6.25503 115.012
    endloop
  endfacet
  facet normal 0.990569 0.137012 0
    outer loop
      vertex 39.7078 4.69973 62.2325
      vertex 39.4927 6.25503 62.2325
      vertex 39.4927 6.25503 115.012
    endloop
  endfacet
  facet normal 0.990569 0.137012 0
    outer loop
      vertex 39.7078 4.69973 62.2325
      vertex 39.4927 6.25503 115.012
      vertex 39.7078 4.69973 115.012
    endloop
  endfacet
  facet normal 0 0 -1
    outer loop
      vertex 0 0 62.2325
      vertex 39.2167 7.80069 62.2325
      vertex 39.4927 6.25503 62.2325
    endloop
  endfacet
  facet normal 0 0 1
    outer loop
      vertex 0 0 115.012
      vertex 39.4927 6.25503 115.012
      vertex 39.2167 7.80069 115.012
    endloop
  endfacet
  facet normal 0.984427 0.175796 0
    outer loop
      vertex 39.4927 6.25503 62.2325
      vertex 39.2167 7.80069 62.2325
      vertex 39.2167 7.80069 115.012
    endloop
  endfacet
  facet normal 0.984427 0.175796 0
    outer loop
      vertex 39.4927 6.25503 62.2325
      vertex 39.2167 7.80069 115.012
      vertex 39.4927 6.25503 115.012
    endloop
  endfacet
  facet normal 0 0 -1
    outer loop
      vertex 0 0 62.2325
      vertex 38.8802 9.33431 62.2325
      vertex 39.2167 7.80069 62.2325
    endloop
  endfacet
  facet normal 0 0 1
    outer loop
      vertex 0 0 115.012
      vertex 39.2167 7.80069 115.012
      vertex 38.8802 9.33431 115.012
    endloop
  endfacet
  facet normal 0.976766 0.214309 0
    outer loop
      vertex 39.2167 7.80069 62.2325
      vertex 38.8802 9.33431 62.2325
      vertex 38.8802 9.33431 115.012
    endloop
  endfacet
  facet normal 0.976766 0.214309 0
    outer loop
      vertex 39.2167 7.80069 62.2325
      vertex 38.8802 9.33431 115.012
      vertex 39.2167 7.80069 115.012
    endloop
  endfacet
  facet normal 0 0 -1
    outer loop
      vertex 0 0 62.2325
      vertex 38.4838 10.8535 62.2325
      vertex 38.8802 9.33431 62.2325
    endloop
  endfacet
  facet normal 0 0 1
    outer loop
      vertex 0 0 115.012
      vertex 38.8802 9.33431 115.012
      vertex 38.4838 10.8535 115.012
    endloop
  endfacet
  facet normal 0.967599 0.252492 0
    outer loop
      vertex 38.8802 9.33431 62.2325
      vertex 38.4838 10.8535 62.2325
      vertex 38.4838 10.8535 115.012
    endloop
  endfacet
  facet normal 0.967599 0.252492 0
    outer loop
      vertex 38.8802 9.33431 62.2325
      vertex 38.4838 10.8535 115.012
      vertex 38.8802 9.33431 115.012
    endloop
  endfacet
  facet normal 0 0 -1
    outer loop
      vertex 0 0 62.2325
      vertex 38.028 12.356 62.2325
      vertex 38.4838 10.8535 62.2325
    endloop
  endfacet
  facet normal 0 0 1
    outer loop
      vertex 0 0 115.012
      vertex 38.4838 10.8535 115.012
      vertex 38.028 12.356 115.012
    endloop
  endfacet
  facet normal 0.95694 0.290285 0
    outer loop
      vertex 38.4838 10.8535 62.2325
      vertex 38.028 12.356 62.2325
      vertex 38.028 12.356 115.012
    endloop
  endfacet
  facet normal 0.95694 0.290285 0
    outer loop
      vertex 38.4838 10.8535 62.2325
      vertex 38.028 12.356 115.012
      vertex 38.4838 10.8535 115.012
    endloop
  endfacet
  facet normal 0 0 -1
    outer loop
      vertex 0 0 62.2325
      vertex 37.5136 13.8395 62.2325
      vertex 38.028 12.356 62.2325
    endloop
  endfacet
  facet normal 0 0 1
    outer loop
      vertex 0 0 115.012
      vertex 38.028 12.356 115.012
      vertex 37.5136 13.8395 115.012
    endloop
  endfacet
  facet normal 0.944806 0.32763 0
    outer loop
      vertex 38.028 12.356 62.2325
      vertex 37.5136 13.8395 62.2325
      vertex 37.5136 13.8395 115.012
    endloop
  endfacet
  facet normal 0.944806 0.32763 0
    outer loop
      vertex 38.028 12.356 62.2325
      vertex 37.5136 13.8395 115.012
      vertex 38.028 12.356 115.012
    endloop
  endfacet
  facet normal 0 0 -1
    outer loop
      vertex 0 0 62.2325
      vertex 36.9413 15.3016 62.2325
      vertex 37.5136 13.8395 62.2325
    endloop
  endfacet
  facet normal 0 0 1
    outer loop
      vertex 0 0 115.012
      vertex 37.5136 13.8395 115.012
      vertex 36.9413 15.3016 115.012
    endloop
  endfacet
  facet normal 0.931215 0.36447 0
    outer loop
      vertex 37.5136 13.8395 62.2325
      vertex 36.9413 15.3016 62.2325
      vertex 36.9413 15.3016 115.012
    endloop
  endfacet
  facet normal 0.931215 0.36447 0
    outer loop
      vertex 37.5136 13.8395 62.2325
      vertex 36.9413 15.3016 115.012
      vertex 37.5136 13.8395 115.012
    endloop
  endfacet
  facet normal 0 0 -1
    outer loop
      vertex 0 0 62.2325
      vertex 36.3121 16.7401 62.2325
      vertex 36.9413 15.3016 62.2325
    endloop
  endfacet
  facet normal 0 0 1
    outer loop
      vertex 0 0 115.012
      vertex 36.9413 15.3016 115.012
      vertex 36.3121 16.7401 115.012
    endloop
  endfacet
  facet normal 0.916188 0.400749 0
    outer loop
      vertex 36.9413 15.3016 62.2325
      vertex 36.3121 16.7401 62.2325
      vertex 36.3121 16.7401 115.012
    endloop
  endfacet
  facet normal 0.916188 0.400749 0
    outer loop
      vertex 36.9413 15.3016 62.2325
      vertex 36.3121 16.7401 115.012
      vertex 36.9413 15.3016 115.012
    endloop
  endfacet
  facet normal 0 0 -1
    outer loop
      vertex 0 0 62.2325
      vertex 35.6269 18.1528 62.2325
      vertex 36.3121 16.7401 62.2325
    endloop
  endfacet
  facet normal 0 0 1
    outer loop
      vertex 0 0 115.012
      vertex 36.3121 16.7401 115.012
      vertex 35.6269 18.1528 115.012
    endloop
  endfacet
  facet normal 0.899748 0.436409 0
    outer loop
      vertex 36.3121 16.7401 62.2325
      vertex 35.6269 18.1528 62.2325
      vertex 35.6269 18.1528 115.012
    endloop
  endfacet
  facet normal 0.899748 0.436409 0
    outer loop
      vertex 36.3121 16.7401 62.2325
      vertex 35.6269 18.1528 115.012
      vertex 36.3121 16.7401 115.012
    endloop
  endfacet
  facet normal 0 0 -1
    outer loop
      vertex 0 0 62.2325
      vertex 34.8868 19.5375 62.2325
      vertex 35.6269 18.1528 62.2325
    endloop
  endfacet
  facet normal 0 0 1
    outer loop
      vertex 0 0 115.012
      vertex 35.6269 18.1528 115.012
      vertex 34.8868 19.5375 115.012
    endloop
  endfacet
  facet normal 0.881921 0.471397 0
    outer loop
      vertex 35.6269 18.1528 62.2325
      vertex 34.8868 19.5375 62.2325
      vertex 34.8868 19.5375 115.012
    endloop
  endfacet
  facet normal 0.881921 0.471397 0
    outer loop
      vertex 35.6269 18.1528 62.2325
      vertex 34.8868 19.5375 115.012
      vertex 35.6269 18.1528 115.012
    endloop
  endfacet
  facet normal 0 0 -1
    outer loop
      vertex 0 0 62.2325
      vertex 34.0928 20.8921 62.2325
      vertex 34.8868 19.5375 62.2325
    endloop
  endfacet
  facet normal 0 0 1
    outer loop
      vertex 0 0 115.012
      vertex 34.8868 19.5375 115.012
      vertex 34.0928 20.8921 115.012
    endloop
  endfacet
  facet normal 0.862734 0.505657 0
    outer loop
      vertex 34.8868 19.5375 62.2325
      vertex 34.0928 20.8921 62.2325
      vertex 34.0928 20.8921 115.012
    endloop
  endfacet
  facet normal 0.862734 0.505657 0
    outer loop
      vertex 34.8868 19.5375 62.2325
      vertex 34.0928 20.8921 115.012
      vertex 34.8868 19.5375 115.012
    endloop
  endfacet
  facet normal 0 0 -1
    outer loop
      vertex 0 0 62.2325
      vertex 33.2463 22.2145 62.2325
      vertex 34.0928 20.8921 62.2325
    endloop
  endfacet
  facet normal 0 0 1
    outer loop
      vertex 0 0 115.012
      vertex 34.0928 20.8921 115.012
      vertex 33.2463 22.2145 115.012
    endloop
  endfacet
  facet normal 0.842217 0.539138 0
    outer loop
      vertex 34.0928 20.8921 62.2325
      vertex 33.2463 22.2145 62.2325
      vertex 33.2463 22.2145 115.012
    endloop
  endfacet
  facet normal 0.842217 0.539138 0
    outer loop
      vertex 34.0928 20.8921 62.2325
      vertex 33.2463 22.2145 115.012
      vertex 34.0928 20.8921 115.012
    endloop
  endfacet
  facet normal 0 0 -1
    outer loop
      vertex 0 0 62.2325
      vertex 32.3485 23.5026 62.2325
      vertex 33.2463 22.2145 62.2325
    endloop
  endfacet
  facet normal 0 0 1
    outer loop
      vertex 0 0 115.012
      vertex 33.2463 22.2145 115.012
      vertex 32.3485 23.5026 115.012
    endloop
  endfacet
  facet normal 0.820401 0.571788 0
    outer loop
      vertex 33.2463 22.2145 62.2325
      vertex 32.3485 23.5026 62.2325
      vertex 32.3485 23.5026 115.012
    endloop
  endfacet
  facet normal 0.820401 0.571788 0
    outer loop
      vertex 33.2463 22.2145 62.2325
      vertex 32.3485 23.5026 115.012
      vertex 33.2463 22.2145 115.012
    endloop
  endfacet
  facet normal 0 0 -1
    outer loop
      vertex 0 0 62.2325
      vertex 31.4009 24.7545 62.2325
      vertex 32.3485 23.5026 62.2325
    endloop
  endfacet
  facet normal 0 0 1
    outer loop
      vertex 0 0 115.012
      vertex 32.3485 23.5026 115.012
      vertex 31.4009 24.7545 115.012
    endloop
  endfacet
  facet normal 0.797321 0.603556 0
    outer loop
      vertex 32.3485 23.5026 62.2325
      vertex 31.4009 24.7545 62.2325
      vertex 31.4009 24.7545 115.012
    endloop
  endfacet
  facet normal 0.797321 0.603556 0
    outer loop
      vertex 32.3485 23.5026 62.2325
      vertex 31.4009 24.7545 115.012
      vertex 32.3485 23.5026 115.012
    endloop
  endfacet
  facet normal 0 0 -1
    outer loop
      vertex 0 0 62.2325
      vertex 30.4048 25.9682 62.2325
      vertex 31.4009 24.7545 62.2325
    endloop
  endfacet
  facet normal 0 0 1
    outer loop
      vertex 0 0 115.012
      vertex 31.4009 24.7545 115.012
      vertex 30.4048 25.9682 115.012
    endloop
  endfacet
  facet normal 0.77301 0.634393 0
    outer loop
      vertex 31.4009 24.7545 62.2325
      vertex 30.4048 25.9682 62.2325
      vertex 30.4048 25.9682 115.012
    endloop
  endfacet
  facet normal 0.77301 0.634393 0
    outer loop
      vertex 31.4009 24.7545 62.2325
      vertex 30.4048 25.9682 115.012
      vertex 31.4009 24.7545 115.012
    endloop
  endfacet
  facet normal 0 0 -1
    outer loop
      vertex 0 0 62.2325
      vertex 29.3619 27.1418 62.2325
      vertex 30.4048 25.9682 62.2325
    endloop
  endfacet
  facet normal 0 0 1
    outer loop
      vertex 0 0 115.012
      vertex 30.4048 25.9682 115.012
      vertex 29.3619 27.1418 115.012
    endloop
  endfacet
  facet normal 0.747508 0.664252 0
    outer loop
      vertex 30.4048 25.9682 62.2325
      vertex 29.3619 27.1418 62.2325
      vertex 29.3619 27.1418 115.012
    endloop
  endfacet
  facet normal 0.747508 0.664252 0
    outer loop
      vertex 30.4048 25.9682 62.2325
      vertex 29.3619 27.1418 115.012
      vertex 30.4048 25.9682 115.012
    endloop
  endfacet
  facet normal 0 0 -1
    outer loop
      vertex 0 0 62.2325
      vertex 28.2737 28.2737 62.2325
      vertex 29.3619 27.1418 62.2325
    endloop
  endfacet
  facet normal 0 0 1
    outer loop
      vertex 0 0 115.012
      vertex 29.3619 27.1418 115.012
      vertex 28.2737 28.2737 115.012
    endloop
  endfacet
  facet normal 0.720854 0.693087 0
    outer loop
      vertex 29.3619 27.1418 62.2325
      vertex 28.2737 28.2737 62.2325
      vertex 28.2737 28.2737 115.012
    endloop
  endfacet
  facet normal 0.720854 0.693087 0
    outer loop
      vertex 29.3619 27.1418 62.2325
      vertex 28.2737 28.2737 115.012
      vertex 29.3619 27.1418 115.012
    endloop
  endfacet
  facet normal 0 0 -1
    outer loop
      vertex 0 0 62.2325
      vertex 27.1418 29.3619 62.2325
      vertex 28.2737 28.2737 62.2325
    endloop
  endfacet
  facet normal 0 0 1
    outer loop
      vertex 0 0 115.012
      vertex 28.2737 28.2737 115.012
      vertex 27.1418 29.3619 115.012
    endloop
  endfacet
  facet normal 0.693087 0.720854 0
    outer loop
      vertex 28.2737 28.2737 62.2325
      vertex 27.1418 29.3619 62.2325
      vertex 27.1418 29.3619 115.012
    endloop
  endfacet
  facet normal 0.693087 0.720854 0
    outer loop
      vertex 28.2737 28.2737 62.2325
      vertex 27.1418 29.3619 115.012
      vertex 28.2737 28.2737 115.012
    endloop
  endfacet
  facet normal 0 0 -1
    outer loop
      vertex 0 0 62.2325
      vertex 25.9682 30.4048 62.2325
      vertex 27.1418 29.3619 62.2325
    endloop
  endfacet
  facet normal 0 0 1
    outer loop
      vertex 0 0 115.012
      vertex 27.1418 29.3619 115.012
      vertex 25.9682 30.4048 115.012
    endloop
  endfacet
  facet normal 0.664252 0.747508 0
    outer loop
      vertex 27.1418 29.3619 62.2325
      vertex 25.9682 30.4048 62.2325
      vertex 25.9682 30.4048 115.012
    endloop
  endfacet
  facet normal 0.664252 0.747508 0
    outer loop
      vertex 27.1418 29.3619 62.2325
      vertex 25.9682 30.4048 115.012
      vertex 27.1418 29.3619 115.012
    endloop
  endfacet
  facet normal 0 0 -1
    outer loop
      vertex 0 0 62.2325
      vertex 24.7545 31.4009 62.2325
      vertex 25.9682 30.4048 62.2325
    endloop
  endfacet
  facet normal 0 0 1
    outer loop
      vertex 0 0 115.012
      vertex 25.9682 30.4048 115.012
      vertex 24.7545 31.4009 115.012
    endloop
  endfacet
  facet normal 0.634393 0.77301 0
    outer loop
      vertex 25.9682 30.4048 62.2325
      vertex 24.7545 31.4009 62.2325
      vertex 24.7545 31.4009 115.012
    endloop
  endfacet
  facet normal 0.634393 0.77301 0
    outer loop
      vertex 25.9682 30.4048 62.2325
      vertex 24.7545 31.4009 115.012
      vertex 25.9682 30.4048 115.012
    endloop
  endfacet
  facet normal 0 0 -1
    outer loop
      vertex 0 0 62.2325
      vertex 23.5026 32.3485 62.2325
      vertex 24.7545 31.4009 62.2325
    endloop
  endfacet
  facet normal 0 0 1
    outer loop
      vertex 0 0 115.012
      vertex 24.7545 31.4009 115.012
      vertex 23.5026 32.3485 115.012
    endloop
  endfacet
  facet normal 0.603556 0.797321 0
    outer loop
      vertex 24.7545 31.4009 62.2325
      vertex 23.5026 32.3485 62.2325
      vertex 23.5026 32.3485 115.012
    endloop
  endfacet
  facet normal 0.603556 0.797321 0
    outer loop
      vertex 24.7545 31.4009 62.2325
      vertex 23.5026 32.3485 115.012
      vertex 24.7545 31.4009 115.012
    endloop
  endfacet
  facet normal 0 0 -1
    outer loop
      vertex 0 0 62.2325
      vertex 22.2145 33.2463 62.2325
      vertex 23.5026 32.3485 62.2325
    endloop
  endfacet
  facet normal 0 0 1
    outer loop
      vertex 0 0 115.012
      vertex 23.5026 32.3485 115.012
      vertex 22.2145 33.2463 115.012
    endloop
  endfacet
  facet normal 0.571788 0.820401 0
    outer loop
      vertex 23.5026 32.3485 62.2325
      vertex 22.2145 33.2463 62.2325
      vertex 22.2145 33.2463 115.012
    endloop
  endfacet
  facet normal 0.571788 0.820401 0
    outer loop
      vertex 23.5026 32.3485 62.2325
      vertex 22.2145 33.2463 115.012
      vertex 23.5026 32.3485 115.012
    endloop
  endfacet
  facet normal 0 0 -1
    outer loop
      vertex 0 0 62.2325
      vertex 20.8921 34.0928 62.2325
      vertex 22.2145 33.2463 62.2325
    endloop
  endfacet
  facet normal 0 0 1
    outer loop
      vertex 0 0 115.012
      vertex 22.2145 33.2463 115.012
      vertex 20.8921 34.0928 115.012
    endloop
  endfacet
  facet normal 0.539138 0.842217 0
    outer loop
      vertex 22.2145 33.2463 62.2325
      vertex 20.8921 34.0928 62.2325
      vertex 20.8921 34.0928 115.012
    endloop
  endfacet
  facet normal 0.539138 0.842217 0
    outer loop
      vertex 22.2145 33.2463 62.2325
      vertex 20.8921 34.0928 115.012
      vertex 22.2145 33.2463 115.012
    endloop
  endfacet
  facet normal 0 0 -1
    outer loop
      vertex 0 0 62.2325
      vertex 19.5375 34.8868 62.2325
      vertex 20.8921 34.0928 62.2325
    endloop
  endfacet
  facet normal 0 0 1
    outer loop
      vertex 0 0 115.012
      vertex 20.8921 34.0928 115.012
      vertex 19.5375 34.8868 115.012
    endloop
  endfacet
  facet normal 0.505657 0.862734 0
    outer loop
      vertex 20.8921 34.0928 62.2325
      vertex 19.5375 34.8868 62.2325
      vertex 19.5375 34.8868 115.012
    endloop
  endfacet
  facet normal 0.505657 0.862734 0
    outer loop
      vertex 20.8921 34.0928 62.2325
      vertex 19.5375 34.8868 115.012
      vertex 20.8921 34.0928 115.012
    endloop
  endfacet
  facet normal 0 0 -1
    outer loop
      vertex 0 0 62.2325
      vertex 18.1528 35.6269 62.2325
      vertex 19.5375 34.8868 62.2325
    endloop
  endfacet
  facet normal 0 0 1
    outer loop
      vertex 0 0 115.012
      vertex 19.5375 34.8868 115.012
      vertex 18.1528 35.6269 115.012
    endloop
  endfacet
  facet normal 0.471397 0.881921 0
    outer loop
      vertex 19.5375 34.8868 62.2325
      vertex 18.1528 35.6269 62.2325
      vertex 18.1528 35.6269 115.012
    endloop
  endfacet
  facet normal 0.471397 0.881921 0
    outer loop
      vertex 19.5375 34.8868 62.2325
      vertex 18.1528 35.6269 115.012
      vertex 19.5375 34.8868 115.012
    endloop
  endfacet
  facet normal 0 0 -1
    outer loop
      vertex 0 0 62.2325
      vertex 16.7401 36.3121 62.2325
      vertex 18.1528 35.6269 62.2325
    endloop
  endfacet
  facet normal 0 0 1
    outer loop
      vertex 0 0 115.012
      vertex 18.1528 35.6269 115.012
      vertex 16.7401 36.3121 115.012
    endloop
  endfacet
  facet normal 0.436409 0.899748 0
    outer loop
      vertex 18.1528 35.6269 62.2325
      vertex 16.7401 36.3121 62.2325
      vertex 16.7401 36.3121 115.012
    endloop
  endfacet
  facet normal 0.436409 0.899748 0
    outer loop
      vertex 18.1528 35.6269 62.2325
      vertex 16.7401 36.3121 115.012
      vertex 18.1528 35.6269 115.012
    endloop
  endfacet
  facet normal 0 0 -1
    outer loop
      vertex 0 0 62.2325
      vertex 15.3016 36.9413 62.2325
      vertex 16.7401 36.3121 62.2325
    endloop
  endfacet
  facet normal 0 0 1
    outer loop
      vertex 0 0 115.012
      vertex 16.7401 36.3121 115.012
      vertex 15.3016 36.9413 115.012
    endloop
  endfacet
  facet normal 0.400749 0.916188 0
    outer loop
      vertex 16.7401 36.3121 62.2325
      vertex 15.3016 36.9413 62.2325
      vertex 15.3016 36.9413 115.012
    endloop
  endfacet
  facet normal 0.400749 0.916188 0
    outer loop
      vertex 16.7401 36.3121 62.2325
      vertex 15.3016 36.9413 115.012
      vertex 16.7401 36.3121 115.012
    endloop
  endfacet
  facet normal 0 0 -1
    outer loop
      vertex 0 0 62.2325
      vertex 13.8395 37.5136 62.2325
      vertex 15.3016 36.9413 62.2325
    endloop
  endfacet
  facet normal 0 0 1
    outer loop
      vertex 0 0 115.012
      vertex 15.3016 36.9413 115.012
      vertex 13.8395 37.5136 115.012
    endloop
  endfacet
  facet normal 0.36447 0.931215 0
    outer loop
      vertex 15.3016 36.9413 62.2325
      vertex 13.8395 37.5136 62.2325
      vertex 13.8395 37.5136 115.012
    endloop
  endfacet
  facet normal 0.36447 0.931215 0
    outer loop
      vertex 15.3016 36.9413 62.2325
      vertex 13.8395 37.5136 115.012
      vertex 15.3016 36.9413 115.012
    endloop
  endfacet
  facet normal 0 0 -1
    outer loop
      vertex 0 0 62.2325
      vertex 12.356 38.028 62.2325
      vertex 13.8395 37.5136 62.2325
    endloop
  endfacet
  facet normal 0 0 1
    outer loop
      vertex 0 0 115.012
      vertex 13.8395 37.5136 115.012
      vertex 12.356 38.028 115.012
    endloop
  endfacet
  facet normal 0.32763 0.944806 0
    outer loop
      vertex 13.8395 37.5136 62.2325
      vertex 12.356 38.028 62.2325
      vertex 12.356 38.028 115.012
    endloop
  endfacet
  facet normal 0.32763 0.944806 0
    outer loop
      vertex 13.8395 37.5136 62.2325
      vertex 12.356 38.028 115.012
      vertex 13.8395 37.5136 115.012
    endloop
  endfacet
  facet normal 0 0 -1
    outer loop
      vertex 0 0 62.2325
      vertex 10.8535 38.4838 62.2325
      vertex 12.356 38.028 62.2325
    endloop
  endfacet
  facet normal 0 0 1
    outer loop
      vertex 0 0 115.012
      vertex 12.356 38.028 115.012
      vertex 10.8535 38.4838 115.012
    endloop
  endfacet
  facet normal 0.290285 0.95694 0
    outer loop
      vertex 12.356 38.028 62.2325
      vertex 10.8535 38.4838 62.2325
      vertex 10.8535 38.4838 115.012
    endloop
  endfacet
  facet normal 0.290285 0.95694 0
    outer loop
      vertex 12.356 38.028 62.2325
      vertex 10.8535 38.4838 115.012
      vertex 12.356 38.028 115.012
    endloop
  endfacet
  facet normal 0 0 -1
    outer loop
      vertex 0 0 62.2325
      vertex 9.33431 38.8802 62.2325
      vertex 10.8535 38.4838 62.2325
    endloop
  endfacet
  facet normal 0 0 1
    outer loop
      vertex 0 0 115.012
      vertex 10.8535 38.4838 115.012
      vertex 9.33431 38.8802 115.012
    endloop
  endfacet
  facet normal 0.252492 0.967599 0
    outer loop
      vertex 10.8535 38.4838 62.2325
      vertex 9.33431 38.8802 62.2325
      vertex 9.33431 38.8802 115.012
    endloop
  endfacet
  facet normal 0.252492 0.967599 0
    outer loop
      vertex 10.8535 38.4838 62.2325
      vertex 9.33431 38.8802 115.012
      vertex 10.8535 38.4838 115.012
    endloop
  endfacet
  facet normal 0 0 -1
    outer loop
      vertex 0 0 62.2325
      vertex 7.80069 39.2167 62.2325
      vertex 9.33431 38.8802 62.2325
    endloop
  endfacet
  facet normal 0 0 1
    outer loop
      vertex 0 0 115.012
      vertex 9.33431 38.8802 115.012
      vertex 7.80069 39.2167 115.012
    endloop
  endfacet
  facet normal 0.214309 0.976766 0
    outer loop
      vertex 9.33431 38.8802 62.2325
      vertex 7.80069 39.2167 62.2325
      vertex 7.80069 39.2167 115.012
    endloop
  endfacet
  facet normal 0.214309 0.976766 0
    outer loop
      vertex 9.33431 38.8802 62.2325
      vertex 7.80069 39.2167 115.012
      vertex 9.33431 38.8802 115.012
    endloop
  endfacet
  facet normal 0 0 -1
    outer loop
      vertex 0 0 62.2325
      vertex 6.25503 39.4927 62.2325
      vertex 7.80069 39.2167 62.2325
    endloop
  endfacet
  facet normal 0 0 1
    outer loop
      vertex 0 0 115.012
      vertex 7.80069 39.2167 115.012
      vertex 6.25503 39.4927 115.012
    endloop
  endfacet
  facet normal 0.175796 0.984427 0
    outer loop
      vertex 7.80069 39.2167 62.2325
      vertex 6.25503 39.4927 62.2325
      vertex 6.25503 39.4927 115.012
    endloop
  endfacet
  facet normal 0.175796 0.984427 0
    outer loop
      vertex 7.80069 39.2167 62.2325
      vertex 6.25503 39.4927 115.012
      vertex 7.80069 39.2167 115.012
    endloop
  endfacet
  facet normal 0 0 -1
    outer loop
      vertex 0 0 62.2325
      vertex 4.69973 39.7078 62.2325
      vertex 6.25503 39.4927 62.2325
    endloop
  endfacet
  facet normal 0 0 1
    outer loop
      vertex 0 0 115.012
      vertex 6.25503 39.4927 115.012
      vertex 4.69973 39.7078 115.012
    endloop
  endfacet
  facet normal 0.137012 0.990569 0
    outer loop
      vertex 6.25503 39.4927 62.2325
      vertex 4.69973 39.7078 62.2325
      vertex 4.69973 39.7078 115.012
    endloop
  endfacet
  facet normal 0.137012 0.990569 0
    outer loop
      vertex 6.25503 39.4927 62.2325
      vertex 4.69973 39.7078 115.012
      vertex 6.25503 39.4927 115.012
    endloop
  endfacet
  facet normal 0 0 -1
    outer loop
      vertex 0 0 62.2325
      vertex 3.13719 39.8617 62.2325
      vertex 4.69973 39.7078 62.2325
    endloop
  endfacet
  facet normal 0 0 1
    outer loop
      vertex 0 0 115.012
      vertex 4.69973 39.7078 115.012
      vertex 3.13719 39.8617 115.012
    endloop
  endfacet
  facet normal 0.0980171 0.995185 0
    outer loop
      vertex 4.69973 39.7078 62.2325
      vertex 3.13719 39.8617 62.2325
      vertex 3.13719 39.8617 115.012
    endloop
  endfacet
  facet normal 0.0980171 0.995185 0
    outer loop
      vertex 4.69973 39.7078 62.2325
      vertex 3.13719 39.8617 115.012
      vertex 4.69973 39.7078 115.012
    endloop
  endfacet
  facet normal 0 0 -1
    outer loop
      vertex 0 0 62.2325
      vertex 1.5698 39.9542 62.2325
      vertex 3.13719 39.8617 62.2325
    endloop
  endfacet
  facet normal 0 0 1
    outer loop
      vertex 0 0 115.012
      vertex 3.13719 39.8617 115.012
      vertex 1.5698 39.9542 115.012
    endloop
  endfacet
  facet normal 0.0588708 0.998266 0
    outer loop
      vertex 3.13719 39.8617 62.2325
      vertex 1.5698 39.9542 62.2325
      vertex 1.5698 39.9542 115.012
    endloop
  endfacet
  facet normal 0.0588708 0.998266 0
    outer loop
      vertex 3.13719 39.8617 62.2325
      vertex 1.5698 39.9542 115.012
      vertex 3.13719 39.8617 115.012
    endloop
  endfacet
  facet normal 0 0 -1
    outer loop
      vertex 0 0 62.2325
      vertex 2.44838e-15 39.985 62.2325
      vertex 1.5698 39.9542 62.2325
    endloop
  endfacet
  facet normal 0 0 1
    outer loop
      vertex 0 0 115.012
      vertex 1.5698 39.9542 115.012
      vertex 2.44838e-15 39.985 115.012
    endloop
  endfacet
  facet normal 0.0196337 0.999807 0
    outer loop
      vertex 1.5698 39.9542 62.2325
      vertex 2.44838e-15 39.985 62.2325
      vertex 2.44838e-15 39.985 115.012
    endloop
  endfacet
  facet normal 0.0196337 0.999807 0
    outer loop
      vertex 1.5698 39.9542 62.2325
      vertex 2.44838e-15 39.985 115.012
      vertex 1.5698 39.9542 115.012
    endloop
  endfacet
  facet normal 0 0 -1
    outer loop
      vertex 0 0 62.2325
      vertex -1.5698 39.9542 62.2325
      vertex 2.44838e-15 39.985 62.2325
    endloop
  endfacet
  facet normal 0 0 1
    outer loop
      vertex 0 0 115.012
      vertex 2.44838e-15 39.985 115.012
      vertex -1.5698 39.9542 115.012
    endloop
  endfacet
  facet normal -0.0196337 0.999807 0
    outer loop
      vertex 2.44838e-15 39.985 62.2325
      vertex -1.5698 39.9542 62.2325
      vertex -1.5698 39.9542 115.012
    endloop
  endfacet
  facet normal -0.0196337 0.999807 0
    outer loop
      vertex 2.44838e-15 39.985 62.2325
      vertex -1.5698 39.9542 115.012
      vertex 2.44838e-15 39.985 115.012
    endloop
  endfacet
  facet normal 0 0 -1
    outer loop
      vertex 0 0 62.2325
      vertex -3.13719 39.8617 62.2325
      vertex -1.5698 39.9542 62.2325
    endloop
  endfacet
  facet normal 0 0 1
    outer loop
      vertex 0 0 115.012
      vertex -1.5698 39.9542 115.012
      vertex -3.13719 39.8617 115.012
    endloop
  endfacet
  facet normal -0.0588708 0.998266 0
    outer loop
      vertex -1.5698 39.9542 62.2325
      vertex -3.13719 39.8617 62.2325
      vertex -3.13719 39.8617 115.012
    endloop
  endfacet
  facet normal -0.0588708 0.998266 0
    outer loop
      vertex -1.5698 39.9542 62.2325
      vertex -3.13719 39.8617 115.012
      vertex -1.5698 39.9542 115.012
    endloop
  endfacet
  facet normal 0 0 -1
    outer loop
      vertex 0 0 62.2325
      vertex -4.69973 39.7078 62.2325
      vertex -3.13719 39.8617 62.2325
    endloop
  endfacet
  facet normal 0 0 1
    outer loop
      vertex 0 0 115.012
      vertex -3.13719 39.8617 115.012
      vertex -4.69973 39.7078 115.012
    endloop
  endfacet
  facet normal -0.0980171 0.995185 0
    outer loop
      vertex -3.13719 39.8617 62.2325
      vertex -4.69973 39.7078 62.2325
      vertex -4.69973 39.7078 115.012
    endloop
  endfacet
  facet normal -0.0980171 0.995185 0
    outer loop
      vertex -3.13719 39.8617 62.2325
      vertex -4.69973 39.7078 115.012
      vertex -3.13719 39.8617 115.012
    endloop
  endfacet
  facet normal 0 0 -1
    outer loop
      vertex 0 0 62.2325
      vertex -6.25503 39.4927 62.2325
      vertex -4.69973 39.7078 62.2325
    endloop
  endfacet
  facet normal 0 0 1
    outer loop
      vertex 0 0 115.012
      vertex -4.69973 39.7078 115.012
      vertex -6.25503 39.4927 115.012
    endloop
  endfacet
  facet normal -0.137012 0.990569 0
    outer loop
      vertex -4.69973 39.7078 62.2325
      vertex -6.25503 39.4927 62.2325
      vertex -6.25503 39.4927 115.012
    endloop
  endfacet
  facet normal -0.137012 0.990569 0
    outer loop
      vertex -4.69973 39.7078 62.2325
      vertex -6.25503 39.4927 115.012
      vertex -4.69973 39.7078 115.012
    endloop
  endfacet
  facet normal 0 0 -1
    outer loop
      vertex 0 0 62.2325
      vertex -7.80069 39.2167 62.2325
      vertex -6.25503 39.4927 62.2325
    endloop
  endfacet
  facet normal 0 0 1
    outer loop
      vertex 0 0 115.012
      vertex -6.25503 39.4927 115.012
      vertex -7.80069 39.2167 115.012
    endloop
  endfacet
  facet normal -0.175796 0.984427 0
    outer loop
      vertex -6.25503 39.4927 62.2325
      vertex -7.80069 39.2167 62.2325
      vertex -7.80069 39.2167 115.012
    endloop
  endfacet
  facet normal -0.175796 0.984427 0
    outer loop
      vertex -6.25503 39.4927 62.2325
      vertex -7.80069 39.2167 115.012
      vertex -6.25503 39.4927 115.012
    endloop
  endfacet
  facet normal 0 0 -1
    outer loop
      vertex 0 0 62.2325
      vertex -9.33431 38.8802 62.2325
      vertex -7.80069 39.2167 62.2325
    endloop
  endfacet
  facet normal 0 0 1
    outer loop
      vertex 0 0 115.012
      vertex -7.80069 39.2167 115.012
      vertex -9.33431 38.8802 115.012
    endloop
  endfacet
  facet normal -0.214309 0.976766 0
    outer loop
      vertex -7.80069 39.2167 62.2325
      vertex -9.33431 38.8802 62.2325
      vertex -9.33431 38.8802 115.012
    endloop
  endfacet
  facet normal -0.214309 0.976766 0
    outer loop
      vertex -7.80069 39.2167 62.2325
      vertex -9.33431 38.8802 115.012
      vertex -7.80069 39.2167 115.012
    endloop
  endfacet
  facet normal 0 0 -1
    outer loop
      vertex 0 0 62.2325
      vertex -10.8535 38.4838 62.2325
      vertex -9.33431 38.8802 62.2325
    endloop
  endfacet
  facet normal 0 0 1
    outer loop
      vertex 0 0 115.012
      vertex -9.33431 38.8802 115.012
      vertex -10.8535 38.4838 115.012
    endloop
  endfacet
  facet normal -0.252492 0.967599 0
    outer loop
      vertex -9.33431 38.8802 62.2325
      vertex -10.8535 38.4838 62.2325
      vertex -10.8535 38.4838 115.012
    endloop
  endfacet
  facet normal -0.252492 0.967599 0
    outer loop
      vertex -9.33431 38.8802 62.2325
      vertex -10.8535 38.4838 115.012
      vertex -9.33431 38.8802 115.012
    endloop
  endfacet
  facet normal 0 0 -1
    outer loop
      vertex 0 0 62.2325
      vertex -12.356 38.028 62.2325
      vertex -10.8535 38.4838 62.2325
    endloop
  endfacet
  facet normal 0 0 1
    outer loop
      vertex 0 0 115.012
      vertex -10.8535 38.4838 115.012
      vertex -12.356 38.028 115.012
    endloop
  endfacet
  facet normal -0.290285 0.95694 0
    outer loop
      vertex -10.8535 38.4838 62.2325
      vertex -12.356 38.028 62.2325
      vertex -12.356 38.028 115.012
    endloop
  endfacet
  facet normal -0.290285 0.95694 0
    outer loop
      vertex -10.8535 38.4838 62.2325
      vertex -12.356 38.028 115.012
      vertex -10.8535 38.4838 115.012
    endloop
  endfacet
  facet normal 0 0 -1
    outer loop
      vertex 0 0 62.2325
      vertex -13.8395 37.5136 62.2325
      vertex -12.356 38.028 62.2325
    endloop
  endfacet
  facet normal 0 0 1
    outer loop
      vertex 0 0 115.012
      vertex -12.356 38.028 115.012
      vertex -13.8395 37.5136 115.012
    endloop
  endfacet
  facet normal -0.32763 0.944806 0
    outer loop
      vertex -12.356 38.028 62.2325
      vertex -13.8395 37.5136 62.2325
      vertex -13.8395 37.5136 115.012
    endloop
  endfacet
  facet normal -0.32763 0.944806 0
    outer loop
      vertex -12.356 38.028 62.2325
      vertex -13.8395 37.5136 115.012
      vertex -12.356 38.028 115.012
    endloop
  endfacet
  facet normal 0 0 -1
    outer loop
      vertex 0 0 62.2325
      vertex -15.3016 36.9413 62.2325
      vertex -13.8395 37.5136 62.2325
    endloop
  endfacet
  facet normal 0 0 1
    outer loop
      vertex 0 0 115.012
      vertex -13.8395 37.5136 115.012
      vertex -15.3016 36.9413 115.012
    endloop
  endfacet
  facet normal -0.36447 0.931215 0
    outer loop
      vertex -13.8395 37.5136 62.2325
      vertex -15.3016 36.9413 62.2325
      vertex -15.3016 36.9413 115.012
    endloop
  endfacet
  facet normal -0.36447 0.931215 0
    outer loop
      vertex -13.8395 37.5136 62.2325
      vertex -15.3016 36.9413 115.012
      vertex -13.8395 37.5136 115.012
    endloop
  endfacet
  facet normal 0 0 -1
    outer loop
      vertex 0 0 62.2325
      vertex -16.7401 36.3121 62.2325
      vertex -15.3016 36.9413 62.2325
    endloop
  endfacet
  facet normal 0 0 1
    outer loop
      vertex 0 0 115.012
      vertex -15.3016 36.9413 115.012
      vertex -16.7401 36.3121 115.012
    endloop
  endfacet
  facet normal -0.400749 0.916188 0
    outer loop
      vertex -15.3016 36.9413 62.2325
      vertex -16.7401 36.3121 62.2325
      vertex -16.7401 36.3121 115.012
    endloop
  endfacet
  facet normal -0.400749 0.916188 0
    outer loop
      vertex -15.3016 36.9413 62.2325
      vertex -16.7401 36.3121 115.012
      vertex -15.3016 36.9413 115.012
    endloop
  endfacet
  facet normal 0 0 -1
    outer loop
      vertex 0 0 62.2325
      vertex -18.1528 35.6269 62.2325
      vertex -16.7401 36.3121 62.2325
    endloop
  endfacet
  facet normal 0 0 1
    outer loop
      vertex 0 0 115.012
      vertex -16.7401 36.3121 115.012
      vertex -18.1528 35.6269 115.012
    endloop
  endfacet
  facet normal -0.436409 0.899748 0
    outer loop
      vertex -16.7401 36.3121 62.2325
      vertex -18.1528 35.6269 62.2325
      vertex -18.1528 35.6269 115.012
    endloop
  endfacet
  facet normal -0.436409 0.899748 0
    outer loop
      vertex -16.7401 36.3121 62.2325
      vertex -18.1528 35.6269 115.012
      vertex -16.7401 36.3121 115.012
    endloop
  endfacet
  facet normal 0 0 -1
    outer loop
      vertex 0 0 62.2325
      vertex -19.5375 34.8868 62.2325
      vertex -18.1528 35.6269 62.2325
    endloop
  endfacet
  facet normal 0 0 1
    outer loop
      vertex 0 0 115.012
      vertex -18.1528 35.6269 115.012
      vertex -19.5375 34.8868 115.012
    endloop
  endfacet
  facet normal -0.471397 0.881921 0
    outer loop
      vertex -18.1528 35.6269 62.2325
      vertex -19.5375 34.8868 62.2325
      vertex -19.5375 34.8868 115.012
    endloop
  endfacet
  facet normal -0.471397 0.881921 0
    outer loop
      vertex -18.1528 35.6269 62.2325
      vertex -19.5375 34.8868 115.012
      vertex -18.1528 35.6269 115.012
    endloop
  endfacet
  facet normal 0 0 -1
    outer loop
      vertex 0 0 62.2325
      vertex -20.8921 34.0928 62.2325
      vertex -19.5375 34.8868 62.2325
    endloop
  endfacet
  facet normal 0 0 1
    outer loop
      vertex 0 0 115.012
      vertex -19.5375 34.8868 115.012
      vertex -20.8921 34.0928 115.012
    endloop
  endfacet
  facet normal -0.505657 0.862734 0
    outer loop
      vertex -19.5375 34.8868 62.2325
      vertex -20.8921 34.0928 62.2325
      vertex -20.8921 34.0928 115.012
    endloop
  endfacet
  facet normal -0.505657 0.862734 0
    outer loop
      vertex -19.5375 34.8868 62.2325
      vertex -20.8921 34.0928 115.012
      vertex -19.5375 34.8868 115.012
    endloop
  endfacet
  facet normal 0 0 -1
    outer loop
      vertex 0 0 62.2325
      vertex -22.2145 33.2463 62.2325
      vertex -20.8921 34.0928 62.2325
    endloop
  endfacet
  facet normal 0 0 1
    outer loop
      vertex 0 0 115.012
      vertex -20.8921 34.0928 115.012
      vertex -22.2145 33.2463 115.012
    endloop
  endfacet
  facet normal -0.539138 0.842217 0
    outer loop
      vertex -20.8921 34.0928 62.2325
      vertex -22.2145 33.2463 62.2325
      vertex -22.2145 33.2463 115.012
    endloop
  endfacet
  facet normal -0.539138 0.842217 0
    outer loop
      vertex -20.8921 34.0928 62.2325
      vertex -22.2145 33.2463 115.012
      vertex -20.8921 34.0928 115.012
    endloop
  endfacet
  facet normal 0 0 -1
    outer loop
      vertex 0 0 62.2325
      vertex -23.5026 32.3485 62.2325
      vertex -22.2145 33.2463 62.2325
    endloop
  endfacet
  facet normal 0 0 1
    outer loop
      vertex 0 0 115.012
      vertex -22.2145 33.2463 115.012
      vertex -23.5026 32.3485 115.012
    endloop
  endfacet
  facet normal -0.571788 0.820401 0
    outer loop
      vertex -22.2145 33.2463 62.2325
      vertex -23.5026 32.3485 62.2325
      vertex -23.5026 32.3485 115.012
    endloop
  endfacet
  facet normal -0.571788 0.820401 0
    outer loop
      vertex -22.2145 33.2463 62.2325
      vertex -23.5026 32.3485 115.012
      vertex -22.2145 33.2463 115.012
    endloop
  endfacet
  facet normal 0 0 -1
    outer loop
      vertex 0 0 62.2325
      vertex -24.7545 31.4009 62.2325
      vertex -23.5026 32.3485 62.2325
    endloop
  endfacet
  facet normal 0 0 1
    outer loop
      vertex 0 0 115.012
      vertex -23.5026 32.3485 115.012
      vertex -24.7545 31.4009 115.012
    endloop
  endfacet
  facet normal -0.603556 0.797321 0
    outer loop
      vertex -23.5026 32.3485 62.2325
      vertex -24.7545 31.4009 62.2325
      vertex -24.7545 31.4009 115.012
    endloop
  endfacet
  facet normal -0.603556 0.797321 0
    outer loop
      vertex -23.5026 32.3485 62.2325
      vertex -24.7545 31.4009 115.012
      vertex -23.5026 32.3485 115.012
    endloop
  endfacet
  facet normal 0 0 -1
    outer loop
      vertex 0 0 62.2325
      vertex -25.9682 30.4048 62.2325
      vertex -24.7545 31.4009 62.2325
    endloop
  endfacet
  facet normal 0 0 1
    outer loop
      vertex 0 0 115.012
      vertex -24.7545 31.4009 115.012
      vertex -25.9682 30.4048 115.012
    endloop
  endfacet
  facet normal -0.634393 0.77301 0
    outer loop
      vertex -24.7545 31.4009 62.2325
      vertex -25.9682 30.4048 62.2325
      vertex -25.9682 30.4048 115.012
    endloop
  endfacet
  facet normal -0.634393 0.77301 0
    outer loop
      vertex -24.7545 31.4009 62.2325
      vertex -25.9682 30.4048 115.012
      vertex -24.7545 31.4009 115.012
    endloop
  endfacet
  facet normal 0 0 -1
    outer loop
      vertex 0 0 62.2325
      vertex -27.1418 29.3619 62.2325
      vertex -25.9682 30.4048 62.2325
    endloop
  endfacet
  facet normal 0 0 1
    outer loop
      vertex 0 0 115.012
      vertex -25.9682 30.4048 115.012
      vertex -27.1418 29.3619 115.012
    endloop
  endfacet
  facet normal -0.664252 0.747508 0
    outer loop
      vertex -25.9682 30.4048 62.2325
      vertex -27.1418 29.3619 62.2325
      vertex -27.1418 29.3619 115.012
    endloop
  endfacet
  facet normal -0.664252 0.747508 0
    outer loop
      vertex -25.9682 30.4048 62.2325
      vertex -27.1418 29.3619 115.012
      vertex -25.9682 30.4048 115.012
    endloop
  endfacet
  facet normal 0 0 -1
    outer loop
      vertex 0 0 62.2325
      vertex -28.2737 28.2737 62.2325
      vertex -27.1418 29.3619 62.2325
    endloop
  endfacet
  facet normal 0 0 1
    outer loop
      vertex 0 0 115.012
      vertex -27.1418 29.3619 115.012
      vertex -28.2737 28.2737 115.012
    endloop
  endfacet
  facet normal -0.693087 0.720854 0
    outer loop
      vertex -27.1418 29.3619 62.2325
      vertex -28.2737 28.2737 62.2325
      vertex -28.2737 28.2737 115.012
    endloop
  endfacet
  facet normal -0.693087 0.720854 0
    outer loop
      vertex -27.1418 29.3619 62.2325
      vertex -28.2737 28.2737 115.012
      vertex -27.1418 29.3619 115.012
    endloop
  endfacet
  facet normal 0 0 -1
    outer loop
      vertex 0 0 62.2325
      vertex -29.3619 27.1418 62.2325
      vertex -28.2737 28.2737 62.2325
    endloop
  endfacet
  facet normal 0 0 1
    outer loop
      vertex 0 0 115.012
      vertex -28.2737 28.2737 115.012
      vertex -29.3619 27.1418 115.012
    endloop
  endfacet
  facet normal -0.720854 0.693087 0
    outer loop
      vertex -28.2737 28.2737 62.2325
      vertex -29.3619 27.1418 62.2325
      vertex -29.3619 27.1418 115.012
    endloop
  endfacet
  facet normal -0.720854 0.693087 0
    outer loop
      vertex -28.2737 28.2737 62.2325
      vertex -29.3619 27.1418 115.012
      vertex -28.2737 28.2737 115.012
    endloop
  endfacet
  facet normal 0 0 -1
    outer loop
      vertex 0 0 62.2325
      vertex -30.4048 25.9682 62.2325
      vertex -29.3619 27.1418 62.2325
    endloop
  endfacet
  facet normal 0 0 1
    outer loop
      vertex 0 0 115.012
      vertex -29.3619 27.1418 115.012
      vertex -30.4048 25.9682 115.012
    endloop
  endfacet
  facet normal -0.747508 0.664252 0
    outer loop
      vertex -29.3619 27.1418 62.2325
      vertex -30.4048 25.9682 62.2325
      vertex -30.4048 25.9682 115.012
    endloop
  endfacet
  facet normal -0.747508 0.664252 0
    outer loop
      vertex -29.3619 27.1418 62.2325
      vertex -30.4048 25.9682 115.012
      vertex -29.3619 27.1418 115.012
    endloop
  endfacet
  facet normal 0 0 -1
    outer loop
      vertex 0 0 62.2325
      vertex -31.4009 24.7545 62.2325
      vertex -30.4048 25.9682 62.2325
    endloop
  endfacet
  facet normal 0 0 1
    outer loop
      vertex 0 0 115.012
      vertex -30.4048 25.9682 115.012
      vertex -31.4009 24.7545 115.012
    endloop
  endfacet
  facet normal -0.77301 0.634393 0
    outer loop
      vertex -30.4048 25.9682 62.2325
      vertex -31.4009 24.7545 62.2325
      vertex -31.4009 24.7545 115.012
    endloop
  endfacet
  facet normal -0.77301 0.634393 0
    outer loop
      vertex -30.4048 25.9682 62.2325
      vertex -31.4009 24.7545 115.012
      vertex -30.4048 25.9682 115.012
    endloop
  endfacet
  facet normal 0 0 -1
    outer loop
      vertex 0 0 62.2325
      vertex -32.3485 23.5026 62.2325
      vertex -31.4009 24.7545 62.2325
    endloop
  endfacet
  facet normal 0 0 1
    outer loop
      vertex 0 0 115.012
      vertex -31.4009 24.7545 115.012
      vertex -32.3485 23.5026 115.012
    endloop
  endfacet
  facet normal -0.797321 0.603556 0
    outer loop
      vertex -31.4009 24.7545 62.2325
      vertex -32.3485 23.5026 62.2325
      vertex -32.3485 23.5026 115.012
    endloop
  endfacet
  facet normal -0.797321 0.603556 0
    outer loop
      vertex -31.4009 24.7545 62.2325
      vertex -32.3485 23.5026 115.012
      vertex -31.4009 24.7545 115.012
    endloop
  endfacet
  facet normal 0 0 -1
    outer loop
      vertex 0 0 62.2325
      vertex -33.2463 22.2145 62.2325
      vertex -32.3485 23.5026 62.2325
    endloop
  endfacet
  facet normal 0 0 1
    outer loop
      vertex 0 0 115.012
      vertex -32.3485 23.5026 115.012
      vertex -33.2463 22.2145 115.012
    endloop
  endfacet
  facet normal -0.820401 0.571788 0
    outer loop
      vertex -32.3485 23.5026 62.2325
      vertex -33.2463 22.2145 62.2325
      vertex -33.2463 22.2145 115.012
    endloop
  endfacet
  facet normal -0.820401 0.571788 0
    outer loop
      vertex -32.3485 23.5026 62.2325
      vertex -33.2463 22.2145 115.012
      vertex -32.3485 23.5026 115.012
    endloop
  endfacet
  facet normal 0 0 -1
    outer loop
      vertex 0 0 62.2325
      vertex -34.0928 20.8921 62.2325
      vertex -33.2463 22.2145 62.2325
    endloop
  endfacet
  facet normal 0 0 1
    outer loop
      vertex 0 0 115.012
      vertex -33.2463 22.2145 115.012
      vertex -34.0928 20.8921 115.012
    endloop
  endfacet
  facet normal -0.842217 0.539138 0
    outer loop
      vertex -33.2463 22.2145 62.2325
      vertex -34.0928 20.8921 62.2325
      vertex -34.0928 20.8921 115.012
    endloop
  endfacet
  facet normal -0.842217 0.539138 0
    outer loop
      vertex -33.2463 22.2145 62.2325
      vertex -34.0928 20.8921 115.012
      vertex -33.2463 22.2145 115.012
    endloop
  endfacet
  facet normal 0 0 -1
    outer loop
      vertex 0 0 62.2325
      vertex -34.8868 19.5375 62.2325
      vertex -34.0928 20.8921 62.2325
    endloop
  endfacet
  facet normal 0 0 1
    outer loop
      vertex 0 0 115.012
      vertex -34.0928 20.8921 115.012
      vertex -34.8868 19.5375 115.012
    endloop
  endfacet
  facet normal -0.862734 0.505657 0
    outer loop
      vertex -34.0928 20.8921 62.2325
      vertex -34.8868 19.5375 62.2325
      vertex -34.8868 19.5375 115.012
    endloop
  endfacet
  facet normal -0.862734 0.505657 0
    outer loop
      vertex -34.0928 20.8921 62.2325
      vertex -34.8868 19.5375 115.012
      vertex -34.0928 20.8921 115.012
    endloop
  endfacet
  facet normal 0 0 -1
    outer loop
      vertex 0 0 62.2325
      vertex -35.6269 18.1528 62.2325
      vertex -34.8868 19.5375 62.2325
    endloop
  endfacet
  facet normal 0 0 1
    outer loop
      vertex 0 0 115.012
      vertex -34.8868 19.5375 115.012
      vertex -35.6269 18.1528 115.012
    endloop
  endfacet
  facet normal -0.881921 0.471397 0
    outer loop
      vertex -34.8868 19.5375 62.2325
      vertex -35.6269 18.1528 62.2325
      vertex -35.6269 18.1528 115.012
    endloop
  endfacet
  facet normal -0.881921 0.471397 0
    outer loop
      vertex -34.8868 19.5375 62.2325
      vertex -35.6269 18.1528 115.012
      vertex -34.8868 19.5375 115.012
    endloop
  endfacet
  facet normal 0 0 -1
    outer loop
      vertex 0 0 62.2325
      vertex -36.3121 16.7401 62.2325
      vertex -35.6269 18.1528 62.2325
    endloop
  endfacet
  facet normal 0 0 1
    outer loop
      vertex 0 0 115.012
      vertex -35.6269 18.1528 115.012
      vertex -36.3121 16.7401 115.012
    endloop
  endfacet
  facet normal -0.899748 0.436409 0
    outer loop
      vertex -35.6269 18.1528 62.2325
      vertex -36.3121 16.7401 62.2325
      vertex -36.3121 16.7401 115.012
    endloop
  endfacet
  facet normal -0.899748 0.436409 0
    outer loop
      vertex -35.6269 18.1528 62.2325
      vertex -36.3121 16.7401 115.012
      vertex -35.6269 18.1528 115.012
    endloop
  endfacet
  facet normal 0 0 -1
    outer loop
      vertex 0 0 62.2325
      vertex -36.9413 15.3016 62.2325
      vertex -36.3121 16.7401 62.2325
    endloop
  endfacet
  facet normal 0 0 1
    outer loop
      vertex 0 0 115.012
      vertex -36.3121 16.7401 115.012
      vertex -36.9413 15.3016 115.012
    endloop
  endfacet
  facet normal -0.916188 0.400749 0
    outer loop
      vertex -36.3121 16.7401 62.2325
      vertex -36.9413 15.3016 62.2325
      vertex -36.9413 15.3016 115.012
    endloop
  endfacet
  facet normal -0.916188 0.400749 0
    outer loop
      vertex -36.3121 16.7401 62.2325
      vertex -36.9413 15.3016 115.012
      vertex -36.3121 16.7401 115.012
    endloop
  endfacet
  facet normal 0 0 -1
    outer loop
      vertex 0 0 62.2325
      vertex -37.5136 13.8395 62.2325
      vertex -36.9413 15.3016 62.2325
    endloop
  endfacet
  facet normal 0 0 1
    outer loop
      vertex 0 0 115.012
      vertex -36.9413 15.3016 115.012
      vertex -37.5136 13.8395 115.012
    endloop
  endfacet
  facet normal -0.931215 0.36447 0
    outer loop
      vertex -36.9413 15.3016 62.2325
      vertex -37.5136 13.8395 62.2325
      vertex -37.5136 13.8395 115.012
    endloop
  endfacet
  facet normal -0.931215 0.36447 0
    outer loop
      vertex -36.9413 15.3016 62.2325
      vertex -37.5136 13.8395 115.012
      vertex -36.9413 15.3016 115.012
    endloop
  endfacet
  facet normal 0 0 -1
    outer loop
      vertex 0 0 62.2325
      vertex -38.028 12.356 62.2325
      vertex -37.5136 13.8395 62.2325
    endloop
  endfacet
  facet normal 0 0 1
    outer loop
      vertex 0 0 115.012
      vertex -37.5136 13.8395 115.012
      vertex -38.028 12.356 115.012
    endloop
  endfacet
  facet normal -0.944806 0.32763 0
    outer loop
      vertex -37.5136 13.8395 62.2325
      vertex -38.028 12.356 62.2325
      vertex -38.028 12.356 115.012
    endloop
  endfacet
  facet normal -0.944806 0.32763 0
    outer loop
      vertex -37.5136 13.8395 62.2325
      vertex -38.028 12.356 115.012
      vertex -37.5136 13.8395 115.012
    endloop
  endfacet
  facet normal 0 0 -1
    outer loop
      vertex 0 0 62.2325
      vertex -38.4838 10.8535 62.2325
      vertex -38.028 12.356 62.2325
    endloop
  endfacet
  facet normal 0 0 1
    outer loop
      vertex 0 0 115.012
      vertex -38.028 12.356 115.012
      vertex -38.4838 10.8535 115.012
    endloop
  endfacet
  facet normal -0.95694 0.290285 0
    outer loop
      vertex -38.028 12.356 62.2325
      vertex -38.4838 10.8535 62.2325
      vertex -38.4838 10.8535 115.012
    endloop
  endfacet
  facet normal -0.95694 0.290285 0
    outer loop
      vertex -38.028 12.356 62.2325
      vertex -38.4838 10.8535 115.012
      vertex -38.028 12.356 115.012
    endloop
  endfacet
  facet normal 0 0 -1
    outer loop
      vertex 0 0 62.2325
      vertex -38.8802 9.33431 62.2325
      vertex -38.4838 10.8535 62.2325
    endloop
  endfacet
  facet normal 0 0 1
    outer loop
      vertex 0 0 115.012
      vertex -38.4838 10.8535 115.012
      vertex -38.8802 9.33431 115.012
    endloop
  endfacet
  facet normal -0.967599 0.252492 0
    outer loop
      vertex -38.4838 10.8535 62.2325
      vertex -38.8802 9.33431 62.2325
      vertex -38.8802 9.33431 115.012
    endloop
  endfacet
  facet normal -0.967599 0.252492 0
    outer loop
      vertex -38.4838 10.8535 62.2325
      vertex -38.8802 9.33431 115.012
      vertex -38.4838 10.8535 115.012
    endloop
  endfacet
  facet normal 0 0 -1
    outer loop
      vertex 0 0 62.2325
      vertex -39.2167 7.80069 62.2325
      vertex -38.8802 9.33431 62.2325
    endloop
  endfacet
  facet normal 0 0 1
    outer loop
      vertex 0 0 115.012
      vertex -38.8802 9.33431 115.012
      vertex -39.2167 7.80069 115.012
    endloop
  endfacet
  facet normal -0.976766 0.214309 0
    outer loop
      vertex -38.8802 9.33431 62.2325
      vertex -39.2167 7.80069 62.2325
      vertex -39.2167 7.80069 115.012
    endloop
  endfacet
  facet normal -0.976766 0.214309 0
    outer loop
      vertex -38.8802 9.33431 62.2325
      vertex -39.2167 7.80069 115.012
      vertex -38.8802 9.33431 115.012
    endloop
  endfacet
  facet normal 0 0 -1
    outer loop
      vertex 0 0 62.2325
      vertex -39.4927 6.25503 62.2325
      vertex -39.2167 7.80069 62.2325
    endloop
  endfacet
  facet normal 0 0 1
    outer loop
      vertex 0 0 115.012
      vertex -39.2167 7.80069 115.012
      vertex -39.4927 6.25503 115.012
    endloop
  endfacet
  facet normal -0.984427 0.175796 0
    outer loop
      vertex -39.2167 7.80069 62.2325
      vertex -39.4927 6.25503 62.2325
      vertex -39.4927 6.25503 115.012
    endloop
  endfacet
  facet normal -0.984427 0.175796 0
    outer loop
      vertex -39.2167 7.80069 62.2325
      vertex -39.4927 6.25503 115.012
      vertex -39.2167 7.80069 115.012
    endloop
  endfacet
  facet normal 0 0 -1
    outer loop
      vertex 0 0 62.2325
      vertex -39.7078 4.69973 62.2325
      vertex -39.4927 6.25503 62.2325
    endloop
  endfacet
  facet normal 0 0 1
    outer loop
      vertex 0 0 115.012
      vertex -39.4927 6.25503 115.012
      vertex -39.7078 4.69973 115.012
    endloop
  endfacet
  facet normal -0.990569 0.137012 0
    outer loop
      vertex -39.4927 6.25503 62.2325
      vertex -39.7078 4.69973 62.2325
      vertex -39.7078 4.69973 115.012
    endloop
  endfacet
  facet normal -0.990569 0.137012 0
    outer loop
      vertex -39.4927 6.25503 62.2325
      vertex -39.7078 4.69973 115.012
      vertex -39.4927 6.25503 115.012
    endloop
  endfacet
  facet normal 0 0 -1
    outer loop
      vertex 0 0 62.2325
      vertex -39.8617 3.13719 62.2325
      vertex -39.7078 4.69973 62.2325
    endloop
  endfacet
  facet normal 0 0 1
    outer loop
      vertex 0 0 115.012
      vertex -39.7078 4.69973 115.012
      vertex -39.8617 3.13719 115.012
    endloop
  endfacet
  facet normal -0.995185 0.0980171 0
    outer loop
      vertex -39.7078 4.69973 62.2325
      vertex -39.8617 3.13719 62.2325
      vertex -39.8617 3.13719 115.012
    endloop
  endfacet
  facet normal -0.995185 0.0980171 0
    outer loop
      vertex -39.7078 4.69973 62.2325
      vertex -39.8617 3.13719 115.012
      vertex -39.7078 4.69973 115.012
    endloop
  endfacet
  facet normal 0 0 -1
    outer loop
      vertex 0 0 62.2325
      vertex -39.9542 1.5698 62.2325
      vertex -39.8617 3.13719 62.2325
    endloop
  endfacet
  facet normal 0 0 1
    outer loop
      vertex 0 0 115.012
      vertex -39.8617 3.13719 115.012
      vertex -39.9542 1.5698 115.012
    endloop
  endfacet
  facet normal -0.998266 0.0588708 0
    outer loop
      vertex -39.8617 3.13719 62.2325
      vertex -39.9542 1.5698 62.2325
      vertex -39.9542 1.5698 115.012
    endloop
  endfacet
  facet normal -0.998266 0.0588708 0
    outer loop
      vertex -39.8617 3.13719 62.2325
      vertex -39.9542 1.5698 115.012
      vertex -39.8617 3.13719 115.012
    endloop
  endfacet
  facet normal 0 0 -1
    outer loop
      vertex 0 0 62.2325
      vertex -39.985 4.89675e-15 62.2325
      vertex -39.9542 1.5698 62.2325
    endloop
  endfacet
  facet normal 0 0 1
    outer loop
      vertex 0 0 115.012
      vertex -39.9542 1.5698 115.012
      vertex -39.985 4.89675e-15 115.012
    endloop
  endfacet
  facet normal -0.999807 0.0196337 0
    outer loop
      vertex -39.9542 1.5698 62.2325
      vertex -39.985 4.89675e-15 62.2325
      vertex -39.985 4.89675e-15 115.012
    endloop
  endfacet
  facet normal -0.999807 0.0196337 0
    outer loop
      vertex -39.9542 1.5698 62.2325
      vertex -39.985 4.89675e-15 115.012
      vertex -39.9542 1.5698 115.012
    endloop
  endfacet
  facet normal 0 0 -1
    outer loop
      vertex 0 0 62.2325
      vertex -39.9542 -1.5698 62.2325
      vertex -39.985 4.89675e-15 62.2325
    endloop
  endfacet
  facet normal 0 0 1
    outer loop
      vertex 0 0 115.012
      vertex -39.985 4.89675e-15 115.012
      vertex -39.9542 -1.5698 115.012
    endloop
  endfacet
  facet normal -0.999807 -0.0196337 0
    outer loop
      vertex -39.985 4.89675e-15 62.2325
      vertex -39.9542 -1.5698 62.2325
      vertex -39.9542 -1.5698 115.012
    endloop
  endfacet
  facet normal -0.999807 -0.0196337 0
    outer loop
      vertex -39.985 4.89675e-15 62.2325
      vertex -39.9542 -1.5698 115.012
      vertex -39.985 4.89675e-15 115.012
    endloop
  endfacet
  facet normal 0 0 -1
    outer loop
      vertex 0 0 62.2325
      vertex -39.8617 -3.13719 62.2325
      vertex -39.9542 -1.5698 62.2325
    endloop
  endfacet
  facet normal 0 0 1
    outer loop
      vertex 0 0 115.012
      vertex -39.9542 -1.5698 115.012
      vertex -39.8617 -3.13719 115.012
    endloop
  endfacet
  facet normal -0.998266 -0.0588708 0
    outer loop
      vertex -39.9542 -1.5698 62.2325
      vertex -39.8617 -3.13719 62.2325
      vertex -39.8617 -3.13719 115.012
    endloop
  endfacet
  facet normal -0.998266 -0.0588708 0
    outer loop
      vertex -39.9542 -1.5698 62.2325
      vertex -39.8617 -3.13719 115.012
      vertex -39.9542 -1.5698 115.012
    endloop
  endfacet
  facet normal 0 0 -1
    outer loop
      vertex 0 0 62.2325
      vertex -39.7078 -4.69973 62.2325
      vertex -39.8617 -3.13719 62.2325
    endloop
  endfacet
  facet normal 0 0 1
    outer loop
      vertex 0 0 115.012
      vertex -39.8617 -3.13719 115.012
      vertex -39.7078 -4.69973 115.012
    endloop
  endfacet
  facet normal -0.995185 -0.0980171 0
    outer loop
      vertex -39.8617 -3.13719 62.2325
      vertex -39.7078 -4.69973 62.2325
      vertex -39.7078 -4.69973 115.012
    endloop
  endfacet
  facet normal -0.995185 -0.0980171 0
    outer loop
      vertex -39.8617 -3.13719 62.2325
      vertex -39.7078 -4.69973 115.012
      vertex -39.8617 -3.13719 115.012
    endloop
  endfacet
  facet normal 0 0 -1
    outer loop
      vertex 0 0 62.2325
      vertex -39.4927 -6.25503 62.2325
      vertex -39.7078 -4.69973 62.2325
    endloop
  endfacet
  facet normal 0 0 1
    outer loop
      vertex 0 0 115.012
      vertex -39.7078 -4.69973 115.012
      vertex -39.4927 -6.25503 115.012
    endloop
  endfacet
  facet normal -0.990569 -0.137012 0
    outer loop
      vertex -39.7078 -4.69973 62.2325
      vertex -39.4927 -6.25503 62.2325
      vertex -39.4927 -6.25503 115.012
    endloop
  endfacet
  facet normal -0.990569 -0.137012 0
    outer loop
      vertex -39.7078 -4.69973 62.2325
      vertex -39.4927 -6.25503 115.012
      vertex -39.7078 -4.69973 115.012
    endloop
  endfacet
  facet normal 0 0 -1
    outer loop
      vertex 0 0 62.2325
      vertex -39.2167 -7.80069 62.2325
      vertex -39.4927 -6.25503 62.2325
    endloop
  endfacet
  facet normal 0 0 1
    outer loop
      vertex 0 0 115.012
      vertex -39.4927 -6.25503 115.012
      vertex -39.2167 -7.80069 115.012
    endloop
  endfacet
  facet normal -0.984427 -0.175796 0
    outer loop
      vertex -39.4927 -6.25503 62.2325
      vertex -39.2167 -7.80069 62.2325
      vertex -39.2167 -7.80069 115.012
    endloop
  endfacet
  facet normal -0.984427 -0.175796 0
    outer loop
      vertex -39.4927 -6.25503 62.2325
      vertex -39.2167 -7.80069 115.012
      vertex -39.4927 -6.25503 115.012
    endloop
  endfacet
  facet normal 0 0 -1
    outer loop
      vertex 0 0 62.2325
      vertex -38.8802 -9.33431 62.2325
      vertex -39.2167 -7.80069 62.2325
    endloop
  endfacet
  facet normal 0 0 1
    outer loop
      vertex 0 0 115.012
      vertex -39.2167 -7.80069 115.012
      vertex -38.8802 -9.33431 115.012
    endloop
  endfacet
  facet normal -0.976766 -0.214309 0
    outer loop
      vertex -39.2167 -7.80069 62.2325
      vertex -38.8802 -9.33431 62.2325
      vertex -38.8802 -9.33431 115.012
    endloop
  endfacet
  facet normal -0.976766 -0.214309 0
    outer loop
      vertex -39.2167 -7.80069 62.2325
      vertex -38.8802 -9.33431 115.012
      vertex -39.2167 -7.80069 115.012
    endloop
  endfacet
  facet normal 0 0 -1
    outer loop
      vertex 0 0 62.2325
      vertex -38.4838 -10.8535 62.2325
      vertex -38.8802 -9.33431 62.2325
    endloop
  endfacet
  facet normal 0 0 1
    outer loop
      vertex 0 0 115.012
      vertex -38.8802 -9.33431 115.012
      vertex -38.4838 -10.8535 115.012
    endloop
  endfacet
  facet normal -0.967599 -0.252492 0
    outer loop
      vertex -38.8802 -9.33431 62.2325
      vertex -38.4838 -10.8535 62.2325
      vertex -38.4838 -10.8535 115.012
    endloop
  endfacet
  facet normal -0.967599 -0.252492 0
    outer loop
      vertex -38.8802 -9.33431 62.2325
      vertex -38.4838 -10.8535 115.012
      vertex -38.8802 -9.33431 115.012
    endloop
  endfacet
  facet normal 0 0 -1
    outer loop
      vertex 0 0 62.2325
      vertex -38.028 -12.356 62.2325
      vertex -38.4838 -10.8535 62.2325
    endloop
  endfacet
  facet normal 0 0 1
    outer loop
      vertex 0 0 115.012
      vertex -38.4838 -10.8535 115.012
      vertex -38.028 -12.356 115.012
    endloop
  endfacet
  facet normal -0.95694 -0.290285 0
    outer loop
      vertex -38.4838 -10.8535 62.2325
      vertex -38.028 -12.356 62.2325
      vertex -38.028 -12.356 115.012
    endloop
  endfacet
  facet normal -0.95694 -0.290285 0
    outer loop
      vertex -38.4838 -10.8535 62.2325
      vertex -38.028 -12.356 115.012
      vertex -38.4838 -10.8535 115.012
    endloop
  endfacet
  facet normal 0 0 -1
    outer loop
      vertex 0 0 62.2325
      vertex -37.5136 -13.8395 62.2325
      vertex -38.028 -12.356 62.2325
    endloop
  endfacet
  facet normal 0 0 1
    outer loop
      vertex 0 0 115.012
      vertex -38.028 -12.356 115.012
      vertex -37.5136 -13.8395 115.012
    endloop
  endfacet
  facet normal -0.944806 -0.32763 0
    outer loop
      vertex -38.028 -12.356 62.2325
      vertex -37.5136 -13.8395 62.2325
      vertex -37.5136 -13.8395 115.012
    endloop
  endfacet
  facet normal -0.944806 -0.32763 0
    outer loop
      vertex -38.028 -12.356 62.2325
      vertex -37.5136 -13.8395 115.012
      vertex -38.028 -12.356 115.012
    endloop
  endfacet
  facet normal 0 0 -1
    outer loop
      vertex 0 0 62.2325
      vertex -36.9413 -15.3016 62.2325
      vertex -37.5136 -13.8395 62.2325
    endloop
  endfacet
  facet normal 0 0 1
    outer loop
      vertex 0 0 115.012
      vertex -37.5136 -13.8395 115.012
      vertex -36.9413 -15.3016 115.012
    endloop
  endfacet
  facet normal -0.931215 -0.36447 0
    outer loop
      vertex -37.5136 -13.8395 62.2325
      vertex -36.9413 -15.3016 62.2325
      vertex -36.9413 -15.3016 115.012
    endloop
  endfacet
  facet normal -0.931215 -0.36447 0
    outer loop
      vertex -37.5136 -13.8395 62.2325
      vertex -36.9413 -15.3016 115.012
      vertex -37.5136 -13.8395 115.012
    endloop
  endfacet
  facet normal 0 0 -1
    outer loop
      vertex 0 0 62.2325
      vertex -36.3121 -16.7401 62.2325
      vertex -36.9413 -15.3016 62.2325
    endloop
  endfacet
  facet normal 0 0 1
    outer loop
      vertex 0 0 115.012
      vertex -36.9413 -15.3016 115.012
      vertex -36.3121 -16.7401 115.012
    endloop
  endfacet
  facet normal -0.916188 -0.400749 0
    outer loop
      vertex -36.9413 -15.3016 62.2325
      vertex -36.3121 -16.7401 62.2325
      vertex -36.3121 -16.7401 115.012
    endloop
  endfacet
  facet normal -0.916188 -0.400749 0
    outer loop
      vertex -36.9413 -15.3016 62.2325
      vertex -36.3121 -16.7401 115.012
      vertex -36.9413 -15.3016 115.012
    endloop
  endfacet
  facet normal 0 0 -1
    outer loop
      vertex 0 0 62.2325
      vertex -35.6269 -18.1528 62.2325
      vertex -36.3121 -16.7401 62.2325
    endloop
  endfacet
  facet normal 0 0 1
    outer loop
      vertex 0 0 115.012
      vertex -36.3121 -16.7401 115.012
      vertex -35.6269 -18.1528 115.012
    endloop
  endfacet
  facet normal -0.899748 -0.436409 0
    outer loop
      vertex -36.3121 -16.7401 62.2325
      vertex -35.6269 -18.1528 62.2325
      vertex -35.6269 -18.1528 115.012
    endloop
  endfacet
  facet normal -0.899748 -0.436409 0
    outer loop
      vertex -36.3121 -16.7401 62.2325
      vertex -35.6269 -18.1528 115.012
      vertex -36.3121 -16.7401 115.012
    endloop
  endfacet
  facet normal 0 0 -1
    outer loop
      vertex 0 0 62.2325
      vertex -34.8868 -19.5375 62.2325
      vertex -35.6269 -18.1528 62.2325
    endloop
  endfacet
  facet normal 0 0 1
    outer loop
      vertex 0 0 115.012
      vertex -35.6269 -18.1528 115.012
      vertex -34.8868 -19.5375 115.012
    endloop
  endfacet
  facet normal -0.881921 -0.471397 0
    outer loop
      vertex -35.6269 -18.1528 62.2325
      vertex -34.8868 -19.5375 62.2325
      vertex -34.8868 -19.5375 115.012
    endloop
  endfacet
  facet normal -0.881921 -0.471397 0
    outer loop
      vertex -35.6269 -18.1528 62.2325
      vertex -34.8868 -19.5375 115.012
      vertex -35.6269 -18.1528 115.012
    endloop
  endfacet
  facet normal 0 0 -1
    outer loop
      vertex 0 0 62.2325
      vertex -34.0928 -20.8921 62.2325
      vertex -34.8868 -19.5375 62.2325
    endloop
  endfacet
  facet normal 0 0 1
    outer loop
      vertex 0 0 115.012
      vertex -34.8868 -19.5375 115.012
      vertex -34.0928 -20.8921 115.012
    endloop
  endfacet
  facet normal -0.862734 -0.505657 0
    outer loop
      vertex -34.8868 -19.5375 62.2325
      vertex -34.0928 -20.8921 62.2325
      vertex -34.0928 -20.8921 115.012
    endloop
  endfacet
  facet normal -0.862734 -0.505657 0
    outer loop
      vertex -34.8868 -19.5375 62.2325
      vertex -34.0928 -20.8921 115.012
      vertex -34.8868 -19.5375 115.012
    endloop
  endfacet
  facet normal 0 0 -1
    outer loop
      vertex 0 0 62.2325
      vertex -33.2463 -22.2145 62.2325
      vertex -34.0928 -20.8921 62.2325
    endloop
  endfacet
  facet normal 0 0 1
    outer loop
      vertex 0 0 115.012
      vertex -34.0928 -20.8921 115.012
      vertex -33.2463 -22.2145 115.012
    endloop
  endfacet
  facet normal -0.842217 -0.539138 0
    outer loop
      vertex -34.0928 -20.8921 62.2325
      vertex -33.2463 -22.2145 62.2325
      vertex -33.2463 -22.2145 115.012
    endloop
  endfacet
  facet normal -0.842217 -0.539138 0
    outer loop
      vertex -34.0928 -20.8921 62.2325
      vertex -33.2463 -22.2145 115.012
      vertex -34.0928 -20.8921 115.012
    endloop
  endfacet
  facet normal 0 0 -1
    outer loop
      vertex 0 0 62.2325
      vertex -32.3485 -23.5026 62.2325
      vertex -33.2463 -22.2145 62.2325
    endloop
  endfacet
  facet normal 0 0 1
    outer loop
      vertex 0 0 115.012
      vertex -33.2463 -22.2145 115.012
      vertex -32.3485 -23.5026 115.012
    endloop
  endfacet
  facet normal -0.820401 -0.571788 0
    outer loop
      vertex -33.2463 -22.2145 62.2325
      vertex -32.3485 -23.5026 62.2325
      vertex -32.3485 -23.5026 115.012
    endloop
  endfacet
  facet normal -0.820401 -0.571788 0
    outer loop
      vertex -33.2463 -22.2145 62.2325
      vertex -32.3485 -23.5026 115.012
      vertex -33.2463 -22.2145 115.012
    endloop
  endfacet
  facet normal 0 0 -1
    outer loop
      vertex 0 0 62.2325
      vertex -31.4009 -24.7545 62.2325
      vertex -32.3485 -23.5026 62.2325
    endloop
  endfacet
  facet normal 0 0 1
    outer loop
      vertex 0 0 115.012
      vertex -32.3485 -23.5026 115.012
      vertex -31.4009 -24.7545 115.012
    endloop
  endfacet
  facet normal -0.797321 -0.603556 0
    outer loop
      vertex -32.3485 -23.5026 62.2325
      vertex -31.4009 -24.7545 62.2325
      vertex -31.4009 -24.7545 115.012
    endloop
  endfacet
  facet normal -0.797321 -0.603556 0
    outer loop
      vertex -32.3485 -23.5026 62.2325
      vertex -31.4009 -24.7545 115.012
      vertex -32.3485 -23.5026 115.012
    endloop
  endfacet
  facet normal 0 0 -1
    outer loop
      vertex 0 0 62.2325
      vertex -30.4048 -25.9682 62.2325
      vertex -31.4009 -24.7545 62.2325
    endloop
  endfacet
  facet normal 0 0 1
    outer loop
      vertex 0 0 115.012
      vertex -31.4009 -24.7545 115.012
      vertex -30.4048 -25.9682 115.012
    endloop
  endfacet
  facet normal -0.77301 -0.634393 0
    outer loop
      vertex -31.4009 -24.7545 62.2325
      vertex -30.4048 -25.9682 62.2325
      vertex -30.4048 -25.9682 115.012
    endloop
  endfacet
  facet normal -0.77301 -0.634393 0
    outer loop
      vertex -31.4009 -24.7545 62.2325
      vertex -30.4048 -25.9682 115.012
      vertex -31.4009 -24.7545 115.012
    endloop
  endfacet
  facet normal 0 0 -1
    outer loop
      vertex 0 0 62.2325
      vertex -29.3619 -27.1418 62.2325
      vertex -30.4048 -25.9682 62.2325
    endloop
  endfacet
  facet normal 0 0 1
    outer loop
      vertex 0 0 115.012
      vertex -30.4048 -25.9682 115.012
      vertex -29.3619 -27.1418 115.012
    endloop
  endfacet
  facet normal -0.747508 -0.664252 0
    outer loop
      vertex -30.4048 -25.9682 62.2325
      vertex -29.3619 -27.1418 62.2325
      vertex -29.3619 -27.1418 115.012
    endloop
  endfacet
  facet normal -0.747508 -0.664252 0
    outer loop
      vertex -30.4048 -25.9682 62.2325
      vertex -29.3619 -27.1418 115.012
      vertex -30.4048 -25.9682 115.012
    endloop
  endfacet
  facet normal 0 0 -1
    outer loop
      vertex 0 0 62.2325
      vertex -28.2737 -28.2737 62.2325
      vertex -29.3619 -27.1418 62.2325
    endloop
  endfacet
  facet normal 0 0 1
    outer loop
      vertex 0 0 115.012
      vertex -29.3619 -27.1418 115.012
      vertex -28.2737 -28.2737 115.012
    endloop
  endfacet
  facet normal -0.720854 -0.693087 0
    outer loop
      vertex -29.3619 -27.1418 62.2325
      vertex -28.2737 -28.2737 62.2325
      vertex -28.2737 -28.2737 115.012
    endloop
  endfacet
  facet normal -0.720854 -0.693087 0
    outer loop
      vertex -29.3619 -27.1418 62.2325
      vertex -28.2737 -28.2737 115.012
      vertex -29.3619 -27.1418 115.012
    endloop
  endfacet
  facet normal 0 0 -1
    outer loop
      vertex 0 0 62.2325
      vertex -27.1418 -29.3619 62.2325
      vertex -28.2737 -28.2737 62.2325
    endloop
  endfacet
  facet normal 0 0 1
    outer loop
      vertex 0 0 115.012
      vertex -28.2737 -28.2737 115.012
      vertex -27.1418 -29.3619 115.012
    endloop
  endfacet
  facet normal -0.693087 -0.720854 0
    outer loop
      vertex -28.2737 -28.2737 62.2325
      vertex -27.1418 -29.3619 62.2325
      vertex -27.1418 -29.3619 115.012
    endloop
  endfacet
  facet normal -0.693087 -0.720854 0
    outer loop
      vertex -28.2737 -28.2737 62.2325
      vertex -27.1418 -29.3619 115.012
      vertex -28.2737 -28.2737 115.012
    endloop
  endfacet
  facet normal 0 0 -1
    outer loop
      vertex 0 0 62.2325
      vertex -25.9682 -30.4048 62.2325
      vertex -27.1418 -29.3619 62.2325
    endloop
  endfacet
  facet normal 0 0 1
    outer loop
      vertex 0 0 115.012
      vertex -27.1418 -29.3619 115.012
      vertex -25.9682 -30.4048 115.012
    endloop
  endfacet
  facet normal -0.664252 -0.747508 0
    outer loop
      vertex -27.1418 -29.3619 62.2325
      vertex -25.9682 -30.4048 62.2325
      vertex -25.9682 -30.4048 115.012
    endloop
  endfacet
  facet normal -0.664252 -0.747508 0
    outer loop
      vertex -27.1418 -29.3619 62.2325
      vertex -25.9682 -30.4048 115.012
      vertex -27.1418 -29.3619 115.012
    endloop
  endfacet
  facet normal 0 0 -1
    outer loop
      vertex 0 0 62.2325
      vertex -24.7545 -31.4009 62.2325
      vertex -25.9682 -30.4048 62.2325
    endloop
  endfacet
  facet normal 0 0 1
    outer loop
      vertex 0 0 115.012
      vertex -25.9682 -30.4048 115.012
      vertex -24.7545 -31.4009 115.012
    endloop
  endfacet
  facet normal -0.634393 -0.77301 0
    outer loop
      vertex -25.9682 -30.4048 62.2325
      vertex -24.7545 -31.4009 62.2325
      vertex -24.7545 -31.4009 115.012
    endloop
  endfacet
  facet normal -0.634393 -0.77301 0
    outer loop
      vertex -25.9682 -30.4048 62.2325
      vertex -24.7545 -31.4009 115.012
      vertex -25.9682 -30.4048 115.012
    endloop
  endfacet
  facet normal 0 0 -1
    outer loop
      vertex 0 0 62.2325
      vertex -23.5026 -32.3485 62.2325
      vertex -24.7545 -31.4009 62.2325
    endloop
  endfacet
  facet normal 0 0 1
    outer loop
      vertex 0 0 115.012
      vertex -24.7545 -31.4009 115.012
      vertex -23.5026 -32.3485 115.012
    endloop
  endfacet
  facet normal -0.603556 -0.797321 0
    outer loop
      vertex -24.7545 -31.4009 62.2325
      vertex -23.5026 -32.3485 62.2325
      vertex -23.5026 -32.3485 115.012
    endloop
  endfacet
  facet normal -0.603556 -0.797321 0
    outer loop
      vertex -24.7545 -31.4009 62.2325
      vertex -23.5026 -32.3485 115.012
      vertex -24.7545 -31.4009 115.012
    endloop
  endfacet
  facet normal 0 0 -1
    outer loop
      vertex 0 0 62.2325
      vertex -22.2145 -33.2463 62.2325
      vertex -23.5026 -32.3485 62.2325
    endloop
  endfacet
  facet normal 0 0 1
    outer loop
      vertex 0 0 115.012
      vertex -23.5026 -32.3485 115.012
      vertex -22.2145 -33.2463 115.012
    endloop
  endfacet
  facet normal -0.571788 -0.820401 0
    outer loop
      vertex -23.5026 -32.3485 62.2325
      vertex -22.2145 -33.2463 62.2325
      vertex -22.2145 -33.2463 115.012
    endloop
  endfacet
  facet normal -0.571788 -0.820401 0
    outer loop
      vertex -23.5026 -32.3485 62.2325
      vertex -22.2145 -33.2463 115.012
      vertex -23.5026 -32.3485 115.012
    endloop
  endfacet
  facet normal 0 0 -1
    outer loop
      vertex 0 0 62.2325
      vertex -20.8921 -34.0928 62.2325
      vertex -22.2145 -33.2463 62.2325
    endloop
  endfacet
  facet normal 0 0 1
    outer loop
      vertex 0 0 115.012
      vertex -22.2145 -33.2463 115.012
      vertex -20.8921 -34.0928 115.012
    endloop
  endfacet
  facet normal -0.539138 -0.842217 0
    outer loop
      vertex -22.2145 -33.2463 62.2325
      vertex -20.8921 -34.0928 62.2325
      vertex -20.8921 -34.0928 115.012
    endloop
  endfacet
  facet normal -0.539138 -0.842217 0
    outer loop
      vertex -22.2145 -33.2463 62.2325
      vertex -20.8921 -34.0928 115.012
      vertex -22.2145 -33.2463 115.012
    endloop
  endfacet
  facet normal 0 0 -1
    outer loop
      vertex 0 0 62.2325
      vertex -19.5375 -34.8868 62.2325
      vertex -20.8921 -34.0928 62.2325
    endloop
  endfacet
  facet normal 0 0 1
    outer loop
      vertex 0 0 115.012
      vertex -20.8921 -34.0928 115.012
      vertex -19.5375 -34.8868 115.012
    endloop
  endfacet
  facet normal -0.505657 -0.862734 0
    outer loop
      vertex -20.8921 -34.0928 62.2325
      vertex -19.5375 -34.8868 62.2325
      vertex -19.5375 -34.8868 115.012
    endloop
  endfacet
  facet normal -0.505657 -0.862734 0
    outer loop
      vertex -20.8921 -34.0928 62.2325
      vertex -19.5375 -34.8868 115.012
      vertex -20.8921 -34.0928 115.012
    endloop
  endfacet
  facet normal 0 0 -1
    outer loop
      vertex 0 0 62.2325
      vertex -18.1528 -35.6269 62.2325
      vertex -19.5375 -34.8868 62.2325
    endloop
  endfacet
  facet normal 0 0 1
    outer loop
      vertex 0 0 115.012
      vertex -19.5375 -34.8868 115.012
      vertex -18.1528 -35.6269 115.012
    endloop
  endfacet
  facet normal -0.471397 -0.881921 0
    outer loop
      vertex -19.5375 -34.8868 62.2325
      vertex -18.1528 -35.6269 62.2325
      vertex -18.1528 -35.6269 115.012
    endloop
  endfacet
  facet normal -0.471397 -0.881921 0
    outer loop
      vertex -19.5375 -34.8868 62.2325
      vertex -18.1528 -35.6269 115.012
      vertex -19.5375 -34.8868 115.012
    endloop
  endfacet
  facet normal 0 0 -1
    outer loop
      vertex 0 0 62.2325
      vertex -16.7401 -36.3121 62.2325
      vertex -18.1528 -35.6269 62.2325
    endloop
  endfacet
  facet normal 0 0 1
    outer loop
      vertex 0 0 115.012
      vertex -18.1528 -35.6269 115.012
      vertex -16.7401 -36.3121 115.012
    endloop
  endfacet
  facet normal -0.436409 -0.899748 0
    outer loop
      vertex -18.1528 -35.6269 62.2325
      vertex -16.7401 -36.3121 62.2325
      vertex -16.7401 -36.3121 115.012
    endloop
  endfacet
  facet normal -0.436409 -0.899748 0
    outer loop
      vertex -18.1528 -35.6269 62.2325
      vertex -16.7401 -36.3121 115.012
      vertex -18.1528 -35.6269 115.012
    endloop
  endfacet
  facet normal 0 0 -1
    outer loop
      vertex 0 0 62.2325
      vertex -15.3016 -36.9413 62.2325
      vertex -16.7401 -36.3121 62.2325
    endloop
  endfacet
  facet normal 0 0 1
    outer loop
      vertex 0 0 115.012
      vertex -16.7401 -36.3121 115.012
      vertex -15.3016 -36.9413 115.012
    endloop
  endfacet
  facet normal -0.400749 -0.916188 0
    outer loop
      vertex -16.7401 -36.3121 62.2325
      vertex -15.3016 -36.9413 62.2325
      vertex -15.3016 -36.9413 115.012
    endloop
  endfacet
  facet normal -0.400749 -0.916188 0
    outer loop
      vertex -16.7401 -36.3121 62.2325
      vertex -15.3016 -36.9413 115.012
      vertex -16.7401 -36.3121 115.012
    endloop
  endfacet
  facet normal 0 0 -1
    outer loop
      vertex 0 0 62.2325
      vertex -13.8395 -37.5136 62.2325
      vertex -15.3016 -36.9413 62.2325
    endloop
  endfacet
  facet normal 0 0 1
    outer loop
      vertex 0 0 115.012
      vertex -15.3016 -36.9413 115.012
      vertex -13.8395 -37.5136 115.012
    endloop
  endfacet
  facet normal -0.36447 -0.931215 0
    outer loop
      vertex -15.3016 -36.9413 62.2325
      vertex -13.8395 -37.5136 62.2325
      vertex -13.8395 -37.5136 115.012
    endloop
  endfacet
  facet normal -0.36447 -0.931215 0
    outer loop
      vertex -15.3016 -36.9413 62.2325
      vertex -13.8395 -37.5136 115.012
      vertex -15.3016 -36.9413 115.012
    endloop
  endfacet
  facet normal 0 0 -1
    outer loop
      vertex 0 0 62.2325
      vertex -12.356 -38.028 62.2325
      vertex -13.8395 -37.5136 62.2325
    endloop
  endfacet
  facet normal 0 0 1
    outer loop
      vertex 0 0 115.012
      vertex -13.8395 -37.5136 115.012
      vertex -12.356 -38.028 115.012
    endloop
  endfacet
  facet normal -0.32763 -0.944806 0
    outer loop
      vertex -13.8395 -37.5136 62.2325
      vertex -12.356 -38.028 62.2325
      vertex -12.356 -38.028 115.012
    endloop
  endfacet
  facet normal -0.32763 -0.944806 0
    outer loop
      vertex -13.8395 -37.5136 62.2325
      vertex -12.356 -38.028 115.012
      vertex -13.8395 -37.5136 115.012
    endloop
  endfacet
  facet normal 0 0 -1
    outer loop
      vertex 0 0 62.2325
      vertex -10.8535 -38.4838 62.2325
      vertex -12.356 -38.028 62.2325
    endloop
  endfacet
  facet normal 0 0 1
    outer loop
      vertex 0 0 115.012
      vertex -12.356 -38.028 115.012
      vertex -10.8535 -38.4838 115.012
    endloop
  endfacet
  facet normal -0.290285 -0.95694 0
    outer loop
      vertex -12.356 -38.028 62.2325
      vertex -10.8535 -38.4838 62.2325
      vertex -10.8535 -38.4838 115.012
    endloop
  endfacet
  facet normal -0.290285 -0.95694 0
    outer loop
      vertex -12.356 -38.028 62.2325
      vertex -10.8535 -38.4838 115.012
      vertex -12.356 -38.028 115.012
    endloop
  endfacet
  facet normal 0 0 -1
    outer loop
      vertex 0 0 62.2325
      vertex -9.33431 -38.8802 62.2325
      vertex -10.8535 -38.4838 62.2325
    endloop
  endfacet
  facet normal 0 0 1
    outer loop
      vertex 0 0 115.012
      vertex -10.8535 -38.4838 115.012
      vertex -9.33431 -38.8802 115.012
    endloop
  endfacet
  facet normal -0.252492 -0.967599 0
    outer loop
      vertex -10.8535 -38.4838 62.2325
      vertex -9.33431 -38.8802 62.2325
      vertex -9.33431 -38.8802 115.012
    endloop
  endfacet
  facet normal -0.252492 -0.967599 0
    outer loop
      vertex -10.8535 -38.4838 62.2325
      vertex -9.33431 -38.8802 115.012
      vertex -10.8535 -38.4838 115.012
    endloop
  endfacet
  facet normal 0 0 -1
    outer loop
      vertex 0 0 62.2325
      vertex -7.80069 -39.2167 62.2325
      vertex -9.33431 -38.8802 62.2325
    endloop
  endfacet
  facet normal 0 0 1
    outer loop
      vertex 0 0 115.012
      vertex -9.33431 -38.8802 115.012
      vertex -7.80069 -39.2167 115.012
    endloop
  endfacet
  facet normal -0.214309 -0.976766 0
    outer loop
      vertex -9.33431 -38.8802 62.2325
      vertex -7.80069 -39.2167 62.2325
      vertex -7.80069 -39.2167 115.012
    endloop
  endfacet
  facet normal -0.214309 -0.976766 0
    outer loop
      vertex -9.33431 -38.8802 62.2325
      vertex -7.80069 -39.2167 115.012
      vertex -9.33431 -38.8802 115.012
    endloop
  endfacet
  facet normal 0 0 -1
    outer loop
      vertex 0 0 62.2325
      vertex -6.25503 -39.4927 62.2325
      vertex -7.80069 -39.2167 62.2325
    endloop
  endfacet
  facet normal 0 0 1
    outer loop
      vertex 0 0 115.012
      vertex -7.80069 -39.2167 115.012
      vertex -6.25503 -39.4927 115.012
    endloop
  endfacet
  facet normal -0.175796 -0.984427 0
    outer loop
      vertex -7.80069 -39.2167 62.2325
      vertex -6.25503 -39.4927 62.2325
      vertex -6.25503 -39.4927 115.012
    endloop
  endfacet
  facet normal -0.175796 -0.984427 0
    outer loop
      vertex -7.80069 -39.2167 62.2325
      vertex -6.25503 -39.4927 115.012
      vertex -7.80069 -39.2167 115.012
    endloop
  endfacet
  facet normal 0 0 -1
    outer loop
      vertex 0 0 62.2325
      vertex -4.69973 -39.7078 62.2325
      vertex -6.25503 -39.4927 62.2325
    endloop
  endfacet
  facet normal 0 0 1
    outer loop
      vertex 0 0 115.012
      vertex -6.25503 -39.4927 115.012
      vertex -4.69973 -39.7078 115.012
    endloop
  endfacet
  facet normal -0.137012 -0.990569 0
    outer loop
      vertex -6.25503 -39.4927 62.2325
      vertex -4.69973 -39.7078 62.2325
      vertex -4.69973 -39.7078 115.012
    endloop
  endfacet
  facet normal -0.137012 -0.990569 0
    outer loop
      vertex -6.25503 -39.4927 62.2325
      vertex -4.69973 -39.7078 115.012
      vertex -6.25503 -39.4927 115.012
    endloop
  endfacet
  facet normal 0 0 -1
    outer loop
      vertex 0 0 62.2325
      vertex -3.13719 -39.8617 62.2325
      vertex -4.69973 -39.7078 62.2325
    endloop
  endfacet
  facet normal 0 0 1
    outer loop
      vertex 0 0 115.012
      vertex -4.69973 -39.7078 115.012
      vertex -3.13719 -39.8617 115.012
    endloop
  endfacet
  facet normal -0.0980171 -0.995185 0
    outer loop
      vertex -4.69973 -39.7078 62.2325
      vertex -3.13719 -39.8617 62.2325
      vertex -3.13719 -39.8617 115.012
    endloop
  endfacet
  facet normal -0.0980171 -0.995185 0
    outer loop
      vertex -4.69973 -39.7078 62.2325
      vertex -3.13719 -39.8617 115.012
      vertex -4.69973 -39.7078 115.012
    endloop
  endfacet
  facet normal 0 0 -1
    outer loop
      vertex 0 0 62.2325
      vertex -1.5698 -39.9542 62.2325
      vertex -3.13719 -39.8617 62.2325
    endloop
  endfacet
  facet normal 0 0 1
    outer loop
      vertex 0 0 115.012
      vertex -3.13719 -39.8617 115.012
      vertex -1.5698 -39.9542 115.012
    endloop
  endfacet
  facet normal -0.0588708 -0.998266 0
    outer loop
      vertex -3.13719 -39.8617 62.2325
      vertex -1.5698 -39.9542 62.2325
      vertex -1.5698 -39.9542 115.012
    endloop
  endfacet
  facet normal -0.0588708 -0.998266 0
    outer loop
      vertex -3.13719 -39.8617 62.2325
      vertex -1.5698 -39.9542 115.012
      vertex -3.13719 -39.8617 115.012
    endloop
  endfacet
  facet normal 0 0 -1
    outer loop
      vertex 0 0 62.2325
      vertex -7.34513e-15 -39.985 62.2325
      vertex -1.5698 -39.9542 62.2325
    endloop
  endfacet
  facet normal 0 0 1
    outer loop
      vertex 0 0 115.012
      vertex -1.5698 -39.9542 115.012
      vertex -7.34513e-15 -39.985 115.012
    endloop
  endfacet
  facet normal -0.0196337 -0.999807 0
    outer loop
      vertex -1.5698 -39.9542 62.2325
      vertex -7.34513e-15 -39.985 62.2325
      vertex -7.34513e-15 -39.985 115.012
    endloop
  endfacet
  facet normal -0.0196337 -0.999807 0
    outer loop
      vertex -1.5698 -39.9542 62.2325
      vertex -7.34513e-15 -39.985 115.012
      vertex -1.5698 -39.9542 115.012
    endloop
  endfacet
  facet normal 0 0 -1
    outer loop
      vertex 0 0 62.2325
      vertex 1.5698 -39.9542 62.2325
      vertex -7.34513e-15 -39.985 62.2325
    endloop
  endfacet
  facet normal 0 0 1
    outer loop
      vertex 0 0 115.012
      vertex -7.34513e-15 -39.985 115.012
      vertex 1.5698 -39.9542 115.012
    endloop
  endfacet
  facet normal 0.0196337 -0.999807 0
    outer loop
      vertex -7.34513e-15 -39.985 62.2325
      vertex 1.5698 -39.9542 62.2325
      vertex 1.5698 -39.9542 115.012
    endloop
  endfacet
  facet normal 0.0196337 -0.999807 0
    outer loop
      vertex -7.34513e-15 -39.985 62.2325
      vertex 1.5698 -39.9542 115.012
      vertex -7.34513e-15 -39.985 115.012
    endloop
  endfacet
  facet normal 0 0 -1
    outer loop
      vertex 0 0 62.2325
      vertex 3.13719 -39.8617 62.2325
      vertex 1.5698 -39.9542 62.2325
    endloop
  endfacet
  facet normal 0 0 1
    outer loop
      vertex 0 0 115.012
      vertex 1.5698 -39.9542 115.012
      vertex 3.13719 -39.8617 115.012
    endloop
  endfacet
  facet normal 0.0588708 -0.998266 0
    outer loop
      vertex 1.5698 -39.9542 62.2325
      vertex 3.13719 -39.8617 62.2325
      vertex 3.13719 -39.8617 115.012
    endloop
  endfacet
  facet normal 0.0588708 -0.998266 0
    outer loop
      vertex 1.5698 -39.9542 62.2325
      vertex 3.13719 -39.8617 115.012
      vertex 1.5698 -39.9542 115.012
    endloop
  endfacet
  facet normal 0 0 -1
    outer loop
      vertex 0 0 62.2325
      vertex 4.69973 -39.7078 62.2325
      vertex 3.13719 -39.8617 62.2325
    endloop
  endfacet
  facet normal 0 0 1
    outer loop
      vertex 0 0 115.012
      vertex 3.13719 -39.8617 115.012
      vertex 4.69973 -39.7078 115.012
    endloop
  endfacet
  facet normal 0.0980171 -0.995185 0
    outer loop
      vertex 3.13719 -39.8617 62.2325
      vertex 4.69973 -39.7078 62.2325
      vertex 4.69973 -39.7078 115.012
    endloop
  endfacet
  facet normal 0.0980171 -0.995185 0
    outer loop
      vertex 3.13719 -39.8617 62.2325
      vertex 4.69973 -39.7078 115.012
      vertex 3.13719 -39.8617 115.012
    endloop
  endfacet
  facet normal 0 0 -1
    outer loop
      vertex 0 0 62.2325
      vertex 6.25503 -39.4927 62.2325
      vertex 4.69973 -39.7078 62.2325
    endloop
  endfacet
  facet normal 0 0 1
    outer loop
      vertex 0 0 115.012
      vertex 4.69973 -39.7078 115.012
      vertex 6.25503 -39.4927 115.012
    endloop
  endfacet
  facet normal 0.137012 -0.990569 0
    outer loop
      vertex 4.69973 -39.7078 62.2325
      vertex 6.25503 -39.4927 62.2325
      vertex 6.25503 -39.4927 115.012
    endloop
  endfacet
  facet normal 0.137012 -0.990569 0
    outer loop
      vertex 4.69973 -39.7078 62.2325
      vertex 6.25503 -39.4927 115.012
      vertex 4.69973 -39.7078 115.012
    endloop
  endfacet
  facet normal 0 0 -1
    outer loop
      vertex 0 0 62.2325
      vertex 7.80069 -39.2167 62.2325
      vertex 6.25503 -39.4927 62.2325
    endloop
  endfacet
  facet normal 0 0 1
    outer loop
      vertex 0 0 115.012
      vertex 6.25503 -39.4927 115.012
      vertex 7.80069 -39.2167 115.012
    endloop
  endfacet
  facet normal 0.175796 -0.984427 0
    outer loop
      vertex 6.25503 -39.4927 62.2325
      vertex 7.80069 -39.2167 62.2325
      vertex 7.80069 -39.2167 115.012
    endloop
  endfacet
  facet normal 0.175796 -0.984427 0
    outer loop
      vertex 6.25503 -39.4927 62.2325
      vertex 7.80069 -39.2167 115.012
      vertex 6.25503 -39.4927 115.012
    endloop
  endfacet
  facet normal 0 0 -1
    outer loop
      vertex 0 0 62.2325
      vertex 9.33431 -38.8802 62.2325
      vertex 7.80069 -39.2167 62.2325
    endloop
  endfacet
  facet normal 0 0 1
    outer loop
      vertex 0 0 115.012
      vertex 7.80069 -39.2167 115.012
      vertex 9.33431 -38.8802 115.012
    endloop
  endfacet
  facet normal 0.214309 -0.976766 0
    outer loop
      vertex 7.80069 -39.2167 62.2325
      vertex 9.33431 -38.8802 62.2325
      vertex 9.33431 -38.8802 115.012
    endloop
  endfacet
  facet normal 0.214309 -0.976766 0
    outer loop
      vertex 7.80069 -39.2167 62.2325
      vertex 9.33431 -38.8802 115.012
      vertex 7.80069 -39.2167 115.012
    endloop
  endfacet
  facet normal 0 0 -1
    outer loop
      vertex 0 0 62.2325
      vertex 10.8535 -38.4838 62.2325
      vertex 9.33431 -38.8802 62.2325
    endloop
  endfacet
  facet normal 0 0 1
    outer loop
      vertex 0 0 115.012
      vertex 9.33431 -38.8802 115.012
      vertex 10.8535 -38.4838 115.012
    endloop
  endfacet
  facet normal 0.252492 -0.967599 0
    outer loop
      vertex 9.33431 -38.8802 62.2325
      vertex 10.8535 -38.4838 62.2325
      vertex 10.8535 -38.4838 115.012
    endloop
  endfacet
  facet normal 0.252492 -0.967599 0
    outer loop
      vertex 9.33431 -38.8802 62.2325
      vertex 10.8535 -38.4838 115.012
      vertex 9.33431 -38.8802 115.012
    endloop
  endfacet
  facet normal 0 0 -1
    outer loop
      vertex 0 0 62.2325
      vertex 12.356 -38.028 62.2325
      vertex 10.8535 -38.4838 62.2325
    endloop
  endfacet
  facet normal 0 0 1
    outer loop
      vertex 0 0 115.012
      vertex 10.8535 -38.4838 115.012
      vertex 12.356 -38.028 115.012
    endloop
  endfacet
  facet normal 0.290285 -0.95694 0
    outer loop
      vertex 10.8535 -38.4838 62.2325
      vertex 12.356 -38.028 62.2325
      vertex 12.356 -38.028 115.012
    endloop
  endfacet
  facet normal 0.290285 -0.95694 0
    outer loop
      vertex 10.8535 -38.4838 62.2325
      vertex 12.356 -38.028 115.012
      vertex 10.8535 -38.4838 115.012
    endloop
  endfacet
  facet normal 0 0 -1
    outer loop
      vertex 0 0 62.2325
      vertex 13.8395 -37.5136 62.2325
      vertex 12.356 -38.028 62.2325
    endloop
  endfacet
  facet normal 0 0 1
    outer loop
      vertex 0 0 115.012
      vertex 12.356 -38.028 115.012
      vertex 13.8395 -37.5136 115.012
    endloop
  endfacet
  facet normal 0.32763 -0.944806 0
    outer loop
      vertex 12.356 -38.028 62.2325
      vertex 13.8395 -37.5136 62.2325
      vertex 13.8395 -37.5136 115.012
    endloop
  endfacet
  facet normal 0.32763 -0.944806 0
    outer loop
      vertex 12.356 -38.028 62.2325
      vertex 13.8395 -37.5136 115.012
      vertex 12.356 -38.028 115.012
    endloop
  endfacet
  facet normal 0 0 -1
    outer loop
      vertex 0 0 62.2325
      vertex 15.3016 -36.9413 62.2325
      vertex 13.8395 -37.5136 62.2325
    endloop
  endfacet
  facet normal 0 0 1
    outer loop
      vertex 0 0 115.012
      vertex 13.8395 -37.5136 115.012
      vertex 15.3016 -36.9413 115.012
    endloop
  endfacet
  facet normal 0.36447 -0.931215 0
    outer loop
      vertex 13.8395 -37.5136 62.2325
      vertex 15.3016 -36.9413 62.2325
      vertex 15.3016 -36.9413 115.012
    endloop
  endfacet
  facet normal 0.36447 -0.931215 0
    outer loop
      vertex 13.8395 -37.5136 62.2325
      vertex 15.3016 -36.9413 115.012
      vertex 13.8395 -37.5136 115.012
    endloop
  endfacet
  facet normal 0 0 -1
    outer loop
      vertex 0 0 62.2325
      vertex 16.7401 -36.3121 62.2325
      vertex 15.3016 -36.9413 62.2325
    endloop
  endfacet
  facet normal 0 0 1
    outer loop
      vertex 0 0 115.012
      vertex 15.3016 -36.9413 115.012
      vertex 16.7401 -36.3121 115.012
    endloop
  endfacet
  facet normal 0.400749 -0.916188 0
    outer loop
      vertex 15.3016 -36.9413 62.2325
      vertex 16.7401 -36.3121 62.2325
      vertex 16.7401 -36.3121 115.012
    endloop
  endfacet
  facet normal 0.400749 -0.916188 0
    outer loop
      vertex 15.3016 -36.9413 62.2325
      vertex 16.7401 -36.3121 115.012
      vertex 15.3016 -36.9413 115.012
    endloop
  endfacet
  facet normal 0 0 -1
    outer loop
      vertex 0 0 62.2325
      vertex 18.1528 -35.6269 62.2325
      vertex 16.7401 -36.3121 62.2325
    endloop
  endfacet
  facet normal 0 0 1
    outer loop
      vertex 0 0 115.012
      vertex 16.7401 -36.3121 115.012
      vertex 18.1528 -35.6269 115.012
    endloop
  endfacet
  facet normal 0.436409 -0.899748 0
    outer loop
      vertex 16.7401 -36.3121 62.2325
      vertex 18.1528 -35.6269 62.2325
      vertex 18.1528 -35.6269 115.012
    endloop
  endfacet
  facet normal 0.436409 -0.899748 0
    outer loop
      vertex 16.7401 -36.3121 62.2325
      vertex 18.1528 -35.6269 115.012
      vertex 16.7401 -36.3121 115.012
    endloop
  endfacet
  facet normal 0 0 -1
    outer loop
      vertex 0 0 62.2325
      vertex 19.5375 -34.8868 62.2325
      vertex 18.1528 -35.6269 62.2325
    endloop
  endfacet
  facet normal 0 0 1
    outer loop
      vertex 0 0 115.012
      vertex 18.1528 -35.6269 115.012
      vertex 19.5375 -34.8868 115.012
    endloop
  endfacet
  facet normal 0.471397 -0.881921 0
    outer loop
      vertex 18.1528 -35.6269 62.2325
      vertex 19.5375 -34.8868 62.2325
      vertex 19.5375 -34.8868 115.012
    endloop
  endfacet
  facet normal 0.471397 -0.881921 0
    outer loop
      vertex 18.1528 -35.6269 62.2325
      vertex 19.5375 -34.8868 115.012
      vertex 18.1528 -35.6269 115.012
    endloop
  endfacet
  facet normal 0 0 -1
    outer loop
      vertex 0 0 62.2325
      vertex 20.8921 -34.0928 62.2325
      vertex 19.5375 -34.8868 62.2325
    endloop
  endfacet
  facet normal 0 0 1
    outer loop
      vertex 0 0 115.012
      vertex 19.5375 -34.8868 115.012
      vertex 20.8921 -34.0928 115.012
    endloop
  endfacet
  facet normal 0.505657 -0.862734 0
    outer loop
      vertex 19.5375 -34.8868 62.2325
      vertex 20.8921 -34.0928 62.2325
      vertex 20.8921 -34.0928 115.012
    endloop
  endfacet
  facet normal 0.505657 -0.862734 0
    outer loop
      vertex 19.5375 -34.8868 62.2325
      vertex 20.8921 -34.0928 115.012
      vertex 19.5375 -34.8868 115.012
    endloop
  endfacet
  facet normal 0 0 -1
    outer loop
      vertex 0 0 62.2325
      vertex 22.2145 -33.2463 62.2325
      vertex 20.8921 -34.0928 62.2325
    endloop
  endfacet
  facet normal 0 0 1
    outer loop
      vertex 0 0 115.012
      vertex 20.8921 -34.0928 115.012
      vertex 22.2145 -33.2463 115.012
    endloop
  endfacet
  facet normal 0.539138 -0.842217 0
    outer loop
      vertex 20.8921 -34.0928 62.2325
      vertex 22.2145 -33.2463 62.2325
      vertex 22.2145 -33.2463 115.012
    endloop
  endfacet
  facet normal 0.539138 -0.842217 0
    outer loop
      vertex 20.8921 -34.0928 62.2325
      vertex 22.2145 -33.2463 115.012
      vertex 20.8921 -34.0928 115.012
    endloop
  endfacet
  facet normal 0 0 -1
    outer loop
      vertex 0 0 62.2325
      vertex 23.5026 -32.3485 62.2325
      vertex 22.2145 -33.2463 62.2325
    endloop
  endfacet
  facet normal 0 0 1
    outer loop
      vertex 0 0 115.012
      vertex 22.2145 -33.2463 115.012
      vertex 23.5026 -32.3485 115.012
    endloop
  endfacet
  facet normal 0.571788 -0.820401 0
    outer loop
      vertex 22.2145 -33.2463 62.2325
      vertex 23.5026 -32.3485 62.2325
      vertex 23.5026 -32.3485 115.012
    endloop
  endfacet
  facet normal 0.571788 -0.820401 0
    outer loop
      vertex 22.2145 -33.2463 62.2325
      vertex 23.5026 -32.3485 115.012
      vertex 22.2145 -33.2463 115.012
    endloop
  endfacet
  facet normal 0 0 -1
    outer loop
      vertex 0 0 62.2325
      vertex 24.7545 -31.4009 62.2325
      vertex 23.5026 -32.3485 62.2325
    endloop
  endfacet
  facet normal 0 0 1
    outer loop
      vertex 0 0 115.012
      vertex 23.5026 -32.3485 115.012
      vertex 24.7545 -31.4009 115.012
    endloop
  endfacet
  facet normal 0.603556 -0.797321 0
    outer loop
      vertex 23.5026 -32.3485 62.2325
      vertex 24.7545 -31.4009 62.2325
      vertex 24.7545 -31.4009 115.012
    endloop
  endfacet
  facet normal 0.603556 -0.797321 0
    outer loop
      vertex 23.5026 -32.3485 62.2325
      vertex 24.7545 -31.4009 115.012
      vertex 23.5026 -32.3485 115.012
    endloop
  endfacet
  facet normal 0 0 -1
    outer loop
      vertex 0 0 62.2325
      vertex 25.9682 -30.4048 62.2325
      vertex 24.7545 -31.4009 62.2325
    endloop
  endfacet
  facet normal 0 0 1
    outer loop
      vertex 0 0 115.012
      vertex 24.7545 -31.4009 115.012
      vertex 25.9682 -30.4048 115.012
    endloop
  endfacet
  facet normal 0.634393 -0.77301 0
    outer loop
      vertex 24.7545 -31.4009 62.2325
      vertex 25.9682 -30.4048 62.2325
      vertex 25.9682 -30.4048 115.012
    endloop
  endfacet
  facet normal 0.634393 -0.77301 0
    outer loop
      vertex 24.7545 -31.4009 62.2325
      vertex 25.9682 -30.4048 115.012
      vertex 24.7545 -31.4009 115.012
    endloop
  endfacet
  facet normal 0 0 -1
    outer loop
      vertex 0 0 62.2325
      vertex 27.1418 -29.3619 62.2325
      vertex 25.9682 -30.4048 62.2325
    endloop
  endfacet
  facet normal 0 0 1
    outer loop
      vertex 0 0 115.012
      vertex 25.9682 -30.4048 115.012
      vertex 27.1418 -29.3619 115.012
    endloop
  endfacet
  facet normal 0.664252 -0.747508 0
    outer loop
      vertex 25.9682 -30.4048 62.2325
      vertex 27.1418 -29.3619 62.2325
      vertex 27.1418 -29.3619 115.012
    endloop
  endfacet
  facet normal 0.664252 -0.747508 0
    outer loop
      vertex 25.9682 -30.4048 62.2325
      vertex 27.1418 -29.3619 115.012
      vertex 25.9682 -30.4048 115.012
    endloop
  endfacet
  facet normal 0 0 -1
    outer loop
      vertex 0 0 62.2325
      vertex 28.2737 -28.2737 62.2325
      vertex 27.1418 -29.3619 62.2325
    endloop
  endfacet
  facet normal 0 0 1
    outer loop
      vertex 0 0 115.012
      vertex 27.1418 -29.3619 115.012
      vertex 28.2737 -28.2737 115.012
    endloop
  endfacet
  facet normal 0.693087 -0.720854 0
    outer loop
      vertex 27.1418 -29.3619 62.2325
      vertex 28.2737 -28.2737 62.2325
      vertex 28.2737 -28.2737 115.012
    endloop
  endfacet
  facet normal 0.693087 -0.720854 0
    outer loop
      vertex 27.1418 -29.3619 62.2325
      vertex 28.2737 -28.2737 115.012
      vertex 27.1418 -29.3619 115.012
    endloop
  endfacet
  facet normal 0 0 -1
    outer loop
      vertex 0 0 62.2325
      vertex 29.3619 -27.1418 62.2325
      vertex 28.2737 -28.2737 62.2325
    endloop
  endfacet
  facet normal 0 0 1
    outer loop
      vertex 0 0 115.012
      vertex 28.2737 -28.2737 115.012
      vertex 29.3619 -27.1418 115.012
    endloop
  endfacet
  facet normal 0.720854 -0.693087 0
    outer loop
      vertex 28.2737 -28.2737 62.2325
      vertex 29.3619 -27.1418 62.2325
      vertex 29.3619 -27.1418 115.012
    endloop
  endfacet
  facet normal 0.720854 -0.693087 0
    outer loop
      vertex 28.2737 -28.2737 62.2325
      vertex 29.3619 -27.1418 115.012
      vertex 28.2737 -28.2737 115.012
    endloop
  endfacet
  facet normal 0 0 -1
    outer loop
      vertex 0 0 62.2325
      vertex 30.4048 -25.9682 62.2325
      vertex 29.3619 -27.1418 62.2325
    endloop
  endfacet
  facet normal 0 0 1
    outer loop
      vertex 0 0 115.012
      vertex 29.3619 -27.1418 115.012
      vertex 30.4048 -25.9682 115.012
    endloop
  endfacet
  facet normal 0.747508 -0.664252 0
    outer loop
      vertex 29.3619 -27.1418 62.2325
      vertex 30.4048 -25.9682 62.2325
      vertex 30.4048 -25.9682 115.012
    endloop
  endfacet
  facet normal 0.747508 -0.664252 0
    outer loop
      vertex 29.3619 -27.1418 62.2325
      vertex 30.4048 -25.9682 115.012
      vertex 29.3619 -27.1418 115.012
    endloop
  endfacet
  facet normal 0 0 -1
    outer loop
      vertex 0 0 62.2325
      vertex 31.4009 -24.7545 62.2325
      vertex 30.4048 -25.9682 62.2325
    endloop
  endfacet
  facet normal 0 0 1
    outer loop
      vertex 0 0 115.012
      vertex 30.4048 -25.9682 115.012
      vertex 31.4009 -24.7545 115.012
    endloop
  endfacet
  facet normal 0.77301 -0.634393 0
    outer loop
      vertex 30.4048 -25.9682 62.2325
      vertex 31.4009 -24.7545 62.2325
      vertex 31.4009 -24.7545 115.012
    endloop
  endfacet
  facet normal 0.77301 -0.634393 0
    outer loop
      vertex 30.4048 -25.9682 62.2325
      vertex 31.4009 -24.7545 115.012
      vertex 30.4048 -25.9682 115.012
    endloop
  endfacet
  facet normal 0 0 -1
    outer loop
      vertex 0 0 62.2325
      vertex 32.3485 -23.5026 62.2325
      vertex 31.4009 -24.7545 62.2325
    endloop
  endfacet
  facet normal 0 0 1
    outer loop
      vertex 0 0 115.012
      vertex 31.4009 -24.7545 115.012
      vertex 32.3485 -23.5026 115.012
    endloop
  endfacet
  facet normal 0.797321 -0.603556 0
    outer loop
      vertex 31.4009 -24.7545 62.2325
      vertex 32.3485 -23.5026 62.2325
      vertex 32.3485 -23.5026 115.012
    endloop
  endfacet
  facet normal 0.797321 -0.603556 0
    outer loop
      vertex 31.4009 -24.7545 62.2325
      vertex 32.3485 -23.5026 115.012
      vertex 31.4009 -24.7545 115.012
    endloop
  endfacet
  facet normal 0 0 -1
    outer loop
      vertex 0 0 62.2325
      vertex 33.2463 -22.2145 62.2325
      vertex 32.3485 -23.5026 62.2325
    endloop
  endfacet
  facet normal 0 0 1
    outer loop
      vertex 0 0 115.012
      vertex 32.3485 -23.5026 115.012
      vertex 33.2463 -22.2145 115.012
    endloop
  endfacet
  facet normal 0.820401 -0.571788 0
    outer loop
      vertex 32.3485 -23.5026 62.2325
      vertex 33.2463 -22.2145 62.2325
      vertex 33.2463 -22.2145 115.012
    endloop
  endfacet
  facet normal 0.820401 -0.571788 0
    outer loop
      vertex 32.3485 -23.5026 62.2325
      vertex 33.2463 -22.2145 115.012
      vertex 32.3485 -23.5026 115.012
    endloop
  endfacet
  facet normal 0 0 -1
    outer loop
      vertex 0 0 62.2325
      vertex 34.0928 -20.8921 62.2325
      vertex 33.2463 -22.2145 62.2325
    endloop
  endfacet
  facet normal 0 0 1
    outer loop
      vertex 0 0 115.012
      vertex 33.2463 -22.2145 115.012
      vertex 34.0928 -20.8921 115.012
    endloop
  endfacet
  facet normal 0.842217 -0.539138 0
    outer loop
      vertex 33.2463 -22.2145 62.2325
      vertex 34.0928 -20.8921 62.2325
      vertex 34.0928 -20.8921 115.012
    endloop
  endfacet
  facet normal 0.842217 -0.539138 0
    outer loop
      vertex 33.2463 -22.2145 62.2325
      vertex 34.0928 -20.8921 115.012
      vertex 33.2463 -22.2145 115.012
    endloop
  endfacet
  facet normal 0 0 -1
    outer loop
      vertex 0 0 62.2325
      vertex 34.8868 -19.5375 62.2325
      vertex 34.0928 -20.8921 62.2325
    endloop
  endfacet
  facet normal 0 0 1
    outer loop
      vertex 0 0 115.012
      vertex 34.0928 -20.8921 115.012
      vertex 34.8868 -19.5375 115.012
    endloop
  endfacet
  facet normal 0.862734 -0.505657 0
    outer loop
      vertex 34.0928 -20.8921 62.2325
      vertex 34.8868 -19.5375 62.2325
      vertex 34.8868 -19.5375 115.012
    endloop
  endfacet
  facet normal 0.862734 -0.505657 0
    outer loop
      vertex 34.0928 -20.8921 62.2325
      vertex 34.8868 -19.5375 115.012
      vertex 34.0928 -20.8921 115.012
    endloop
  endfacet
  facet normal 0 0 -1
    outer loop
      vertex 0 0 62.2325
      vertex 35.6269 -18.1528 62.2325
      vertex 34.8868 -19.5375 62.2325
    endloop
  endfacet
  facet normal 0 0 1
    outer loop
      vertex 0 0 115.012
      vertex 34.8868 -19.5375 115.012
      vertex 35.6269 -18.1528 115.012
    endloop
  endfacet
  facet normal 0.881921 -0.471397 0
    outer loop
      vertex 34.8868 -19.5375 62.2325
      vertex 35.6269 -18.1528 62.2325
      vertex 35.6269 -18.1528 115.012
    endloop
  endfacet
  facet normal 0.881921 -0.471397 0
    outer loop
      vertex 34.8868 -19.5375 62.2325
      vertex 35.6269 -18.1528 115.012
      vertex 34.8868 -19.5375 115.012
    endloop
  endfacet
  facet normal 0 0 -1
    outer loop
      vertex 0 0 62.2325
      vertex 36.3121 -16.7401 62.2325
      vertex 35.6269 -18.1528 62.2325
    endloop
  endfacet
  facet normal 0 0 1
    outer loop
      vertex 0 0 115.012
      vertex 35.6269 -18.1528 115.012
      vertex 36.3121 -16.7401 115.012
    endloop
  endfacet
  facet normal 0.899748 -0.436409 0
    outer loop
      vertex 35.6269 -18.1528 62.2325
      vertex 36.3121 -16.7401 62.2325
      vertex 36.3121 -16.7401 115.012
    endloop
  endfacet
  facet normal 0.899748 -0.436409 0
    outer loop
      vertex 35.6269 -18.1528 62.2325
      vertex 36.3121 -16.7401 115.012
      vertex 35.6269 -18.1528 115.012
    endloop
  endfacet
  facet normal 0 0 -1
    outer loop
      vertex 0 0 62.2325
      vertex 36.9413 -15.3016 62.2325
      vertex 36.3121 -16.7401 62.2325
    endloop
  endfacet
  facet normal 0 0 1
    outer loop
      vertex 0 0 115.012
      vertex 36.3121 -16.7401 115.012
      vertex 36.9413 -15.3016 115.012
    endloop
  endfacet
  facet normal 0.916188 -0.400749 0
    outer loop
      vertex 36.3121 -16.7401 62.2325
      vertex 36.9413 -15.3016 62.2325
      vertex 36.9413 -15.3016 115.012
    endloop
  endfacet
  facet normal 0.916188 -0.400749 0
    outer loop
      vertex 36.3121 -16.7401 62.2325
      vertex 36.9413 -15.3016 115.012
      vertex 36.3121 -16.7401 115.012
    endloop
  endfacet
  facet normal 0 0 -1
    outer loop
      vertex 0 0 62.2325
      vertex 37.5136 -13.8395 62.2325
      vertex 36.9413 -15.3016 62.2325
    endloop
  endfacet
  facet normal 0 0 1
    outer loop
      vertex 0 0 115.012
      vertex 36.9413 -15.3016 115.012
      vertex 37.5136 -13.8395 115.012
    endloop
  endfacet
  facet normal 0.931215 -0.36447 0
    outer loop
      vertex 36.9413 -15.3016 62.2325
      vertex 37.5136 -13.8395 62.2325
      vertex 37.5136 -13.8395 115.012
    endloop
  endfacet
  facet normal 0.931215 -0.36447 0
    outer loop
      vertex 36.9413 -15.3016 62.2325
      vertex 37.5136 -13.8395 115.012
      vertex 36.9413 -15.3016 115.012
    endloop
  endfacet
  facet normal 0 0 -1
    outer loop
      vertex 0 0 62.2325
      vertex 38.028 -12.356 62.2325
      vertex 37.5136 -13.8395 62.2325
    endloop
  endfacet
  facet normal 0 0 1
    outer loop
      vertex 0 0 115.012
      vertex 37.5136 -13.8395 115.012
      vertex 38.028 -12.356 115.012
    endloop
  endfacet
  facet normal 0.944806 -0.32763 0
    outer loop
      vertex 37.5136 -13.8395 62.2325
      vertex 38.028 -12.356 62.2325
      vertex 38.028 -12.356 115.012
    endloop
  endfacet
  facet normal 0.944806 -0.32763 0
    outer loop
      vertex 37.5136 -13.8395 62.2325
      vertex 38.028 -12.356 115.012
      vertex 37.5136 -13.8395 115.012
    endloop
  endfacet
  facet normal 0 0 -1
    outer loop
      vertex 0 0 62.2325
      vertex 38.4838 -10.8535 62.2325
      vertex 38.028 -12.356 62.2325
    endloop
  endfacet
  facet normal 0 0 1
    outer loop
      vertex 0 0 115.012
      vertex 38.028 -12.356 115.012
      vertex 38.4838 -10.8535 115.012
    endloop
  endfacet
  facet normal 0.95694 -0.290285 0
    outer loop
      vertex 38.028 -12.356 62.2325
      vertex 38.4838 -10.8535 62.2325
      vertex 38.4838 -10.8535 115.012
    endloop
  endfacet
  facet normal 0.95694 -0.290285 0
    outer loop
      vertex 38.028 -12.356 62.2325
      vertex 38.4838 -10.8535 115.012
      vertex 38.028 -12.356 115.012
    endloop
  endfacet
  facet normal 0 0 -1
    outer loop
      vertex 0 0 62.2325
      vertex 38.8802 -9.33431 62.2325
      vertex 38.4838 -10.8535 62.2325
    endloop
  endfacet
  facet normal 0 0 1
    outer loop
      vertex 0 0 115.012
      vertex 38.4838 -10.8535 115.012
      vertex 38.8802 -9.33431 115.012
    endloop
  endfacet
  facet normal 0.967599 -0.252492 0
    outer loop
      vertex 38.4838 -10.8535 62.2325
      vertex 38.8802 -9.33431 62.2325
      vertex 38.8802 -9.33431 115.012
    endloop
  endfacet
  facet normal 0.967599 -0.252492 0
    outer loop
      vertex 38.4838 -10.8535 62.2325
      vertex 38.8802 -9.33431 115.012
      vertex 38.4838 -10.8535 115.012
    endloop
  endfacet
  facet normal 0 0 -1
    outer loop
      vertex 0 0 62.2325
      vertex 39.2167 -7.80069 62.2325
      vertex 38.8802 -9.33431 62.2325
    endloop
  endfacet
  facet normal 0 0 1
    outer loop
      vertex 0 0 115.012
      vertex 38.8802 -9.33431 115.012
      vertex 39.2167 -7.80069 115.012
    endloop
  endfacet
  facet normal 0.976766 -0.214309 0
    outer loop
      vertex 38.8802 -9.33431 62.2325
      vertex 39.2167 -7.80069 62.2325
      vertex 39.2167 -7.80069 115.012
    endloop
  endfacet
  facet normal 0.976766 -0.214309 0
    outer loop
      vertex 38.8802 -9.33431 62.2325
      vertex 39.2167 -7.80069 115.012
      vertex 38.8802 -9.33431 115.012
    endloop
  endfacet
  facet normal 0 0 -1
    outer loop
      vertex 0 0 62.2325
      vertex 39.4927 -6.25503 62.2325
      vertex 39.2167 -7.80069 62.2325
    endloop
  endfacet
  facet normal 0 0 1
    outer loop
      vertex 0 0 115.012
      vertex 39.2167 -7.80069 115.012
      vertex 39.4927 -6.25503 115.012
    endloop
  endfacet
  facet normal 0.984427 -0.175796 0
    outer loop
      vertex 39.2167 -7.80069 62.2325
      vertex 39.4927 -6.25503 62.2325
      vertex 39.4927 -6.25503 115.012
    endloop
  endfacet
  facet normal 0.984427 -0.175796 0
    outer loop
      vertex 39.2167 -7.80069 62.2325
      vertex 39.4927 -6.25503 115.012
      vertex 39.2167 -7.80069 115.012
    endloop
  endfacet
  facet normal 0 0 -1
    outer loop
      vertex 0 0 62.2325
      vertex 39.7078 -4.69973 62.2325
      vertex 39.4927 -6.25503 62.2325
    endloop
  endfacet
  facet normal 0 0 1
    outer loop
      vertex 0 0 115.012
      vertex 39.4927 -6.25503 115.012
      vertex 39.7078 -4.69973 115.012
    endloop
  endfacet
  facet normal 0.990569 -0.137012 0
    outer loop
      vertex 39.4927 -6.25503 62.2325
      vertex 39.7078 -4.69973 62.2325
      vertex 39.7078 -4.69973 115.012
    endloop
  endfacet
  facet normal 0.990569 -0.137012 0
    outer loop
      vertex 39.4927 -6.25503 62.2325
      vertex 39.7078 -4.69973 115.012
      vertex 39.4927 -6.25503 115.012
    endloop
  endfacet
  facet normal 0 0 -1
    outer loop
      vertex 0 0 62.2325
      vertex 39.8617 -3.13719 62.2325
      vertex 39.7078 -4.69973 62.2325
    endloop
  endfacet
  facet normal 0 0 1
    outer loop
      vertex 0 0 115.012
      vertex 39.7078 -4.69973 115.012
      vertex 39.8617 -3.13719 115.012
    endloop
  endfacet
  facet normal 0.995185 -0.0980171 0
    outer loop
      vertex 39.7078 -4.69973 62.2325
      vertex 39.8617 -3.13719 62.2325
      vertex 39.8617 -3.13719 115.012
    endloop
  endfacet
  facet normal 0.995185 -0.0980171 0
    outer loop
      vertex 39.7078 -4.69973 62.2325
      vertex 39.8617 -3.13719 115.012
      vertex 39.7078 -4.69973 115.012
    endloop
  endfacet
  facet normal 0 0 -1
    outer loop
      vertex 0 0 62.2325
      vertex 39.9542 -1.5698 62.2325
      vertex 39.8617 -3.13719 62.2325
    endloop
  endfacet
  facet normal 0 0 1
    outer loop
      vertex 0 0 115.012
      vertex 39.8617 -3.13719 115.012
      vertex 39.9542 -1.5698 115.012
    endloop
  endfacet
  facet normal 0.998266 -0.0588708 0
    outer loop
      vertex 39.8617 -3.13719 62.2325
      vertex 39.9542 -1.5698 62.2325
      vertex 39.9542 -1.5698 115.012
    endloop
  endfacet
  facet normal 0.998266 -0.0588708 0
    outer loop
      vertex 39.8617 -3.13719 62.2325
      vertex 39.9542 -1.5698 115.012
      vertex 39.8617 -3.13719 115.012
    endloop
  endfacet
  facet normal 0 0 -1
    outer loop
      vertex 0 0 62.2325
      vertex 39.985 -9.7935e-15 62.2325
      vertex 39.9542 -1.5698 62.2325
    endloop
  endfacet
  facet normal 0 0 1
    outer loop
      vertex 0 0 115.012
      vertex 39.9542 -1.5698 115.012
      vertex 39.985 -9.7935e-15 115.012
    endloop
  endfacet
  facet normal 0.999807 -0.0196337 0
    outer loop
      vertex 39.9542 -1.5698 62.2325
      vertex 39.985 -9.7935e-15 62.2325
      vertex 39.985 -9.7935e-15 115.012
    endloop
  endfacet
  facet normal 0.999807 -0.0196337 0
    outer loop
      vertex 39.9542 -1.5698 62.2325
      vertex 39.985 -9.7935e-15 115.012
      vertex 39.9542 -1.5698 115.012
    endloop
  endfacet
  facet normal 0 0 -1
    outer loop
      vertex 60 0 -18.2325
      vertex 95.7224 1.40354 -18.2325
      vertex 95.75 0 -18.2325
    endloop
  endfacet
  facet normal 0 0 1
    outer loop
      vertex 60 0 18.2325
      vertex 95.75 0 18.2325
      vertex 95.7224 1.40354 18.2325
    endloop
  endfacet
  facet normal 0.999807 0.0196337 0
    outer loop
      vertex 95.75 0 -18.2325
      vertex 95.7224 1.40354 -18.2325
      vertex 95.7224 1.40354 18.2325
    endloop
  endfacet
  facet normal 0.999807 0.0196337 0
    outer loop
      vertex 95.75 0 -18.2325
      vertex 95.7224 1.40354 18.2325
      vertex 95.75 0 18.2325
    endloop
  endfacet
  facet normal 0 0 -1
    outer loop
      vertex 60 0 -18.2325
      vertex 95.6398 2.80491 -18.2325
      vertex 95.7224 1.40354 -18.2325
    endloop
  endfacet
  facet normal 0 0 1
    outer loop
      vertex 60 0 18.2325
      vertex 95.7224 1.40354 18.2325
      vertex 95.6398 2.80491 18.2325
    endloop
  endfacet
  facet normal 0.998266 0.0588708 0
    outer loop
      vertex 95.7224 1.40354 -18.2325
      vertex 95.6398 2.80491 -18.2325
      vertex 95.6398 2.80491 18.2325
    endloop
  endfacet
  facet normal 0.998266 0.0588708 0
    outer loop
      vertex 95.7224 1.40354 -18.2325
      vertex 95.6398 2.80491 18.2325
      vertex 95.7224 1.40354 18.2325
    endloop
  endfacet
  facet normal 0 0 -1
    outer loop
      vertex 60 0 -18.2325
      vertex 95.5022 4.20196 -18.2325
      vertex 95.6398 2.80491 -18.2325
    endloop
  endfacet
  facet normal 0 0 1
    outer loop
      vertex 60 0 18.2325
      vertex 95.6398 2.80491 18.2325
      vertex 95.5022 4.20196 18.2325
    endloop
  endfacet
  facet normal 0.995185 0.0980171 0
    outer loop
      vertex 95.6398 2.80491 -18.2325
      vertex 95.5022 4.20196 -18.2325
      vertex 95.5022 4.20196 18.2325
    endloop
  endfacet
  facet normal 0.995185 0.0980171 0
    outer loop
      vertex 95.6398 2.80491 -18.2325
      vertex 95.5022 4.20196 18.2325
      vertex 95.6398 2.80491 18.2325
    endloop
  endfacet
  facet normal 0 0 -1
    outer loop
      vertex 60 0 -18.2325
      vertex 95.3099 5.59253 -18.2325
      vertex 95.5022 4.20196 -18.2325
    endloop
  endfacet
  facet normal 0 0 1
    outer loop
      vertex 60 0 18.2325
      vertex 95.5022 4.20196 18.2325
      vertex 95.3099 5.59253 18.2325
    endloop
  endfacet
  facet normal 0.990569 0.137012 0
    outer loop
      vertex 95.5022 4.20196 -18.2325
      vertex 95.3099 5.59253 -18.2325
      vertex 95.3099 5.59253 18.2325
    endloop
  endfacet
  facet normal 0.990569 0.137012 0
    outer loop
      vertex 95.5022 4.20196 -18.2325
      vertex 95.3099 5.59253 18.2325
      vertex 95.5022 4.20196 18.2325
    endloop
  endfacet
  facet normal 0 0 -1
    outer loop
      vertex 60 0 -18.2325
      vertex 95.0631 6.97448 -18.2325
      vertex 95.3099 5.59253 -18.2325
    endloop
  endfacet
  facet normal 0 0 1
    outer loop
      vertex 60 0 18.2325
      vertex 95.3099 5.59253 18.2325
      vertex 95.0631 6.97448 18.2325
    endloop
  endfacet
  facet normal 0.984427 0.175796 0
    outer loop
      vertex 95.3099 5.59253 -18.2325
      vertex 95.0631 6.97448 -18.2325
      vertex 95.0631 6.97448 18.2325
    endloop
  endfacet
  facet normal 0.984427 0.175796 0
    outer loop
      vertex 95.3099 5.59253 -18.2325
      vertex 95.0631 6.97448 18.2325
      vertex 95.3099 5.59253 18.2325
    endloop
  endfacet
  facet normal 0 0 -1
    outer loop
      vertex 60 0 -18.2325
      vertex 94.7622 8.34567 -18.2325
      vertex 95.0631 6.97448 -18.2325
    endloop
  endfacet
  facet normal 0 0 1
    outer loop
      vertex 60 0 18.2325
      vertex 95.0631 6.97448 18.2325
      vertex 94.7622 8.34567 18.2325
    endloop
  endfacet
  facet normal 0.976766 0.214309 0
    outer loop
      vertex 95.0631 6.97448 -18.2325
      vertex 94.7622 8.34567 -18.2325
      vertex 94.7622 8.34567 18.2325
    endloop
  endfacet
  facet normal 0.976766 0.214309 0
    outer loop
      vertex 95.0631 6.97448 -18.2325
      vertex 94.7622 8.34567 18.2325
      vertex 95.0631 6.97448 18.2325
    endloop
  endfacet
  facet normal 0 0 -1
    outer loop
      vertex 60 0 -18.2325
      vertex 94.4078 9.704 -18.2325
      vertex 94.7622 8.34567 -18.2325
    endloop
  endfacet
  facet normal 0 0 1
    outer loop
      vertex 60 0 18.2325
      vertex 94.7622 8.34567 18.2325
      vertex 94.4078 9.704 18.2325
    endloop
  endfacet
  facet normal 0.967599 0.252492 0
    outer loop
      vertex 94.7622 8.34567 -18.2325
      vertex 94.4078 9.704 -18.2325
      vertex 94.4078 9.704 18.2325
    endloop
  endfacet
  facet normal 0.967599 0.252492 0
    outer loop
      vertex 94.7622 8.34567 -18.2325
      vertex 94.4078 9.704 18.2325
      vertex 94.7622 8.34567 18.2325
    endloop
  endfacet
  facet normal 0 0 -1
    outer loop
      vertex 60 0 -18.2325
      vertex 94.0003 11.0474 -18.2325
      vertex 94.4078 9.704 -18.2325
    endloop
  endfacet
  facet normal 0 0 1
    outer loop
      vertex 60 0 18.2325
      vertex 94.4078 9.704 18.2325
      vertex 94.0003 11.0474 18.2325
    endloop
  endfacet
  facet normal 0.95694 0.290285 0
    outer loop
      vertex 94.4078 9.704 -18.2325
      vertex 94.0003 11.0474 -18.2325
      vertex 94.0003 11.0474 18.2325
    endloop
  endfacet
  facet normal 0.95694 0.290285 0
    outer loop
      vertex 94.4078 9.704 -18.2325
      vertex 94.0003 11.0474 18.2325
      vertex 94.4078 9.704 18.2325
    endloop
  endfacet
  facet normal 0 0 -1
    outer loop
      vertex 60 0 -18.2325
      vertex 93.5403 12.3737 -18.2325
      vertex 94.0003 11.0474 -18.2325
    endloop
  endfacet
  facet normal 0 0 1
    outer loop
      vertex 60 0 18.2325
      vertex 94.0003 11.0474 18.2325
      vertex 93.5403 12.3737 18.2325
    endloop
  endfacet
  facet normal 0.944806 0.32763 0
    outer loop
      vertex 94.0003 11.0474 -18.2325
      vertex 93.5403 12.3737 -18.2325
      vertex 93.5403 12.3737 18.2325
    endloop
  endfacet
  facet normal 0.944806 0.32763 0
    outer loop
      vertex 94.0003 11.0474 -18.2325
      vertex 93.5403 12.3737 18.2325
      vertex 94.0003 11.0474 18.2325
    endloop
  endfacet
  facet normal 0 0 -1
    outer loop
      vertex 60 0 -18.2325
      vertex 93.0287 13.6809 -18.2325
      vertex 93.5403 12.3737 -18.2325
    endloop
  endfacet
  facet normal 0 0 1
    outer loop
      vertex 60 0 18.2325
      vertex 93.5403 12.3737 18.2325
      vertex 93.0287 13.6809 18.2325
    endloop
  endfacet
  facet normal 0.931215 0.36447 0
    outer loop
      vertex 93.5403 12.3737 -18.2325
      vertex 93.0287 13.6809 -18.2325
      vertex 93.0287 13.6809 18.2325
    endloop
  endfacet
  facet normal 0.931215 0.36447 0
    outer loop
      vertex 93.5403 12.3737 -18.2325
      vertex 93.0287 13.6809 18.2325
      vertex 93.5403 12.3737 18.2325
    endloop
  endfacet
  facet normal 0 0 -1
    outer loop
      vertex 60 0 -18.2325
      vertex 92.4661 14.9671 -18.2325
      vertex 93.0287 13.6809 -18.2325
    endloop
  endfacet
  facet normal 0 0 1
    outer loop
      vertex 60 0 18.2325
      vertex 93.0287 13.6809 18.2325
      vertex 92.4661 14.9671 18.2325
    endloop
  endfacet
  facet normal 0.916188 0.400749 0
    outer loop
      vertex 93.0287 13.6809 -18.2325
      vertex 92.4661 14.9671 -18.2325
      vertex 92.4661 14.9671 18.2325
    endloop
  endfacet
  facet normal 0.916188 0.400749 0
    outer loop
      vertex 93.0287 13.6809 -18.2325
      vertex 92.4661 14.9671 18.2325
      vertex 93.0287 13.6809 18.2325
    endloop
  endfacet
  facet normal 0 0 -1
    outer loop
      vertex 60 0 -18.2325
      vertex 91.8535 16.2302 -18.2325
      vertex 92.4661 14.9671 -18.2325
    endloop
  endfacet
  facet normal 0 0 1
    outer loop
      vertex 60 0 18.2325
      vertex 92.4661 14.9671 18.2325
      vertex 91.8535 16.2302 18.2325
    endloop
  endfacet
  facet normal 0.899748 0.436409 0
    outer loop
      vertex 92.4661 14.9671 -18.2325
      vertex 91.8535 16.2302 -18.2325
      vertex 91.8535 16.2302 18.2325
    endloop
  endfacet
  facet normal 0.899748 0.436409 0
    outer loop
      vertex 92.4661 14.9671 -18.2325
      vertex 91.8535 16.2302 18.2325
      vertex 92.4661 14.9671 18.2325
    endloop
  endfacet
  facet normal 0 0 -1
    outer loop
      vertex 60 0 -18.2325
      vertex 91.1917 17.4682 -18.2325
      vertex 91.8535 16.2302 -18.2325
    endloop
  endfacet
  facet normal 0 0 1
    outer loop
      vertex 60 0 18.2325
      vertex 91.8535 16.2302 18.2325
      vertex 91.1917 17.4682 18.2325
    endloop
  endfacet
  facet normal 0.881921 0.471397 0
    outer loop
      vertex 91.8535 16.2302 -18.2325
      vertex 91.1917 17.4682 -18.2325
      vertex 91.1917 17.4682 18.2325
    endloop
  endfacet
  facet normal 0.881921 0.471397 0
    outer loop
      vertex 91.8535 16.2302 -18.2325
      vertex 91.1917 17.4682 18.2325
      vertex 91.8535 16.2302 18.2325
    endloop
  endfacet
  facet normal 0 0 -1
    outer loop
      vertex 60 0 -18.2325
      vertex 90.4819 18.6793 -18.2325
      vertex 91.1917 17.4682 -18.2325
    endloop
  endfacet
  facet normal 0 0 1
    outer loop
      vertex 60 0 18.2325
      vertex 91.1917 17.4682 18.2325
      vertex 90.4819 18.6793 18.2325
    endloop
  endfacet
  facet normal 0.862734 0.505657 0
    outer loop
      vertex 91.1917 17.4682 -18.2325
      vertex 90.4819 18.6793 -18.2325
      vertex 90.4819 18.6793 18.2325
    endloop
  endfacet
  facet normal 0.862734 0.505657 0
    outer loop
      vertex 91.1917 17.4682 -18.2325
      vertex 90.4819 18.6793 18.2325
      vertex 91.1917 17.4682 18.2325
    endloop
  endfacet
  facet normal 0 0 -1
    outer loop
      vertex 60 0 -18.2325
      vertex 89.725 19.8616 -18.2325
      vertex 90.4819 18.6793 -18.2325
    endloop
  endfacet
  facet normal 0 0 1
    outer loop
      vertex 60 0 18.2325
      vertex 90.4819 18.6793 18.2325
      vertex 89.725 19.8616 18.2325
    endloop
  endfacet
  facet normal 0.842217 0.539138 0
    outer loop
      vertex 90.4819 18.6793 -18.2325
      vertex 89.725 19.8616 -18.2325
      vertex 89.725 19.8616 18.2325
    endloop
  endfacet
  facet normal 0.842217 0.539138 0
    outer loop
      vertex 90.4819 18.6793 -18.2325
      vertex 89.725 19.8616 18.2325
      vertex 90.4819 18.6793 18.2325
    endloop
  endfacet
  facet normal 0 0 -1
    outer loop
      vertex 60 0 -18.2325
      vertex 88.9224 21.0133 -18.2325
      vertex 89.725 19.8616 -18.2325
    endloop
  endfacet
  facet normal 0 0 1
    outer loop
      vertex 60 0 18.2325
      vertex 89.725 19.8616 18.2325
      vertex 88.9224 21.0133 18.2325
    endloop
  endfacet
  facet normal 0.820401 0.571788 0
    outer loop
      vertex 89.725 19.8616 -18.2325
      vertex 88.9224 21.0133 -18.2325
      vertex 88.9224 21.0133 18.2325
    endloop
  endfacet
  facet normal 0.820401 0.571788 0
    outer loop
      vertex 89.725 19.8616 -18.2325
      vertex 88.9224 21.0133 18.2325
      vertex 89.725 19.8616 18.2325
    endloop
  endfacet
  facet normal 0 0 -1
    outer loop
      vertex 60 0 -18.2325
      vertex 88.0751 22.1326 -18.2325
      vertex 88.9224 21.0133 -18.2325
    endloop
  endfacet
  facet normal 0 0 1
    outer loop
      vertex 60 0 18.2325
      vertex 88.9224 21.0133 18.2325
      vertex 88.0751 22.1326 18.2325
    endloop
  endfacet
  facet normal 0.797321 0.603556 0
    outer loop
      vertex 88.9224 21.0133 -18.2325
      vertex 88.0751 22.1326 -18.2325
      vertex 88.0751 22.1326 18.2325
    endloop
  endfacet
  facet normal 0.797321 0.603556 0
    outer loop
      vertex 88.9224 21.0133 -18.2325
      vertex 88.0751 22.1326 18.2325
      vertex 88.9224 21.0133 18.2325
    endloop
  endfacet
  facet normal 0 0 -1
    outer loop
      vertex 60 0 -18.2325
      vertex 87.1845 23.2178 -18.2325
      vertex 88.0751 22.1326 -18.2325
    endloop
  endfacet
  facet normal 0 0 1
    outer loop
      vertex 60 0 18.2325
      vertex 88.0751 22.1326 18.2325
      vertex 87.1845 23.2178 18.2325
    endloop
  endfacet
  facet normal 0.77301 0.634393 0
    outer loop
      vertex 88.0751 22.1326 -18.2325
      vertex 87.1845 23.2178 -18.2325
      vertex 87.1845 23.2178 18.2325
    endloop
  endfacet
  facet normal 0.77301 0.634393 0
    outer loop
      vertex 88.0751 22.1326 -18.2325
      vertex 87.1845 23.2178 18.2325
      vertex 88.0751 22.1326 18.2325
    endloop
  endfacet
  facet normal 0 0 -1
    outer loop
      vertex 60 0 -18.2325
      vertex 86.252 24.2671 -18.2325
      vertex 87.1845 23.2178 -18.2325
    endloop
  endfacet
  facet normal 0 0 1
    outer loop
      vertex 60 0 18.2325
      vertex 87.1845 23.2178 18.2325
      vertex 86.252 24.2671 18.2325
    endloop
  endfacet
  facet normal 0.747508 0.664252 0
    outer loop
      vertex 87.1845 23.2178 -18.2325
      vertex 86.252 24.2671 -18.2325
      vertex 86.252 24.2671 18.2325
    endloop
  endfacet
  facet normal 0.747508 0.664252 0
    outer loop
      vertex 87.1845 23.2178 -18.2325
      vertex 86.252 24.2671 18.2325
      vertex 87.1845 23.2178 18.2325
    endloop
  endfacet
  facet normal 0 0 -1
    outer loop
      vertex 60 0 -18.2325
      vertex 85.2791 25.2791 -18.2325
      vertex 86.252 24.2671 -18.2325
    endloop
  endfacet
  facet normal 0 0 1
    outer loop
      vertex 60 0 18.2325
      vertex 86.252 24.2671 18.2325
      vertex 85.2791 25.2791 18.2325
    endloop
  endfacet
  facet normal 0.720854 0.693087 0
    outer loop
      vertex 86.252 24.2671 -18.2325
      vertex 85.2791 25.2791 -18.2325
      vertex 85.2791 25.2791 18.2325
    endloop
  endfacet
  facet normal 0.720854 0.693087 0
    outer loop
      vertex 86.252 24.2671 -18.2325
      vertex 85.2791 25.2791 18.2325
      vertex 86.252 24.2671 18.2325
    endloop
  endfacet
  facet normal 0 0 -1
    outer loop
      vertex 60 0 -18.2325
      vertex 84.2671 26.252 -18.2325
      vertex 85.2791 25.2791 -18.2325
    endloop
  endfacet
  facet normal 0 0 1
    outer loop
      vertex 60 0 18.2325
      vertex 85.2791 25.2791 18.2325
      vertex 84.2671 26.252 18.2325
    endloop
  endfacet
  facet normal 0.693087 0.720854 0
    outer loop
      vertex 85.2791 25.2791 -18.2325
      vertex 84.2671 26.252 -18.2325
      vertex 84.2671 26.252 18.2325
    endloop
  endfacet
  facet normal 0.693087 0.720854 0
    outer loop
      vertex 85.2791 25.2791 -18.2325
      vertex 84.2671 26.252 18.2325
      vertex 85.2791 25.2791 18.2325
    endloop
  endfacet
  facet normal 0 0 -1
    outer loop
      vertex 60 0 -18.2325
      vertex 83.2178 27.1845 -18.2325
      vertex 84.2671 26.252 -18.2325
    endloop
  endfacet
  facet normal 0 0 1
    outer loop
      vertex 60 0 18.2325
      vertex 84.2671 26.252 18.2325
      vertex 83.2178 27.1845 18.2325
    endloop
  endfacet
  facet normal 0.664252 0.747508 0
    outer loop
      vertex 84.2671 26.252 -18.2325
      vertex 83.2178 27.1845 -18.2325
      vertex 83.2178 27.1845 18.2325
    endloop
  endfacet
  facet normal 0.664252 0.747508 0
    outer loop
      vertex 84.2671 26.252 -18.2325
      vertex 83.2178 27.1845 18.2325
      vertex 84.2671 26.252 18.2325
    endloop
  endfacet
  facet normal 0 0 -1
    outer loop
      vertex 60 0 -18.2325
      vertex 82.1326 28.0751 -18.2325
      vertex 83.2178 27.1845 -18.2325
    endloop
  endfacet
  facet normal 0 0 1
    outer loop
      vertex 60 0 18.2325
      vertex 83.2178 27.1845 18.2325
      vertex 82.1326 28.0751 18.2325
    endloop
  endfacet
  facet normal 0.634393 0.77301 0
    outer loop
      vertex 83.2178 27.1845 -18.2325
      vertex 82.1326 28.0751 -18.2325
      vertex 82.1326 28.0751 18.2325
    endloop
  endfacet
  facet normal 0.634393 0.77301 0
    outer loop
      vertex 83.2178 27.1845 -18.2325
      vertex 82.1326 28.0751 18.2325
      vertex 83.2178 27.1845 18.2325
    endloop
  endfacet
  facet normal 0 0 -1
    outer loop
      vertex 60 0 -18.2325
      vertex 81.0133 28.9224 -18.2325
      vertex 82.1326 28.0751 -18.2325
    endloop
  endfacet
  facet normal 0 0 1
    outer loop
      vertex 60 0 18.2325
      vertex 82.1326 28.0751 18.2325
      vertex 81.0133 28.9224 18.2325
    endloop
  endfacet
  facet normal 0.603556 0.797321 0
    outer loop
      vertex 82.1326 28.0751 -18.2325
      vertex 81.0133 28.9224 -18.2325
      vertex 81.0133 28.9224 18.2325
    endloop
  endfacet
  facet normal 0.603556 0.797321 0
    outer loop
      vertex 82.1326 28.0751 -18.2325
      vertex 81.0133 28.9224 18.2325
      vertex 82.1326 28.0751 18.2325
    endloop
  endfacet
  facet normal 0 0 -1
    outer loop
      vertex 60 0 -18.2325
      vertex 79.8616 29.725 -18.2325
      vertex 81.0133 28.9224 -18.2325
    endloop
  endfacet
  facet normal 0 0 1
    outer loop
      vertex 60 0 18.2325
      vertex 81.0133 28.9224 18.2325
      vertex 79.8616 29.725 18.2325
    endloop
  endfacet
  facet normal 0.571788 0.820401 0
    outer loop
      vertex 81.0133 28.9224 -18.2325
      vertex 79.8616 29.725 -18.2325
      vertex 79.8616 29.725 18.2325
    endloop
  endfacet
  facet normal 0.571788 0.820401 0
    outer loop
      vertex 81.0133 28.9224 -18.2325
      vertex 79.8616 29.725 18.2325
      vertex 81.0133 28.9224 18.2325
    endloop
  endfacet
  facet normal 0 0 -1
    outer loop
      vertex 60 0 -18.2325
      vertex 78.6793 30.4819 -18.2325
      vertex 79.8616 29.725 -18.2325
    endloop
  endfacet
  facet normal 0 0 1
    outer loop
      vertex 60 0 18.2325
      vertex 79.8616 29.725 18.2325
      vertex 78.6793 30.4819 18.2325
    endloop
  endfacet
  facet normal 0.539138 0.842217 0
    outer loop
      vertex 79.8616 29.725 -18.2325
      vertex 78.6793 30.4819 -18.2325
      vertex 78.6793 30.4819 18.2325
    endloop
  endfacet
  facet normal 0.539138 0.842217 0
    outer loop
      vertex 79.8616 29.725 -18.2325
      vertex 78.6793 30.4819 18.2325
      vertex 79.8616 29.725 18.2325
    endloop
  endfacet
  facet normal 0 0 -1
    outer loop
      vertex 60 0 -18.2325
      vertex 77.4682 31.1917 -18.2325
      vertex 78.6793 30.4819 -18.2325
    endloop
  endfacet
  facet normal 0 0 1
    outer loop
      vertex 60 0 18.2325
      vertex 78.6793 30.4819 18.2325
      vertex 77.4682 31.1917 18.2325
    endloop
  endfacet
  facet normal 0.505657 0.862734 0
    outer loop
      vertex 78.6793 30.4819 -18.2325
      vertex 77.4682 31.1917 -18.2325
      vertex 77.4682 31.1917 18.2325
    endloop
  endfacet
  facet normal 0.505657 0.862734 0
    outer loop
      vertex 78.6793 30.4819 -18.2325
      vertex 77.4682 31.1917 18.2325
      vertex 78.6793 30.4819 18.2325
    endloop
  endfacet
  facet normal 0 0 -1
    outer loop
      vertex 60 0 -18.2325
      vertex 76.2302 31.8535 -18.2325
      vertex 77.4682 31.1917 -18.2325
    endloop
  endfacet
  facet normal 0 0 1
    outer loop
      vertex 60 0 18.2325
      vertex 77.4682 31.1917 18.2325
      vertex 76.2302 31.8535 18.2325
    endloop
  endfacet
  facet normal 0.471397 0.881921 0
    outer loop
      vertex 77.4682 31.1917 -18.2325
      vertex 76.2302 31.8535 -18.2325
      vertex 76.2302 31.8535 18.2325
    endloop
  endfacet
  facet normal 0.471397 0.881921 0
    outer loop
      vertex 77.4682 31.1917 -18.2325
      vertex 76.2302 31.8535 18.2325
      vertex 77.4682 31.1917 18.2325
    endloop
  endfacet
  facet normal 0 0 -1
    outer loop
      vertex 60 0 -18.2325
      vertex 74.9671 32.4661 -18.2325
      vertex 76.2302 31.8535 -18.2325
    endloop
  endfacet
  facet normal 0 0 1
    outer loop
      vertex 60 0 18.2325
      vertex 76.2302 31.8535 18.2325
      vertex 74.9671 32.4661 18.2325
    endloop
  endfacet
  facet normal 0.436409 0.899748 0
    outer loop
      vertex 76.2302 31.8535 -18.2325
      vertex 74.9671 32.4661 -18.2325
      vertex 74.9671 32.4661 18.2325
    endloop
  endfacet
  facet normal 0.436409 0.899748 0
    outer loop
      vertex 76.2302 31.8535 -18.2325
      vertex 74.9671 32.4661 18.2325
      vertex 76.2302 31.8535 18.2325
    endloop
  endfacet
  facet normal 0 0 -1
    outer loop
      vertex 60 0 -18.2325
      vertex 73.6809 33.0287 -18.2325
      vertex 74.9671 32.4661 -18.2325
    endloop
  endfacet
  facet normal 0 0 1
    outer loop
      vertex 60 0 18.2325
      vertex 74.9671 32.4661 18.2325
      vertex 73.6809 33.0287 18.2325
    endloop
  endfacet
  facet normal 0.400749 0.916188 0
    outer loop
      vertex 74.9671 32.4661 -18.2325
      vertex 73.6809 33.0287 -18.2325
      vertex 73.6809 33.0287 18.2325
    endloop
  endfacet
  facet normal 0.400749 0.916188 0
    outer loop
      vertex 74.9671 32.4661 -18.2325
      vertex 73.6809 33.0287 18.2325
      vertex 74.9671 32.4661 18.2325
    endloop
  endfacet
  facet normal 0 0 -1
    outer loop
      vertex 60 0 -18.2325
      vertex 72.3737 33.5403 -18.2325
      vertex 73.6809 33.0287 -18.2325
    endloop
  endfacet
  facet normal 0 0 1
    outer loop
      vertex 60 0 18.2325
      vertex 73.6809 33.0287 18.2325
      vertex 72.3737 33.5403 18.2325
    endloop
  endfacet
  facet normal 0.36447 0.931215 0
    outer loop
      vertex 73.6809 33.0287 -18.2325
      vertex 72.3737 33.5403 -18.2325
      vertex 72.3737 33.5403 18.2325
    endloop
  endfacet
  facet normal 0.36447 0.931215 0
    outer loop
      vertex 73.6809 33.0287 -18.2325
      vertex 72.3737 33.5403 18.2325
      vertex 73.6809 33.0287 18.2325
    endloop
  endfacet
  facet normal 0 0 -1
    outer loop
      vertex 60 0 -18.2325
      vertex 71.0474 34.0003 -18.2325
      vertex 72.3737 33.5403 -18.2325
    endloop
  endfacet
  facet normal 0 0 1
    outer loop
      vertex 60 0 18.2325
      vertex 72.3737 33.5403 18.2325
      vertex 71.0474 34.0003 18.2325
    endloop
  endfacet
  facet normal 0.32763 0.944806 0
    outer loop
      vertex 72.3737 33.5403 -18.2325
      vertex 71.0474 34.0003 -18.2325
      vertex 71.0474 34.0003 18.2325
    endloop
  endfacet
  facet normal 0.32763 0.944806 0
    outer loop
      vertex 72.3737 33.5403 -18.2325
      vertex 71.0474 34.0003 18.2325
      vertex 72.3737 33.5403 18.2325
    endloop
  endfacet
  facet normal 0 0 -1
    outer loop
      vertex 60 0 -18.2325
      vertex 69.704 34.4078 -18.2325
      vertex 71.0474 34.0003 -18.2325
    endloop
  endfacet
  facet normal 0 0 1
    outer loop
      vertex 60 0 18.2325
      vertex 71.0474 34.0003 18.2325
      vertex 69.704 34.4078 18.2325
    endloop
  endfacet
  facet normal 0.290285 0.95694 0
    outer loop
      vertex 71.0474 34.0003 -18.2325
      vertex 69.704 34.4078 -18.2325
      vertex 69.704 34.4078 18.2325
    endloop
  endfacet
  facet normal 0.290285 0.95694 0
    outer loop
      vertex 71.0474 34.0003 -18.2325
      vertex 69.704 34.4078 18.2325
      vertex 71.0474 34.0003 18.2325
    endloop
  endfacet
  facet normal 0 0 -1
    outer loop
      vertex 60 0 -18.2325
      vertex 68.3457 34.7622 -18.2325
      vertex 69.704 34.4078 -18.2325
    endloop
  endfacet
  facet normal 0 0 1
    outer loop
      vertex 60 0 18.2325
      vertex 69.704 34.4078 18.2325
      vertex 68.3457 34.7622 18.2325
    endloop
  endfacet
  facet normal 0.252492 0.967599 0
    outer loop
      vertex 69.704 34.4078 -18.2325
      vertex 68.3457 34.7622 -18.2325
      vertex 68.3457 34.7622 18.2325
    endloop
  endfacet
  facet normal 0.252492 0.967599 0
    outer loop
      vertex 69.704 34.4078 -18.2325
      vertex 68.3457 34.7622 18.2325
      vertex 69.704 34.4078 18.2325
    endloop
  endfacet
  facet normal 0 0 -1
    outer loop
      vertex 60 0 -18.2325
      vertex 66.9745 35.0631 -18.2325
      vertex 68.3457 34.7622 -18.2325
    endloop
  endfacet
  facet normal 0 0 1
    outer loop
      vertex 60 0 18.2325
      vertex 68.3457 34.7622 18.2325
      vertex 66.9745 35.0631 18.2325
    endloop
  endfacet
  facet normal 0.214309 0.976766 0
    outer loop
      vertex 68.3457 34.7622 -18.2325
      vertex 66.9745 35.0631 -18.2325
      vertex 66.9745 35.0631 18.2325
    endloop
  endfacet
  facet normal 0.214309 0.976766 0
    outer loop
      vertex 68.3457 34.7622 -18.2325
      vertex 66.9745 35.0631 18.2325
      vertex 68.3457 34.7622 18.2325
    endloop
  endfacet
  facet normal 0 0 -1
    outer loop
      vertex 60 0 -18.2325
      vertex 65.5925 35.3099 -18.2325
      vertex 66.9745 35.0631 -18.2325
    endloop
  endfacet
  facet normal 0 0 1
    outer loop
      vertex 60 0 18.2325
      vertex 66.9745 35.0631 18.2325
      vertex 65.5925 35.3099 18.2325
    endloop
  endfacet
  facet normal 0.175796 0.984427 0
    outer loop
      vertex 66.9745 35.0631 -18.2325
      vertex 65.5925 35.3099 -18.2325
      vertex 65.5925 35.3099 18.2325
    endloop
  endfacet
  facet normal 0.175796 0.984427 0
    outer loop
      vertex 66.9745 35.0631 -18.2325
      vertex 65.5925 35.3099 18.2325
      vertex 66.9745 35.0631 18.2325
    endloop
  endfacet
  facet normal 0 0 -1
    outer loop
      vertex 60 0 -18.2325
      vertex 64.202 35.5022 -18.2325
      vertex 65.5925 35.3099 -18.2325
    endloop
  endfacet
  facet normal 0 0 1
    outer loop
      vertex 60 0 18.2325
      vertex 65.5925 35.3099 18.2325
      vertex 64.202 35.5022 18.2325
    endloop
  endfacet
  facet normal 0.137012 0.990569 0
    outer loop
      vertex 65.5925 35.3099 -18.2325
      vertex 64.202 35.5022 -18.2325
      vertex 64.202 35.5022 18.2325
    endloop
  endfacet
  facet normal 0.137012 0.990569 0
    outer loop
      vertex 65.5925 35.3099 -18.2325
      vertex 64.202 35.5022 18.2325
      vertex 65.5925 35.3099 18.2325
    endloop
  endfacet
  facet normal 0 0 -1
    outer loop
      vertex 60 0 -18.2325
      vertex 62.8049 35.6398 -18.2325
      vertex 64.202 35.5022 -18.2325
    endloop
  endfacet
  facet normal 0 0 1
    outer loop
      vertex 60 0 18.2325
      vertex 64.202 35.5022 18.2325
      vertex 62.8049 35.6398 18.2325
    endloop
  endfacet
  facet normal 0.0980171 0.995185 0
    outer loop
      vertex 64.202 35.5022 -18.2325
      vertex 62.8049 35.6398 -18.2325
      vertex 62.8049 35.6398 18.2325
    endloop
  endfacet
  facet normal 0.0980171 0.995185 0
    outer loop
      vertex 64.202 35.5022 -18.2325
      vertex 62.8049 35.6398 18.2325
      vertex 64.202 35.5022 18.2325
    endloop
  endfacet
  facet normal 0 0 -1
    outer loop
      vertex 60 0 -18.2325
      vertex 61.4035 35.7224 -18.2325
      vertex 62.8049 35.6398 -18.2325
    endloop
  endfacet
  facet normal 0 0 1
    outer loop
      vertex 60 0 18.2325
      vertex 62.8049 35.6398 18.2325
      vertex 61.4035 35.7224 18.2325
    endloop
  endfacet
  facet normal 0.0588708 0.998266 0
    outer loop
      vertex 62.8049 35.6398 -18.2325
      vertex 61.4035 35.7224 -18.2325
      vertex 61.4035 35.7224 18.2325
    endloop
  endfacet
  facet normal 0.0588708 0.998266 0
    outer loop
      vertex 62.8049 35.6398 -18.2325
      vertex 61.4035 35.7224 18.2325
      vertex 62.8049 35.6398 18.2325
    endloop
  endfacet
  facet normal 0 0 -1
    outer loop
      vertex 60 0 -18.2325
      vertex 60 35.75 -18.2325
      vertex 61.4035 35.7224 -18.2325
    endloop
  endfacet
  facet normal 0 0 1
    outer loop
      vertex 60 0 18.2325
      vertex 61.4035 35.7224 18.2325
      vertex 60 35.75 18.2325
    endloop
  endfacet
  facet normal 0.0196337 0.999807 0
    outer loop
      vertex 61.4035 35.7224 -18.2325
      vertex 60 35.75 -18.2325
      vertex 60 35.75 18.2325
    endloop
  endfacet
  facet normal 0.0196337 0.999807 0
    outer loop
      vertex 61.4035 35.7224 -18.2325
      vertex 60 35.75 18.2325
      vertex 61.4035 35.7224 18.2325
    endloop
  endfacet
  facet normal 0 0 -1
    outer loop
      vertex 60 0 -18.2325
      vertex 58.5965 35.7224 -18.2325
      vertex 60 35.75 -18.2325
    endloop
  endfacet
  facet normal 0 0 1
    outer loop
      vertex 60 0 18.2325
      vertex 60 35.75 18.2325
      vertex 58.5965 35.7224 18.2325
    endloop
  endfacet
  facet normal -0.0196337 0.999807 0
    outer loop
      vertex 60 35.75 -18.2325
      vertex 58.5965 35.7224 -18.2325
      vertex 58.5965 35.7224 18.2325
    endloop
  endfacet
  facet normal -0.0196337 0.999807 0
    outer loop
      vertex 60 35.75 -18.2325
      vertex 58.5965 35.7224 18.2325
      vertex 60 35.75 18.2325
    endloop
  endfacet
  facet normal 0 0 -1
    outer loop
      vertex 60 0 -18.2325
      vertex 57.1951 35.6398 -18.2325
      vertex 58.5965 35.7224 -18.2325
    endloop
  endfacet
  facet normal 0 0 1
    outer loop
      vertex 60 0 18.2325
      vertex 58.5965 35.7224 18.2325
      vertex 57.1951 35.6398 18.2325
    endloop
  endfacet
  facet normal -0.0588708 0.998266 0
    outer loop
      vertex 58.5965 35.7224 -18.2325
      vertex 57.1951 35.6398 -18.2325
      vertex 57.1951 35.6398 18.2325
    endloop
  endfacet
  facet normal -0.0588708 0.998266 0
    outer loop
      vertex 58.5965 35.7224 -18.2325
      vertex 57.1951 35.6398 18.2325
      vertex 58.5965 35.7224 18.2325
    endloop
  endfacet
  facet normal 0 0 -1
    outer loop
      vertex 60 0 -18.2325
      vertex 55.798 35.5022 -18.2325
      vertex 57.1951 35.6398 -18.2325
    endloop
  endfacet
  facet normal 0 0 1
    outer loop
      vertex 60 0 18.2325
      vertex 57.1951 35.6398 18.2325
      vertex 55.798 35.5022 18.2325
    endloop
  endfacet
  facet normal -0.0980171 0.995185 0
    outer loop
      vertex 57.1951 35.6398 -18.2325
      vertex 55.798 35.5022 -18.2325
      vertex 55.798 35.5022 18.2325
    endloop
  endfacet
  facet normal -0.0980171 0.995185 0
    outer loop
      vertex 57.1951 35.6398 -18.2325
      vertex 55.798 35.5022 18.2325
      vertex 57.1951 35.6398 18.2325
    endloop
  endfacet
  facet normal 0 0 -1
    outer loop
      vertex 60 0 -18.2325
      vertex 54.4075 35.3099 -18.2325
      vertex 55.798 35.5022 -18.2325
    endloop
  endfacet
  facet normal 0 0 1
    outer loop
      vertex 60 0 18.2325
      vertex 55.798 35.5022 18.2325
      vertex 54.4075 35.3099 18.2325
    endloop
  endfacet
  facet normal -0.137012 0.990569 0
    outer loop
      vertex 55.798 35.5022 -18.2325
      vertex 54.4075 35.3099 -18.2325
      vertex 54.4075 35.3099 18.2325
    endloop
  endfacet
  facet normal -0.137012 0.990569 0
    outer loop
      vertex 55.798 35.5022 -18.2325
      vertex 54.4075 35.3099 18.2325
      vertex 55.798 35.5022 18.2325
    endloop
  endfacet
  facet normal 0 0 -1
    outer loop
      vertex 60 0 -18.2325
      vertex 53.0255 35.0631 -18.2325
      vertex 54.4075 35.3099 -18.2325
    endloop
  endfacet
  facet normal 0 0 1
    outer loop
      vertex 60 0 18.2325
      vertex 54.4075 35.3099 18.2325
      vertex 53.0255 35.0631 18.2325
    endloop
  endfacet
  facet normal -0.175796 0.984427 0
    outer loop
      vertex 54.4075 35.3099 -18.2325
      vertex 53.0255 35.0631 -18.2325
      vertex 53.0255 35.0631 18.2325
    endloop
  endfacet
  facet normal -0.175796 0.984427 0
    outer loop
      vertex 54.4075 35.3099 -18.2325
      vertex 53.0255 35.0631 18.2325
      vertex 54.4075 35.3099 18.2325
    endloop
  endfacet
  facet normal 0 0 -1
    outer loop
      vertex 60 0 -18.2325
      vertex 51.6543 34.7622 -18.2325
      vertex 53.0255 35.0631 -18.2325
    endloop
  endfacet
  facet normal 0 0 1
    outer loop
      vertex 60 0 18.2325
      vertex 53.0255 35.0631 18.2325
      vertex 51.6543 34.7622 18.2325
    endloop
  endfacet
  facet normal -0.214309 0.976766 0
    outer loop
      vertex 53.0255 35.0631 -18.2325
      vertex 51.6543 34.7622 -18.2325
      vertex 51.6543 34.7622 18.2325
    endloop
  endfacet
  facet normal -0.214309 0.976766 0
    outer loop
      vertex 53.0255 35.0631 -18.2325
      vertex 51.6543 34.7622 18.2325
      vertex 53.0255 35.0631 18.2325
    endloop
  endfacet
  facet normal 0 0 -1
    outer loop
      vertex 60 0 -18.2325
      vertex 50.296 34.4078 -18.2325
      vertex 51.6543 34.7622 -18.2325
    endloop
  endfacet
  facet normal 0 0 1
    outer loop
      vertex 60 0 18.2325
      vertex 51.6543 34.7622 18.2325
      vertex 50.296 34.4078 18.2325
    endloop
  endfacet
  facet normal -0.252492 0.967599 0
    outer loop
      vertex 51.6543 34.7622 -18.2325
      vertex 50.296 34.4078 -18.2325
      vertex 50.296 34.4078 18.2325
    endloop
  endfacet
  facet normal -0.252492 0.967599 0
    outer loop
      vertex 51.6543 34.7622 -18.2325
      vertex 50.296 34.4078 18.2325
      vertex 51.6543 34.7622 18.2325
    endloop
  endfacet
  facet normal 0 0 -1
    outer loop
      vertex 60 0 -18.2325
      vertex 48.9526 34.0003 -18.2325
      vertex 50.296 34.4078 -18.2325
    endloop
  endfacet
  facet normal 0 0 1
    outer loop
      vertex 60 0 18.2325
      vertex 50.296 34.4078 18.2325
      vertex 48.9526 34.0003 18.2325
    endloop
  endfacet
  facet normal -0.290285 0.95694 0
    outer loop
      vertex 50.296 34.4078 -18.2325
      vertex 48.9526 34.0003 -18.2325
      vertex 48.9526 34.0003 18.2325
    endloop
  endfacet
  facet normal -0.290285 0.95694 0
    outer loop
      vertex 50.296 34.4078 -18.2325
      vertex 48.9526 34.0003 18.2325
      vertex 50.296 34.4078 18.2325
    endloop
  endfacet
  facet normal 0 0 -1
    outer loop
      vertex 60 0 -18.2325
      vertex 47.6263 33.5403 -18.2325
      vertex 48.9526 34.0003 -18.2325
    endloop
  endfacet
  facet normal 0 0 1
    outer loop
      vertex 60 0 18.2325
      vertex 48.9526 34.0003 18.2325
      vertex 47.6263 33.5403 18.2325
    endloop
  endfacet
  facet normal -0.32763 0.944806 0
    outer loop
      vertex 48.9526 34.0003 -18.2325
      vertex 47.6263 33.5403 -18.2325
      vertex 47.6263 33.5403 18.2325
    endloop
  endfacet
  facet normal -0.32763 0.944806 0
    outer loop
      vertex 48.9526 34.0003 -18.2325
      vertex 47.6263 33.5403 18.2325
      vertex 48.9526 34.0003 18.2325
    endloop
  endfacet
  facet normal 0 0 -1
    outer loop
      vertex 60 0 -18.2325
      vertex 46.3191 33.0287 -18.2325
      vertex 47.6263 33.5403 -18.2325
    endloop
  endfacet
  facet normal 0 0 1
    outer loop
      vertex 60 0 18.2325
      vertex 47.6263 33.5403 18.2325
      vertex 46.3191 33.0287 18.2325
    endloop
  endfacet
  facet normal -0.36447 0.931215 0
    outer loop
      vertex 47.6263 33.5403 -18.2325
      vertex 46.3191 33.0287 -18.2325
      vertex 46.3191 33.0287 18.2325
    endloop
  endfacet
  facet normal -0.36447 0.931215 0
    outer loop
      vertex 47.6263 33.5403 -18.2325
      vertex 46.3191 33.0287 18.2325
      vertex 47.6263 33.5403 18.2325
    endloop
  endfacet
  facet normal 0 0 -1
    outer loop
      vertex 60 0 -18.2325
      vertex 45.0329 32.4661 -18.2325
      vertex 46.3191 33.0287 -18.2325
    endloop
  endfacet
  facet normal 0 0 1
    outer loop
      vertex 60 0 18.2325
      vertex 46.3191 33.0287 18.2325
      vertex 45.0329 32.4661 18.2325
    endloop
  endfacet
  facet normal -0.400749 0.916188 0
    outer loop
      vertex 46.3191 33.0287 -18.2325
      vertex 45.0329 32.4661 -18.2325
      vertex 45.0329 32.4661 18.2325
    endloop
  endfacet
  facet normal -0.400749 0.916188 0
    outer loop
      vertex 46.3191 33.0287 -18.2325
      vertex 45.0329 32.4661 18.2325
      vertex 46.3191 33.0287 18.2325
    endloop
  endfacet
  facet normal 0 0 -1
    outer loop
      vertex 60 0 -18.2325
      vertex 43.7698 31.8535 -18.2325
      vertex 45.0329 32.4661 -18.2325
    endloop
  endfacet
  facet normal 0 0 1
    outer loop
      vertex 60 0 18.2325
      vertex 45.0329 32.4661 18.2325
      vertex 43.7698 31.8535 18.2325
    endloop
  endfacet
  facet normal -0.436409 0.899748 0
    outer loop
      vertex 45.0329 32.4661 -18.2325
      vertex 43.7698 31.8535 -18.2325
      vertex 43.7698 31.8535 18.2325
    endloop
  endfacet
  facet normal -0.436409 0.899748 0
    outer loop
      vertex 45.0329 32.4661 -18.2325
      vertex 43.7698 31.8535 18.2325
      vertex 45.0329 32.4661 18.2325
    endloop
  endfacet
  facet normal 0 0 -1
    outer loop
      vertex 60 0 -18.2325
      vertex 42.5318 31.1917 -18.2325
      vertex 43.7698 31.8535 -18.2325
    endloop
  endfacet
  facet normal 0 0 1
    outer loop
      vertex 60 0 18.2325
      vertex 43.7698 31.8535 18.2325
      vertex 42.5318 31.1917 18.2325
    endloop
  endfacet
  facet normal -0.471397 0.881921 0
    outer loop
      vertex 43.7698 31.8535 -18.2325
      vertex 42.5318 31.1917 -18.2325
      vertex 42.5318 31.1917 18.2325
    endloop
  endfacet
  facet normal -0.471397 0.881921 0
    outer loop
      vertex 43.7698 31.8535 -18.2325
      vertex 42.5318 31.1917 18.2325
      vertex 43.7698 31.8535 18.2325
    endloop
  endfacet
  facet normal 0 0 -1
    outer loop
      vertex 60 0 -18.2325
      vertex 41.3207 30.4819 -18.2325
      vertex 42.5318 31.1917 -18.2325
    endloop
  endfacet
  facet normal 0 0 1
    outer loop
      vertex 60 0 18.2325
      vertex 42.5318 31.1917 18.2325
      vertex 41.3207 30.4819 18.2325
    endloop
  endfacet
  facet normal -0.505657 0.862734 0
    outer loop
      vertex 42.5318 31.1917 -18.2325
      vertex 41.3207 30.4819 -18.2325
      vertex 41.3207 30.4819 18.2325
    endloop
  endfacet
  facet normal -0.505657 0.862734 0
    outer loop
      vertex 42.5318 31.1917 -18.2325
      vertex 41.3207 30.4819 18.2325
      vertex 42.5318 31.1917 18.2325
    endloop
  endfacet
  facet normal 0 0 -1
    outer loop
      vertex 60 0 -18.2325
      vertex 40.1384 29.725 -18.2325
      vertex 41.3207 30.4819 -18.2325
    endloop
  endfacet
  facet normal 0 0 1
    outer loop
      vertex 60 0 18.2325
      vertex 41.3207 30.4819 18.2325
      vertex 40.1384 29.725 18.2325
    endloop
  endfacet
  facet normal -0.539138 0.842217 0
    outer loop
      vertex 41.3207 30.4819 -18.2325
      vertex 40.1384 29.725 -18.2325
      vertex 40.1384 29.725 18.2325
    endloop
  endfacet
  facet normal -0.539138 0.842217 0
    outer loop
      vertex 41.3207 30.4819 -18.2325
      vertex 40.1384 29.725 18.2325
      vertex 41.3207 30.4819 18.2325
    endloop
  endfacet
  facet normal 0 0 -1
    outer loop
      vertex 60 0 -18.2325
      vertex 38.9867 28.9224 -18.2325
      vertex 40.1384 29.725 -18.2325
    endloop
  endfacet
  facet normal 0 0 1
    outer loop
      vertex 60 0 18.2325
      vertex 40.1384 29.725 18.2325
      vertex 38.9867 28.9224 18.2325
    endloop
  endfacet
  facet normal -0.571788 0.820401 0
    outer loop
      vertex 40.1384 29.725 -18.2325
      vertex 38.9867 28.9224 -18.2325
      vertex 38.9867 28.9224 18.2325
    endloop
  endfacet
  facet normal -0.571788 0.820401 0
    outer loop
      vertex 40.1384 29.725 -18.2325
      vertex 38.9867 28.9224 18.2325
      vertex 40.1384 29.725 18.2325
    endloop
  endfacet
  facet normal 0 0 -1
    outer loop
      vertex 60 0 -18.2325
      vertex 37.8674 28.0751 -18.2325
      vertex 38.9867 28.9224 -18.2325
    endloop
  endfacet
  facet normal 0 0 1
    outer loop
      vertex 60 0 18.2325
      vertex 38.9867 28.9224 18.2325
      vertex 37.8674 28.0751 18.2325
    endloop
  endfacet
  facet normal -0.603556 0.797321 0
    outer loop
      vertex 38.9867 28.9224 -18.2325
      vertex 37.8674 28.0751 -18.2325
      vertex 37.8674 28.0751 18.2325
    endloop
  endfacet
  facet normal -0.603556 0.797321 0
    outer loop
      vertex 38.9867 28.9224 -18.2325
      vertex 37.8674 28.0751 18.2325
      vertex 38.9867 28.9224 18.2325
    endloop
  endfacet
  facet normal 0 0 -1
    outer loop
      vertex 60 0 -18.2325
      vertex 36.7822 27.1845 -18.2325
      vertex 37.8674 28.0751 -18.2325
    endloop
  endfacet
  facet normal 0 0 1
    outer loop
      vertex 60 0 18.2325
      vertex 37.8674 28.0751 18.2325
      vertex 36.7822 27.1845 18.2325
    endloop
  endfacet
  facet normal -0.634393 0.77301 0
    outer loop
      vertex 37.8674 28.0751 -18.2325
      vertex 36.7822 27.1845 -18.2325
      vertex 36.7822 27.1845 18.2325
    endloop
  endfacet
  facet normal -0.634393 0.77301 0
    outer loop
      vertex 37.8674 28.0751 -18.2325
      vertex 36.7822 27.1845 18.2325
      vertex 37.8674 28.0751 18.2325
    endloop
  endfacet
  facet normal 0 0 -1
    outer loop
      vertex 60 0 -18.2325
      vertex 35.7329 26.252 -18.2325
      vertex 36.7822 27.1845 -18.2325
    endloop
  endfacet
  facet normal 0 0 1
    outer loop
      vertex 60 0 18.2325
      vertex 36.7822 27.1845 18.2325
      vertex 35.7329 26.252 18.2325
    endloop
  endfacet
  facet normal -0.664252 0.747508 0
    outer loop
      vertex 36.7822 27.1845 -18.2325
      vertex 35.7329 26.252 -18.2325
      vertex 35.7329 26.252 18.2325
    endloop
  endfacet
  facet normal -0.664252 0.747508 0
    outer loop
      vertex 36.7822 27.1845 -18.2325
      vertex 35.7329 26.252 18.2325
      vertex 36.7822 27.1845 18.2325
    endloop
  endfacet
  facet normal 0 0 -1
    outer loop
      vertex 60 0 -18.2325
      vertex 34.7209 25.2791 -18.2325
      vertex 35.7329 26.252 -18.2325
    endloop
  endfacet
  facet normal 0 0 1
    outer loop
      vertex 60 0 18.2325
      vertex 35.7329 26.252 18.2325
      vertex 34.7209 25.2791 18.2325
    endloop
  endfacet
  facet normal -0.693087 0.720854 0
    outer loop
      vertex 35.7329 26.252 -18.2325
      vertex 34.7209 25.2791 -18.2325
      vertex 34.7209 25.2791 18.2325
    endloop
  endfacet
  facet normal -0.693087 0.720854 0
    outer loop
      vertex 35.7329 26.252 -18.2325
      vertex 34.7209 25.2791 18.2325
      vertex 35.7329 26.252 18.2325
    endloop
  endfacet
  facet normal 0 0 -1
    outer loop
      vertex 60 0 -18.2325
      vertex 33.748 24.2671 -18.2325
      vertex 34.7209 25.2791 -18.2325
    endloop
  endfacet
  facet normal 0 0 1
    outer loop
      vertex 60 0 18.2325
      vertex 34.7209 25.2791 18.2325
      vertex 33.748 24.2671 18.2325
    endloop
  endfacet
  facet normal -0.720854 0.693087 0
    outer loop
      vertex 34.7209 25.2791 -18.2325
      vertex 33.748 24.2671 -18.2325
      vertex 33.748 24.2671 18.2325
    endloop
  endfacet
  facet normal -0.720854 0.693087 0
    outer loop
      vertex 34.7209 25.2791 -18.2325
      vertex 33.748 24.2671 18.2325
      vertex 34.7209 25.2791 18.2325
    endloop
  endfacet
  facet normal 0 0 -1
    outer loop
      vertex 60 0 -18.2325
      vertex 32.8155 23.2178 -18.2325
      vertex 33.748 24.2671 -18.2325
    endloop
  endfacet
  facet normal 0 0 1
    outer loop
      vertex 60 0 18.2325
      vertex 33.748 24.2671 18.2325
      vertex 32.8155 23.2178 18.2325
    endloop
  endfacet
  facet normal -0.747508 0.664252 0
    outer loop
      vertex 33.748 24.2671 -18.2325
      vertex 32.8155 23.2178 -18.2325
      vertex 32.8155 23.2178 18.2325
    endloop
  endfacet
  facet normal -0.747508 0.664252 0
    outer loop
      vertex 33.748 24.2671 -18.2325
      vertex 32.8155 23.2178 18.2325
      vertex 33.748 24.2671 18.2325
    endloop
  endfacet
  facet normal 0 0 -1
    outer loop
      vertex 60 0 -18.2325
      vertex 31.9249 22.1326 -18.2325
      vertex 32.8155 23.2178 -18.2325
    endloop
  endfacet
  facet normal 0 0 1
    outer loop
      vertex 60 0 18.2325
      vertex 32.8155 23.2178 18.2325
      vertex 31.9249 22.1326 18.2325
    endloop
  endfacet
  facet normal -0.77301 0.634393 0
    outer loop
      vertex 32.8155 23.2178 -18.2325
      vertex 31.9249 22.1326 -18.2325
      vertex 31.9249 22.1326 18.2325
    endloop
  endfacet
  facet normal -0.77301 0.634393 0
    outer loop
      vertex 32.8155 23.2178 -18.2325
      vertex 31.9249 22.1326 18.2325
      vertex 32.8155 23.2178 18.2325
    endloop
  endfacet
  facet normal 0 0 -1
    outer loop
      vertex 60 0 -18.2325
      vertex 31.0776 21.0133 -18.2325
      vertex 31.9249 22.1326 -18.2325
    endloop
  endfacet
  facet normal 0 0 1
    outer loop
      vertex 60 0 18.2325
      vertex 31.9249 22.1326 18.2325
      vertex 31.0776 21.0133 18.2325
    endloop
  endfacet
  facet normal -0.797321 0.603556 0
    outer loop
      vertex 31.9249 22.1326 -18.2325
      vertex 31.0776 21.0133 -18.2325
      vertex 31.0776 21.0133 18.2325
    endloop
  endfacet
  facet normal -0.797321 0.603556 0
    outer loop
      vertex 31.9249 22.1326 -18.2325
      vertex 31.0776 21.0133 18.2325
      vertex 31.9249 22.1326 18.2325
    endloop
  endfacet
  facet normal 0 0 -1
    outer loop
      vertex 60 0 -18.2325
      vertex 30.275 19.8616 -18.2325
      vertex 31.0776 21.0133 -18.2325
    endloop
  endfacet
  facet normal 0 0 1
    outer loop
      vertex 60 0 18.2325
      vertex 31.0776 21.0133 18.2325
      vertex 30.275 19.8616 18.2325
    endloop
  endfacet
  facet normal -0.820401 0.571788 0
    outer loop
      vertex 31.0776 21.0133 -18.2325
      vertex 30.275 19.8616 -18.2325
      vertex 30.275 19.8616 18.2325
    endloop
  endfacet
  facet normal -0.820401 0.571788 0
    outer loop
      vertex 31.0776 21.0133 -18.2325
      vertex 30.275 19.8616 18.2325
      vertex 31.0776 21.0133 18.2325
    endloop
  endfacet
  facet normal 0 0 -1
    outer loop
      vertex 60 0 -18.2325
      vertex 29.5181 18.6793 -18.2325
      vertex 30.275 19.8616 -18.2325
    endloop
  endfacet
  facet normal 0 0 1
    outer loop
      vertex 60 0 18.2325
      vertex 30.275 19.8616 18.2325
      vertex 29.5181 18.6793 18.2325
    endloop
  endfacet
  facet normal -0.842217 0.539138 0
    outer loop
      vertex 30.275 19.8616 -18.2325
      vertex 29.5181 18.6793 -18.2325
      vertex 29.5181 18.6793 18.2325
    endloop
  endfacet
  facet normal -0.842217 0.539138 0
    outer loop
      vertex 30.275 19.8616 -18.2325
      vertex 29.5181 18.6793 18.2325
      vertex 30.275 19.8616 18.2325
    endloop
  endfacet
  facet normal 0 0 -1
    outer loop
      vertex 60 0 -18.2325
      vertex 28.8083 17.4682 -18.2325
      vertex 29.5181 18.6793 -18.2325
    endloop
  endfacet
  facet normal 0 0 1
    outer loop
      vertex 60 0 18.2325
      vertex 29.5181 18.6793 18.2325
      vertex 28.8083 17.4682 18.2325
    endloop
  endfacet
  facet normal -0.862734 0.505657 0
    outer loop
      vertex 29.5181 18.6793 -18.2325
      vertex 28.8083 17.4682 -18.2325
      vertex 28.8083 17.4682 18.2325
    endloop
  endfacet
  facet normal -0.862734 0.505657 0
    outer loop
      vertex 29.5181 18.6793 -18.2325
      vertex 28.8083 17.4682 18.2325
      vertex 29.5181 18.6793 18.2325
    endloop
  endfacet
  facet normal 0 0 -1
    outer loop
      vertex 60 0 -18.2325
      vertex 28.1465 16.2302 -18.2325
      vertex 28.8083 17.4682 -18.2325
    endloop
  endfacet
  facet normal 0 0 1
    outer loop
      vertex 60 0 18.2325
      vertex 28.8083 17.4682 18.2325
      vertex 28.1465 16.2302 18.2325
    endloop
  endfacet
  facet normal -0.881921 0.471397 0
    outer loop
      vertex 28.8083 17.4682 -18.2325
      vertex 28.1465 16.2302 -18.2325
      vertex 28.1465 16.2302 18.2325
    endloop
  endfacet
  facet normal -0.881921 0.471397 0
    outer loop
      vertex 28.8083 17.4682 -18.2325
      vertex 28.1465 16.2302 18.2325
      vertex 28.8083 17.4682 18.2325
    endloop
  endfacet
  facet normal 0 0 -1
    outer loop
      vertex 60 0 -18.2325
      vertex 27.5339 14.9671 -18.2325
      vertex 28.1465 16.2302 -18.2325
    endloop
  endfacet
  facet normal 0 0 1
    outer loop
      vertex 60 0 18.2325
      vertex 28.1465 16.2302 18.2325
      vertex 27.5339 14.9671 18.2325
    endloop
  endfacet
  facet normal -0.899748 0.436409 0
    outer loop
      vertex 28.1465 16.2302 -18.2325
      vertex 27.5339 14.9671 -18.2325
      vertex 27.5339 14.9671 18.2325
    endloop
  endfacet
  facet normal -0.899748 0.436409 0
    outer loop
      vertex 28.1465 16.2302 -18.2325
      vertex 27.5339 14.9671 18.2325
      vertex 28.1465 16.2302 18.2325
    endloop
  endfacet
  facet normal 0 0 -1
    outer loop
      vertex 60 0 -18.2325
      vertex 26.9713 13.6809 -18.2325
      vertex 27.5339 14.9671 -18.2325
    endloop
  endfacet
  facet normal 0 0 1
    outer loop
      vertex 60 0 18.2325
      vertex 27.5339 14.9671 18.2325
      vertex 26.9713 13.6809 18.2325
    endloop
  endfacet
  facet normal -0.916188 0.400749 0
    outer loop
      vertex 27.5339 14.9671 -18.2325
      vertex 26.9713 13.6809 -18.2325
      vertex 26.9713 13.6809 18.2325
    endloop
  endfacet
  facet normal -0.916188 0.400749 0
    outer loop
      vertex 27.5339 14.9671 -18.2325
      vertex 26.9713 13.6809 18.2325
      vertex 27.5339 14.9671 18.2325
    endloop
  endfacet
  facet normal 0 0 -1
    outer loop
      vertex 60 0 -18.2325
      vertex 26.4597 12.3737 -18.2325
      vertex 26.9713 13.6809 -18.2325
    endloop
  endfacet
  facet normal 0 0 1
    outer loop
      vertex 60 0 18.2325
      vertex 26.9713 13.6809 18.2325
      vertex 26.4597 12.3737 18.2325
    endloop
  endfacet
  facet normal -0.931215 0.36447 0
    outer loop
      vertex 26.9713 13.6809 -18.2325
      vertex 26.4597 12.3737 -18.2325
      vertex 26.4597 12.3737 18.2325
    endloop
  endfacet
  facet normal -0.931215 0.36447 0
    outer loop
      vertex 26.9713 13.6809 -18.2325
      vertex 26.4597 12.3737 18.2325
      vertex 26.9713 13.6809 18.2325
    endloop
  endfacet
  facet normal 0 0 -1
    outer loop
      vertex 60 0 -18.2325
      vertex 25.9997 11.0474 -18.2325
      vertex 26.4597 12.3737 -18.2325
    endloop
  endfacet
  facet normal 0 0 1
    outer loop
      vertex 60 0 18.2325
      vertex 26.4597 12.3737 18.2325
      vertex 25.9997 11.0474 18.2325
    endloop
  endfacet
  facet normal -0.944806 0.32763 0
    outer loop
      vertex 26.4597 12.3737 -18.2325
      vertex 25.9997 11.0474 -18.2325
      vertex 25.9997 11.0474 18.2325
    endloop
  endfacet
  facet normal -0.944806 0.32763 0
    outer loop
      vertex 26.4597 12.3737 -18.2325
      vertex 25.9997 11.0474 18.2325
      vertex 26.4597 12.3737 18.2325
    endloop
  endfacet
  facet normal 0 0 -1
    outer loop
      vertex 60 0 -18.2325
      vertex 25.5922 9.704 -18.2325
      vertex 25.9997 11.0474 -18.2325
    endloop
  endfacet
  facet normal 0 0 1
    outer loop
      vertex 60 0 18.2325
      vertex 25.9997 11.0474 18.2325
      vertex 25.5922 9.704 18.2325
    endloop
  endfacet
  facet normal -0.95694 0.290285 0
    outer loop
      vertex 25.9997 11.0474 -18.2325
      vertex 25.5922 9.704 -18.2325
      vertex 25.5922 9.704 18.2325
    endloop
  endfacet
  facet normal -0.95694 0.290285 0
    outer loop
      vertex 25.9997 11.0474 -18.2325
      vertex 25.5922 9.704 18.2325
      vertex 25.9997 11.0474 18.2325
    endloop
  endfacet
  facet normal 0 0 -1
    outer loop
      vertex 60 0 -18.2325
      vertex 25.2378 8.34567 -18.2325
      vertex 25.5922 9.704 -18.2325
    endloop
  endfacet
  facet normal 0 0 1
    outer loop
      vertex 60 0 18.2325
      vertex 25.5922 9.704 18.2325
      vertex 25.2378 8.34567 18.2325
    endloop
  endfacet
  facet normal -0.967599 0.252492 0
    outer loop
      vertex 25.5922 9.704 -18.2325
      vertex 25.2378 8.34567 -18.2325
      vertex 25.2378 8.34567 18.2325
    endloop
  endfacet
  facet normal -0.967599 0.252492 0
    outer loop
      vertex 25.5922 9.704 -18.2325
      vertex 25.2378 8.34567 18.2325
      vertex 25.5922 9.704 18.2325
    endloop
  endfacet
  facet normal 0 0 -1
    outer loop
      vertex 60 0 -18.2325
      vertex 24.9369 6.97448 -18.2325
      vertex 25.2378 8.34567 -18.2325
    endloop
  endfacet
  facet normal 0 0 1
    outer loop
      vertex 60 0 18.2325
      vertex 25.2378 8.34567 18.2325
      vertex 24.9369 6.97448 18.2325
    endloop
  endfacet
  facet normal -0.976766 0.214309 0
    outer loop
      vertex 25.2378 8.34567 -18.2325
      vertex 24.9369 6.97448 -18.2325
      vertex 24.9369 6.97448 18.2325
    endloop
  endfacet
  facet normal -0.976766 0.214309 0
    outer loop
      vertex 25.2378 8.34567 -18.2325
      vertex 24.9369 6.97448 18.2325
      vertex 25.2378 8.34567 18.2325
    endloop
  endfacet
  facet normal 0 0 -1
    outer loop
      vertex 60 0 -18.2325
      vertex 24.6901 5.59253 -18.2325
      vertex 24.9369 6.97448 -18.2325
    endloop
  endfacet
  facet normal 0 0 1
    outer loop
      vertex 60 0 18.2325
      vertex 24.9369 6.97448 18.2325
      vertex 24.6901 5.59253 18.2325
    endloop
  endfacet
  facet normal -0.984427 0.175796 0
    outer loop
      vertex 24.9369 6.97448 -18.2325
      vertex 24.6901 5.59253 -18.2325
      vertex 24.6901 5.59253 18.2325
    endloop
  endfacet
  facet normal -0.984427 0.175796 0
    outer loop
      vertex 24.9369 6.97448 -18.2325
      vertex 24.6901 5.59253 18.2325
      vertex 24.9369 6.97448 18.2325
    endloop
  endfacet
  facet normal 0 0 -1
    outer loop
      vertex 60 0 -18.2325
      vertex 24.4978 4.20196 -18.2325
      vertex 24.6901 5.59253 -18.2325
    endloop
  endfacet
  facet normal 0 0 1
    outer loop
      vertex 60 0 18.2325
      vertex 24.6901 5.59253 18.2325
      vertex 24.4978 4.20196 18.2325
    endloop
  endfacet
  facet normal -0.990569 0.137012 0
    outer loop
      vertex 24.6901 5.59253 -18.2325
      vertex 24.4978 4.20196 -18.2325
      vertex 24.4978 4.20196 18.2325
    endloop
  endfacet
  facet normal -0.990569 0.137012 0
    outer loop
      vertex 24.6901 5.59253 -18.2325
      vertex 24.4978 4.20196 18.2325
      vertex 24.6901 5.59253 18.2325
    endloop
  endfacet
  facet normal 0 0 -1
    outer loop
      vertex 60 0 -18.2325
      vertex 24.3602 2.80491 -18.2325
      vertex 24.4978 4.20196 -18.2325
    endloop
  endfacet
  facet normal 0 0 1
    outer loop
      vertex 60 0 18.2325
      vertex 24.4978 4.20196 18.2325
      vertex 24.3602 2.80491 18.2325
    endloop
  endfacet
  facet normal -0.995185 0.0980171 0
    outer loop
      vertex 24.4978 4.20196 -18.2325
      vertex 24.3602 2.80491 -18.2325
      vertex 24.3602 2.80491 18.2325
    endloop
  endfacet
  facet normal -0.995185 0.0980171 0
    outer loop
      vertex 24.4978 4.20196 -18.2325
      vertex 24.3602 2.80491 18.2325
      vertex 24.4978 4.20196 18.2325
    endloop
  endfacet
  facet normal 0 0 -1
    outer loop
      vertex 60 0 -18.2325
      vertex 24.2776 1.40354 -18.2325
      vertex 24.3602 2.80491 -18.2325
    endloop
  endfacet
  facet normal 0 0 1
    outer loop
      vertex 60 0 18.2325
      vertex 24.3602 2.80491 18.2325
      vertex 24.2776 1.40354 18.2325
    endloop
  endfacet
  facet normal -0.998266 0.0588708 0
    outer loop
      vertex 24.3602 2.80491 -18.2325
      vertex 24.2776 1.40354 -18.2325
      vertex 24.2776 1.40354 18.2325
    endloop
  endfacet
  facet normal -0.998266 0.0588708 0
    outer loop
      vertex 24.3602 2.80491 -18.2325
      vertex 24.2776 1.40354 18.2325
      vertex 24.3602 2.80491 18.2325
    endloop
  endfacet
  facet normal 0 0 -1
    outer loop
      vertex 60 0 -18.2325
      vertex 24.25 4.37811e-15 -18.2325
      vertex 24.2776 1.40354 -18.2325
    endloop
  endfacet
  facet normal 0 0 1
    outer loop
      vertex 60 0 18.2325
      vertex 24.2776 1.40354 18.2325
      vertex 24.25 4.37811e-15 18.2325
    endloop
  endfacet
  facet normal -0.999807 0.0196337 0
    outer loop
      vertex 24.2776 1.40354 -18.2325
      vertex 24.25 4.37811e-15 -18.2325
      vertex 24.25 4.37811e-15 18.2325
    endloop
  endfacet
  facet normal -0.999807 0.0196337 0
    outer loop
      vertex 24.2776 1.40354 -18.2325
      vertex 24.25 4.37811e-15 18.2325
      vertex 24.2776 1.40354 18.2325
    endloop
  endfacet
  facet normal 0 0 -1
    outer loop
      vertex 60 0 -18.2325
      vertex 24.2776 -1.40354 -18.2325
      vertex 24.25 4.37811e-15 -18.2325
    endloop
  endfacet
  facet normal 0 0 1
    outer loop
      vertex 60 0 18.2325
      vertex 24.25 4.37811e-15 18.2325
      vertex 24.2776 -1.40354 18.2325
    endloop
  endfacet
  facet normal -0.999807 -0.0196337 0
    outer loop
      vertex 24.25 4.37811e-15 -18.2325
      vertex 24.2776 -1.40354 -18.2325
      vertex 24.2776 -1.40354 18.2325
    endloop
  endfacet
  facet normal -0.999807 -0.0196337 0
    outer loop
      vertex 24.25 4.37811e-15 -18.2325
      vertex 24.2776 -1.40354 18.2325
      vertex 24.25 4.37811e-15 18.2325
    endloop
  endfacet
  facet normal 0 0 -1
    outer loop
      vertex 60 0 -18.2325
      vertex 24.3602 -2.80491 -18.2325
      vertex 24.2776 -1.40354 -18.2325
    endloop
  endfacet
  facet normal 0 0 1
    outer loop
      vertex 60 0 18.2325
      vertex 24.2776 -1.40354 18.2325
      vertex 24.3602 -2.80491 18.2325
    endloop
  endfacet
  facet normal -0.998266 -0.0588708 0
    outer loop
      vertex 24.2776 -1.40354 -18.2325
      vertex 24.3602 -2.80491 -18.2325
      vertex 24.3602 -2.80491 18.2325
    endloop
  endfacet
  facet normal -0.998266 -0.0588708 0
    outer loop
      vertex 24.2776 -1.40354 -18.2325
      vertex 24.3602 -2.80491 18.2325
      vertex 24.2776 -1.40354 18.2325
    endloop
  endfacet
  facet normal 0 0 -1
    outer loop
      vertex 60 0 -18.2325
      vertex 24.4978 -4.20196 -18.2325
      vertex 24.3602 -2.80491 -18.2325
    endloop
  endfacet
  facet normal 0 0 1
    outer loop
      vertex 60 0 18.2325
      vertex 24.3602 -2.80491 18.2325
      vertex 24.4978 -4.20196 18.2325
    endloop
  endfacet
  facet normal -0.995185 -0.0980171 0
    outer loop
      vertex 24.3602 -2.80491 -18.2325
      vertex 24.4978 -4.20196 -18.2325
      vertex 24.4978 -4.20196 18.2325
    endloop
  endfacet
  facet normal -0.995185 -0.0980171 0
    outer loop
      vertex 24.3602 -2.80491 -18.2325
      vertex 24.4978 -4.20196 18.2325
      vertex 24.3602 -2.80491 18.2325
    endloop
  endfacet
  facet normal 0 0 -1
    outer loop
      vertex 60 0 -18.2325
      vertex 24.6901 -5.59253 -18.2325
      vertex 24.4978 -4.20196 -18.2325
    endloop
  endfacet
  facet normal 0 0 1
    outer loop
      vertex 60 0 18.2325
      vertex 24.4978 -4.20196 18.2325
      vertex 24.6901 -5.59253 18.2325
    endloop
  endfacet
  facet normal -0.990569 -0.137012 0
    outer loop
      vertex 24.4978 -4.20196 -18.2325
      vertex 24.6901 -5.59253 -18.2325
      vertex 24.6901 -5.59253 18.2325
    endloop
  endfacet
  facet normal -0.990569 -0.137012 0
    outer loop
      vertex 24.4978 -4.20196 -18.2325
      vertex 24.6901 -5.59253 18.2325
      vertex 24.4978 -4.20196 18.2325
    endloop
  endfacet
  facet normal 0 0 -1
    outer loop
      vertex 60 0 -18.2325
      vertex 24.9369 -6.97448 -18.2325
      vertex 24.6901 -5.59253 -18.2325
    endloop
  endfacet
  facet normal 0 0 1
    outer loop
      vertex 60 0 18.2325
      vertex 24.6901 -5.59253 18.2325
      vertex 24.9369 -6.97448 18.2325
    endloop
  endfacet
  facet normal -0.984427 -0.175796 0
    outer loop
      vertex 24.6901 -5.59253 -18.2325
      vertex 24.9369 -6.97448 -18.2325
      vertex 24.9369 -6.97448 18.2325
    endloop
  endfacet
  facet normal -0.984427 -0.175796 0
    outer loop
      vertex 24.6901 -5.59253 -18.2325
      vertex 24.9369 -6.97448 18.2325
      vertex 24.6901 -5.59253 18.2325
    endloop
  endfacet
  facet normal 0 0 -1
    outer loop
      vertex 60 0 -18.2325
      vertex 25.2378 -8.34567 -18.2325
      vertex 24.9369 -6.97448 -18.2325
    endloop
  endfacet
  facet normal 0 0 1
    outer loop
      vertex 60 0 18.2325
      vertex 24.9369 -6.97448 18.2325
      vertex 25.2378 -8.34567 18.2325
    endloop
  endfacet
  facet normal -0.976766 -0.214309 0
    outer loop
      vertex 24.9369 -6.97448 -18.2325
      vertex 25.2378 -8.34567 -18.2325
      vertex 25.2378 -8.34567 18.2325
    endloop
  endfacet
  facet normal -0.976766 -0.214309 0
    outer loop
      vertex 24.9369 -6.97448 -18.2325
      vertex 25.2378 -8.34567 18.2325
      vertex 24.9369 -6.97448 18.2325
    endloop
  endfacet
  facet normal 0 0 -1
    outer loop
      vertex 60 0 -18.2325
      vertex 25.5922 -9.704 -18.2325
      vertex 25.2378 -8.34567 -18.2325
    endloop
  endfacet
  facet normal 0 0 1
    outer loop
      vertex 60 0 18.2325
      vertex 25.2378 -8.34567 18.2325
      vertex 25.5922 -9.704 18.2325
    endloop
  endfacet
  facet normal -0.967599 -0.252492 0
    outer loop
      vertex 25.2378 -8.34567 -18.2325
      vertex 25.5922 -9.704 -18.2325
      vertex 25.5922 -9.704 18.2325
    endloop
  endfacet
  facet normal -0.967599 -0.252492 0
    outer loop
      vertex 25.2378 -8.34567 -18.2325
      vertex 25.5922 -9.704 18.2325
      vertex 25.2378 -8.34567 18.2325
    endloop
  endfacet
  facet normal 0 0 -1
    outer loop
      vertex 60 0 -18.2325
      vertex 25.9997 -11.0474 -18.2325
      vertex 25.5922 -9.704 -18.2325
    endloop
  endfacet
  facet normal 0 0 1
    outer loop
      vertex 60 0 18.2325
      vertex 25.5922 -9.704 18.2325
      vertex 25.9997 -11.0474 18.2325
    endloop
  endfacet
  facet normal -0.95694 -0.290285 0
    outer loop
      vertex 25.5922 -9.704 -18.2325
      vertex 25.9997 -11.0474 -18.2325
      vertex 25.9997 -11.0474 18.2325
    endloop
  endfacet
  facet normal -0.95694 -0.290285 0
    outer loop
      vertex 25.5922 -9.704 -18.2325
      vertex 25.9997 -11.0474 18.2325
      vertex 25.5922 -9.704 18.2325
    endloop
  endfacet
  facet normal 0 0 -1
    outer loop
      vertex 60 0 -18.2325
      vertex 26.4597 -12.3737 -18.2325
      vertex 25.9997 -11.0474 -18.2325
    endloop
  endfacet
  facet normal 0 0 1
    outer loop
      vertex 60 0 18.2325
      vertex 25.9997 -11.0474 18.2325
      vertex 26.4597 -12.3737 18.2325
    endloop
  endfacet
  facet normal -0.944806 -0.32763 0
    outer loop
      vertex 25.9997 -11.0474 -18.2325
      vertex 26.4597 -12.3737 -18.2325
      vertex 26.4597 -12.3737 18.2325
    endloop
  endfacet
  facet normal -0.944806 -0.32763 0
    outer loop
      vertex 25.9997 -11.0474 -18.2325
      vertex 26.4597 -12.3737 18.2325
      vertex 25.9997 -11.0474 18.2325
    endloop
  endfacet
  facet normal 0 0 -1
    outer loop
      vertex 60 0 -18.2325
      vertex 26.9713 -13.6809 -18.2325
      vertex 26.4597 -12.3737 -18.2325
    endloop
  endfacet
  facet normal 0 0 1
    outer loop
      vertex 60 0 18.2325
      vertex 26.4597 -12.3737 18.2325
      vertex 26.9713 -13.6809 18.2325
    endloop
  endfacet
  facet normal -0.931215 -0.36447 0
    outer loop
      vertex 26.4597 -12.3737 -18.2325
      vertex 26.9713 -13.6809 -18.2325
      vertex 26.9713 -13.6809 18.2325
    endloop
  endfacet
  facet normal -0.931215 -0.36447 0
    outer loop
      vertex 26.4597 -12.3737 -18.2325
      vertex 26.9713 -13.6809 18.2325
      vertex 26.4597 -12.3737 18.2325
    endloop
  endfacet
  facet normal 0 0 -1
    outer loop
      vertex 60 0 -18.2325
      vertex 27.5339 -14.9671 -18.2325
      vertex 26.9713 -13.6809 -18.2325
    endloop
  endfacet
  facet normal 0 0 1
    outer loop
      vertex 60 0 18.2325
      vertex 26.9713 -13.6809 18.2325
      vertex 27.5339 -14.9671 18.2325
    endloop
  endfacet
  facet normal -0.916188 -0.400749 0
    outer loop
      vertex 26.9713 -13.6809 -18.2325
      vertex 27.5339 -14.9671 -18.2325
      vertex 27.5339 -14.9671 18.2325
    endloop
  endfacet
  facet normal -0.916188 -0.400749 0
    outer loop
      vertex 26.9713 -13.6809 -18.2325
      vertex 27.5339 -14.9671 18.2325
      vertex 26.9713 -13.6809 18.2325
    endloop
  endfacet
  facet normal 0 0 -1
    outer loop
      vertex 60 0 -18.2325
      vertex 28.1465 -16.2302 -18.2325
      vertex 27.5339 -14.9671 -18.2325
    endloop
  endfacet
  facet normal 0 0 1
    outer loop
      vertex 60 0 18.2325
      vertex 27.5339 -14.9671 18.2325
      vertex 28.1465 -16.2302 18.2325
    endloop
  endfacet
  facet normal -0.899748 -0.436409 0
    outer loop
      vertex 27.5339 -14.9671 -18.2325
      vertex 28.1465 -16.2302 -18.2325
      vertex 28.1465 -16.2302 18.2325
    endloop
  endfacet
  facet normal -0.899748 -0.436409 0
    outer loop
      vertex 27.5339 -14.9671 -18.2325
      vertex 28.1465 -16.2302 18.2325
      vertex 27.5339 -14.9671 18.2325
    endloop
  endfacet
  facet normal 0 0 -1
    outer loop
      vertex 60 0 -18.2325
      vertex 28.8083 -17.4682 -18.2325
      vertex 28.1465 -16.2302 -18.2325
    endloop
  endfacet
  facet normal 0 0 1
    outer loop
      vertex 60 0 18.2325
      vertex 28.1465 -16.2302 18.2325
      vertex 28.8083 -17.4682 18.2325
    endloop
  endfacet
  facet normal -0.881921 -0.471397 0
    outer loop
      vertex 28.1465 -16.2302 -18.2325
      vertex 28.8083 -17.4682 -18.2325
      vertex 28.8083 -17.4682 18.2325
    endloop
  endfacet
  facet normal -0.881921 -0.471397 0
    outer loop
      vertex 28.1465 -16.2302 -18.2325
      vertex 28.8083 -17.4682 18.2325
      vertex 28.1465 -16.2302 18.2325
    endloop
  endfacet
  facet normal 0 0 -1
    outer loop
      vertex 60 0 -18.2325
      vertex 29.5181 -18.6793 -18.2325
      vertex 28.8083 -17.4682 -18.2325
    endloop
  endfacet
  facet normal 0 0 1
    outer loop
      vertex 60 0 18.2325
      vertex 28.8083 -17.4682 18.2325
      vertex 29.5181 -18.6793 18.2325
    endloop
  endfacet
  facet normal -0.862734 -0.505657 0
    outer loop
      vertex 28.8083 -17.4682 -18.2325
      vertex 29.5181 -18.6793 -18.2325
      vertex 29.5181 -18.6793 18.2325
    endloop
  endfacet
  facet normal -0.862734 -0.505657 0
    outer loop
      vertex 28.8083 -17.4682 -18.2325
      vertex 29.5181 -18.6793 18.2325
      vertex 28.8083 -17.4682 18.2325
    endloop
  endfacet
  facet normal 0 0 -1
    outer loop
      vertex 60 0 -18.2325
      vertex 30.275 -19.8616 -18.2325
      vertex 29.5181 -18.6793 -18.2325
    endloop
  endfacet
  facet normal 0 0 1
    outer loop
      vertex 60 0 18.2325
      vertex 29.5181 -18.6793 18.2325
      vertex 30.275 -19.8616 18.2325
    endloop
  endfacet
  facet normal -0.842217 -0.539138 0
    outer loop
      vertex 29.5181 -18.6793 -18.2325
      vertex 30.275 -19.8616 -18.2325
      vertex 30.275 -19.8616 18.2325
    endloop
  endfacet
  facet normal -0.842217 -0.539138 0
    outer loop
      vertex 29.5181 -18.6793 -18.2325
      vertex 30.275 -19.8616 18.2325
      vertex 29.5181 -18.6793 18.2325
    endloop
  endfacet
  facet normal 0 0 -1
    outer loop
      vertex 60 0 -18.2325
      vertex 31.0776 -21.0133 -18.2325
      vertex 30.275 -19.8616 -18.2325
    endloop
  endfacet
  facet normal 0 0 1
    outer loop
      vertex 60 0 18.2325
      vertex 30.275 -19.8616 18.2325
      vertex 31.0776 -21.0133 18.2325
    endloop
  endfacet
  facet normal -0.820401 -0.571788 0
    outer loop
      vertex 30.275 -19.8616 -18.2325
      vertex 31.0776 -21.0133 -18.2325
      vertex 31.0776 -21.0133 18.2325
    endloop
  endfacet
  facet normal -0.820401 -0.571788 0
    outer loop
      vertex 30.275 -19.8616 -18.2325
      vertex 31.0776 -21.0133 18.2325
      vertex 30.275 -19.8616 18.2325
    endloop
  endfacet
  facet normal 0 0 -1
    outer loop
      vertex 60 0 -18.2325
      vertex 31.9249 -22.1326 -18.2325
      vertex 31.0776 -21.0133 -18.2325
    endloop
  endfacet
  facet normal 0 0 1
    outer loop
      vertex 60 0 18.2325
      vertex 31.0776 -21.0133 18.2325
      vertex 31.9249 -22.1326 18.2325
    endloop
  endfacet
  facet normal -0.797321 -0.603556 0
    outer loop
      vertex 31.0776 -21.0133 -18.2325
      vertex 31.9249 -22.1326 -18.2325
      vertex 31.9249 -22.1326 18.2325
    endloop
  endfacet
  facet normal -0.797321 -0.603556 0
    outer loop
      vertex 31.0776 -21.0133 -18.2325
      vertex 31.9249 -22.1326 18.2325
      vertex 31.0776 -21.0133 18.2325
    endloop
  endfacet
  facet normal 0 0 -1
    outer loop
      vertex 60 0 -18.2325
      vertex 32.8155 -23.2178 -18.2325
      vertex 31.9249 -22.1326 -18.2325
    endloop
  endfacet
  facet normal 0 0 1
    outer loop
      vertex 60 0 18.2325
      vertex 31.9249 -22.1326 18.2325
      vertex 32.8155 -23.2178 18.2325
    endloop
  endfacet
  facet normal -0.77301 -0.634393 0
    outer loop
      vertex 31.9249 -22.1326 -18.2325
      vertex 32.8155 -23.2178 -18.2325
      vertex 32.8155 -23.2178 18.2325
    endloop
  endfacet
  facet normal -0.77301 -0.634393 0
    outer loop
      vertex 31.9249 -22.1326 -18.2325
      vertex 32.8155 -23.2178 18.2325
      vertex 31.9249 -22.1326 18.2325
    endloop
  endfacet
  facet normal 0 0 -1
    outer loop
      vertex 60 0 -18.2325
      vertex 33.748 -24.2671 -18.2325
      vertex 32.8155 -23.2178 -18.2325
    endloop
  endfacet
  facet normal 0 0 1
    outer loop
      vertex 60 0 18.2325
      vertex 32.8155 -23.2178 18.2325
      vertex 33.748 -24.2671 18.2325
    endloop
  endfacet
  facet normal -0.747508 -0.664252 0
    outer loop
      vertex 32.8155 -23.2178 -18.2325
      vertex 33.748 -24.2671 -18.2325
      vertex 33.748 -24.2671 18.2325
    endloop
  endfacet
  facet normal -0.747508 -0.664252 0
    outer loop
      vertex 32.8155 -23.2178 -18.2325
      vertex 33.748 -24.2671 18.2325
      vertex 32.8155 -23.2178 18.2325
    endloop
  endfacet
  facet normal 0 0 -1
    outer loop
      vertex 60 0 -18.2325
      vertex 34.7209 -25.2791 -18.2325
      vertex 33.748 -24.2671 -18.2325
    endloop
  endfacet
  facet normal 0 0 1
    outer loop
      vertex 60 0 18.2325
      vertex 33.748 -24.2671 18.2325
      vertex 34.7209 -25.2791 18.2325
    endloop
  endfacet
  facet normal -0.720854 -0.693087 0
    outer loop
      vertex 33.748 -24.2671 -18.2325
      vertex 34.7209 -25.2791 -18.2325
      vertex 34.7209 -25.2791 18.2325
    endloop
  endfacet
  facet normal -0.720854 -0.693087 0
    outer loop
      vertex 33.748 -24.2671 -18.2325
      vertex 34.7209 -25.2791 18.2325
      vertex 33.748 -24.2671 18.2325
    endloop
  endfacet
  facet normal 0 0 -1
    outer loop
      vertex 60 0 -18.2325
      vertex 35.7329 -26.252 -18.2325
      vertex 34.7209 -25.2791 -18.2325
    endloop
  endfacet
  facet normal 0 0 1
    outer loop
      vertex 60 0 18.2325
      vertex 34.7209 -25.2791 18.2325
      vertex 35.7329 -26.252 18.2325
    endloop
  endfacet
  facet normal -0.693087 -0.720854 0
    outer loop
      vertex 34.7209 -25.2791 -18.2325
      vertex 35.7329 -26.252 -18.2325
      vertex 35.7329 -26.252 18.2325
    endloop
  endfacet
  facet normal -0.693087 -0.720854 0
    outer loop
      vertex 34.7209 -25.2791 -18.2325
      vertex 35.7329 -26.252 18.2325
      vertex 34.7209 -25.2791 18.2325
    endloop
  endfacet
  facet normal 0 0 -1
    outer loop
      vertex 60 0 -18.2325
      vertex 36.7822 -27.1845 -18.2325
      vertex 35.7329 -26.252 -18.2325
    endloop
  endfacet
  facet normal 0 0 1
    outer loop
      vertex 60 0 18.2325
      vertex 35.7329 -26.252 18.2325
      vertex 36.7822 -27.1845 18.2325
    endloop
  endfacet
  facet normal -0.664252 -0.747508 0
    outer loop
      vertex 35.7329 -26.252 -18.2325
      vertex 36.7822 -27.1845 -18.2325
      vertex 36.7822 -27.1845 18.2325
    endloop
  endfacet
  facet normal -0.664252 -0.747508 0
    outer loop
      vertex 35.7329 -26.252 -18.2325
      vertex 36.7822 -27.1845 18.2325
      vertex 35.7329 -26.252 18.2325
    endloop
  endfacet
  facet normal 0 0 -1
    outer loop
      vertex 60 0 -18.2325
      vertex 37.8674 -28.0751 -18.2325
      vertex 36.7822 -27.1845 -18.2325
    endloop
  endfacet
  facet normal 0 0 1
    outer loop
      vertex 60 0 18.2325
      vertex 36.7822 -27.1845 18.2325
      vertex 37.8674 -28.0751 18.2325
    endloop
  endfacet
  facet normal -0.634393 -0.77301 0
    outer loop
      vertex 36.7822 -27.1845 -18.2325
      vertex 37.8674 -28.0751 -18.2325
      vertex 37.8674 -28.0751 18.2325
    endloop
  endfacet
  facet normal -0.634393 -0.77301 0
    outer loop
      vertex 36.7822 -27.1845 -18.2325
      vertex 37.8674 -28.0751 18.2325
      vertex 36.7822 -27.1845 18.2325
    endloop
  endfacet
  facet normal 0 0 -1
    outer loop
      vertex 60 0 -18.2325
      vertex 38.9867 -28.9224 -18.2325
      vertex 37.8674 -28.0751 -18.2325
    endloop
  endfacet
  facet normal 0 0 1
    outer loop
      vertex 60 0 18.2325
      vertex 37.8674 -28.0751 18.2325
      vertex 38.9867 -28.9224 18.2325
    endloop
  endfacet
  facet normal -0.603556 -0.797321 0
    outer loop
      vertex 37.8674 -28.0751 -18.2325
      vertex 38.9867 -28.9224 -18.2325
      vertex 38.9867 -28.9224 18.2325
    endloop
  endfacet
  facet normal -0.603556 -0.797321 0
    outer loop
      vertex 37.8674 -28.0751 -18.2325
      vertex 38.9867 -28.9224 18.2325
      vertex 37.8674 -28.0751 18.2325
    endloop
  endfacet
  facet normal 0 0 -1
    outer loop
      vertex 60 0 -18.2325
      vertex 40.1384 -29.725 -18.2325
      vertex 38.9867 -28.9224 -18.2325
    endloop
  endfacet
  facet normal 0 0 1
    outer loop
      vertex 60 0 18.2325
      vertex 38.9867 -28.9224 18.2325
      vertex 40.1384 -29.725 18.2325
    endloop
  endfacet
  facet normal -0.571788 -0.820401 0
    outer loop
      vertex 38.9867 -28.9224 -18.2325
      vertex 40.1384 -29.725 -18.2325
      vertex 40.1384 -29.725 18.2325
    endloop
  endfacet
  facet normal -0.571788 -0.820401 0
    outer loop
      vertex 38.9867 -28.9224 -18.2325
      vertex 40.1384 -29.725 18.2325
      vertex 38.9867 -28.9224 18.2325
    endloop
  endfacet
  facet normal 0 0 -1
    outer loop
      vertex 60 0 -18.2325
      vertex 41.3207 -30.4819 -18.2325
      vertex 40.1384 -29.725 -18.2325
    endloop
  endfacet
  facet normal 0 0 1
    outer loop
      vertex 60 0 18.2325
      vertex 40.1384 -29.725 18.2325
      vertex 41.3207 -30.4819 18.2325
    endloop
  endfacet
  facet normal -0.539138 -0.842217 0
    outer loop
      vertex 40.1384 -29.725 -18.2325
      vertex 41.3207 -30.4819 -18.2325
      vertex 41.3207 -30.4819 18.2325
    endloop
  endfacet
  facet normal -0.539138 -0.842217 0
    outer loop
      vertex 40.1384 -29.725 -18.2325
      vertex 41.3207 -30.4819 18.2325
      vertex 40.1384 -29.725 18.2325
    endloop
  endfacet
  facet normal 0 0 -1
    outer loop
      vertex 60 0 -18.2325
      vertex 42.5318 -31.1917 -18.2325
      vertex 41.3207 -30.4819 -18.2325
    endloop
  endfacet
  facet normal 0 0 1
    outer loop
      vertex 60 0 18.2325
      vertex 41.3207 -30.4819 18.2325
      vertex 42.5318 -31.1917 18.2325
    endloop
  endfacet
  facet normal -0.505657 -0.862734 0
    outer loop
      vertex 41.3207 -30.4819 -18.2325
      vertex 42.5318 -31.1917 -18.2325
      vertex 42.5318 -31.1917 18.2325
    endloop
  endfacet
  facet normal -0.505657 -0.862734 0
    outer loop
      vertex 41.3207 -30.4819 -18.2325
      vertex 42.5318 -31.1917 18.2325
      vertex 41.3207 -30.4819 18.2325
    endloop
  endfacet
  facet normal 0 0 -1
    outer loop
      vertex 60 0 -18.2325
      vertex 43.7698 -31.8535 -18.2325
      vertex 42.5318 -31.1917 -18.2325
    endloop
  endfacet
  facet normal 0 0 1
    outer loop
      vertex 60 0 18.2325
      vertex 42.5318 -31.1917 18.2325
      vertex 43.7698 -31.8535 18.2325
    endloop
  endfacet
  facet normal -0.471397 -0.881921 0
    outer loop
      vertex 42.5318 -31.1917 -18.2325
      vertex 43.7698 -31.8535 -18.2325
      vertex 43.7698 -31.8535 18.2325
    endloop
  endfacet
  facet normal -0.471397 -0.881921 0
    outer loop
      vertex 42.5318 -31.1917 -18.2325
      vertex 43.7698 -31.8535 18.2325
      vertex 42.5318 -31.1917 18.2325
    endloop
  endfacet
  facet normal 0 0 -1
    outer loop
      vertex 60 0 -18.2325
      vertex 45.0329 -32.4661 -18.2325
      vertex 43.7698 -31.8535 -18.2325
    endloop
  endfacet
  facet normal 0 0 1
    outer loop
      vertex 60 0 18.2325
      vertex 43.7698 -31.8535 18.2325
      vertex 45.0329 -32.4661 18.2325
    endloop
  endfacet
  facet normal -0.436409 -0.899748 0
    outer loop
      vertex 43.7698 -31.8535 -18.2325
      vertex 45.0329 -32.4661 -18.2325
      vertex 45.0329 -32.4661 18.2325
    endloop
  endfacet
  facet normal -0.436409 -0.899748 0
    outer loop
      vertex 43.7698 -31.8535 -18.2325
      vertex 45.0329 -32.4661 18.2325
      vertex 43.7698 -31.8535 18.2325
    endloop
  endfacet
  facet normal 0 0 -1
    outer loop
      vertex 60 0 -18.2325
      vertex 46.3191 -33.0287 -18.2325
      vertex 45.0329 -32.4661 -18.2325
    endloop
  endfacet
  facet normal 0 0 1
    outer loop
      vertex 60 0 18.2325
      vertex 45.0329 -32.4661 18.2325
      vertex 46.3191 -33.0287 18.2325
    endloop
  endfacet
  facet normal -0.400749 -0.916188 0
    outer loop
      vertex 45.0329 -32.4661 -18.2325
      vertex 46.3191 -33.0287 -18.2325
      vertex 46.3191 -33.0287 18.2325
    endloop
  endfacet
  facet normal -0.400749 -0.916188 0
    outer loop
      vertex 45.0329 -32.4661 -18.2325
      vertex 46.3191 -33.0287 18.2325
      vertex 45.0329 -32.4661 18.2325
    endloop
  endfacet
  facet normal 0 0 -1
    outer loop
      vertex 60 0 -18.2325
      vertex 47.6263 -33.5403 -18.2325
      vertex 46.3191 -33.0287 -18.2325
    endloop
  endfacet
  facet normal 0 0 1
    outer loop
      vertex 60 0 18.2325
      vertex 46.3191 -33.0287 18.2325
      vertex 47.6263 -33.5403 18.2325
    endloop
  endfacet
  facet normal -0.36447 -0.931215 0
    outer loop
      vertex 46.3191 -33.0287 -18.2325
      vertex 47.6263 -33.5403 -18.2325
      vertex 47.6263 -33.5403 18.2325
    endloop
  endfacet
  facet normal -0.36447 -0.931215 0
    outer loop
      vertex 46.3191 -33.0287 -18.2325
      vertex 47.6263 -33.5403 18.2325
      vertex 46.3191 -33.0287 18.2325
    endloop
  endfacet
  facet normal 0 0 -1
    outer loop
      vertex 60 0 -18.2325
      vertex 48.9526 -34.0003 -18.2325
      vertex 47.6263 -33.5403 -18.2325
    endloop
  endfacet
  facet normal 0 0 1
    outer loop
      vertex 60 0 18.2325
      vertex 47.6263 -33.5403 18.2325
      vertex 48.9526 -34.0003 18.2325
    endloop
  endfacet
  facet normal -0.32763 -0.944806 0
    outer loop
      vertex 47.6263 -33.5403 -18.2325
      vertex 48.9526 -34.0003 -18.2325
      vertex 48.9526 -34.0003 18.2325
    endloop
  endfacet
  facet normal -0.32763 -0.944806 0
    outer loop
      vertex 47.6263 -33.5403 -18.2325
      vertex 48.9526 -34.0003 18.2325
      vertex 47.6263 -33.5403 18.2325
    endloop
  endfacet
  facet normal 0 0 -1
    outer loop
      vertex 60 0 -18.2325
      vertex 50.296 -34.4078 -18.2325
      vertex 48.9526 -34.0003 -18.2325
    endloop
  endfacet
  facet normal 0 0 1
    outer loop
      vertex 60 0 18.2325
      vertex 48.9526 -34.0003 18.2325
      vertex 50.296 -34.4078 18.2325
    endloop
  endfacet
  facet normal -0.290285 -0.95694 0
    outer loop
      vertex 48.9526 -34.0003 -18.2325
      vertex 50.296 -34.4078 -18.2325
      vertex 50.296 -34.4078 18.2325
    endloop
  endfacet
  facet normal -0.290285 -0.95694 0
    outer loop
      vertex 48.9526 -34.0003 -18.2325
      vertex 50.296 -34.4078 18.2325
      vertex 48.9526 -34.0003 18.2325
    endloop
  endfacet
  facet normal 0 0 -1
    outer loop
      vertex 60 0 -18.2325
      vertex 51.6543 -34.7622 -18.2325
      vertex 50.296 -34.4078 -18.2325
    endloop
  endfacet
  facet normal 0 0 1
    outer loop
      vertex 60 0 18.2325
      vertex 50.296 -34.4078 18.2325
      vertex 51.6543 -34.7622 18.2325
    endloop
  endfacet
  facet normal -0.252492 -0.967599 0
    outer loop
      vertex 50.296 -34.4078 -18.2325
      vertex 51.6543 -34.7622 -18.2325
      vertex 51.6543 -34.7622 18.2325
    endloop
  endfacet
  facet normal -0.252492 -0.967599 0
    outer loop
      vertex 50.296 -34.4078 -18.2325
      vertex 51.6543 -34.7622 18.2325
      vertex 50.296 -34.4078 18.2325
    endloop
  endfacet
  facet normal 0 0 -1
    outer loop
      vertex 60 0 -18.2325
      vertex 53.0255 -35.0631 -18.2325
      vertex 51.6543 -34.7622 -18.2325
    endloop
  endfacet
  facet normal 0 0 1
    outer loop
      vertex 60 0 18.2325
      vertex 51.6543 -34.7622 18.2325
      vertex 53.0255 -35.0631 18.2325
    endloop
  endfacet
  facet normal -0.214309 -0.976766 0
    outer loop
      vertex 51.6543 -34.7622 -18.2325
      vertex 53.0255 -35.0631 -18.2325
      vertex 53.0255 -35.0631 18.2325
    endloop
  endfacet
  facet normal -0.214309 -0.976766 0
    outer loop
      vertex 51.6543 -34.7622 -18.2325
      vertex 53.0255 -35.0631 18.2325
      vertex 51.6543 -34.7622 18.2325
    endloop
  endfacet
  facet normal 0 0 -1
    outer loop
      vertex 60 0 -18.2325
      vertex 54.4075 -35.3099 -18.2325
      vertex 53.0255 -35.0631 -18.2325
    endloop
  endfacet
  facet normal 0 0 1
    outer loop
      vertex 60 0 18.2325
      vertex 53.0255 -35.0631 18.2325
      vertex 54.4075 -35.3099 18.2325
    endloop
  endfacet
  facet normal -0.175796 -0.984427 0
    outer loop
      vertex 53.0255 -35.0631 -18.2325
      vertex 54.4075 -35.3099 -18.2325
      vertex 54.4075 -35.3099 18.2325
    endloop
  endfacet
  facet normal -0.175796 -0.984427 0
    outer loop
      vertex 53.0255 -35.0631 -18.2325
      vertex 54.4075 -35.3099 18.2325
      vertex 53.0255 -35.0631 18.2325
    endloop
  endfacet
  facet normal 0 0 -1
    outer loop
      vertex 60 0 -18.2325
      vertex 55.798 -35.5022 -18.2325
      vertex 54.4075 -35.3099 -18.2325
    endloop
  endfacet
  facet normal 0 0 1
    outer loop
      vertex 60 0 18.2325
      vertex 54.4075 -35.3099 18.2325
      vertex 55.798 -35.5022 18.2325
    endloop
  endfacet
  facet normal -0.137012 -0.990569 0
    outer loop
      vertex 54.4075 -35.3099 -18.2325
      vertex 55.798 -35.5022 -18.2325
      vertex 55.798 -35.5022 18.2325
    endloop
  endfacet
  facet normal -0.137012 -0.990569 0
    outer loop
      vertex 54.4075 -35.3099 -18.2325
      vertex 55.798 -35.5022 18.2325
      vertex 54.4075 -35.3099 18.2325
    endloop
  endfacet
  facet normal 0 0 -1
    outer loop
      vertex 60 0 -18.2325
      vertex 57.1951 -35.6398 -18.2325
      vertex 55.798 -35.5022 -18.2325
    endloop
  endfacet
  facet normal 0 0 1
    outer loop
      vertex 60 0 18.2325
      vertex 55.798 -35.5022 18.2325
      vertex 57.1951 -35.6398 18.2325
    endloop
  endfacet
  facet normal -0.0980171 -0.995185 0
    outer loop
      vertex 55.798 -35.5022 -18.2325
      vertex 57.1951 -35.6398 -18.2325
      vertex 57.1951 -35.6398 18.2325
    endloop
  endfacet
  facet normal -0.0980171 -0.995185 0
    outer loop
      vertex 55.798 -35.5022 -18.2325
      vertex 57.1951 -35.6398 18.2325
      vertex 55.798 -35.5022 18.2325
    endloop
  endfacet
  facet normal 0 0 -1
    outer loop
      vertex 60 0 -18.2325
      vertex 58.5965 -35.7224 -18.2325
      vertex 57.1951 -35.6398 -18.2325
    endloop
  endfacet
  facet normal 0 0 1
    outer loop
      vertex 60 0 18.2325
      vertex 57.1951 -35.6398 18.2325
      vertex 58.5965 -35.7224 18.2325
    endloop
  endfacet
  facet normal -0.0588708 -0.998266 0
    outer loop
      vertex 57.1951 -35.6398 -18.2325
      vertex 58.5965 -35.7224 -18.2325
      vertex 58.5965 -35.7224 18.2325
    endloop
  endfacet
  facet normal -0.0588708 -0.998266 0
    outer loop
      vertex 57.1951 -35.6398 -18.2325
      vertex 58.5965 -35.7224 18.2325
      vertex 57.1951 -35.6398 18.2325
    endloop
  endfacet
  facet normal 0 0 -1
    outer loop
      vertex 60 0 -18.2325
      vertex 60 -35.75 -18.2325
      vertex 58.5965 -35.7224 -18.2325
    endloop
  endfacet
  facet normal 0 0 1
    outer loop
      vertex 60 0 18.2325
      vertex 58.5965 -35.7224 18.2325
      vertex 60 -35.75 18.2325
    endloop
  endfacet
  facet normal -0.0196337 -0.999807 0
    outer loop
      vertex 58.5965 -35.7224 -18.2325
      vertex 60 -35.75 -18.2325
      vertex 60 -35.75 18.2325
    endloop
  endfacet
  facet normal -0.0196337 -0.999807 0
    outer loop
      vertex 58.5965 -35.7224 -18.2325
      vertex 60 -35.75 18.2325
      vertex 58.5965 -35.7224 18.2325
    endloop
  endfacet
  facet normal 0 0 -1
    outer loop
      vertex 60 0 -18.2325
      vertex 61.4035 -35.7224 -18.2325
      vertex 60 -35.75 -18.2325
    endloop
  endfacet
  facet normal 0 0 1
    outer loop
      vertex 60 0 18.2325
      vertex 60 -35.75 18.2325
      vertex 61.4035 -35.7224 18.2325
    endloop
  endfacet
  facet normal 0.0196337 -0.999807 0
    outer loop
      vertex 60 -35.75 -18.2325
      vertex 61.4035 -35.7224 -18.2325
      vertex 61.4035 -35.7224 18.2325
    endloop
  endfacet
  facet normal 0.0196337 -0.999807 0
    outer loop
      vertex 60 -35.75 -18.2325
      vertex 61.4035 -35.7224 18.2325
      vertex 60 -35.75 18.2325
    endloop
  endfacet
  facet normal 0 0 -1
    outer loop
      vertex 60 0 -18.2325
      vertex 62.8049 -35.6398 -18.2325
      vertex 61.4035 -35.7224 -18.2325
    endloop
  endfacet
  facet normal 0 0 1
    outer loop
      vertex 60 0 18.2325
      vertex 61.4035 -35.7224 18.2325
      vertex 62.8049 -35.6398 18.2325
    endloop
  endfacet
  facet normal 0.0588708 -0.998266 0
    outer loop
      vertex 61.4035 -35.7224 -18.2325
      vertex 62.8049 -35.6398 -18.2325
      vertex 62.8049 -35.6398 18.2325
    endloop
  endfacet
  facet normal 0.0588708 -0.998266 0
    outer loop
      vertex 61.4035 -35.7224 -18.2325
      vertex 62.8049 -35.6398 18.2325
      vertex 61.4035 -35.7224 18.2325
    endloop
  endfacet
  facet normal 0 0 -1
    outer loop
      vertex 60 0 -18.2325
      vertex 64.202 -35.5022 -18.2325
      vertex 62.8049 -35.6398 -18.2325
    endloop
  endfacet
  facet normal 0 0 1
    outer loop
      vertex 60 0 18.2325
      vertex 62.8049 -35.6398 18.2325
      vertex 64.202 -35.5022 18.2325
    endloop
  endfacet
  facet normal 0.0980171 -0.995185 0
    outer loop
      vertex 62.8049 -35.6398 -18.2325
      vertex 64.202 -35.5022 -18.2325
      vertex 64.202 -35.5022 18.2325
    endloop
  endfacet
  facet normal 0.0980171 -0.995185 0
    outer loop
      vertex 62.8049 -35.6398 -18.2325
      vertex 64.202 -35.5022 18.2325
      vertex 62.8049 -35.6398 18.2325
    endloop
  endfacet
  facet normal 0 0 -1
    outer loop
      vertex 60 0 -18.2325
      vertex 65.5925 -35.3099 -18.2325
      vertex 64.202 -35.5022 -18.2325
    endloop
  endfacet
  facet normal 0 0 1
    outer loop
      vertex 60 0 18.2325
      vertex 64.202 -35.5022 18.2325
      vertex 65.5925 -35.3099 18.2325
    endloop
  endfacet
  facet normal 0.137012 -0.990569 0
    outer loop
      vertex 64.202 -35.5022 -18.2325
      vertex 65.5925 -35.3099 -18.2325
      vertex 65.5925 -35.3099 18.2325
    endloop
  endfacet
  facet normal 0.137012 -0.990569 0
    outer loop
      vertex 64.202 -35.5022 -18.2325
      vertex 65.5925 -35.3099 18.2325
      vertex 64.202 -35.5022 18.2325
    endloop
  endfacet
  facet normal 0 0 -1
    outer loop
      vertex 60 0 -18.2325
      vertex 66.9745 -35.0631 -18.2325
      vertex 65.5925 -35.3099 -18.2325
    endloop
  endfacet
  facet normal 0 0 1
    outer loop
      vertex 60 0 18.2325
      vertex 65.5925 -35.3099 18.2325
      vertex 66.9745 -35.0631 18.2325
    endloop
  endfacet
  facet normal 0.175796 -0.984427 0
    outer loop
      vertex 65.5925 -35.3099 -18.2325
      vertex 66.9745 -35.0631 -18.2325
      vertex 66.9745 -35.0631 18.2325
    endloop
  endfacet
  facet normal 0.175796 -0.984427 0
    outer loop
      vertex 65.5925 -35.3099 -18.2325
      vertex 66.9745 -35.0631 18.2325
      vertex 65.5925 -35.3099 18.2325
    endloop
  endfacet
  facet normal 0 0 -1
    outer loop
      vertex 60 0 -18.2325
      vertex 68.3457 -34.7622 -18.2325
      vertex 66.9745 -35.0631 -18.2325
    endloop
  endfacet
  facet normal 0 0 1
    outer loop
      vertex 60 0 18.2325
      vertex 66.9745 -35.0631 18.2325
      vertex 68.3457 -34.7622 18.2325
    endloop
  endfacet
  facet normal 0.214309 -0.976766 0
    outer loop
      vertex 66.9745 -35.0631 -18.2325
      vertex 68.3457 -34.7622 -18.2325
      vertex 68.3457 -34.7622 18.2325
    endloop
  endfacet
  facet normal 0.214309 -0.976766 0
    outer loop
      vertex 66.9745 -35.0631 -18.2325
      vertex 68.3457 -34.7622 18.2325
      vertex 66.9745 -35.0631 18.2325
    endloop
  endfacet
  facet normal 0 0 -1
    outer loop
      vertex 60 0 -18.2325
      vertex 69.704 -34.4078 -18.2325
      vertex 68.3457 -34.7622 -18.2325
    endloop
  endfacet
  facet normal 0 0 1
    outer loop
      vertex 60 0 18.2325
      vertex 68.3457 -34.7622 18.2325
      vertex 69.704 -34.4078 18.2325
    endloop
  endfacet
  facet normal 0.252492 -0.967599 0
    outer loop
      vertex 68.3457 -34.7622 -18.2325
      vertex 69.704 -34.4078 -18.2325
      vertex 69.704 -34.4078 18.2325
    endloop
  endfacet
  facet normal 0.252492 -0.967599 0
    outer loop
      vertex 68.3457 -34.7622 -18.2325
      vertex 69.704 -34.4078 18.2325
      vertex 68.3457 -34.7622 18.2325
    endloop
  endfacet
  facet normal 0 0 -1
    outer loop
      vertex 60 0 -18.2325
      vertex 71.0474 -34.0003 -18.2325
      vertex 69.704 -34.4078 -18.2325
    endloop
  endfacet
  facet normal 0 0 1
    outer loop
      vertex 60 0 18.2325
      vertex 69.704 -34.4078 18.2325
      vertex 71.0474 -34.0003 18.2325
    endloop
  endfacet
  facet normal 0.290285 -0.95694 0
    outer loop
      vertex 69.704 -34.4078 -18.2325
      vertex 71.0474 -34.0003 -18.2325
      vertex 71.0474 -34.0003 18.2325
    endloop
  endfacet
  facet normal 0.290285 -0.95694 0
    outer loop
      vertex 69.704 -34.4078 -18.2325
      vertex 71.0474 -34.0003 18.2325
      vertex 69.704 -34.4078 18.2325
    endloop
  endfacet
  facet normal 0 0 -1
    outer loop
      vertex 60 0 -18.2325
      vertex 72.3737 -33.5403 -18.2325
      vertex 71.0474 -34.0003 -18.2325
    endloop
  endfacet
  facet normal 0 0 1
    outer loop
      vertex 60 0 18.2325
      vertex 71.0474 -34.0003 18.2325
      vertex 72.3737 -33.5403 18.2325
    endloop
  endfacet
  facet normal 0.32763 -0.944806 0
    outer loop
      vertex 71.0474 -34.0003 -18.2325
      vertex 72.3737 -33.5403 -18.2325
      vertex 72.3737 -33.5403 18.2325
    endloop
  endfacet
  facet normal 0.32763 -0.944806 0
    outer loop
      vertex 71.0474 -34.0003 -18.2325
      vertex 72.3737 -33.5403 18.2325
      vertex 71.0474 -34.0003 18.2325
    endloop
  endfacet
  facet normal 0 0 -1
    outer loop
      vertex 60 0 -18.2325
      vertex 73.6809 -33.0287 -18.2325
      vertex 72.3737 -33.5403 -18.2325
    endloop
  endfacet
  facet normal 0 0 1
    outer loop
      vertex 60 0 18.2325
      vertex 72.3737 -33.5403 18.2325
      vertex 73.6809 -33.0287 18.2325
    endloop
  endfacet
  facet normal 0.36447 -0.931215 0
    outer loop
      vertex 72.3737 -33.5403 -18.2325
      vertex 73.6809 -33.0287 -18.2325
      vertex 73.6809 -33.0287 18.2325
    endloop
  endfacet
  facet normal 0.36447 -0.931215 0
    outer loop
      vertex 72.3737 -33.5403 -18.2325
      vertex 73.6809 -33.0287 18.2325
      vertex 72.3737 -33.5403 18.2325
    endloop
  endfacet
  facet normal 0 0 -1
    outer loop
      vertex 60 0 -18.2325
      vertex 74.9671 -32.4661 -18.2325
      vertex 73.6809 -33.0287 -18.2325
    endloop
  endfacet
  facet normal 0 0 1
    outer loop
      vertex 60 0 18.2325
      vertex 73.6809 -33.0287 18.2325
      vertex 74.9671 -32.4661 18.2325
    endloop
  endfacet
  facet normal 0.400749 -0.916188 0
    outer loop
      vertex 73.6809 -33.0287 -18.2325
      vertex 74.9671 -32.4661 -18.2325
      vertex 74.9671 -32.4661 18.2325
    endloop
  endfacet
  facet normal 0.400749 -0.916188 0
    outer loop
      vertex 73.6809 -33.0287 -18.2325
      vertex 74.9671 -32.4661 18.2325
      vertex 73.6809 -33.0287 18.2325
    endloop
  endfacet
  facet normal 0 0 -1
    outer loop
      vertex 60 0 -18.2325
      vertex 76.2302 -31.8535 -18.2325
      vertex 74.9671 -32.4661 -18.2325
    endloop
  endfacet
  facet normal 0 0 1
    outer loop
      vertex 60 0 18.2325
      vertex 74.9671 -32.4661 18.2325
      vertex 76.2302 -31.8535 18.2325
    endloop
  endfacet
  facet normal 0.436409 -0.899748 0
    outer loop
      vertex 74.9671 -32.4661 -18.2325
      vertex 76.2302 -31.8535 -18.2325
      vertex 76.2302 -31.8535 18.2325
    endloop
  endfacet
  facet normal 0.436409 -0.899748 0
    outer loop
      vertex 74.9671 -32.4661 -18.2325
      vertex 76.2302 -31.8535 18.2325
      vertex 74.9671 -32.4661 18.2325
    endloop
  endfacet
  facet normal 0 0 -1
    outer loop
      vertex 60 0 -18.2325
      vertex 77.4682 -31.1917 -18.2325
      vertex 76.2302 -31.8535 -18.2325
    endloop
  endfacet
  facet normal 0 0 1
    outer loop
      vertex 60 0 18.2325
      vertex 76.2302 -31.8535 18.2325
      vertex 77.4682 -31.1917 18.2325
    endloop
  endfacet
  facet normal 0.471397 -0.881921 0
    outer loop
      vertex 76.2302 -31.8535 -18.2325
      vertex 77.4682 -31.1917 -18.2325
      vertex 77.4682 -31.1917 18.2325
    endloop
  endfacet
  facet normal 0.471397 -0.881921 0
    outer loop
      vertex 76.2302 -31.8535 -18.2325
      vertex 77.4682 -31.1917 18.2325
      vertex 76.2302 -31.8535 18.2325
    endloop
  endfacet
  facet normal 0 0 -1
    outer loop
      vertex 60 0 -18.2325
      vertex 78.6793 -30.4819 -18.2325
      vertex 77.4682 -31.1917 -18.2325
    endloop
  endfacet
  facet normal 0 0 1
    outer loop
      vertex 60 0 18.2325
      vertex 77.4682 -31.1917 18.2325
      vertex 78.6793 -30.4819 18.2325
    endloop
  endfacet
  facet normal 0.505657 -0.862734 0
    outer loop
      vertex 77.4682 -31.1917 -18.2325
      vertex 78.6793 -30.4819 -18.2325
      vertex 78.6793 -30.4819 18.2325
    endloop
  endfacet
  facet normal 0.505657 -0.862734 0
    outer loop
      vertex 77.4682 -31.1917 -18.2325
      vertex 78.6793 -30.4819 18.2325
      vertex 77.4682 -31.1917 18.2325
    endloop
  endfacet
  facet normal 0 0 -1
    outer loop
      vertex 60 0 -18.2325
      vertex 79.8616 -29.725 -18.2325
      vertex 78.6793 -30.4819 -18.2325
    endloop
  endfacet
  facet normal 0 0 1
    outer loop
      vertex 60 0 18.2325
      vertex 78.6793 -30.4819 18.2325
      vertex 79.8616 -29.725 18.2325
    endloop
  endfacet
  facet normal 0.539138 -0.842217 0
    outer loop
      vertex 78.6793 -30.4819 -18.2325
      vertex 79.8616 -29.725 -18.2325
      vertex 79.8616 -29.725 18.2325
    endloop
  endfacet
  facet normal 0.539138 -0.842217 0
    outer loop
      vertex 78.6793 -30.4819 -18.2325
      vertex 79.8616 -29.725 18.2325
      vertex 78.6793 -30.4819 18.2325
    endloop
  endfacet
  facet normal 0 0 -1
    outer loop
      vertex 60 0 -18.2325
      vertex 81.0133 -28.9224 -18.2325
      vertex 79.8616 -29.725 -18.2325
    endloop
  endfacet
  facet normal 0 0 1
    outer loop
      vertex 60 0 18.2325
      vertex 79.8616 -29.725 18.2325
      vertex 81.0133 -28.9224 18.2325
    endloop
  endfacet
  facet normal 0.571788 -0.820401 0
    outer loop
      vertex 79.8616 -29.725 -18.2325
      vertex 81.0133 -28.9224 -18.2325
      vertex 81.0133 -28.9224 18.2325
    endloop
  endfacet
  facet normal 0.571788 -0.820401 0
    outer loop
      vertex 79.8616 -29.725 -18.2325
      vertex 81.0133 -28.9224 18.2325
      vertex 79.8616 -29.725 18.2325
    endloop
  endfacet
  facet normal 0 0 -1
    outer loop
      vertex 60 0 -18.2325
      vertex 82.1326 -28.0751 -18.2325
      vertex 81.0133 -28.9224 -18.2325
    endloop
  endfacet
  facet normal 0 0 1
    outer loop
      vertex 60 0 18.2325
      vertex 81.0133 -28.9224 18.2325
      vertex 82.1326 -28.0751 18.2325
    endloop
  endfacet
  facet normal 0.603556 -0.797321 0
    outer loop
      vertex 81.0133 -28.9224 -18.2325
      vertex 82.1326 -28.0751 -18.2325
      vertex 82.1326 -28.0751 18.2325
    endloop
  endfacet
  facet normal 0.603556 -0.797321 0
    outer loop
      vertex 81.0133 -28.9224 -18.2325
      vertex 82.1326 -28.0751 18.2325
      vertex 81.0133 -28.9224 18.2325
    endloop
  endfacet
  facet normal 0 0 -1
    outer loop
      vertex 60 0 -18.2325
      vertex 83.2178 -27.1845 -18.2325
      vertex 82.1326 -28.0751 -18.2325
    endloop
  endfacet
  facet normal 0 0 1
    outer loop
      vertex 60 0 18.2325
      vertex 82.1326 -28.0751 18.2325
      vertex 83.2178 -27.1845 18.2325
    endloop
  endfacet
  facet normal 0.634393 -0.77301 0
    outer loop
      vertex 82.1326 -28.0751 -18.2325
      vertex 83.2178 -27.1845 -18.2325
      vertex 83.2178 -27.1845 18.2325
    endloop
  endfacet
  facet normal 0.634393 -0.77301 0
    outer loop
      vertex 82.1326 -28.0751 -18.2325
      vertex 83.2178 -27.1845 18.2325
      vertex 82.1326 -28.0751 18.2325
    endloop
  endfacet
  facet normal 0 0 -1
    outer loop
      vertex 60 0 -18.2325
      vertex 84.2671 -26.252 -18.2325
      vertex 83.2178 -27.1845 -18.2325
    endloop
  endfacet
  facet normal 0 0 1
    outer loop
      vertex 60 0 18.2325
      vertex 83.2178 -27.1845 18.2325
      vertex 84.2671 -26.252 18.2325
    endloop
  endfacet
  facet normal 0.664252 -0.747508 0
    outer loop
      vertex 83.2178 -27.1845 -18.2325
      vertex 84.2671 -26.252 -18.2325
      vertex 84.2671 -26.252 18.2325
    endloop
  endfacet
  facet normal 0.664252 -0.747508 0
    outer loop
      vertex 83.2178 -27.1845 -18.2325
      vertex 84.2671 -26.252 18.2325
      vertex 83.2178 -27.1845 18.2325
    endloop
  endfacet
  facet normal 0 0 -1
    outer loop
      vertex 60 0 -18.2325
      vertex 85.2791 -25.2791 -18.2325
      vertex 84.2671 -26.252 -18.2325
    endloop
  endfacet
  facet normal 0 0 1
    outer loop
      vertex 60 0 18.2325
      vertex 84.2671 -26.252 18.2325
      vertex 85.2791 -25.2791 18.2325
    endloop
  endfacet
  facet normal 0.693087 -0.720854 0
    outer loop
      vertex 84.2671 -26.252 -18.2325
      vertex 85.2791 -25.2791 -18.2325
      vertex 85.2791 -25.2791 18.2325
    endloop
  endfacet
  facet normal 0.693087 -0.720854 0
    outer loop
      vertex 84.2671 -26.252 -18.2325
      vertex 85.2791 -25.2791 18.2325
      vertex 84.2671 -26.252 18.2325
    endloop
  endfacet
  facet normal 0 0 -1
    outer loop
      vertex 60 0 -18.2325
      vertex 86.252 -24.2671 -18.2325
      vertex 85.2791 -25.2791 -18.2325
    endloop
  endfacet
  facet normal 0 0 1
    outer loop
      vertex 60 0 18.2325
      vertex 85.2791 -25.2791 18.2325
      vertex 86.252 -24.2671 18.2325
    endloop
  endfacet
  facet normal 0.720854 -0.693087 0
    outer loop
      vertex 85.2791 -25.2791 -18.2325
      vertex 86.252 -24.2671 -18.2325
      vertex 86.252 -24.2671 18.2325
    endloop
  endfacet
  facet normal 0.720854 -0.693087 0
    outer loop
      vertex 85.2791 -25.2791 -18.2325
      vertex 86.252 -24.2671 18.2325
      vertex 85.2791 -25.2791 18.2325
    endloop
  endfacet
  facet normal 0 0 -1
    outer loop
      vertex 60 0 -18.2325
      vertex 87.1845 -23.2178 -18.2325
      vertex 86.252 -24.2671 -18.2325
    endloop
  endfacet
  facet normal 0 0 1
    outer loop
      vertex 60 0 18.2325
      vertex 86.252 -24.2671 18.2325
      vertex 87.1845 -23.2178 18.2325
    endloop
  endfacet
  facet normal 0.747508 -0.664252 0
    outer loop
      vertex 86.252 -24.2671 -18.2325
      vertex 87.1845 -23.2178 -18.2325
      vertex 87.1845 -23.2178 18.2325
    endloop
  endfacet
  facet normal 0.747508 -0.664252 0
    outer loop
      vertex 86.252 -24.2671 -18.2325
      vertex 87.1845 -23.2178 18.2325
      vertex 86.252 -24.2671 18.2325
    endloop
  endfacet
  facet normal 0 0 -1
    outer loop
      vertex 60 0 -18.2325
      vertex 88.0751 -22.1326 -18.2325
      vertex 87.1845 -23.2178 -18.2325
    endloop
  endfacet
  facet normal 0 0 1
    outer loop
      vertex 60 0 18.2325
      vertex 87.1845 -23.2178 18.2325
      vertex 88.0751 -22.1326 18.2325
    endloop
  endfacet
  facet normal 0.77301 -0.634393 0
    outer loop
      vertex 87.1845 -23.2178 -18.2325
      vertex 88.0751 -22.1326 -18.2325
      vertex 88.0751 -22.1326 18.2325
    endloop
  endfacet
  facet normal 0.77301 -0.634393 0
    outer loop
      vertex 87.1845 -23.2178 -18.2325
      vertex 88.0751 -22.1326 18.2325
      vertex 87.1845 -23.2178 18.2325
    endloop
  endfacet
  facet normal 0 0 -1
    outer loop
      vertex 60 0 -18.2325
      vertex 88.9224 -21.0133 -18.2325
      vertex 88.0751 -22.1326 -18.2325
    endloop
  endfacet
  facet normal 0 0 1
    outer loop
      vertex 60 0 18.2325
      vertex 88.0751 -22.1326 18.2325
      vertex 88.9224 -21.0133 18.2325
    endloop
  endfacet
  facet normal 0.797321 -0.603556 0
    outer loop
      vertex 88.0751 -22.1326 -18.2325
      vertex 88.9224 -21.0133 -18.2325
      vertex 88.9224 -21.0133 18.2325
    endloop
  endfacet
  facet normal 0.797321 -0.603556 0
    outer loop
      vertex 88.0751 -22.1326 -18.2325
      vertex 88.9224 -21.0133 18.2325
      vertex 88.0751 -22.1326 18.2325
    endloop
  endfacet
  facet normal 0 0 -1
    outer loop
      vertex 60 0 -18.2325
      vertex 89.725 -19.8616 -18.2325
      vertex 88.9224 -21.0133 -18.2325
    endloop
  endfacet
  facet normal 0 0 1
    outer loop
      vertex 60 0 18.2325
      vertex 88.9224 -21.0133 18.2325
      vertex 89.725 -19.8616 18.2325
    endloop
  endfacet
  facet normal 0.820401 -0.571788 0
    outer loop
      vertex 88.9224 -21.0133 -18.2325
      vertex 89.725 -19.8616 -18.2325
      vertex 89.725 -19.8616 18.2325
    endloop
  endfacet
  facet normal 0.820401 -0.571788 0
    outer loop
      vertex 88.9224 -21.0133 -18.2325
      vertex 89.725 -19.8616 18.2325
      vertex 88.9224 -21.0133 18.2325
    endloop
  endfacet
  facet normal 0 0 -1
    outer loop
      vertex 60 0 -18.2325
      vertex 90.4819 -18.6793 -18.2325
      vertex 89.725 -19.8616 -18.2325
    endloop
  endfacet
  facet normal 0 0 1
    outer loop
      vertex 60 0 18.2325
      vertex 89.725 -19.8616 18.2325
      vertex 90.4819 -18.6793 18.2325
    endloop
  endfacet
  facet normal 0.842217 -0.539138 0
    outer loop
      vertex 89.725 -19.8616 -18.2325
      vertex 90.4819 -18.6793 -18.2325
      vertex 90.4819 -18.6793 18.2325
    endloop
  endfacet
  facet normal 0.842217 -0.539138 0
    outer loop
      vertex 89.725 -19.8616 -18.2325
      vertex 90.4819 -18.6793 18.2325
      vertex 89.725 -19.8616 18.2325
    endloop
  endfacet
  facet normal 0 0 -1
    outer loop
      vertex 60 0 -18.2325
      vertex 91.1917 -17.4682 -18.2325
      vertex 90.4819 -18.6793 -18.2325
    endloop
  endfacet
  facet normal 0 0 1
    outer loop
      vertex 60 0 18.2325
      vertex 90.4819 -18.6793 18.2325
      vertex 91.1917 -17.4682 18.2325
    endloop
  endfacet
  facet normal 0.862734 -0.505657 0
    outer loop
      vertex 90.4819 -18.6793 -18.2325
      vertex 91.1917 -17.4682 -18.2325
      vertex 91.1917 -17.4682 18.2325
    endloop
  endfacet
  facet normal 0.862734 -0.505657 0
    outer loop
      vertex 90.4819 -18.6793 -18.2325
      vertex 91.1917 -17.4682 18.2325
      vertex 90.4819 -18.6793 18.2325
    endloop
  endfacet
  facet normal 0 0 -1
    outer loop
      vertex 60 0 -18.2325
      vertex 91.8535 -16.2302 -18.2325
      vertex 91.1917 -17.4682 -18.2325
    endloop
  endfacet
  facet normal 0 0 1
    outer loop
      vertex 60 0 18.2325
      vertex 91.1917 -17.4682 18.2325
      vertex 91.8535 -16.2302 18.2325
    endloop
  endfacet
  facet normal 0.881921 -0.471397 0
    outer loop
      vertex 91.1917 -17.4682 -18.2325
      vertex 91.8535 -16.2302 -18.2325
      vertex 91.8535 -16.2302 18.2325
    endloop
  endfacet
  facet normal 0.881921 -0.471397 0
    outer loop
      vertex 91.1917 -17.4682 -18.2325
      vertex 91.8535 -16.2302 18.2325
      vertex 91.1917 -17.4682 18.2325
    endloop
  endfacet
  facet normal 0 0 -1
    outer loop
      vertex 60 0 -18.2325
      vertex 92.4661 -14.9671 -18.2325
      vertex 91.8535 -16.2302 -18.2325
    endloop
  endfacet
  facet normal 0 0 1
    outer loop
      vertex 60 0 18.2325
      vertex 91.8535 -16.2302 18.2325
      vertex 92.4661 -14.9671 18.2325
    endloop
  endfacet
  facet normal 0.899748 -0.436409 0
    outer loop
      vertex 91.8535 -16.2302 -18.2325
      vertex 92.4661 -14.9671 -18.2325
      vertex 92.4661 -14.9671 18.2325
    endloop
  endfacet
  facet normal 0.899748 -0.436409 0
    outer loop
      vertex 91.8535 -16.2302 -18.2325
      vertex 92.4661 -14.9671 18.2325
      vertex 91.8535 -16.2302 18.2325
    endloop
  endfacet
  facet normal 0 0 -1
    outer loop
      vertex 60 0 -18.2325
      vertex 93.0287 -13.6809 -18.2325
      vertex 92.4661 -14.9671 -18.2325
    endloop
  endfacet
  facet normal 0 0 1
    outer loop
      vertex 60 0 18.2325
      vertex 92.4661 -14.9671 18.2325
      vertex 93.0287 -13.6809 18.2325
    endloop
  endfacet
  facet normal 0.916188 -0.400749 0
    outer loop
      vertex 92.4661 -14.9671 -18.2325
      vertex 93.0287 -13.6809 -18.2325
      vertex 93.0287 -13.6809 18.2325
    endloop
  endfacet
  facet normal 0.916188 -0.400749 0
    outer loop
      vertex 92.4661 -14.9671 -18.2325
      vertex 93.0287 -13.6809 18.2325
      vertex 92.4661 -14.9671 18.2325
    endloop
  endfacet
  facet normal 0 0 -1
    outer loop
      vertex 60 0 -18.2325
      vertex 93.5403 -12.3737 -18.2325
      vertex 93.0287 -13.6809 -18.2325
    endloop
  endfacet
  facet normal 0 0 1
    outer loop
      vertex 60 0 18.2325
      vertex 93.0287 -13.6809 18.2325
      vertex 93.5403 -12.3737 18.2325
    endloop
  endfacet
  facet normal 0.931215 -0.36447 0
    outer loop
      vertex 93.0287 -13.6809 -18.2325
      vertex 93.5403 -12.3737 -18.2325
      vertex 93.5403 -12.3737 18.2325
    endloop
  endfacet
  facet normal 0.931215 -0.36447 0
    outer loop
      vertex 93.0287 -13.6809 -18.2325
      vertex 93.5403 -12.3737 18.2325
      vertex 93.0287 -13.6809 18.2325
    endloop
  endfacet
  facet normal 0 0 -1
    outer loop
      vertex 60 0 -18.2325
      vertex 94.0003 -11.0474 -18.2325
      vertex 93.5403 -12.3737 -18.2325
    endloop
  endfacet
  facet normal 0 0 1
    outer loop
      vertex 60 0 18.2325
      vertex 93.5403 -12.3737 18.2325
      vertex 94.0003 -11.0474 18.2325
    endloop
  endfacet
  facet normal 0.944806 -0.32763 0
    outer loop
      vertex 93.5403 -12.3737 -18.2325
      vertex 94.0003 -11.0474 -18.2325
      vertex 94.0003 -11.0474 18.2325
    endloop
  endfacet
  facet normal 0.944806 -0.32763 0
    outer loop
      vertex 93.5403 -12.3737 -18.2325
      vertex 94.0003 -11.0474 18.2325
      vertex 93.5403 -12.3737 18.2325
    endloop
  endfacet
  facet normal 0 0 -1
    outer loop
      vertex 60 0 -18.2325
      vertex 94.4078 -9.704 -18.2325
      vertex 94.0003 -11.0474 -18.2325
    endloop
  endfacet
  facet normal 0 0 1
    outer loop
      vertex 60 0 18.2325
      vertex 94.0003 -11.0474 18.2325
      vertex 94.4078 -9.704 18.2325
    endloop
  endfacet
  facet normal 0.95694 -0.290285 0
    outer loop
      vertex 94.0003 -11.0474 -18.2325
      vertex 94.4078 -9.704 -18.2325
      vertex 94.4078 -9.704 18.2325
    endloop
  endfacet
  facet normal 0.95694 -0.290285 0
    outer loop
      vertex 94.0003 -11.0474 -18.2325
      vertex 94.4078 -9.704 18.2325
      vertex 94.0003 -11.0474 18.2325
    endloop
  endfacet
  facet normal 0 0 -1
    outer loop
      vertex 60 0 -18.2325
      vertex 94.7622 -8.34567 -18.2325
      vertex 94.4078 -9.704 -18.2325
    endloop
  endfacet
  facet normal 0 0 1
    outer loop
      vertex 60 0 18.2325
      vertex 94.4078 -9.704 18.2325
      vertex 94.7622 -8.34567 18.2325
    endloop
  endfacet
  facet normal 0.967599 -0.252492 0
    outer loop
      vertex 94.4078 -9.704 -18.2325
      vertex 94.7622 -8.34567 -18.2325
      vertex 94.7622 -8.34567 18.2325
    endloop
  endfacet
  facet normal 0.967599 -0.252492 0
    outer loop
      vertex 94.4078 -9.704 -18.2325
      vertex 94.7622 -8.34567 18.2325
      vertex 94.4078 -9.704 18.2325
    endloop
  endfacet
  facet normal 0 0 -1
    outer loop
      vertex 60 0 -18.2325
      vertex 95.0631 -6.97448 -18.2325
      vertex 94.7622 -8.34567 -18.2325
    endloop
  endfacet
  facet normal 0 0 1
    outer loop
      vertex 60 0 18.2325
      vertex 94.7622 -8.34567 18.2325
      vertex 95.0631 -6.97448 18.2325
    endloop
  endfacet
  facet normal 0.976766 -0.214309 0
    outer loop
      vertex 94.7622 -8.34567 -18.2325
      vertex 95.0631 -6.97448 -18.2325
      vertex 95.0631 -6.97448 18.2325
    endloop
  endfacet
  facet normal 0.976766 -0.214309 0
    outer loop
      vertex 94.7622 -8.34567 -18.2325
      vertex 95.0631 -6.97448 18.2325
      vertex 94.7622 -8.34567 18.2325
    endloop
  endfacet
  facet normal 0 0 -1
    outer loop
      vertex 60 0 -18.2325
      vertex 95.3099 -5.59253 -18.2325
      vertex 95.0631 -6.97448 -18.2325
    endloop
  endfacet
  facet normal 0 0 1
    outer loop
      vertex 60 0 18.2325
      vertex 95.0631 -6.97448 18.2325
      vertex 95.3099 -5.59253 18.2325
    endloop
  endfacet
  facet normal 0.984427 -0.175796 0
    outer loop
      vertex 95.0631 -6.97448 -18.2325
      vertex 95.3099 -5.59253 -18.2325
      vertex 95.3099 -5.59253 18.2325
    endloop
  endfacet
  facet normal 0.984427 -0.175796 0
    outer loop
      vertex 95.0631 -6.97448 -18.2325
      vertex 95.3099 -5.59253 18.2325
      vertex 95.0631 -6.97448 18.2325
    endloop
  endfacet
  facet normal 0 0 -1
    outer loop
      vertex 60 0 -18.2325
      vertex 95.5022 -4.20196 -18.2325
      vertex 95.3099 -5.59253 -18.2325
    endloop
  endfacet
  facet normal 0 0 1
    outer loop
      vertex 60 0 18.2325
      vertex 95.3099 -5.59253 18.2325
      vertex 95.5022 -4.20196 18.2325
    endloop
  endfacet
  facet normal 0.990569 -0.137012 0
    outer loop
      vertex 95.3099 -5.59253 -18.2325
      vertex 95.5022 -4.20196 -18.2325
      vertex 95.5022 -4.20196 18.2325
    endloop
  endfacet
  facet normal 0.990569 -0.137012 0
    outer loop
      vertex 95.3099 -5.59253 -18.2325
      vertex 95.5022 -4.20196 18.2325
      vertex 95.3099 -5.59253 18.2325
    endloop
  endfacet
  facet normal 0 0 -1
    outer loop
      vertex 60 0 -18.2325
      vertex 95.6398 -2.80491 -18.2325
      vertex 95.5022 -4.20196 -18.2325
    endloop
  endfacet
  facet normal 0 0 1
    outer loop
      vertex 60 0 18.2325
      vertex 95.5022 -4.20196 18.2325
      vertex 95.6398 -2.80491 18.2325
    endloop
  endfacet
  facet normal 0.995185 -0.0980171 0
    outer loop
      vertex 95.5022 -4.20196 -18.2325
      vertex 95.6398 -2.80491 -18.2325
      vertex 95.6398 -2.80491 18.2325
    endloop
  endfacet
  facet normal 0.995185 -0.0980171 0
    outer loop
      vertex 95.5022 -4.20196 -18.2325
      vertex 95.6398 -2.80491 18.2325
      vertex 95.5022 -4.20196 18.2325
    endloop
  endfacet
  facet normal 0 0 -1
    outer loop
      vertex 60 0 -18.2325
      vertex 95.7224 -1.40354 -18.2325
      vertex 95.6398 -2.80491 -18.2325
    endloop
  endfacet
  facet normal 0 0 1
    outer loop
      vertex 60 0 18.2325
      vertex 95.6398 -2.80491 18.2325
      vertex 95.7224 -1.40354 18.2325
    endloop
  endfacet
  facet normal 0.998266 -0.0588708 0
    outer loop
      vertex 95.6398 -2.80491 -18.2325
      vertex 95.7224 -1.40354 -18.2325
      vertex 95.7224 -1.40354 18.2325
    endloop
  endfacet
  facet normal 0.998266 -0.0588708 0
    outer loop
      vertex 95.6398 -2.80491 -18.2325
      vertex 95.7224 -1.40354 18.2325
      vertex 95.6398 -2.80491 18.2325
    endloop
  endfacet
  facet normal 0 0 -1
    outer loop
      vertex 60 0 -18.2325
      vertex 95.75 -8.75622e-15 -18.2325
      vertex 95.7224 -1.40354 -18.2325
    endloop
  endfacet
  facet normal 0 0 1
    outer loop
      vertex 60 0 18.2325
      vertex 95.7224 -1.40354 18.2325
      vertex 95.75 -8.75622e-15 18.2325
    endloop
  endfacet
  facet normal 0.999807 -0.0196337 0
    outer loop
      vertex 95.7224 -1.40354 -18.2325
      vertex 95.75 -8.75622e-15 -18.2325
      vertex 95.75 -8.75622e-15 18.2325
    endloop
  endfacet
  facet normal 0.999807 -0.0196337 0
    outer loop
      vertex 95.7224 -1.40354 -18.2325
      vertex 95.75 -8.75622e-15 18.2325
      vertex 95.7224 -1.40354 18.2325
    endloop
  endfacet
  facet normal 0 0 -1
    outer loop
      vertex 0 -43.505 -62.2325
      vertex 60 43.505 -62.2325
      vertex 60 -43.505 -62.2325
    endloop
  endfacet
  facet normal 0 0 -1
    outer loop
      vertex 0 -43.505 -62.2325
      vertex 0 43.505 -62.2325
      vertex 60 43.505 -62.2325
    endloop
  endfacet
  facet normal 0 0 1
    outer loop
      vertex 0 -43.505 -18.2325
      vertex 60 -43.505 -18.2325
      vertex 60 43.505 -18.2325
    endloop
  endfacet
  facet normal 0 0 1
    outer loop
      vertex 0 -43.505 -18.2325
      vertex 60 43.505 -18.2325
      vertex 0 43.505 -18.2325
    endloop
  endfacet
  facet normal -1 0 0
    outer loop
      vertex 0 -43.505 -62.2325
      vertex 0 -43.505 -18.2325
      vertex 0 43.505 -18.2325
    endloop
  endfacet
  facet normal -1 0 0
    outer loop
      vertex 0 -43.505 -62.2325
      vertex 0 43.505 -18.2325
      vertex 0 43.505 -62.2325
    endloop
  endfacet
  facet normal 1 0 0
    outer loop
      vertex 60 -43.505 -62.2325
      vertex 60 43.505 -62.2325
      vertex 60 43.505 -18.2325
    endloop
  endfacet
  facet normal 1 0 0
    outer loop
      vertex 60 -43.505 -62.2325
      vertex 60 43.505 -18.2325
      vertex 60 -43.505 -18.2325
    endloop
  endfacet
  facet normal 0 -1 0
    outer loop
      vertex 0 -43.505 -62.2325
      vertex 60 -43.505 -62.2325
      vertex 60 -43.505 -18.2325
    endloop
  endfacet
  facet normal 0 -1 0
    outer loop
      vertex 0 -43.505 -62.2325
      vertex 60 -43.505 -18.2325
      vertex 0 -43.505 -18.2325
    endloop
  endfacet
  facet normal 0 1 0
    outer loop
      vertex 0 43.505 -62.2325
      vertex 0 43.505 -18.2325
      vertex 60 43.505 -18.2325
    endloop
  endfacet
  facet normal 0 1 0
    outer loop
      vertex 0 43.505 -62.2325
      vertex 60 43.505 -18.2325
      vertex 60 43.505 -62.2325
    endloop
  endfacet
  facet normal 0 0 -1
    outer loop
      vertex 0 0 -62.2325
      vertex 43.4715 1.708 -62.2325
      vertex 43.505 0 -62.2325
    endloop
  endfacet
  facet normal 0 0 1
    outer loop
      vertex 0 0 -18.2325
      vertex 43.505 0 -18.2325
      vertex 43.4715 1.708 -18.2325
    endloop
  endfacet
  facet normal 0.999807 0.0196337 0
    outer loop
      vertex 43.505 0 -62.2325
      vertex 43.4715 1.708 -62.2325
      vertex 43.4715 1.708 -18.2325
    endloop
  endfacet
  facet normal 0.999807 0.0196337 0
    outer loop
      vertex 43.505 0 -62.2325
      vertex 43.4715 1.708 -18.2325
      vertex 43.505 0 -18.2325
    endloop
  endfacet
  facet normal 0 0 -1
    outer loop
      vertex 0 0 -62.2325
      vertex 43.3709 3.41336 -62.2325
      vertex 43.4715 1.708 -62.2325
    endloop
  endfacet
  facet normal 0 0 1
    outer loop
      vertex 0 0 -18.2325
      vertex 43.4715 1.708 -18.2325
      vertex 43.3709 3.41336 -18.2325
    endloop
  endfacet
  facet normal 0.998266 0.0588708 0
    outer loop
      vertex 43.4715 1.708 -62.2325
      vertex 43.3709 3.41336 -62.2325
      vertex 43.3709 3.41336 -18.2325
    endloop
  endfacet
  facet normal 0.998266 0.0588708 0
    outer loop
      vertex 43.4715 1.708 -62.2325
      vertex 43.3709 3.41336 -18.2325
      vertex 43.4715 1.708 -18.2325
    endloop
  endfacet
  facet normal 0 0 -1
    outer loop
      vertex 0 0 -62.2325
      vertex 43.2034 5.11346 -62.2325
      vertex 43.3709 3.41336 -62.2325
    endloop
  endfacet
  facet normal 0 0 1
    outer loop
      vertex 0 0 -18.2325
      vertex 43.3709 3.41336 -18.2325
      vertex 43.2034 5.11346 -18.2325
    endloop
  endfacet
  facet normal 0.995185 0.0980171 0
    outer loop
      vertex 43.3709 3.41336 -62.2325
      vertex 43.2034 5.11346 -62.2325
      vertex 43.2034 5.11346 -18.2325
    endloop
  endfacet
  facet normal 0.995185 0.0980171 0
    outer loop
      vertex 43.3709 3.41336 -62.2325
      vertex 43.2034 5.11346 -18.2325
      vertex 43.3709 3.41336 -18.2325
    endloop
  endfacet
  facet normal 0 0 -1
    outer loop
      vertex 0 0 -62.2325
      vertex 42.9694 6.80568 -62.2325
      vertex 43.2034 5.11346 -62.2325
    endloop
  endfacet
  facet normal 0 0 1
    outer loop
      vertex 0 0 -18.2325
      vertex 43.2034 5.11346 -18.2325
      vertex 42.9694 6.80568 -18.2325
    endloop
  endfacet
  facet normal 0.990569 0.137012 0
    outer loop
      vertex 43.2034 5.11346 -62.2325
      vertex 42.9694 6.80568 -62.2325
      vertex 42.9694 6.80568 -18.2325
    endloop
  endfacet
  facet normal 0.990569 0.137012 0
    outer loop
      vertex 43.2034 5.11346 -62.2325
      vertex 42.9694 6.80568 -18.2325
      vertex 43.2034 5.11346 -18.2325
    endloop
  endfacet
  facet normal 0 0 -1
    outer loop
      vertex 0 0 -62.2325
      vertex 42.6691 8.4874 -62.2325
      vertex 42.9694 6.80568 -62.2325
    endloop
  endfacet
  facet normal 0 0 1
    outer loop
      vertex 0 0 -18.2325
      vertex 42.9694 6.80568 -18.2325
      vertex 42.6691 8.4874 -18.2325
    endloop
  endfacet
  facet normal 0.984427 0.175796 0
    outer loop
      vertex 42.9694 6.80568 -62.2325
      vertex 42.6691 8.4874 -62.2325
      vertex 42.6691 8.4874 -18.2325
    endloop
  endfacet
  facet normal 0.984427 0.175796 0
    outer loop
      vertex 42.9694 6.80568 -62.2325
      vertex 42.6691 8.4874 -18.2325
      vertex 42.9694 6.80568 -18.2325
    endloop
  endfacet
  facet normal 0 0 -1
    outer loop
      vertex 0 0 -62.2325
      vertex 42.303 10.156 -62.2325
      vertex 42.6691 8.4874 -62.2325
    endloop
  endfacet
  facet normal 0 0 1
    outer loop
      vertex 0 0 -18.2325
      vertex 42.6691 8.4874 -18.2325
      vertex 42.303 10.156 -18.2325
    endloop
  endfacet
  facet normal 0.976766 0.214309 0
    outer loop
      vertex 42.6691 8.4874 -62.2325
      vertex 42.303 10.156 -62.2325
      vertex 42.303 10.156 -18.2325
    endloop
  endfacet
  facet normal 0.976766 0.214309 0
    outer loop
      vertex 42.6691 8.4874 -62.2325
      vertex 42.303 10.156 -18.2325
      vertex 42.6691 8.4874 -18.2325
    endloop
  endfacet
  facet normal 0 0 -1
    outer loop
      vertex 0 0 -62.2325
      vertex 41.8716 11.809 -62.2325
      vertex 42.303 10.156 -62.2325
    endloop
  endfacet
  facet normal 0 0 1
    outer loop
      vertex 0 0 -18.2325
      vertex 42.303 10.156 -18.2325
      vertex 41.8716 11.809 -18.2325
    endloop
  endfacet
  facet normal 0.967599 0.252492 0
    outer loop
      vertex 42.303 10.156 -62.2325
      vertex 41.8716 11.809 -62.2325
      vertex 41.8716 11.809 -18.2325
    endloop
  endfacet
  facet normal 0.967599 0.252492 0
    outer loop
      vertex 42.303 10.156 -62.2325
      vertex 41.8716 11.809 -18.2325
      vertex 42.303 10.156 -18.2325
    endloop
  endfacet
  facet normal 0 0 -1
    outer loop
      vertex 0 0 -62.2325
      vertex 41.3757 13.4438 -62.2325
      vertex 41.8716 11.809 -62.2325
    endloop
  endfacet
  facet normal 0 0 1
    outer loop
      vertex 0 0 -18.2325
      vertex 41.8716 11.809 -18.2325
      vertex 41.3757 13.4438 -18.2325
    endloop
  endfacet
  facet normal 0.95694 0.290285 0
    outer loop
      vertex 41.8716 11.809 -62.2325
      vertex 41.3757 13.4438 -62.2325
      vertex 41.3757 13.4438 -18.2325
    endloop
  endfacet
  facet normal 0.95694 0.290285 0
    outer loop
      vertex 41.8716 11.809 -62.2325
      vertex 41.3757 13.4438 -18.2325
      vertex 41.8716 11.809 -18.2325
    endloop
  endfacet
  facet normal 0 0 -1
    outer loop
      vertex 0 0 -62.2325
      vertex 40.816 15.0578 -62.2325
      vertex 41.3757 13.4438 -62.2325
    endloop
  endfacet
  facet normal 0 0 1
    outer loop
      vertex 0 0 -18.2325
      vertex 41.3757 13.4438 -18.2325
      vertex 40.816 15.0578 -18.2325
    endloop
  endfacet
  facet normal 0.944806 0.32763 0
    outer loop
      vertex 41.3757 13.4438 -62.2325
      vertex 40.816 15.0578 -62.2325
      vertex 40.816 15.0578 -18.2325
    endloop
  endfacet
  facet normal 0.944806 0.32763 0
    outer loop
      vertex 41.3757 13.4438 -62.2325
      vertex 40.816 15.0578 -18.2325
      vertex 41.3757 13.4438 -18.2325
    endloop
  endfacet
  facet normal 0 0 -1
    outer loop
      vertex 0 0 -62.2325
      vertex 40.1934 16.6486 -62.2325
      vertex 40.816 15.0578 -62.2325
    endloop
  endfacet
  facet normal 0 0 1
    outer loop
      vertex 0 0 -18.2325
      vertex 40.816 15.0578 -18.2325
      vertex 40.1934 16.6486 -18.2325
    endloop
  endfacet
  facet normal 0.931215 0.36447 0
    outer loop
      vertex 40.816 15.0578 -62.2325
      vertex 40.1934 16.6486 -62.2325
      vertex 40.1934 16.6486 -18.2325
    endloop
  endfacet
  facet normal 0.931215 0.36447 0
    outer loop
      vertex 40.816 15.0578 -62.2325
      vertex 40.1934 16.6486 -18.2325
      vertex 40.816 15.0578 -18.2325
    endloop
  endfacet
  facet normal 0 0 -1
    outer loop
      vertex 0 0 -62.2325
      vertex 39.5088 18.2138 -62.2325
      vertex 40.1934 16.6486 -62.2325
    endloop
  endfacet
  facet normal 0 0 1
    outer loop
      vertex 0 0 -18.2325
      vertex 40.1934 16.6486 -18.2325
      vertex 39.5088 18.2138 -18.2325
    endloop
  endfacet
  facet normal 0.916188 0.400749 0
    outer loop
      vertex 40.1934 16.6486 -62.2325
      vertex 39.5088 18.2138 -62.2325
      vertex 39.5088 18.2138 -18.2325
    endloop
  endfacet
  facet normal 0.916188 0.400749 0
    outer loop
      vertex 40.1934 16.6486 -62.2325
      vertex 39.5088 18.2138 -18.2325
      vertex 40.1934 16.6486 -18.2325
    endloop
  endfacet
  facet normal 0 0 -1
    outer loop
      vertex 0 0 -62.2325
      vertex 38.7632 19.7509 -62.2325
      vertex 39.5088 18.2138 -62.2325
    endloop
  endfacet
  facet normal 0 0 1
    outer loop
      vertex 0 0 -18.2325
      vertex 39.5088 18.2138 -18.2325
      vertex 38.7632 19.7509 -18.2325
    endloop
  endfacet
  facet normal 0.899748 0.436409 0
    outer loop
      vertex 39.5088 18.2138 -62.2325
      vertex 38.7632 19.7509 -62.2325
      vertex 38.7632 19.7509 -18.2325
    endloop
  endfacet
  facet normal 0.899748 0.436409 0
    outer loop
      vertex 39.5088 18.2138 -62.2325
      vertex 38.7632 19.7509 -18.2325
      vertex 39.5088 18.2138 -18.2325
    endloop
  endfacet
  facet normal 0 0 -1
    outer loop
      vertex 0 0 -62.2325
      vertex 37.9579 21.2575 -62.2325
      vertex 38.7632 19.7509 -62.2325
    endloop
  endfacet
  facet normal 0 0 1
    outer loop
      vertex 0 0 -18.2325
      vertex 38.7632 19.7509 -18.2325
      vertex 37.9579 21.2575 -18.2325
    endloop
  endfacet
  facet normal 0.881921 0.471397 0
    outer loop
      vertex 38.7632 19.7509 -62.2325
      vertex 37.9579 21.2575 -62.2325
      vertex 37.9579 21.2575 -18.2325
    endloop
  endfacet
  facet normal 0.881921 0.471397 0
    outer loop
      vertex 38.7632 19.7509 -62.2325
      vertex 37.9579 21.2575 -18.2325
      vertex 38.7632 19.7509 -18.2325
    endloop
  endfacet
  facet normal 0 0 -1
    outer loop
      vertex 0 0 -62.2325
      vertex 37.0941 22.7313 -62.2325
      vertex 37.9579 21.2575 -62.2325
    endloop
  endfacet
  facet normal 0 0 1
    outer loop
      vertex 0 0 -18.2325
      vertex 37.9579 21.2575 -18.2325
      vertex 37.0941 22.7313 -18.2325
    endloop
  endfacet
  facet normal 0.862734 0.505657 0
    outer loop
      vertex 37.9579 21.2575 -62.2325
      vertex 37.0941 22.7313 -62.2325
      vertex 37.0941 22.7313 -18.2325
    endloop
  endfacet
  facet normal 0.862734 0.505657 0
    outer loop
      vertex 37.9579 21.2575 -62.2325
      vertex 37.0941 22.7313 -18.2325
      vertex 37.9579 21.2575 -18.2325
    endloop
  endfacet
  facet normal 0 0 -1
    outer loop
      vertex 0 0 -62.2325
      vertex 36.1731 24.1701 -62.2325
      vertex 37.0941 22.7313 -62.2325
    endloop
  endfacet
  facet normal 0 0 1
    outer loop
      vertex 0 0 -18.2325
      vertex 37.0941 22.7313 -18.2325
      vertex 36.1731 24.1701 -18.2325
    endloop
  endfacet
  facet normal 0.842217 0.539138 0
    outer loop
      vertex 37.0941 22.7313 -62.2325
      vertex 36.1731 24.1701 -62.2325
      vertex 36.1731 24.1701 -18.2325
    endloop
  endfacet
  facet normal 0.842217 0.539138 0
    outer loop
      vertex 37.0941 22.7313 -62.2325
      vertex 36.1731 24.1701 -18.2325
      vertex 37.0941 22.7313 -18.2325
    endloop
  endfacet
  facet normal 0 0 -1
    outer loop
      vertex 0 0 -62.2325
      vertex 35.1963 25.5716 -62.2325
      vertex 36.1731 24.1701 -62.2325
    endloop
  endfacet
  facet normal 0 0 1
    outer loop
      vertex 0 0 -18.2325
      vertex 36.1731 24.1701 -18.2325
      vertex 35.1963 25.5716 -18.2325
    endloop
  endfacet
  facet normal 0.820401 0.571788 0
    outer loop
      vertex 36.1731 24.1701 -62.2325
      vertex 35.1963 25.5716 -62.2325
      vertex 35.1963 25.5716 -18.2325
    endloop
  endfacet
  facet normal 0.820401 0.571788 0
    outer loop
      vertex 36.1731 24.1701 -62.2325
      vertex 35.1963 25.5716 -18.2325
      vertex 36.1731 24.1701 -18.2325
    endloop
  endfacet
  facet normal 0 0 -1
    outer loop
      vertex 0 0 -62.2325
      vertex 34.1652 26.9337 -62.2325
      vertex 35.1963 25.5716 -62.2325
    endloop
  endfacet
  facet normal 0 0 1
    outer loop
      vertex 0 0 -18.2325
      vertex 35.1963 25.5716 -18.2325
      vertex 34.1652 26.9337 -18.2325
    endloop
  endfacet
  facet normal 0.797321 0.603556 0
    outer loop
      vertex 35.1963 25.5716 -62.2325
      vertex 34.1652 26.9337 -62.2325
      vertex 34.1652 26.9337 -18.2325
    endloop
  endfacet
  facet normal 0.797321 0.603556 0
    outer loop
      vertex 35.1963 25.5716 -62.2325
      vertex 34.1652 26.9337 -18.2325
      vertex 35.1963 25.5716 -18.2325
    endloop
  endfacet
  facet normal 0 0 -1
    outer loop
      vertex 0 0 -62.2325
      vertex 33.0815 28.2542 -62.2325
      vertex 34.1652 26.9337 -62.2325
    endloop
  endfacet
  facet normal 0 0 1
    outer loop
      vertex 0 0 -18.2325
      vertex 34.1652 26.9337 -18.2325
      vertex 33.0815 28.2542 -18.2325
    endloop
  endfacet
  facet normal 0.77301 0.634393 0
    outer loop
      vertex 34.1652 26.9337 -62.2325
      vertex 33.0815 28.2542 -62.2325
      vertex 33.0815 28.2542 -18.2325
    endloop
  endfacet
  facet normal 0.77301 0.634393 0
    outer loop
      vertex 34.1652 26.9337 -62.2325
      vertex 33.0815 28.2542 -18.2325
      vertex 34.1652 26.9337 -18.2325
    endloop
  endfacet
  facet normal 0 0 -1
    outer loop
      vertex 0 0 -62.2325
      vertex 31.9467 29.5312 -62.2325
      vertex 33.0815 28.2542 -62.2325
    endloop
  endfacet
  facet normal 0 0 1
    outer loop
      vertex 0 0 -18.2325
      vertex 33.0815 28.2542 -18.2325
      vertex 31.9467 29.5312 -18.2325
    endloop
  endfacet
  facet normal 0.747508 0.664252 0
    outer loop
      vertex 33.0815 28.2542 -62.2325
      vertex 31.9467 29.5312 -62.2325
      vertex 31.9467 29.5312 -18.2325
    endloop
  endfacet
  facet normal 0.747508 0.664252 0
    outer loop
      vertex 33.0815 28.2542 -62.2325
      vertex 31.9467 29.5312 -18.2325
      vertex 33.0815 28.2542 -18.2325
    endloop
  endfacet
  facet normal 0 0 -1
    outer loop
      vertex 0 0 -62.2325
      vertex 30.7627 30.7627 -62.2325
      vertex 31.9467 29.5312 -62.2325
    endloop
  endfacet
  facet normal 0 0 1
    outer loop
      vertex 0 0 -18.2325
      vertex 31.9467 29.5312 -18.2325
      vertex 30.7627 30.7627 -18.2325
    endloop
  endfacet
  facet normal 0.720854 0.693087 0
    outer loop
      vertex 31.9467 29.5312 -62.2325
      vertex 30.7627 30.7627 -62.2325
      vertex 30.7627 30.7627 -18.2325
    endloop
  endfacet
  facet normal 0.720854 0.693087 0
    outer loop
      vertex 31.9467 29.5312 -62.2325
      vertex 30.7627 30.7627 -18.2325
      vertex 31.9467 29.5312 -18.2325
    endloop
  endfacet
  facet normal 0 0 -1
    outer loop
      vertex 0 0 -62.2325
      vertex 29.5312 31.9467 -62.2325
      vertex 30.7627 30.7627 -62.2325
    endloop
  endfacet
  facet normal 0 0 1
    outer loop
      vertex 0 0 -18.2325
      vertex 30.7627 30.7627 -18.2325
      vertex 29.5312 31.9467 -18.2325
    endloop
  endfacet
  facet normal 0.693087 0.720854 0
    outer loop
      vertex 30.7627 30.7627 -62.2325
      vertex 29.5312 31.9467 -62.2325
      vertex 29.5312 31.9467 -18.2325
    endloop
  endfacet
  facet normal 0.693087 0.720854 0
    outer loop
      vertex 30.7627 30.7627 -62.2325
      vertex 29.5312 31.9467 -18.2325
      vertex 30.7627 30.7627 -18.2325
    endloop
  endfacet
  facet normal 0 0 -1
    outer loop
      vertex 0 0 -62.2325
      vertex 28.2542 33.0815 -62.2325
      vertex 29.5312 31.9467 -62.2325
    endloop
  endfacet
  facet normal 0 0 1
    outer loop
      vertex 0 0 -18.2325
      vertex 29.5312 31.9467 -18.2325
      vertex 28.2542 33.0815 -18.2325
    endloop
  endfacet
  facet normal 0.664252 0.747508 0
    outer loop
      vertex 29.5312 31.9467 -62.2325
      vertex 28.2542 33.0815 -62.2325
      vertex 28.2542 33.0815 -18.2325
    endloop
  endfacet
  facet normal 0.664252 0.747508 0
    outer loop
      vertex 29.5312 31.9467 -62.2325
      vertex 28.2542 33.0815 -18.2325
      vertex 29.5312 31.9467 -18.2325
    endloop
  endfacet
  facet normal 0 0 -1
    outer loop
      vertex 0 0 -62.2325
      vertex 26.9337 34.1652 -62.2325
      vertex 28.2542 33.0815 -62.2325
    endloop
  endfacet
  facet normal 0 0 1
    outer loop
      vertex 0 0 -18.2325
      vertex 28.2542 33.0815 -18.2325
      vertex 26.9337 34.1652 -18.2325
    endloop
  endfacet
  facet normal 0.634393 0.77301 0
    outer loop
      vertex 28.2542 33.0815 -62.2325
      vertex 26.9337 34.1652 -62.2325
      vertex 26.9337 34.1652 -18.2325
    endloop
  endfacet
  facet normal 0.634393 0.77301 0
    outer loop
      vertex 28.2542 33.0815 -62.2325
      vertex 26.9337 34.1652 -18.2325
      vertex 28.2542 33.0815 -18.2325
    endloop
  endfacet
  facet normal 0 0 -1
    outer loop
      vertex 0 0 -62.2325
      vertex 25.5716 35.1963 -62.2325
      vertex 26.9337 34.1652 -62.2325
    endloop
  endfacet
  facet normal 0 0 1
    outer loop
      vertex 0 0 -18.2325
      vertex 26.9337 34.1652 -18.2325
      vertex 25.5716 35.1963 -18.2325
    endloop
  endfacet
  facet normal 0.603556 0.797321 0
    outer loop
      vertex 26.9337 34.1652 -62.2325
      vertex 25.5716 35.1963 -62.2325
      vertex 25.5716 35.1963 -18.2325
    endloop
  endfacet
  facet normal 0.603556 0.797321 0
    outer loop
      vertex 26.9337 34.1652 -62.2325
      vertex 25.5716 35.1963 -18.2325
      vertex 26.9337 34.1652 -18.2325
    endloop
  endfacet
  facet normal 0 0 -1
    outer loop
      vertex 0 0 -62.2325
      vertex 24.1701 36.1731 -62.2325
      vertex 25.5716 35.1963 -62.2325
    endloop
  endfacet
  facet normal 0 0 1
    outer loop
      vertex 0 0 -18.2325
      vertex 25.5716 35.1963 -18.2325
      vertex 24.1701 36.1731 -18.2325
    endloop
  endfacet
  facet normal 0.571788 0.820401 0
    outer loop
      vertex 25.5716 35.1963 -62.2325
      vertex 24.1701 36.1731 -62.2325
      vertex 24.1701 36.1731 -18.2325
    endloop
  endfacet
  facet normal 0.571788 0.820401 0
    outer loop
      vertex 25.5716 35.1963 -62.2325
      vertex 24.1701 36.1731 -18.2325
      vertex 25.5716 35.1963 -18.2325
    endloop
  endfacet
  facet normal 0 0 -1
    outer loop
      vertex 0 0 -62.2325
      vertex 22.7313 37.0941 -62.2325
      vertex 24.1701 36.1731 -62.2325
    endloop
  endfacet
  facet normal 0 0 1
    outer loop
      vertex 0 0 -18.2325
      vertex 24.1701 36.1731 -18.2325
      vertex 22.7313 37.0941 -18.2325
    endloop
  endfacet
  facet normal 0.539138 0.842217 0
    outer loop
      vertex 24.1701 36.1731 -62.2325
      vertex 22.7313 37.0941 -62.2325
      vertex 22.7313 37.0941 -18.2325
    endloop
  endfacet
  facet normal 0.539138 0.842217 0
    outer loop
      vertex 24.1701 36.1731 -62.2325
      vertex 22.7313 37.0941 -18.2325
      vertex 24.1701 36.1731 -18.2325
    endloop
  endfacet
  facet normal 0 0 -1
    outer loop
      vertex 0 0 -62.2325
      vertex 21.2575 37.9579 -62.2325
      vertex 22.7313 37.0941 -62.2325
    endloop
  endfacet
  facet normal 0 0 1
    outer loop
      vertex 0 0 -18.2325
      vertex 22.7313 37.0941 -18.2325
      vertex 21.2575 37.9579 -18.2325
    endloop
  endfacet
  facet normal 0.505657 0.862734 0
    outer loop
      vertex 22.7313 37.0941 -62.2325
      vertex 21.2575 37.9579 -62.2325
      vertex 21.2575 37.9579 -18.2325
    endloop
  endfacet
  facet normal 0.505657 0.862734 0
    outer loop
      vertex 22.7313 37.0941 -62.2325
      vertex 21.2575 37.9579 -18.2325
      vertex 22.7313 37.0941 -18.2325
    endloop
  endfacet
  facet normal 0 0 -1
    outer loop
      vertex 0 0 -62.2325
      vertex 19.7509 38.7632 -62.2325
      vertex 21.2575 37.9579 -62.2325
    endloop
  endfacet
  facet normal 0 0 1
    outer loop
      vertex 0 0 -18.2325
      vertex 21.2575 37.9579 -18.2325
      vertex 19.7509 38.7632 -18.2325
    endloop
  endfacet
  facet normal 0.471397 0.881921 0
    outer loop
      vertex 21.2575 37.9579 -62.2325
      vertex 19.7509 38.7632 -62.2325
      vertex 19.7509 38.7632 -18.2325
    endloop
  endfacet
  facet normal 0.471397 0.881921 0
    outer loop
      vertex 21.2575 37.9579 -62.2325
      vertex 19.7509 38.7632 -18.2325
      vertex 21.2575 37.9579 -18.2325
    endloop
  endfacet
  facet normal 0 0 -1
    outer loop
      vertex 0 0 -62.2325
      vertex 18.2138 39.5088 -62.2325
      vertex 19.7509 38.7632 -62.2325
    endloop
  endfacet
  facet normal 0 0 1
    outer loop
      vertex 0 0 -18.2325
      vertex 19.7509 38.7632 -18.2325
      vertex 18.2138 39.5088 -18.2325
    endloop
  endfacet
  facet normal 0.436409 0.899748 0
    outer loop
      vertex 19.7509 38.7632 -62.2325
      vertex 18.2138 39.5088 -62.2325
      vertex 18.2138 39.5088 -18.2325
    endloop
  endfacet
  facet normal 0.436409 0.899748 0
    outer loop
      vertex 19.7509 38.7632 -62.2325
      vertex 18.2138 39.5088 -18.2325
      vertex 19.7509 38.7632 -18.2325
    endloop
  endfacet
  facet normal 0 0 -1
    outer loop
      vertex 0 0 -62.2325
      vertex 16.6486 40.1934 -62.2325
      vertex 18.2138 39.5088 -62.2325
    endloop
  endfacet
  facet normal 0 0 1
    outer loop
      vertex 0 0 -18.2325
      vertex 18.2138 39.5088 -18.2325
      vertex 16.6486 40.1934 -18.2325
    endloop
  endfacet
  facet normal 0.400749 0.916188 0
    outer loop
      vertex 18.2138 39.5088 -62.2325
      vertex 16.6486 40.1934 -62.2325
      vertex 16.6486 40.1934 -18.2325
    endloop
  endfacet
  facet normal 0.400749 0.916188 0
    outer loop
      vertex 18.2138 39.5088 -62.2325
      vertex 16.6486 40.1934 -18.2325
      vertex 18.2138 39.5088 -18.2325
    endloop
  endfacet
  facet normal 0 0 -1
    outer loop
      vertex 0 0 -62.2325
      vertex 15.0578 40.816 -62.2325
      vertex 16.6486 40.1934 -62.2325
    endloop
  endfacet
  facet normal 0 0 1
    outer loop
      vertex 0 0 -18.2325
      vertex 16.6486 40.1934 -18.2325
      vertex 15.0578 40.816 -18.2325
    endloop
  endfacet
  facet normal 0.36447 0.931215 0
    outer loop
      vertex 16.6486 40.1934 -62.2325
      vertex 15.0578 40.816 -62.2325
      vertex 15.0578 40.816 -18.2325
    endloop
  endfacet
  facet normal 0.36447 0.931215 0
    outer loop
      vertex 16.6486 40.1934 -62.2325
      vertex 15.0578 40.816 -18.2325
      vertex 16.6486 40.1934 -18.2325
    endloop
  endfacet
  facet normal 0 0 -1
    outer loop
      vertex 0 0 -62.2325
      vertex 13.4438 41.3757 -62.2325
      vertex 15.0578 40.816 -62.2325
    endloop
  endfacet
  facet normal 0 0 1
    outer loop
      vertex 0 0 -18.2325
      vertex 15.0578 40.816 -18.2325
      vertex 13.4438 41.3757 -18.2325
    endloop
  endfacet
  facet normal 0.32763 0.944806 0
    outer loop
      vertex 15.0578 40.816 -62.2325
      vertex 13.4438 41.3757 -62.2325
      vertex 13.4438 41.3757 -18.2325
    endloop
  endfacet
  facet normal 0.32763 0.944806 0
    outer loop
      vertex 15.0578 40.816 -62.2325
      vertex 13.4438 41.3757 -18.2325
      vertex 15.0578 40.816 -18.2325
    endloop
  endfacet
  facet normal 0 0 -1
    outer loop
      vertex 0 0 -62.2325
      vertex 11.809 41.8716 -62.2325
      vertex 13.4438 41.3757 -62.2325
    endloop
  endfacet
  facet normal 0 0 1
    outer loop
      vertex 0 0 -18.2325
      vertex 13.4438 41.3757 -18.2325
      vertex 11.809 41.8716 -18.2325
    endloop
  endfacet
  facet normal 0.290285 0.95694 0
    outer loop
      vertex 13.4438 41.3757 -62.2325
      vertex 11.809 41.8716 -62.2325
      vertex 11.809 41.8716 -18.2325
    endloop
  endfacet
  facet normal 0.290285 0.95694 0
    outer loop
      vertex 13.4438 41.3757 -62.2325
      vertex 11.809 41.8716 -18.2325
      vertex 13.4438 41.3757 -18.2325
    endloop
  endfacet
  facet normal 0 0 -1
    outer loop
      vertex 0 0 -62.2325
      vertex 10.156 42.303 -62.2325
      vertex 11.809 41.8716 -62.2325
    endloop
  endfacet
  facet normal 0 0 1
    outer loop
      vertex 0 0 -18.2325
      vertex 11.809 41.8716 -18.2325
      vertex 10.156 42.303 -18.2325
    endloop
  endfacet
  facet normal 0.252492 0.967599 0
    outer loop
      vertex 11.809 41.8716 -62.2325
      vertex 10.156 42.303 -62.2325
      vertex 10.156 42.303 -18.2325
    endloop
  endfacet
  facet normal 0.252492 0.967599 0
    outer loop
      vertex 11.809 41.8716 -62.2325
      vertex 10.156 42.303 -18.2325
      vertex 11.809 41.8716 -18.2325
    endloop
  endfacet
  facet normal 0 0 -1
    outer loop
      vertex 0 0 -62.2325
      vertex 8.4874 42.6691 -62.2325
      vertex 10.156 42.303 -62.2325
    endloop
  endfacet
  facet normal 0 0 1
    outer loop
      vertex 0 0 -18.2325
      vertex 10.156 42.303 -18.2325
      vertex 8.4874 42.6691 -18.2325
    endloop
  endfacet
  facet normal 0.214309 0.976766 0
    outer loop
      vertex 10.156 42.303 -62.2325
      vertex 8.4874 42.6691 -62.2325
      vertex 8.4874 42.6691 -18.2325
    endloop
  endfacet
  facet normal 0.214309 0.976766 0
    outer loop
      vertex 10.156 42.303 -62.2325
      vertex 8.4874 42.6691 -18.2325
      vertex 10.156 42.303 -18.2325
    endloop
  endfacet
  facet normal 0 0 -1
    outer loop
      vertex 0 0 -62.2325
      vertex 6.80568 42.9694 -62.2325
      vertex 8.4874 42.6691 -62.2325
    endloop
  endfacet
  facet normal 0 0 1
    outer loop
      vertex 0 0 -18.2325
      vertex 8.4874 42.6691 -18.2325
      vertex 6.80568 42.9694 -18.2325
    endloop
  endfacet
  facet normal 0.175796 0.984427 0
    outer loop
      vertex 8.4874 42.6691 -62.2325
      vertex 6.80568 42.9694 -62.2325
      vertex 6.80568 42.9694 -18.2325
    endloop
  endfacet
  facet normal 0.175796 0.984427 0
    outer loop
      vertex 8.4874 42.6691 -62.2325
      vertex 6.80568 42.9694 -18.2325
      vertex 8.4874 42.6691 -18.2325
    endloop
  endfacet
  facet normal 0 0 -1
    outer loop
      vertex 0 0 -62.2325
      vertex 5.11346 43.2034 -62.2325
      vertex 6.80568 42.9694 -62.2325
    endloop
  endfacet
  facet normal 0 0 1
    outer loop
      vertex 0 0 -18.2325
      vertex 6.80568 42.9694 -18.2325
      vertex 5.11346 43.2034 -18.2325
    endloop
  endfacet
  facet normal 0.137012 0.990569 0
    outer loop
      vertex 6.80568 42.9694 -62.2325
      vertex 5.11346 43.2034 -62.2325
      vertex 5.11346 43.2034 -18.2325
    endloop
  endfacet
  facet normal 0.137012 0.990569 0
    outer loop
      vertex 6.80568 42.9694 -62.2325
      vertex 5.11346 43.2034 -18.2325
      vertex 6.80568 42.9694 -18.2325
    endloop
  endfacet
  facet normal 0 0 -1
    outer loop
      vertex 0 0 -62.2325
      vertex 3.41336 43.3709 -62.2325
      vertex 5.11346 43.2034 -62.2325
    endloop
  endfacet
  facet normal 0 0 1
    outer loop
      vertex 0 0 -18.2325
      vertex 5.11346 43.2034 -18.2325
      vertex 3.41336 43.3709 -18.2325
    endloop
  endfacet
  facet normal 0.0980171 0.995185 0
    outer loop
      vertex 5.11346 43.2034 -62.2325
      vertex 3.41336 43.3709 -62.2325
      vertex 3.41336 43.3709 -18.2325
    endloop
  endfacet
  facet normal 0.0980171 0.995185 0
    outer loop
      vertex 5.11346 43.2034 -62.2325
      vertex 3.41336 43.3709 -18.2325
      vertex 5.11346 43.2034 -18.2325
    endloop
  endfacet
  facet normal 0 0 -1
    outer loop
      vertex 0 0 -62.2325
      vertex 1.708 43.4715 -62.2325
      vertex 3.41336 43.3709 -62.2325
    endloop
  endfacet
  facet normal 0 0 1
    outer loop
      vertex 0 0 -18.2325
      vertex 3.41336 43.3709 -18.2325
      vertex 1.708 43.4715 -18.2325
    endloop
  endfacet
  facet normal 0.0588708 0.998266 0
    outer loop
      vertex 3.41336 43.3709 -62.2325
      vertex 1.708 43.4715 -62.2325
      vertex 1.708 43.4715 -18.2325
    endloop
  endfacet
  facet normal 0.0588708 0.998266 0
    outer loop
      vertex 3.41336 43.3709 -62.2325
      vertex 1.708 43.4715 -18.2325
      vertex 3.41336 43.3709 -18.2325
    endloop
  endfacet
  facet normal 0 0 -1
    outer loop
      vertex 0 0 -62.2325
      vertex 2.66391e-15 43.505 -62.2325
      vertex 1.708 43.4715 -62.2325
    endloop
  endfacet
  facet normal 0 0 1
    outer loop
      vertex 0 0 -18.2325
      vertex 1.708 43.4715 -18.2325
      vertex 2.66391e-15 43.505 -18.2325
    endloop
  endfacet
  facet normal 0.0196337 0.999807 0
    outer loop
      vertex 1.708 43.4715 -62.2325
      vertex 2.66391e-15 43.505 -62.2325
      vertex 2.66391e-15 43.505 -18.2325
    endloop
  endfacet
  facet normal 0.0196337 0.999807 0
    outer loop
      vertex 1.708 43.4715 -62.2325
      vertex 2.66391e-15 43.505 -18.2325
      vertex 1.708 43.4715 -18.2325
    endloop
  endfacet
  facet normal 0 0 -1
    outer loop
      vertex 0 0 -62.2325
      vertex -1.708 43.4715 -62.2325
      vertex 2.66391e-15 43.505 -62.2325
    endloop
  endfacet
  facet normal 0 0 1
    outer loop
      vertex 0 0 -18.2325
      vertex 2.66391e-15 43.505 -18.2325
      vertex -1.708 43.4715 -18.2325
    endloop
  endfacet
  facet normal -0.0196337 0.999807 0
    outer loop
      vertex 2.66391e-15 43.505 -62.2325
      vertex -1.708 43.4715 -62.2325
      vertex -1.708 43.4715 -18.2325
    endloop
  endfacet
  facet normal -0.0196337 0.999807 0
    outer loop
      vertex 2.66391e-15 43.505 -62.2325
      vertex -1.708 43.4715 -18.2325
      vertex 2.66391e-15 43.505 -18.2325
    endloop
  endfacet
  facet normal 0 0 -1
    outer loop
      vertex 0 0 -62.2325
      vertex -3.41336 43.3709 -62.2325
      vertex -1.708 43.4715 -62.2325
    endloop
  endfacet
  facet normal 0 0 1
    outer loop
      vertex 0 0 -18.2325
      vertex -1.708 43.4715 -18.2325
      vertex -3.41336 43.3709 -18.2325
    endloop
  endfacet
  facet normal -0.0588708 0.998266 0
    outer loop
      vertex -1.708 43.4715 -62.2325
      vertex -3.41336 43.3709 -62.2325
      vertex -3.41336 43.3709 -18.2325
    endloop
  endfacet
  facet normal -0.0588708 0.998266 0
    outer loop
      vertex -1.708 43.4715 -62.2325
      vertex -3.41336 43.3709 -18.2325
      vertex -1.708 43.4715 -18.2325
    endloop
  endfacet
  facet normal 0 0 -1
    outer loop
      vertex 0 0 -62.2325
      vertex -5.11346 43.2034 -62.2325
      vertex -3.41336 43.3709 -62.2325
    endloop
  endfacet
  facet normal 0 0 1
    outer loop
      vertex 0 0 -18.2325
      vertex -3.41336 43.3709 -18.2325
      vertex -5.11346 43.2034 -18.2325
    endloop
  endfacet
  facet normal -0.0980171 0.995185 0
    outer loop
      vertex -3.41336 43.3709 -62.2325
      vertex -5.11346 43.2034 -62.2325
      vertex -5.11346 43.2034 -18.2325
    endloop
  endfacet
  facet normal -0.0980171 0.995185 0
    outer loop
      vertex -3.41336 43.3709 -62.2325
      vertex -5.11346 43.2034 -18.2325
      vertex -3.41336 43.3709 -18.2325
    endloop
  endfacet
  facet normal 0 0 -1
    outer loop
      vertex 0 0 -62.2325
      vertex -6.80568 42.9694 -62.2325
      vertex -5.11346 43.2034 -62.2325
    endloop
  endfacet
  facet normal 0 0 1
    outer loop
      vertex 0 0 -18.2325
      vertex -5.11346 43.2034 -18.2325
      vertex -6.80568 42.9694 -18.2325
    endloop
  endfacet
  facet normal -0.137012 0.990569 0
    outer loop
      vertex -5.11346 43.2034 -62.2325
      vertex -6.80568 42.9694 -62.2325
      vertex -6.80568 42.9694 -18.2325
    endloop
  endfacet
  facet normal -0.137012 0.990569 0
    outer loop
      vertex -5.11346 43.2034 -62.2325
      vertex -6.80568 42.9694 -18.2325
      vertex -5.11346 43.2034 -18.2325
    endloop
  endfacet
  facet normal 0 0 -1
    outer loop
      vertex 0 0 -62.2325
      vertex -8.4874 42.6691 -62.2325
      vertex -6.80568 42.9694 -62.2325
    endloop
  endfacet
  facet normal 0 0 1
    outer loop
      vertex 0 0 -18.2325
      vertex -6.80568 42.9694 -18.2325
      vertex -8.4874 42.6691 -18.2325
    endloop
  endfacet
  facet normal -0.175796 0.984427 0
    outer loop
      vertex -6.80568 42.9694 -62.2325
      vertex -8.4874 42.6691 -62.2325
      vertex -8.4874 42.6691 -18.2325
    endloop
  endfacet
  facet normal -0.175796 0.984427 0
    outer loop
      vertex -6.80568 42.9694 -62.2325
      vertex -8.4874 42.6691 -18.2325
      vertex -6.80568 42.9694 -18.2325
    endloop
  endfacet
  facet normal 0 0 -1
    outer loop
      vertex 0 0 -62.2325
      vertex -10.156 42.303 -62.2325
      vertex -8.4874 42.6691 -62.2325
    endloop
  endfacet
  facet normal 0 0 1
    outer loop
      vertex 0 0 -18.2325
      vertex -8.4874 42.6691 -18.2325
      vertex -10.156 42.303 -18.2325
    endloop
  endfacet
  facet normal -0.214309 0.976766 0
    outer loop
      vertex -8.4874 42.6691 -62.2325
      vertex -10.156 42.303 -62.2325
      vertex -10.156 42.303 -18.2325
    endloop
  endfacet
  facet normal -0.214309 0.976766 0
    outer loop
      vertex -8.4874 42.6691 -62.2325
      vertex -10.156 42.303 -18.2325
      vertex -8.4874 42.6691 -18.2325
    endloop
  endfacet
  facet normal 0 0 -1
    outer loop
      vertex 0 0 -62.2325
      vertex -11.809 41.8716 -62.2325
      vertex -10.156 42.303 -62.2325
    endloop
  endfacet
  facet normal 0 0 1
    outer loop
      vertex 0 0 -18.2325
      vertex -10.156 42.303 -18.2325
      vertex -11.809 41.8716 -18.2325
    endloop
  endfacet
  facet normal -0.252492 0.967599 0
    outer loop
      vertex -10.156 42.303 -62.2325
      vertex -11.809 41.8716 -62.2325
      vertex -11.809 41.8716 -18.2325
    endloop
  endfacet
  facet normal -0.252492 0.967599 0
    outer loop
      vertex -10.156 42.303 -62.2325
      vertex -11.809 41.8716 -18.2325
      vertex -10.156 42.303 -18.2325
    endloop
  endfacet
  facet normal 0 0 -1
    outer loop
      vertex 0 0 -62.2325
      vertex -13.4438 41.3757 -62.2325
      vertex -11.809 41.8716 -62.2325
    endloop
  endfacet
  facet normal 0 0 1
    outer loop
      vertex 0 0 -18.2325
      vertex -11.809 41.8716 -18.2325
      vertex -13.4438 41.3757 -18.2325
    endloop
  endfacet
  facet normal -0.290285 0.95694 0
    outer loop
      vertex -11.809 41.8716 -62.2325
      vertex -13.4438 41.3757 -62.2325
      vertex -13.4438 41.3757 -18.2325
    endloop
  endfacet
  facet normal -0.290285 0.95694 0
    outer loop
      vertex -11.809 41.8716 -62.2325
      vertex -13.4438 41.3757 -18.2325
      vertex -11.809 41.8716 -18.2325
    endloop
  endfacet
  facet normal 0 0 -1
    outer loop
      vertex 0 0 -62.2325
      vertex -15.0578 40.816 -62.2325
      vertex -13.4438 41.3757 -62.2325
    endloop
  endfacet
  facet normal 0 0 1
    outer loop
      vertex 0 0 -18.2325
      vertex -13.4438 41.3757 -18.2325
      vertex -15.0578 40.816 -18.2325
    endloop
  endfacet
  facet normal -0.32763 0.944806 0
    outer loop
      vertex -13.4438 41.3757 -62.2325
      vertex -15.0578 40.816 -62.2325
      vertex -15.0578 40.816 -18.2325
    endloop
  endfacet
  facet normal -0.32763 0.944806 0
    outer loop
      vertex -13.4438 41.3757 -62.2325
      vertex -15.0578 40.816 -18.2325
      vertex -13.4438 41.3757 -18.2325
    endloop
  endfacet
  facet normal 0 0 -1
    outer loop
      vertex 0 0 -62.2325
      vertex -16.6486 40.1934 -62.2325
      vertex -15.0578 40.816 -62.2325
    endloop
  endfacet
  facet normal 0 0 1
    outer loop
      vertex 0 0 -18.2325
      vertex -15.0578 40.816 -18.2325
      vertex -16.6486 40.1934 -18.2325
    endloop
  endfacet
  facet normal -0.36447 0.931215 0
    outer loop
      vertex -15.0578 40.816 -62.2325
      vertex -16.6486 40.1934 -62.2325
      vertex -16.6486 40.1934 -18.2325
    endloop
  endfacet
  facet normal -0.36447 0.931215 0
    outer loop
      vertex -15.0578 40.816 -62.2325
      vertex -16.6486 40.1934 -18.2325
      vertex -15.0578 40.816 -18.2325
    endloop
  endfacet
  facet normal 0 0 -1
    outer loop
      vertex 0 0 -62.2325
      vertex -18.2138 39.5088 -62.2325
      vertex -16.6486 40.1934 -62.2325
    endloop
  endfacet
  facet normal 0 0 1
    outer loop
      vertex 0 0 -18.2325
      vertex -16.6486 40.1934 -18.2325
      vertex -18.2138 39.5088 -18.2325
    endloop
  endfacet
  facet normal -0.400749 0.916188 0
    outer loop
      vertex -16.6486 40.1934 -62.2325
      vertex -18.2138 39.5088 -62.2325
      vertex -18.2138 39.5088 -18.2325
    endloop
  endfacet
  facet normal -0.400749 0.916188 0
    outer loop
      vertex -16.6486 40.1934 -62.2325
      vertex -18.2138 39.5088 -18.2325
      vertex -16.6486 40.1934 -18.2325
    endloop
  endfacet
  facet normal 0 0 -1
    outer loop
      vertex 0 0 -62.2325
      vertex -19.7509 38.7632 -62.2325
      vertex -18.2138 39.5088 -62.2325
    endloop
  endfacet
  facet normal 0 0 1
    outer loop
      vertex 0 0 -18.2325
      vertex -18.2138 39.5088 -18.2325
      vertex -19.7509 38.7632 -18.2325
    endloop
  endfacet
  facet normal -0.436409 0.899748 0
    outer loop
      vertex -18.2138 39.5088 -62.2325
      vertex -19.7509 38.7632 -62.2325
      vertex -19.7509 38.7632 -18.2325
    endloop
  endfacet
  facet normal -0.436409 0.899748 0
    outer loop
      vertex -18.2138 39.5088 -62.2325
      vertex -19.7509 38.7632 -18.2325
      vertex -18.2138 39.5088 -18.2325
    endloop
  endfacet
  facet normal 0 0 -1
    outer loop
      vertex 0 0 -62.2325
      vertex -21.2575 37.9579 -62.2325
      vertex -19.7509 38.7632 -62.2325
    endloop
  endfacet
  facet normal 0 0 1
    outer loop
      vertex 0 0 -18.2325
      vertex -19.7509 38.7632 -18.2325
      vertex -21.2575 37.9579 -18.2325
    endloop
  endfacet
  facet normal -0.471397 0.881921 0
    outer loop
      vertex -19.7509 38.7632 -62.2325
      vertex -21.2575 37.9579 -62.2325
      vertex -21.2575 37.9579 -18.2325
    endloop
  endfacet
  facet normal -0.471397 0.881921 0
    outer loop
      vertex -19.7509 38.7632 -62.2325
      vertex -21.2575 37.9579 -18.2325
      vertex -19.7509 38.7632 -18.2325
    endloop
  endfacet
  facet normal 0 0 -1
    outer loop
      vertex 0 0 -62.2325
      vertex -22.7313 37.0941 -62.2325
      vertex -21.2575 37.9579 -62.2325
    endloop
  endfacet
  facet normal 0 0 1
    outer loop
      vertex 0 0 -18.2325
      vertex -21.2575 37.9579 -18.2325
      vertex -22.7313 37.0941 -18.2325
    endloop
  endfacet
  facet normal -0.505657 0.862734 0
    outer loop
      vertex -21.2575 37.9579 -62.2325
      vertex -22.7313 37.0941 -62.2325
      vertex -22.7313 37.0941 -18.2325
    endloop
  endfacet
  facet normal -0.505657 0.862734 0
    outer loop
      vertex -21.2575 37.9579 -62.2325
      vertex -22.7313 37.0941 -18.2325
      vertex -21.2575 37.9579 -18.2325
    endloop
  endfacet
  facet normal 0 0 -1
    outer loop
      vertex 0 0 -62.2325
      vertex -24.1701 36.1731 -62.2325
      vertex -22.7313 37.0941 -62.2325
    endloop
  endfacet
  facet normal 0 0 1
    outer loop
      vertex 0 0 -18.2325
      vertex -22.7313 37.0941 -18.2325
      vertex -24.1701 36.1731 -18.2325
    endloop
  endfacet
  facet normal -0.539138 0.842217 0
    outer loop
      vertex -22.7313 37.0941 -62.2325
      vertex -24.1701 36.1731 -62.2325
      vertex -24.1701 36.1731 -18.2325
    endloop
  endfacet
  facet normal -0.539138 0.842217 0
    outer loop
      vertex -22.7313 37.0941 -62.2325
      vertex -24.1701 36.1731 -18.2325
      vertex -22.7313 37.0941 -18.2325
    endloop
  endfacet
  facet normal 0 0 -1
    outer loop
      vertex 0 0 -62.2325
      vertex -25.5716 35.1963 -62.2325
      vertex -24.1701 36.1731 -62.2325
    endloop
  endfacet
  facet normal 0 0 1
    outer loop
      vertex 0 0 -18.2325
      vertex -24.1701 36.1731 -18.2325
      vertex -25.5716 35.1963 -18.2325
    endloop
  endfacet
  facet normal -0.571788 0.820401 0
    outer loop
      vertex -24.1701 36.1731 -62.2325
      vertex -25.5716 35.1963 -62.2325
      vertex -25.5716 35.1963 -18.2325
    endloop
  endfacet
  facet normal -0.571788 0.820401 0
    outer loop
      vertex -24.1701 36.1731 -62.2325
      vertex -25.5716 35.1963 -18.2325
      vertex -24.1701 36.1731 -18.2325
    endloop
  endfacet
  facet normal 0 0 -1
    outer loop
      vertex 0 0 -62.2325
      vertex -26.9337 34.1652 -62.2325
      vertex -25.5716 35.1963 -62.2325
    endloop
  endfacet
  facet normal 0 0 1
    outer loop
      vertex 0 0 -18.2325
      vertex -25.5716 35.1963 -18.2325
      vertex -26.9337 34.1652 -18.2325
    endloop
  endfacet
  facet normal -0.603556 0.797321 0
    outer loop
      vertex -25.5716 35.1963 -62.2325
      vertex -26.9337 34.1652 -62.2325
      vertex -26.9337 34.1652 -18.2325
    endloop
  endfacet
  facet normal -0.603556 0.797321 0
    outer loop
      vertex -25.5716 35.1963 -62.2325
      vertex -26.9337 34.1652 -18.2325
      vertex -25.5716 35.1963 -18.2325
    endloop
  endfacet
  facet normal 0 0 -1
    outer loop
      vertex 0 0 -62.2325
      vertex -28.2542 33.0815 -62.2325
      vertex -26.9337 34.1652 -62.2325
    endloop
  endfacet
  facet normal 0 0 1
    outer loop
      vertex 0 0 -18.2325
      vertex -26.9337 34.1652 -18.2325
      vertex -28.2542 33.0815 -18.2325
    endloop
  endfacet
  facet normal -0.634393 0.77301 0
    outer loop
      vertex -26.9337 34.1652 -62.2325
      vertex -28.2542 33.0815 -62.2325
      vertex -28.2542 33.0815 -18.2325
    endloop
  endfacet
  facet normal -0.634393 0.77301 0
    outer loop
      vertex -26.9337 34.1652 -62.2325
      vertex -28.2542 33.0815 -18.2325
      vertex -26.9337 34.1652 -18.2325
    endloop
  endfacet
  facet normal 0 0 -1
    outer loop
      vertex 0 0 -62.2325
      vertex -29.5312 31.9467 -62.2325
      vertex -28.2542 33.0815 -62.2325
    endloop
  endfacet
  facet normal 0 0 1
    outer loop
      vertex 0 0 -18.2325
      vertex -28.2542 33.0815 -18.2325
      vertex -29.5312 31.9467 -18.2325
    endloop
  endfacet
  facet normal -0.664252 0.747508 0
    outer loop
      vertex -28.2542 33.0815 -62.2325
      vertex -29.5312 31.9467 -62.2325
      vertex -29.5312 31.9467 -18.2325
    endloop
  endfacet
  facet normal -0.664252 0.747508 0
    outer loop
      vertex -28.2542 33.0815 -62.2325
      vertex -29.5312 31.9467 -18.2325
      vertex -28.2542 33.0815 -18.2325
    endloop
  endfacet
  facet normal 0 0 -1
    outer loop
      vertex 0 0 -62.2325
      vertex -30.7627 30.7627 -62.2325
      vertex -29.5312 31.9467 -62.2325
    endloop
  endfacet
  facet normal 0 0 1
    outer loop
      vertex 0 0 -18.2325
      vertex -29.5312 31.9467 -18.2325
      vertex -30.7627 30.7627 -18.2325
    endloop
  endfacet
  facet normal -0.693087 0.720854 0
    outer loop
      vertex -29.5312 31.9467 -62.2325
      vertex -30.7627 30.7627 -62.2325
      vertex -30.7627 30.7627 -18.2325
    endloop
  endfacet
  facet normal -0.693087 0.720854 0
    outer loop
      vertex -29.5312 31.9467 -62.2325
      vertex -30.7627 30.7627 -18.2325
      vertex -29.5312 31.9467 -18.2325
    endloop
  endfacet
  facet normal 0 0 -1
    outer loop
      vertex 0 0 -62.2325
      vertex -31.9467 29.5312 -62.2325
      vertex -30.7627 30.7627 -62.2325
    endloop
  endfacet
  facet normal 0 0 1
    outer loop
      vertex 0 0 -18.2325
      vertex -30.7627 30.7627 -18.2325
      vertex -31.9467 29.5312 -18.2325
    endloop
  endfacet
  facet normal -0.720854 0.693087 0
    outer loop
      vertex -30.7627 30.7627 -62.2325
      vertex -31.9467 29.5312 -62.2325
      vertex -31.9467 29.5312 -18.2325
    endloop
  endfacet
  facet normal -0.720854 0.693087 0
    outer loop
      vertex -30.7627 30.7627 -62.2325
      vertex -31.9467 29.5312 -18.2325
      vertex -30.7627 30.7627 -18.2325
    endloop
  endfacet
  facet normal 0 0 -1
    outer loop
      vertex 0 0 -62.2325
      vertex -33.0815 28.2542 -62.2325
      vertex -31.9467 29.5312 -62.2325
    endloop
  endfacet
  facet normal 0 0 1
    outer loop
      vertex 0 0 -18.2325
      vertex -31.9467 29.5312 -18.2325
      vertex -33.0815 28.2542 -18.2325
    endloop
  endfacet
  facet normal -0.747508 0.664252 0
    outer loop
      vertex -31.9467 29.5312 -62.2325
      vertex -33.0815 28.2542 -62.2325
      vertex -33.0815 28.2542 -18.2325
    endloop
  endfacet
  facet normal -0.747508 0.664252 0
    outer loop
      vertex -31.9467 29.5312 -62.2325
      vertex -33.0815 28.2542 -18.2325
      vertex -31.9467 29.5312 -18.2325
    endloop
  endfacet
  facet normal 0 0 -1
    outer loop
      vertex 0 0 -62.2325
      vertex -34.1652 26.9337 -62.2325
      vertex -33.0815 28.2542 -62.2325
    endloop
  endfacet
  facet normal 0 0 1
    outer loop
      vertex 0 0 -18.2325
      vertex -33.0815 28.2542 -18.2325
      vertex -34.1652 26.9337 -18.2325
    endloop
  endfacet
  facet normal -0.77301 0.634393 0
    outer loop
      vertex -33.0815 28.2542 -62.2325
      vertex -34.1652 26.9337 -62.2325
      vertex -34.1652 26.9337 -18.2325
    endloop
  endfacet
  facet normal -0.77301 0.634393 0
    outer loop
      vertex -33.0815 28.2542 -62.2325
      vertex -34.1652 26.9337 -18.2325
      vertex -33.0815 28.2542 -18.2325
    endloop
  endfacet
  facet normal 0 0 -1
    outer loop
      vertex 0 0 -62.2325
      vertex -35.1963 25.5716 -62.2325
      vertex -34.1652 26.9337 -62.2325
    endloop
  endfacet
  facet normal 0 0 1
    outer loop
      vertex 0 0 -18.2325
      vertex -34.1652 26.9337 -18.2325
      vertex -35.1963 25.5716 -18.2325
    endloop
  endfacet
  facet normal -0.797321 0.603556 0
    outer loop
      vertex -34.1652 26.9337 -62.2325
      vertex -35.1963 25.5716 -62.2325
      vertex -35.1963 25.5716 -18.2325
    endloop
  endfacet
  facet normal -0.797321 0.603556 0
    outer loop
      vertex -34.1652 26.9337 -62.2325
      vertex -35.1963 25.5716 -18.2325
      vertex -34.1652 26.9337 -18.2325
    endloop
  endfacet
  facet normal 0 0 -1
    outer loop
      vertex 0 0 -62.2325
      vertex -36.1731 24.1701 -62.2325
      vertex -35.1963 25.5716 -62.2325
    endloop
  endfacet
  facet normal 0 0 1
    outer loop
      vertex 0 0 -18.2325
      vertex -35.1963 25.5716 -18.2325
      vertex -36.1731 24.1701 -18.2325
    endloop
  endfacet
  facet normal -0.820401 0.571788 0
    outer loop
      vertex -35.1963 25.5716 -62.2325
      vertex -36.1731 24.1701 -62.2325
      vertex -36.1731 24.1701 -18.2325
    endloop
  endfacet
  facet normal -0.820401 0.571788 0
    outer loop
      vertex -35.1963 25.5716 -62.2325
      vertex -36.1731 24.1701 -18.2325
      vertex -35.1963 25.5716 -18.2325
    endloop
  endfacet
  facet normal 0 0 -1
    outer loop
      vertex 0 0 -62.2325
      vertex -37.0941 22.7313 -62.2325
      vertex -36.1731 24.1701 -62.2325
    endloop
  endfacet
  facet normal 0 0 1
    outer loop
      vertex 0 0 -18.2325
      vertex -36.1731 24.1701 -18.2325
      vertex -37.0941 22.7313 -18.2325
    endloop
  endfacet
  facet normal -0.842217 0.539138 0
    outer loop
      vertex -36.1731 24.1701 -62.2325
      vertex -37.0941 22.7313 -62.2325
      vertex -37.0941 22.7313 -18.2325
    endloop
  endfacet
  facet normal -0.842217 0.539138 0
    outer loop
      vertex -36.1731 24.1701 -62.2325
      vertex -37.0941 22.7313 -18.2325
      vertex -36.1731 24.1701 -18.2325
    endloop
  endfacet
  facet normal 0 0 -1
    outer loop
      vertex 0 0 -62.2325
      vertex -37.9579 21.2575 -62.2325
      vertex -37.0941 22.7313 -62.2325
    endloop
  endfacet
  facet normal 0 0 1
    outer loop
      vertex 0 0 -18.2325
      vertex -37.0941 22.7313 -18.2325
      vertex -37.9579 21.2575 -18.2325
    endloop
  endfacet
  facet normal -0.862734 0.505657 0
    outer loop
      vertex -37.0941 22.7313 -62.2325
      vertex -37.9579 21.2575 -62.2325
      vertex -37.9579 21.2575 -18.2325
    endloop
  endfacet
  facet normal -0.862734 0.505657 0
    outer loop
      vertex -37.0941 22.7313 -62.2325
      vertex -37.9579 21.2575 -18.2325
      vertex -37.0941 22.7313 -18.2325
    endloop
  endfacet
  facet normal 0 0 -1
    outer loop
      vertex 0 0 -62.2325
      vertex -38.7632 19.7509 -62.2325
      vertex -37.9579 21.2575 -62.2325
    endloop
  endfacet
  facet normal 0 0 1
    outer loop
      vertex 0 0 -18.2325
      vertex -37.9579 21.2575 -18.2325
      vertex -38.7632 19.7509 -18.2325
    endloop
  endfacet
  facet normal -0.881921 0.471397 0
    outer loop
      vertex -37.9579 21.2575 -62.2325
      vertex -38.7632 19.7509 -62.2325
      vertex -38.7632 19.7509 -18.2325
    endloop
  endfacet
  facet normal -0.881921 0.471397 0
    outer loop
      vertex -37.9579 21.2575 -62.2325
      vertex -38.7632 19.7509 -18.2325
      vertex -37.9579 21.2575 -18.2325
    endloop
  endfacet
  facet normal 0 0 -1
    outer loop
      vertex 0 0 -62.2325
      vertex -39.5088 18.2138 -62.2325
      vertex -38.7632 19.7509 -62.2325
    endloop
  endfacet
  facet normal 0 0 1
    outer loop
      vertex 0 0 -18.2325
      vertex -38.7632 19.7509 -18.2325
      vertex -39.5088 18.2138 -18.2325
    endloop
  endfacet
  facet normal -0.899748 0.436409 0
    outer loop
      vertex -38.7632 19.7509 -62.2325
      vertex -39.5088 18.2138 -62.2325
      vertex -39.5088 18.2138 -18.2325
    endloop
  endfacet
  facet normal -0.899748 0.436409 0
    outer loop
      vertex -38.7632 19.7509 -62.2325
      vertex -39.5088 18.2138 -18.2325
      vertex -38.7632 19.7509 -18.2325
    endloop
  endfacet
  facet normal 0 0 -1
    outer loop
      vertex 0 0 -62.2325
      vertex -40.1934 16.6486 -62.2325
      vertex -39.5088 18.2138 -62.2325
    endloop
  endfacet
  facet normal 0 0 1
    outer loop
      vertex 0 0 -18.2325
      vertex -39.5088 18.2138 -18.2325
      vertex -40.1934 16.6486 -18.2325
    endloop
  endfacet
  facet normal -0.916188 0.400749 0
    outer loop
      vertex -39.5088 18.2138 -62.2325
      vertex -40.1934 16.6486 -62.2325
      vertex -40.1934 16.6486 -18.2325
    endloop
  endfacet
  facet normal -0.916188 0.400749 0
    outer loop
      vertex -39.5088 18.2138 -62.2325
      vertex -40.1934 16.6486 -18.2325
      vertex -39.5088 18.2138 -18.2325
    endloop
  endfacet
  facet normal 0 0 -1
    outer loop
      vertex 0 0 -62.2325
      vertex -40.816 15.0578 -62.2325
      vertex -40.1934 16.6486 -62.2325
    endloop
  endfacet
  facet normal 0 0 1
    outer loop
      vertex 0 0 -18.2325
      vertex -40.1934 16.6486 -18.2325
      vertex -40.816 15.0578 -18.2325
    endloop
  endfacet
  facet normal -0.931215 0.36447 0
    outer loop
      vertex -40.1934 16.6486 -62.2325
      vertex -40.816 15.0578 -62.2325
      vertex -40.816 15.0578 -18.2325
    endloop
  endfacet
  facet normal -0.931215 0.36447 0
    outer loop
      vertex -40.1934 16.6486 -62.2325
      vertex -40.816 15.0578 -18.2325
      vertex -40.1934 16.6486 -18.2325
    endloop
  endfacet
  facet normal 0 0 -1
    outer loop
      vertex 0 0 -62.2325
      vertex -41.3757 13.4438 -62.2325
      vertex -40.816 15.0578 -62.2325
    endloop
  endfacet
  facet normal 0 0 1
    outer loop
      vertex 0 0 -18.2325
      vertex -40.816 15.0578 -18.2325
      vertex -41.3757 13.4438 -18.2325
    endloop
  endfacet
  facet normal -0.944806 0.32763 0
    outer loop
      vertex -40.816 15.0578 -62.2325
      vertex -41.3757 13.4438 -62.2325
      vertex -41.3757 13.4438 -18.2325
    endloop
  endfacet
  facet normal -0.944806 0.32763 0
    outer loop
      vertex -40.816 15.0578 -62.2325
      vertex -41.3757 13.4438 -18.2325
      vertex -40.816 15.0578 -18.2325
    endloop
  endfacet
  facet normal 0 0 -1
    outer loop
      vertex 0 0 -62.2325
      vertex -41.8716 11.809 -62.2325
      vertex -41.3757 13.4438 -62.2325
    endloop
  endfacet
  facet normal 0 0 1
    outer loop
      vertex 0 0 -18.2325
      vertex -41.3757 13.4438 -18.2325
      vertex -41.8716 11.809 -18.2325
    endloop
  endfacet
  facet normal -0.95694 0.290285 0
    outer loop
      vertex -41.3757 13.4438 -62.2325
      vertex -41.8716 11.809 -62.2325
      vertex -41.8716 11.809 -18.2325
    endloop
  endfacet
  facet normal -0.95694 0.290285 0
    outer loop
      vertex -41.3757 13.4438 -62.2325
      vertex -41.8716 11.809 -18.2325
      vertex -41.3757 13.4438 -18.2325
    endloop
  endfacet
  facet normal 0 0 -1
    outer loop
      vertex 0 0 -62.2325
      vertex -42.303 10.156 -62.2325
      vertex -41.8716 11.809 -62.2325
    endloop
  endfacet
  facet normal 0 0 1
    outer loop
      vertex 0 0 -18.2325
      vertex -41.8716 11.809 -18.2325
      vertex -42.303 10.156 -18.2325
    endloop
  endfacet
  facet normal -0.967599 0.252492 0
    outer loop
      vertex -41.8716 11.809 -62.2325
      vertex -42.303 10.156 -62.2325
      vertex -42.303 10.156 -18.2325
    endloop
  endfacet
  facet normal -0.967599 0.252492 0
    outer loop
      vertex -41.8716 11.809 -62.2325
      vertex -42.303 10.156 -18.2325
      vertex -41.8716 11.809 -18.2325
    endloop
  endfacet
  facet normal 0 0 -1
    outer loop
      vertex 0 0 -62.2325
      vertex -42.6691 8.4874 -62.2325
      vertex -42.303 10.156 -62.2325
    endloop
  endfacet
  facet normal 0 0 1
    outer loop
      vertex 0 0 -18.2325
      vertex -42.303 10.156 -18.2325
      vertex -42.6691 8.4874 -18.2325
    endloop
  endfacet
  facet normal -0.976766 0.214309 0
    outer loop
      vertex -42.303 10.156 -62.2325
      vertex -42.6691 8.4874 -62.2325
      vertex -42.6691 8.4874 -18.2325
    endloop
  endfacet
  facet normal -0.976766 0.214309 0
    outer loop
      vertex -42.303 10.156 -62.2325
      vertex -42.6691 8.4874 -18.2325
      vertex -42.303 10.156 -18.2325
    endloop
  endfacet
  facet normal 0 0 -1
    outer loop
      vertex 0 0 -62.2325
      vertex -42.9694 6.80568 -62.2325
      vertex -42.6691 8.4874 -62.2325
    endloop
  endfacet
  facet normal 0 0 1
    outer loop
      vertex 0 0 -18.2325
      vertex -42.6691 8.4874 -18.2325
      vertex -42.9694 6.80568 -18.2325
    endloop
  endfacet
  facet normal -0.984427 0.175796 0
    outer loop
      vertex -42.6691 8.4874 -62.2325
      vertex -42.9694 6.80568 -62.2325
      vertex -42.9694 6.80568 -18.2325
    endloop
  endfacet
  facet normal -0.984427 0.175796 0
    outer loop
      vertex -42.6691 8.4874 -62.2325
      vertex -42.9694 6.80568 -18.2325
      vertex -42.6691 8.4874 -18.2325
    endloop
  endfacet
  facet normal 0 0 -1
    outer loop
      vertex 0 0 -62.2325
      vertex -43.2034 5.11346 -62.2325
      vertex -42.9694 6.80568 -62.2325
    endloop
  endfacet
  facet normal 0 0 1
    outer loop
      vertex 0 0 -18.2325
      vertex -42.9694 6.80568 -18.2325
      vertex -43.2034 5.11346 -18.2325
    endloop
  endfacet
  facet normal -0.990569 0.137012 0
    outer loop
      vertex -42.9694 6.80568 -62.2325
      vertex -43.2034 5.11346 -62.2325
      vertex -43.2034 5.11346 -18.2325
    endloop
  endfacet
  facet normal -0.990569 0.137012 0
    outer loop
      vertex -42.9694 6.80568 -62.2325
      vertex -43.2034 5.11346 -18.2325
      vertex -42.9694 6.80568 -18.2325
    endloop
  endfacet
  facet normal 0 0 -1
    outer loop
      vertex 0 0 -62.2325
      vertex -43.3709 3.41336 -62.2325
      vertex -43.2034 5.11346 -62.2325
    endloop
  endfacet
  facet normal 0 0 1
    outer loop
      vertex 0 0 -18.2325
      vertex -43.2034 5.11346 -18.2325
      vertex -43.3709 3.41336 -18.2325
    endloop
  endfacet
  facet normal -0.995185 0.0980171 0
    outer loop
      vertex -43.2034 5.11346 -62.2325
      vertex -43.3709 3.41336 -62.2325
      vertex -43.3709 3.41336 -18.2325
    endloop
  endfacet
  facet normal -0.995185 0.0980171 0
    outer loop
      vertex -43.2034 5.11346 -62.2325
      vertex -43.3709 3.41336 -18.2325
      vertex -43.2034 5.11346 -18.2325
    endloop
  endfacet
  facet normal 0 0 -1
    outer loop
      vertex 0 0 -62.2325
      vertex -43.4715 1.708 -62.2325
      vertex -43.3709 3.41336 -62.2325
    endloop
  endfacet
  facet normal 0 0 1
    outer loop
      vertex 0 0 -18.2325
      vertex -43.3709 3.41336 -18.2325
      vertex -43.4715 1.708 -18.2325
    endloop
  endfacet
  facet normal -0.998266 0.0588708 0
    outer loop
      vertex -43.3709 3.41336 -62.2325
      vertex -43.4715 1.708 -62.2325
      vertex -43.4715 1.708 -18.2325
    endloop
  endfacet
  facet normal -0.998266 0.0588708 0
    outer loop
      vertex -43.3709 3.41336 -62.2325
      vertex -43.4715 1.708 -18.2325
      vertex -43.3709 3.41336 -18.2325
    endloop
  endfacet
  facet normal 0 0 -1
    outer loop
      vertex 0 0 -62.2325
      vertex -43.505 5.32783e-15 -62.2325
      vertex -43.4715 1.708 -62.2325
    endloop
  endfacet
  facet normal 0 0 1
    outer loop
      vertex 0 0 -18.2325
      vertex -43.4715 1.708 -18.2325
      vertex -43.505 5.32783e-15 -18.2325
    endloop
  endfacet
  facet normal -0.999807 0.0196337 0
    outer loop
      vertex -43.4715 1.708 -62.2325
      vertex -43.505 5.32783e-15 -62.2325
      vertex -43.505 5.32783e-15 -18.2325
    endloop
  endfacet
  facet normal -0.999807 0.0196337 0
    outer loop
      vertex -43.4715 1.708 -62.2325
      vertex -43.505 5.32783e-15 -18.2325
      vertex -43.4715 1.708 -18.2325
    endloop
  endfacet
  facet normal 0 0 -1
    outer loop
      vertex 0 0 -62.2325
      vertex -43.4715 -1.708 -62.2325
      vertex -43.505 5.32783e-15 -62.2325
    endloop
  endfacet
  facet normal 0 0 1
    outer loop
      vertex 0 0 -18.2325
      vertex -43.505 5.32783e-15 -18.2325
      vertex -43.4715 -1.708 -18.2325
    endloop
  endfacet
  facet normal -0.999807 -0.0196337 0
    outer loop
      vertex -43.505 5.32783e-15 -62.2325
      vertex -43.4715 -1.708 -62.2325
      vertex -43.4715 -1.708 -18.2325
    endloop
  endfacet
  facet normal -0.999807 -0.0196337 0
    outer loop
      vertex -43.505 5.32783e-15 -62.2325
      vertex -43.4715 -1.708 -18.2325
      vertex -43.505 5.32783e-15 -18.2325
    endloop
  endfacet
  facet normal 0 0 -1
    outer loop
      vertex 0 0 -62.2325
      vertex -43.3709 -3.41336 -62.2325
      vertex -43.4715 -1.708 -62.2325
    endloop
  endfacet
  facet normal 0 0 1
    outer loop
      vertex 0 0 -18.2325
      vertex -43.4715 -1.708 -18.2325
      vertex -43.3709 -3.41336 -18.2325
    endloop
  endfacet
  facet normal -0.998266 -0.0588708 0
    outer loop
      vertex -43.4715 -1.708 -62.2325
      vertex -43.3709 -3.41336 -62.2325
      vertex -43.3709 -3.41336 -18.2325
    endloop
  endfacet
  facet normal -0.998266 -0.0588708 0
    outer loop
      vertex -43.4715 -1.708 -62.2325
      vertex -43.3709 -3.41336 -18.2325
      vertex -43.4715 -1.708 -18.2325
    endloop
  endfacet
  facet normal 0 0 -1
    outer loop
      vertex 0 0 -62.2325
      vertex -43.2034 -5.11346 -62.2325
      vertex -43.3709 -3.41336 -62.2325
    endloop
  endfacet
  facet normal 0 0 1
    outer loop
      vertex 0 0 -18.2325
      vertex -43.3709 -3.41336 -18.2325
      vertex -43.2034 -5.11346 -18.2325
    endloop
  endfacet
  facet normal -0.995185 -0.0980171 0
    outer loop
      vertex -43.3709 -3.41336 -62.2325
      vertex -43.2034 -5.11346 -62.2325
      vertex -43.2034 -5.11346 -18.2325
    endloop
  endfacet
  facet normal -0.995185 -0.0980171 0
    outer loop
      vertex -43.3709 -3.41336 -62.2325
      vertex -43.2034 -5.11346 -18.2325
      vertex -43.3709 -3.41336 -18.2325
    endloop
  endfacet
  facet normal 0 0 -1
    outer loop
      vertex 0 0 -62.2325
      vertex -42.9694 -6.80568 -62.2325
      vertex -43.2034 -5.11346 -62.2325
    endloop
  endfacet
  facet normal 0 0 1
    outer loop
      vertex 0 0 -18.2325
      vertex -43.2034 -5.11346 -18.2325
      vertex -42.9694 -6.80568 -18.2325
    endloop
  endfacet
  facet normal -0.990569 -0.137012 0
    outer loop
      vertex -43.2034 -5.11346 -62.2325
      vertex -42.9694 -6.80568 -62.2325
      vertex -42.9694 -6.80568 -18.2325
    endloop
  endfacet
  facet normal -0.990569 -0.137012 0
    outer loop
      vertex -43.2034 -5.11346 -62.2325
      vertex -42.9694 -6.80568 -18.2325
      vertex -43.2034 -5.11346 -18.2325
    endloop
  endfacet
  facet normal 0 0 -1
    outer loop
      vertex 0 0 -62.2325
      vertex -42.6691 -8.4874 -62.2325
      vertex -42.9694 -6.80568 -62.2325
    endloop
  endfacet
  facet normal 0 0 1
    outer loop
      vertex 0 0 -18.2325
      vertex -42.9694 -6.80568 -18.2325
      vertex -42.6691 -8.4874 -18.2325
    endloop
  endfacet
  facet normal -0.984427 -0.175796 0
    outer loop
      vertex -42.9694 -6.80568 -62.2325
      vertex -42.6691 -8.4874 -62.2325
      vertex -42.6691 -8.4874 -18.2325
    endloop
  endfacet
  facet normal -0.984427 -0.175796 0
    outer loop
      vertex -42.9694 -6.80568 -62.2325
      vertex -42.6691 -8.4874 -18.2325
      vertex -42.9694 -6.80568 -18.2325
    endloop
  endfacet
  facet normal 0 0 -1
    outer loop
      vertex 0 0 -62.2325
      vertex -42.303 -10.156 -62.2325
      vertex -42.6691 -8.4874 -62.2325
    endloop
  endfacet
  facet normal 0 0 1
    outer loop
      vertex 0 0 -18.2325
      vertex -42.6691 -8.4874 -18.2325
      vertex -42.303 -10.156 -18.2325
    endloop
  endfacet
  facet normal -0.976766 -0.214309 0
    outer loop
      vertex -42.6691 -8.4874 -62.2325
      vertex -42.303 -10.156 -62.2325
      vertex -42.303 -10.156 -18.2325
    endloop
  endfacet
  facet normal -0.976766 -0.214309 0
    outer loop
      vertex -42.6691 -8.4874 -62.2325
      vertex -42.303 -10.156 -18.2325
      vertex -42.6691 -8.4874 -18.2325
    endloop
  endfacet
  facet normal 0 0 -1
    outer loop
      vertex 0 0 -62.2325
      vertex -41.8716 -11.809 -62.2325
      vertex -42.303 -10.156 -62.2325
    endloop
  endfacet
  facet normal 0 0 1
    outer loop
      vertex 0 0 -18.2325
      vertex -42.303 -10.156 -18.2325
      vertex -41.8716 -11.809 -18.2325
    endloop
  endfacet
  facet normal -0.967599 -0.252492 0
    outer loop
      vertex -42.303 -10.156 -62.2325
      vertex -41.8716 -11.809 -62.2325
      vertex -41.8716 -11.809 -18.2325
    endloop
  endfacet
  facet normal -0.967599 -0.252492 0
    outer loop
      vertex -42.303 -10.156 -62.2325
      vertex -41.8716 -11.809 -18.2325
      vertex -42.303 -10.156 -18.2325
    endloop
  endfacet
  facet normal 0 0 -1
    outer loop
      vertex 0 0 -62.2325
      vertex -41.3757 -13.4438 -62.2325
      vertex -41.8716 -11.809 -62.2325
    endloop
  endfacet
  facet normal 0 0 1
    outer loop
      vertex 0 0 -18.2325
      vertex -41.8716 -11.809 -18.2325
      vertex -41.3757 -13.4438 -18.2325
    endloop
  endfacet
  facet normal -0.95694 -0.290285 0
    outer loop
      vertex -41.8716 -11.809 -62.2325
      vertex -41.3757 -13.4438 -62.2325
      vertex -41.3757 -13.4438 -18.2325
    endloop
  endfacet
  facet normal -0.95694 -0.290285 0
    outer loop
      vertex -41.8716 -11.809 -62.2325
      vertex -41.3757 -13.4438 -18.2325
      vertex -41.8716 -11.809 -18.2325
    endloop
  endfacet
  facet normal 0 0 -1
    outer loop
      vertex 0 0 -62.2325
      vertex -40.816 -15.0578 -62.2325
      vertex -41.3757 -13.4438 -62.2325
    endloop
  endfacet
  facet normal 0 0 1
    outer loop
      vertex 0 0 -18.2325
      vertex -41.3757 -13.4438 -18.2325
      vertex -40.816 -15.0578 -18.2325
    endloop
  endfacet
  facet normal -0.944806 -0.32763 0
    outer loop
      vertex -41.3757 -13.4438 -62.2325
      vertex -40.816 -15.0578 -62.2325
      vertex -40.816 -15.0578 -18.2325
    endloop
  endfacet
  facet normal -0.944806 -0.32763 0
    outer loop
      vertex -41.3757 -13.4438 -62.2325
      vertex -40.816 -15.0578 -18.2325
      vertex -41.3757 -13.4438 -18.2325
    endloop
  endfacet
  facet normal 0 0 -1
    outer loop
      vertex 0 0 -62.2325
      vertex -40.1934 -16.6486 -62.2325
      vertex -40.816 -15.0578 -62.2325
    endloop
  endfacet
  facet normal 0 0 1
    outer loop
      vertex 0 0 -18.2325
      vertex -40.816 -15.0578 -18.2325
      vertex -40.1934 -16.6486 -18.2325
    endloop
  endfacet
  facet normal -0.931215 -0.36447 0
    outer loop
      vertex -40.816 -15.0578 -62.2325
      vertex -40.1934 -16.6486 -62.2325
      vertex -40.1934 -16.6486 -18.2325
    endloop
  endfacet
  facet normal -0.931215 -0.36447 0
    outer loop
      vertex -40.816 -15.0578 -62.2325
      vertex -40.1934 -16.6486 -18.2325
      vertex -40.816 -15.0578 -18.2325
    endloop
  endfacet
  facet normal 0 0 -1
    outer loop
      vertex 0 0 -62.2325
      vertex -39.5088 -18.2138 -62.2325
      vertex -40.1934 -16.6486 -62.2325
    endloop
  endfacet
  facet normal 0 0 1
    outer loop
      vertex 0 0 -18.2325
      vertex -40.1934 -16.6486 -18.2325
      vertex -39.5088 -18.2138 -18.2325
    endloop
  endfacet
  facet normal -0.916188 -0.400749 0
    outer loop
      vertex -40.1934 -16.6486 -62.2325
      vertex -39.5088 -18.2138 -62.2325
      vertex -39.5088 -18.2138 -18.2325
    endloop
  endfacet
  facet normal -0.916188 -0.400749 0
    outer loop
      vertex -40.1934 -16.6486 -62.2325
      vertex -39.5088 -18.2138 -18.2325
      vertex -40.1934 -16.6486 -18.2325
    endloop
  endfacet
  facet normal 0 0 -1
    outer loop
      vertex 0 0 -62.2325
      vertex -38.7632 -19.7509 -62.2325
      vertex -39.5088 -18.2138 -62.2325
    endloop
  endfacet
  facet normal 0 0 1
    outer loop
      vertex 0 0 -18.2325
      vertex -39.5088 -18.2138 -18.2325
      vertex -38.7632 -19.7509 -18.2325
    endloop
  endfacet
  facet normal -0.899748 -0.436409 0
    outer loop
      vertex -39.5088 -18.2138 -62.2325
      vertex -38.7632 -19.7509 -62.2325
      vertex -38.7632 -19.7509 -18.2325
    endloop
  endfacet
  facet normal -0.899748 -0.436409 0
    outer loop
      vertex -39.5088 -18.2138 -62.2325
      vertex -38.7632 -19.7509 -18.2325
      vertex -39.5088 -18.2138 -18.2325
    endloop
  endfacet
  facet normal 0 0 -1
    outer loop
      vertex 0 0 -62.2325
      vertex -37.9579 -21.2575 -62.2325
      vertex -38.7632 -19.7509 -62.2325
    endloop
  endfacet
  facet normal 0 0 1
    outer loop
      vertex 0 0 -18.2325
      vertex -38.7632 -19.7509 -18.2325
      vertex -37.9579 -21.2575 -18.2325
    endloop
  endfacet
  facet normal -0.881921 -0.471397 0
    outer loop
      vertex -38.7632 -19.7509 -62.2325
      vertex -37.9579 -21.2575 -62.2325
      vertex -37.9579 -21.2575 -18.2325
    endloop
  endfacet
  facet normal -0.881921 -0.471397 0
    outer loop
      vertex -38.7632 -19.7509 -62.2325
      vertex -37.9579 -21.2575 -18.2325
      vertex -38.7632 -19.7509 -18.2325
    endloop
  endfacet
  facet normal 0 0 -1
    outer loop
      vertex 0 0 -62.2325
      vertex -37.0941 -22.7313 -62.2325
      vertex -37.9579 -21.2575 -62.2325
    endloop
  endfacet
  facet normal 0 0 1
    outer loop
      vertex 0 0 -18.2325
      vertex -37.9579 -21.2575 -18.2325
      vertex -37.0941 -22.7313 -18.2325
    endloop
  endfacet
  facet normal -0.862734 -0.505657 0
    outer loop
      vertex -37.9579 -21.2575 -62.2325
      vertex -37.0941 -22.7313 -62.2325
      vertex -37.0941 -22.7313 -18.2325
    endloop
  endfacet
  facet normal -0.862734 -0.505657 0
    outer loop
      vertex -37.9579 -21.2575 -62.2325
      vertex -37.0941 -22.7313 -18.2325
      vertex -37.9579 -21.2575 -18.2325
    endloop
  endfacet
  facet normal 0 0 -1
    outer loop
      vertex 0 0 -62.2325
      vertex -36.1731 -24.1701 -62.2325
      vertex -37.0941 -22.7313 -62.2325
    endloop
  endfacet
  facet normal 0 0 1
    outer loop
      vertex 0 0 -18.2325
      vertex -37.0941 -22.7313 -18.2325
      vertex -36.1731 -24.1701 -18.2325
    endloop
  endfacet
  facet normal -0.842217 -0.539138 0
    outer loop
      vertex -37.0941 -22.7313 -62.2325
      vertex -36.1731 -24.1701 -62.2325
      vertex -36.1731 -24.1701 -18.2325
    endloop
  endfacet
  facet normal -0.842217 -0.539138 0
    outer loop
      vertex -37.0941 -22.7313 -62.2325
      vertex -36.1731 -24.1701 -18.2325
      vertex -37.0941 -22.7313 -18.2325
    endloop
  endfacet
  facet normal 0 0 -1
    outer loop
      vertex 0 0 -62.2325
      vertex -35.1963 -25.5716 -62.2325
      vertex -36.1731 -24.1701 -62.2325
    endloop
  endfacet
  facet normal 0 0 1
    outer loop
      vertex 0 0 -18.2325
      vertex -36.1731 -24.1701 -18.2325
      vertex -35.1963 -25.5716 -18.2325
    endloop
  endfacet
  facet normal -0.820401 -0.571788 0
    outer loop
      vertex -36.1731 -24.1701 -62.2325
      vertex -35.1963 -25.5716 -62.2325
      vertex -35.1963 -25.5716 -18.2325
    endloop
  endfacet
  facet normal -0.820401 -0.571788 0
    outer loop
      vertex -36.1731 -24.1701 -62.2325
      vertex -35.1963 -25.5716 -18.2325
      vertex -36.1731 -24.1701 -18.2325
    endloop
  endfacet
  facet normal 0 0 -1
    outer loop
      vertex 0 0 -62.2325
      vertex -34.1652 -26.9337 -62.2325
      vertex -35.1963 -25.5716 -62.2325
    endloop
  endfacet
  facet normal 0 0 1
    outer loop
      vertex 0 0 -18.2325
      vertex -35.1963 -25.5716 -18.2325
      vertex -34.1652 -26.9337 -18.2325
    endloop
  endfacet
  facet normal -0.797321 -0.603556 0
    outer loop
      vertex -35.1963 -25.5716 -62.2325
      vertex -34.1652 -26.9337 -62.2325
      vertex -34.1652 -26.9337 -18.2325
    endloop
  endfacet
  facet normal -0.797321 -0.603556 0
    outer loop
      vertex -35.1963 -25.5716 -62.2325
      vertex -34.1652 -26.9337 -18.2325
      vertex -35.1963 -25.5716 -18.2325
    endloop
  endfacet
  facet normal 0 0 -1
    outer loop
      vertex 0 0 -62.2325
      vertex -33.0815 -28.2542 -62.2325
      vertex -34.1652 -26.9337 -62.2325
    endloop
  endfacet
  facet normal 0 0 1
    outer loop
      vertex 0 0 -18.2325
      vertex -34.1652 -26.9337 -18.2325
      vertex -33.0815 -28.2542 -18.2325
    endloop
  endfacet
  facet normal -0.77301 -0.634393 0
    outer loop
      vertex -34.1652 -26.9337 -62.2325
      vertex -33.0815 -28.2542 -62.2325
      vertex -33.0815 -28.2542 -18.2325
    endloop
  endfacet
  facet normal -0.77301 -0.634393 0
    outer loop
      vertex -34.1652 -26.9337 -62.2325
      vertex -33.0815 -28.2542 -18.2325
      vertex -34.1652 -26.9337 -18.2325
    endloop
  endfacet
  facet normal 0 0 -1
    outer loop
      vertex 0 0 -62.2325
      vertex -31.9467 -29.5312 -62.2325
      vertex -33.0815 -28.2542 -62.2325
    endloop
  endfacet
  facet normal 0 0 1
    outer loop
      vertex 0 0 -18.2325
      vertex -33.0815 -28.2542 -18.2325
      vertex -31.9467 -29.5312 -18.2325
    endloop
  endfacet
  facet normal -0.747508 -0.664252 0
    outer loop
      vertex -33.0815 -28.2542 -62.2325
      vertex -31.9467 -29.5312 -62.2325
      vertex -31.9467 -29.5312 -18.2325
    endloop
  endfacet
  facet normal -0.747508 -0.664252 0
    outer loop
      vertex -33.0815 -28.2542 -62.2325
      vertex -31.9467 -29.5312 -18.2325
      vertex -33.0815 -28.2542 -18.2325
    endloop
  endfacet
  facet normal 0 0 -1
    outer loop
      vertex 0 0 -62.2325
      vertex -30.7627 -30.7627 -62.2325
      vertex -31.9467 -29.5312 -62.2325
    endloop
  endfacet
  facet normal 0 0 1
    outer loop
      vertex 0 0 -18.2325
      vertex -31.9467 -29.5312 -18.2325
      vertex -30.7627 -30.7627 -18.2325
    endloop
  endfacet
  facet normal -0.720854 -0.693087 0
    outer loop
      vertex -31.9467 -29.5312 -62.2325
      vertex -30.7627 -30.7627 -62.2325
      vertex -30.7627 -30.7627 -18.2325
    endloop
  endfacet
  facet normal -0.720854 -0.693087 0
    outer loop
      vertex -31.9467 -29.5312 -62.2325
      vertex -30.7627 -30.7627 -18.2325
      vertex -31.9467 -29.5312 -18.2325
    endloop
  endfacet
  facet normal 0 0 -1
    outer loop
      vertex 0 0 -62.2325
      vertex -29.5312 -31.9467 -62.2325
      vertex -30.7627 -30.7627 -62.2325
    endloop
  endfacet
  facet normal 0 0 1
    outer loop
      vertex 0 0 -18.2325
      vertex -30.7627 -30.7627 -18.2325
      vertex -29.5312 -31.9467 -18.2325
    endloop
  endfacet
  facet normal -0.693087 -0.720854 0
    outer loop
      vertex -30.7627 -30.7627 -62.2325
      vertex -29.5312 -31.9467 -62.2325
      vertex -29.5312 -31.9467 -18.2325
    endloop
  endfacet
  facet normal -0.693087 -0.720854 0
    outer loop
      vertex -30.7627 -30.7627 -62.2325
      vertex -29.5312 -31.9467 -18.2325
      vertex -30.7627 -30.7627 -18.2325
    endloop
  endfacet
  facet normal 0 0 -1
    outer loop
      vertex 0 0 -62.2325
      vertex -28.2542 -33.0815 -62.2325
      vertex -29.5312 -31.9467 -62.2325
    endloop
  endfacet
  facet normal 0 0 1
    outer loop
      vertex 0 0 -18.2325
      vertex -29.5312 -31.9467 -18.2325
      vertex -28.2542 -33.0815 -18.2325
    endloop
  endfacet
  facet normal -0.664252 -0.747508 0
    outer loop
      vertex -29.5312 -31.9467 -62.2325
      vertex -28.2542 -33.0815 -62.2325
      vertex -28.2542 -33.0815 -18.2325
    endloop
  endfacet
  facet normal -0.664252 -0.747508 0
    outer loop
      vertex -29.5312 -31.9467 -62.2325
      vertex -28.2542 -33.0815 -18.2325
      vertex -29.5312 -31.9467 -18.2325
    endloop
  endfacet
  facet normal 0 0 -1
    outer loop
      vertex 0 0 -62.2325
      vertex -26.9337 -34.1652 -62.2325
      vertex -28.2542 -33.0815 -62.2325
    endloop
  endfacet
  facet normal 0 0 1
    outer loop
      vertex 0 0 -18.2325
      vertex -28.2542 -33.0815 -18.2325
      vertex -26.9337 -34.1652 -18.2325
    endloop
  endfacet
  facet normal -0.634393 -0.77301 0
    outer loop
      vertex -28.2542 -33.0815 -62.2325
      vertex -26.9337 -34.1652 -62.2325
      vertex -26.9337 -34.1652 -18.2325
    endloop
  endfacet
  facet normal -0.634393 -0.77301 0
    outer loop
      vertex -28.2542 -33.0815 -62.2325
      vertex -26.9337 -34.1652 -18.2325
      vertex -28.2542 -33.0815 -18.2325
    endloop
  endfacet
  facet normal 0 0 -1
    outer loop
      vertex 0 0 -62.2325
      vertex -25.5716 -35.1963 -62.2325
      vertex -26.9337 -34.1652 -62.2325
    endloop
  endfacet
  facet normal 0 0 1
    outer loop
      vertex 0 0 -18.2325
      vertex -26.9337 -34.1652 -18.2325
      vertex -25.5716 -35.1963 -18.2325
    endloop
  endfacet
  facet normal -0.603556 -0.797321 0
    outer loop
      vertex -26.9337 -34.1652 -62.2325
      vertex -25.5716 -35.1963 -62.2325
      vertex -25.5716 -35.1963 -18.2325
    endloop
  endfacet
  facet normal -0.603556 -0.797321 0
    outer loop
      vertex -26.9337 -34.1652 -62.2325
      vertex -25.5716 -35.1963 -18.2325
      vertex -26.9337 -34.1652 -18.2325
    endloop
  endfacet
  facet normal 0 0 -1
    outer loop
      vertex 0 0 -62.2325
      vertex -24.1701 -36.1731 -62.2325
      vertex -25.5716 -35.1963 -62.2325
    endloop
  endfacet
  facet normal 0 0 1
    outer loop
      vertex 0 0 -18.2325
      vertex -25.5716 -35.1963 -18.2325
      vertex -24.1701 -36.1731 -18.2325
    endloop
  endfacet
  facet normal -0.571788 -0.820401 0
    outer loop
      vertex -25.5716 -35.1963 -62.2325
      vertex -24.1701 -36.1731 -62.2325
      vertex -24.1701 -36.1731 -18.2325
    endloop
  endfacet
  facet normal -0.571788 -0.820401 0
    outer loop
      vertex -25.5716 -35.1963 -62.2325
      vertex -24.1701 -36.1731 -18.2325
      vertex -25.5716 -35.1963 -18.2325
    endloop
  endfacet
  facet normal 0 0 -1
    outer loop
      vertex 0 0 -62.2325
      vertex -22.7313 -37.0941 -62.2325
      vertex -24.1701 -36.1731 -62.2325
    endloop
  endfacet
  facet normal 0 0 1
    outer loop
      vertex 0 0 -18.2325
      vertex -24.1701 -36.1731 -18.2325
      vertex -22.7313 -37.0941 -18.2325
    endloop
  endfacet
  facet normal -0.539138 -0.842217 0
    outer loop
      vertex -24.1701 -36.1731 -62.2325
      vertex -22.7313 -37.0941 -62.2325
      vertex -22.7313 -37.0941 -18.2325
    endloop
  endfacet
  facet normal -0.539138 -0.842217 0
    outer loop
      vertex -24.1701 -36.1731 -62.2325
      vertex -22.7313 -37.0941 -18.2325
      vertex -24.1701 -36.1731 -18.2325
    endloop
  endfacet
  facet normal 0 0 -1
    outer loop
      vertex 0 0 -62.2325
      vertex -21.2575 -37.9579 -62.2325
      vertex -22.7313 -37.0941 -62.2325
    endloop
  endfacet
  facet normal 0 0 1
    outer loop
      vertex 0 0 -18.2325
      vertex -22.7313 -37.0941 -18.2325
      vertex -21.2575 -37.9579 -18.2325
    endloop
  endfacet
  facet normal -0.505657 -0.862734 0
    outer loop
      vertex -22.7313 -37.0941 -62.2325
      vertex -21.2575 -37.9579 -62.2325
      vertex -21.2575 -37.9579 -18.2325
    endloop
  endfacet
  facet normal -0.505657 -0.862734 0
    outer loop
      vertex -22.7313 -37.0941 -62.2325
      vertex -21.2575 -37.9579 -18.2325
      vertex -22.7313 -37.0941 -18.2325
    endloop
  endfacet
  facet normal 0 0 -1
    outer loop
      vertex 0 0 -62.2325
      vertex -19.7509 -38.7632 -62.2325
      vertex -21.2575 -37.9579 -62.2325
    endloop
  endfacet
  facet normal 0 0 1
    outer loop
      vertex 0 0 -18.2325
      vertex -21.2575 -37.9579 -18.2325
      vertex -19.7509 -38.7632 -18.2325
    endloop
  endfacet
  facet normal -0.471397 -0.881921 0
    outer loop
      vertex -21.2575 -37.9579 -62.2325
      vertex -19.7509 -38.7632 -62.2325
      vertex -19.7509 -38.7632 -18.2325
    endloop
  endfacet
  facet normal -0.471397 -0.881921 0
    outer loop
      vertex -21.2575 -37.9579 -62.2325
      vertex -19.7509 -38.7632 -18.2325
      vertex -21.2575 -37.9579 -18.2325
    endloop
  endfacet
  facet normal 0 0 -1
    outer loop
      vertex 0 0 -62.2325
      vertex -18.2138 -39.5088 -62.2325
      vertex -19.7509 -38.7632 -62.2325
    endloop
  endfacet
  facet normal 0 0 1
    outer loop
      vertex 0 0 -18.2325
      vertex -19.7509 -38.7632 -18.2325
      vertex -18.2138 -39.5088 -18.2325
    endloop
  endfacet
  facet normal -0.436409 -0.899748 0
    outer loop
      vertex -19.7509 -38.7632 -62.2325
      vertex -18.2138 -39.5088 -62.2325
      vertex -18.2138 -39.5088 -18.2325
    endloop
  endfacet
  facet normal -0.436409 -0.899748 0
    outer loop
      vertex -19.7509 -38.7632 -62.2325
      vertex -18.2138 -39.5088 -18.2325
      vertex -19.7509 -38.7632 -18.2325
    endloop
  endfacet
  facet normal 0 0 -1
    outer loop
      vertex 0 0 -62.2325
      vertex -16.6486 -40.1934 -62.2325
      vertex -18.2138 -39.5088 -62.2325
    endloop
  endfacet
  facet normal 0 0 1
    outer loop
      vertex 0 0 -18.2325
      vertex -18.2138 -39.5088 -18.2325
      vertex -16.6486 -40.1934 -18.2325
    endloop
  endfacet
  facet normal -0.400749 -0.916188 0
    outer loop
      vertex -18.2138 -39.5088 -62.2325
      vertex -16.6486 -40.1934 -62.2325
      vertex -16.6486 -40.1934 -18.2325
    endloop
  endfacet
  facet normal -0.400749 -0.916188 0
    outer loop
      vertex -18.2138 -39.5088 -62.2325
      vertex -16.6486 -40.1934 -18.2325
      vertex -18.2138 -39.5088 -18.2325
    endloop
  endfacet
  facet normal 0 0 -1
    outer loop
      vertex 0 0 -62.2325
      vertex -15.0578 -40.816 -62.2325
      vertex -16.6486 -40.1934 -62.2325
    endloop
  endfacet
  facet normal 0 0 1
    outer loop
      vertex 0 0 -18.2325
      vertex -16.6486 -40.1934 -18.2325
      vertex -15.0578 -40.816 -18.2325
    endloop
  endfacet
  facet normal -0.36447 -0.931215 0
    outer loop
      vertex -16.6486 -40.1934 -62.2325
      vertex -15.0578 -40.816 -62.2325
      vertex -15.0578 -40.816 -18.2325
    endloop
  endfacet
  facet normal -0.36447 -0.931215 0
    outer loop
      vertex -16.6486 -40.1934 -62.2325
      vertex -15.0578 -40.816 -18.2325
      vertex -16.6486 -40.1934 -18.2325
    endloop
  endfacet
  facet normal 0 0 -1
    outer loop
      vertex 0 0 -62.2325
      vertex -13.4438 -41.3757 -62.2325
      vertex -15.0578 -40.816 -62.2325
    endloop
  endfacet
  facet normal 0 0 1
    outer loop
      vertex 0 0 -18.2325
      vertex -15.0578 -40.816 -18.2325
      vertex -13.4438 -41.3757 -18.2325
    endloop
  endfacet
  facet normal -0.32763 -0.944806 0
    outer loop
      vertex -15.0578 -40.816 -62.2325
      vertex -13.4438 -41.3757 -62.2325
      vertex -13.4438 -41.3757 -18.2325
    endloop
  endfacet
  facet normal -0.32763 -0.944806 0
    outer loop
      vertex -15.0578 -40.816 -62.2325
      vertex -13.4438 -41.3757 -18.2325
      vertex -15.0578 -40.816 -18.2325
    endloop
  endfacet
  facet normal 0 0 -1
    outer loop
      vertex 0 0 -62.2325
      vertex -11.809 -41.8716 -62.2325
      vertex -13.4438 -41.3757 -62.2325
    endloop
  endfacet
  facet normal 0 0 1
    outer loop
      vertex 0 0 -18.2325
      vertex -13.4438 -41.3757 -18.2325
      vertex -11.809 -41.8716 -18.2325
    endloop
  endfacet
  facet normal -0.290285 -0.95694 0
    outer loop
      vertex -13.4438 -41.3757 -62.2325
      vertex -11.809 -41.8716 -62.2325
      vertex -11.809 -41.8716 -18.2325
    endloop
  endfacet
  facet normal -0.290285 -0.95694 0
    outer loop
      vertex -13.4438 -41.3757 -62.2325
      vertex -11.809 -41.8716 -18.2325
      vertex -13.4438 -41.3757 -18.2325
    endloop
  endfacet
  facet normal 0 0 -1
    outer loop
      vertex 0 0 -62.2325
      vertex -10.156 -42.303 -62.2325
      vertex -11.809 -41.8716 -62.2325
    endloop
  endfacet
  facet normal 0 0 1
    outer loop
      vertex 0 0 -18.2325
      vertex -11.809 -41.8716 -18.2325
      vertex -10.156 -42.303 -18.2325
    endloop
  endfacet
  facet normal -0.252492 -0.967599 0
    outer loop
      vertex -11.809 -41.8716 -62.2325
      vertex -10.156 -42.303 -62.2325
      vertex -10.156 -42.303 -18.2325
    endloop
  endfacet
  facet normal -0.252492 -0.967599 0
    outer loop
      vertex -11.809 -41.8716 -62.2325
      vertex -10.156 -42.303 -18.2325
      vertex -11.809 -41.8716 -18.2325
    endloop
  endfacet
  facet normal 0 0 -1
    outer loop
      vertex 0 0 -62.2325
      vertex -8.4874 -42.6691 -62.2325
      vertex -10.156 -42.303 -62.2325
    endloop
  endfacet
  facet normal 0 0 1
    outer loop
      vertex 0 0 -18.2325
      vertex -10.156 -42.303 -18.2325
      vertex -8.4874 -42.6691 -18.2325
    endloop
  endfacet
  facet normal -0.214309 -0.976766 0
    outer loop
      vertex -10.156 -42.303 -62.2325
      vertex -8.4874 -42.6691 -62.2325
      vertex -8.4874 -42.6691 -18.2325
    endloop
  endfacet
  facet normal -0.214309 -0.976766 0
    outer loop
      vertex -10.156 -42.303 -62.2325
      vertex -8.4874 -42.6691 -18.2325
      vertex -10.156 -42.303 -18.2325
    endloop
  endfacet
  facet normal 0 0 -1
    outer loop
      vertex 0 0 -62.2325
      vertex -6.80568 -42.9694 -62.2325
      vertex -8.4874 -42.6691 -62.2325
    endloop
  endfacet
  facet normal 0 0 1
    outer loop
      vertex 0 0 -18.2325
      vertex -8.4874 -42.6691 -18.2325
      vertex -6.80568 -42.9694 -18.2325
    endloop
  endfacet
  facet normal -0.175796 -0.984427 0
    outer loop
      vertex -8.4874 -42.6691 -62.2325
      vertex -6.80568 -42.9694 -62.2325
      vertex -6.80568 -42.9694 -18.2325
    endloop
  endfacet
  facet normal -0.175796 -0.984427 0
    outer loop
      vertex -8.4874 -42.6691 -62.2325
      vertex -6.80568 -42.9694 -18.2325
      vertex -8.4874 -42.6691 -18.2325
    endloop
  endfacet
  facet normal 0 0 -1
    outer loop
      vertex 0 0 -62.2325
      vertex -5.11346 -43.2034 -62.2325
      vertex -6.80568 -42.9694 -62.2325
    endloop
  endfacet
  facet normal 0 0 1
    outer loop
      vertex 0 0 -18.2325
      vertex -6.80568 -42.9694 -18.2325
      vertex -5.11346 -43.2034 -18.2325
    endloop
  endfacet
  facet normal -0.137012 -0.990569 0
    outer loop
      vertex -6.80568 -42.9694 -62.2325
      vertex -5.11346 -43.2034 -62.2325
      vertex -5.11346 -43.2034 -18.2325
    endloop
  endfacet
  facet normal -0.137012 -0.990569 0
    outer loop
      vertex -6.80568 -42.9694 -62.2325
      vertex -5.11346 -43.2034 -18.2325
      vertex -6.80568 -42.9694 -18.2325
    endloop
  endfacet
  facet normal 0 0 -1
    outer loop
      vertex 0 0 -62.2325
      vertex -3.41336 -43.3709 -62.2325
      vertex -5.11346 -43.2034 -62.2325
    endloop
  endfacet
  facet normal 0 0 1
    outer loop
      vertex 0 0 -18.2325
      vertex -5.11346 -43.2034 -18.2325
      vertex -3.41336 -43.3709 -18.2325
    endloop
  endfacet
  facet normal -0.0980171 -0.995185 0
    outer loop
      vertex -5.11346 -43.2034 -62.2325
      vertex -3.41336 -43.3709 -62.2325
      vertex -3.41336 -43.3709 -18.2325
    endloop
  endfacet
  facet normal -0.0980171 -0.995185 0
    outer loop
      vertex -5.11346 -43.2034 -62.2325
      vertex -3.41336 -43.3709 -18.2325
      vertex -5.11346 -43.2034 -18.2325
    endloop
  endfacet
  facet normal 0 0 -1
    outer loop
      vertex 0 0 -62.2325
      vertex -1.708 -43.4715 -62.2325
      vertex -3.41336 -43.3709 -62.2325
    endloop
  endfacet
  facet normal 0 0 1
    outer loop
      vertex 0 0 -18.2325
      vertex -3.41336 -43.3709 -18.2325
      vertex -1.708 -43.4715 -18.2325
    endloop
  endfacet
  facet normal -0.0588708 -0.998266 0
    outer loop
      vertex -3.41336 -43.3709 -62.2325
      vertex -1.708 -43.4715 -62.2325
      vertex -1.708 -43.4715 -18.2325
    endloop
  endfacet
  facet normal -0.0588708 -0.998266 0
    outer loop
      vertex -3.41336 -43.3709 -62.2325
      vertex -1.708 -43.4715 -18.2325
      vertex -3.41336 -43.3709 -18.2325
    endloop
  endfacet
  facet normal 0 0 -1
    outer loop
      vertex 0 0 -62.2325
      vertex -7.99174e-15 -43.505 -62.2325
      vertex -1.708 -43.4715 -62.2325
    endloop
  endfacet
  facet normal 0 0 1
    outer loop
      vertex 0 0 -18.2325
      vertex -1.708 -43.4715 -18.2325
      vertex -7.99174e-15 -43.505 -18.2325
    endloop
  endfacet
  facet normal -0.0196337 -0.999807 0
    outer loop
      vertex -1.708 -43.4715 -62.2325
      vertex -7.99174e-15 -43.505 -62.2325
      vertex -7.99174e-15 -43.505 -18.2325
    endloop
  endfacet
  facet normal -0.0196337 -0.999807 0
    outer loop
      vertex -1.708 -43.4715 -62.2325
      vertex -7.99174e-15 -43.505 -18.2325
      vertex -1.708 -43.4715 -18.2325
    endloop
  endfacet
  facet normal 0 0 -1
    outer loop
      vertex 0 0 -62.2325
      vertex 1.708 -43.4715 -62.2325
      vertex -7.99174e-15 -43.505 -62.2325
    endloop
  endfacet
  facet normal 0 0 1
    outer loop
      vertex 0 0 -18.2325
      vertex -7.99174e-15 -43.505 -18.2325
      vertex 1.708 -43.4715 -18.2325
    endloop
  endfacet
  facet normal 0.0196337 -0.999807 0
    outer loop
      vertex -7.99174e-15 -43.505 -62.2325
      vertex 1.708 -43.4715 -62.2325
      vertex 1.708 -43.4715 -18.2325
    endloop
  endfacet
  facet normal 0.0196337 -0.999807 0
    outer loop
      vertex -7.99174e-15 -43.505 -62.2325
      vertex 1.708 -43.4715 -18.2325
      vertex -7.99174e-15 -43.505 -18.2325
    endloop
  endfacet
  facet normal 0 0 -1
    outer loop
      vertex 0 0 -62.2325
      vertex 3.41336 -43.3709 -62.2325
      vertex 1.708 -43.4715 -62.2325
    endloop
  endfacet
  facet normal 0 0 1
    outer loop
      vertex 0 0 -18.2325
      vertex 1.708 -43.4715 -18.2325
      vertex 3.41336 -43.3709 -18.2325
    endloop
  endfacet
  facet normal 0.0588708 -0.998266 0
    outer loop
      vertex 1.708 -43.4715 -62.2325
      vertex 3.41336 -43.3709 -62.2325
      vertex 3.41336 -43.3709 -18.2325
    endloop
  endfacet
  facet normal 0.0588708 -0.998266 0
    outer loop
      vertex 1.708 -43.4715 -62.2325
      vertex 3.41336 -43.3709 -18.2325
      vertex 1.708 -43.4715 -18.2325
    endloop
  endfacet
  facet normal 0 0 -1
    outer loop
      vertex 0 0 -62.2325
      vertex 5.11346 -43.2034 -62.2325
      vertex 3.41336 -43.3709 -62.2325
    endloop
  endfacet
  facet normal 0 0 1
    outer loop
      vertex 0 0 -18.2325
      vertex 3.41336 -43.3709 -18.2325
      vertex 5.11346 -43.2034 -18.2325
    endloop
  endfacet
  facet normal 0.0980171 -0.995185 0
    outer loop
      vertex 3.41336 -43.3709 -62.2325
      vertex 5.11346 -43.2034 -62.2325
      vertex 5.11346 -43.2034 -18.2325
    endloop
  endfacet
  facet normal 0.0980171 -0.995185 0
    outer loop
      vertex 3.41336 -43.3709 -62.2325
      vertex 5.11346 -43.2034 -18.2325
      vertex 3.41336 -43.3709 -18.2325
    endloop
  endfacet
  facet normal 0 0 -1
    outer loop
      vertex 0 0 -62.2325
      vertex 6.80568 -42.9694 -62.2325
      vertex 5.11346 -43.2034 -62.2325
    endloop
  endfacet
  facet normal 0 0 1
    outer loop
      vertex 0 0 -18.2325
      vertex 5.11346 -43.2034 -18.2325
      vertex 6.80568 -42.9694 -18.2325
    endloop
  endfacet
  facet normal 0.137012 -0.990569 0
    outer loop
      vertex 5.11346 -43.2034 -62.2325
      vertex 6.80568 -42.9694 -62.2325
      vertex 6.80568 -42.9694 -18.2325
    endloop
  endfacet
  facet normal 0.137012 -0.990569 0
    outer loop
      vertex 5.11346 -43.2034 -62.2325
      vertex 6.80568 -42.9694 -18.2325
      vertex 5.11346 -43.2034 -18.2325
    endloop
  endfacet
  facet normal 0 0 -1
    outer loop
      vertex 0 0 -62.2325
      vertex 8.4874 -42.6691 -62.2325
      vertex 6.80568 -42.9694 -62.2325
    endloop
  endfacet
  facet normal 0 0 1
    outer loop
      vertex 0 0 -18.2325
      vertex 6.80568 -42.9694 -18.2325
      vertex 8.4874 -42.6691 -18.2325
    endloop
  endfacet
  facet normal 0.175796 -0.984427 0
    outer loop
      vertex 6.80568 -42.9694 -62.2325
      vertex 8.4874 -42.6691 -62.2325
      vertex 8.4874 -42.6691 -18.2325
    endloop
  endfacet
  facet normal 0.175796 -0.984427 0
    outer loop
      vertex 6.80568 -42.9694 -62.2325
      vertex 8.4874 -42.6691 -18.2325
      vertex 6.80568 -42.9694 -18.2325
    endloop
  endfacet
  facet normal 0 0 -1
    outer loop
      vertex 0 0 -62.2325
      vertex 10.156 -42.303 -62.2325
      vertex 8.4874 -42.6691 -62.2325
    endloop
  endfacet
  facet normal 0 0 1
    outer loop
      vertex 0 0 -18.2325
      vertex 8.4874 -42.6691 -18.2325
      vertex 10.156 -42.303 -18.2325
    endloop
  endfacet
  facet normal 0.214309 -0.976766 0
    outer loop
      vertex 8.4874 -42.6691 -62.2325
      vertex 10.156 -42.303 -62.2325
      vertex 10.156 -42.303 -18.2325
    endloop
  endfacet
  facet normal 0.214309 -0.976766 0
    outer loop
      vertex 8.4874 -42.6691 -62.2325
      vertex 10.156 -42.303 -18.2325
      vertex 8.4874 -42.6691 -18.2325
    endloop
  endfacet
  facet normal 0 0 -1
    outer loop
      vertex 0 0 -62.2325
      vertex 11.809 -41.8716 -62.2325
      vertex 10.156 -42.303 -62.2325
    endloop
  endfacet
  facet normal 0 0 1
    outer loop
      vertex 0 0 -18.2325
      vertex 10.156 -42.303 -18.2325
      vertex 11.809 -41.8716 -18.2325
    endloop
  endfacet
  facet normal 0.252492 -0.967599 0
    outer loop
      vertex 10.156 -42.303 -62.2325
      vertex 11.809 -41.8716 -62.2325
      vertex 11.809 -41.8716 -18.2325
    endloop
  endfacet
  facet normal 0.252492 -0.967599 0
    outer loop
      vertex 10.156 -42.303 -62.2325
      vertex 11.809 -41.8716 -18.2325
      vertex 10.156 -42.303 -18.2325
    endloop
  endfacet
  facet normal 0 0 -1
    outer loop
      vertex 0 0 -62.2325
      vertex 13.4438 -41.3757 -62.2325
      vertex 11.809 -41.8716 -62.2325
    endloop
  endfacet
  facet normal 0 0 1
    outer loop
      vertex 0 0 -18.2325
      vertex 11.809 -41.8716 -18.2325
      vertex 13.4438 -41.3757 -18.2325
    endloop
  endfacet
  facet normal 0.290285 -0.95694 0
    outer loop
      vertex 11.809 -41.8716 -62.2325
      vertex 13.4438 -41.3757 -62.2325
      vertex 13.4438 -41.3757 -18.2325
    endloop
  endfacet
  facet normal 0.290285 -0.95694 0
    outer loop
      vertex 11.809 -41.8716 -62.2325
      vertex 13.4438 -41.3757 -18.2325
      vertex 11.809 -41.8716 -18.2325
    endloop
  endfacet
  facet normal 0 0 -1
    outer loop
      vertex 0 0 -62.2325
      vertex 15.0578 -40.816 -62.2325
      vertex 13.4438 -41.3757 -62.2325
    endloop
  endfacet
  facet normal 0 0 1
    outer loop
      vertex 0 0 -18.2325
      vertex 13.4438 -41.3757 -18.2325
      vertex 15.0578 -40.816 -18.2325
    endloop
  endfacet
  facet normal 0.32763 -0.944806 0
    outer loop
      vertex 13.4438 -41.3757 -62.2325
      vertex 15.0578 -40.816 -62.2325
      vertex 15.0578 -40.816 -18.2325
    endloop
  endfacet
  facet normal 0.32763 -0.944806 0
    outer loop
      vertex 13.4438 -41.3757 -62.2325
      vertex 15.0578 -40.816 -18.2325
      vertex 13.4438 -41.3757 -18.2325
    endloop
  endfacet
  facet normal 0 0 -1
    outer loop
      vertex 0 0 -62.2325
      vertex 16.6486 -40.1934 -62.2325
      vertex 15.0578 -40.816 -62.2325
    endloop
  endfacet
  facet normal 0 0 1
    outer loop
      vertex 0 0 -18.2325
      vertex 15.0578 -40.816 -18.2325
      vertex 16.6486 -40.1934 -18.2325
    endloop
  endfacet
  facet normal 0.36447 -0.931215 0
    outer loop
      vertex 15.0578 -40.816 -62.2325
      vertex 16.6486 -40.1934 -62.2325
      vertex 16.6486 -40.1934 -18.2325
    endloop
  endfacet
  facet normal 0.36447 -0.931215 0
    outer loop
      vertex 15.0578 -40.816 -62.2325
      vertex 16.6486 -40.1934 -18.2325
      vertex 15.0578 -40.816 -18.2325
    endloop
  endfacet
  facet normal 0 0 -1
    outer loop
      vertex 0 0 -62.2325
      vertex 18.2138 -39.5088 -62.2325
      vertex 16.6486 -40.1934 -62.2325
    endloop
  endfacet
  facet normal 0 0 1
    outer loop
      vertex 0 0 -18.2325
      vertex 16.6486 -40.1934 -18.2325
      vertex 18.2138 -39.5088 -18.2325
    endloop
  endfacet
  facet normal 0.400749 -0.916188 0
    outer loop
      vertex 16.6486 -40.1934 -62.2325
      vertex 18.2138 -39.5088 -62.2325
      vertex 18.2138 -39.5088 -18.2325
    endloop
  endfacet
  facet normal 0.400749 -0.916188 0
    outer loop
      vertex 16.6486 -40.1934 -62.2325
      vertex 18.2138 -39.5088 -18.2325
      vertex 16.6486 -40.1934 -18.2325
    endloop
  endfacet
  facet normal 0 0 -1
    outer loop
      vertex 0 0 -62.2325
      vertex 19.7509 -38.7632 -62.2325
      vertex 18.2138 -39.5088 -62.2325
    endloop
  endfacet
  facet normal 0 0 1
    outer loop
      vertex 0 0 -18.2325
      vertex 18.2138 -39.5088 -18.2325
      vertex 19.7509 -38.7632 -18.2325
    endloop
  endfacet
  facet normal 0.436409 -0.899748 0
    outer loop
      vertex 18.2138 -39.5088 -62.2325
      vertex 19.7509 -38.7632 -62.2325
      vertex 19.7509 -38.7632 -18.2325
    endloop
  endfacet
  facet normal 0.436409 -0.899748 0
    outer loop
      vertex 18.2138 -39.5088 -62.2325
      vertex 19.7509 -38.7632 -18.2325
      vertex 18.2138 -39.5088 -18.2325
    endloop
  endfacet
  facet normal 0 0 -1
    outer loop
      vertex 0 0 -62.2325
      vertex 21.2575 -37.9579 -62.2325
      vertex 19.7509 -38.7632 -62.2325
    endloop
  endfacet
  facet normal 0 0 1
    outer loop
      vertex 0 0 -18.2325
      vertex 19.7509 -38.7632 -18.2325
      vertex 21.2575 -37.9579 -18.2325
    endloop
  endfacet
  facet normal 0.471397 -0.881921 0
    outer loop
      vertex 19.7509 -38.7632 -62.2325
      vertex 21.2575 -37.9579 -62.2325
      vertex 21.2575 -37.9579 -18.2325
    endloop
  endfacet
  facet normal 0.471397 -0.881921 0
    outer loop
      vertex 19.7509 -38.7632 -62.2325
      vertex 21.2575 -37.9579 -18.2325
      vertex 19.7509 -38.7632 -18.2325
    endloop
  endfacet
  facet normal 0 0 -1
    outer loop
      vertex 0 0 -62.2325
      vertex 22.7313 -37.0941 -62.2325
      vertex 21.2575 -37.9579 -62.2325
    endloop
  endfacet
  facet normal 0 0 1
    outer loop
      vertex 0 0 -18.2325
      vertex 21.2575 -37.9579 -18.2325
      vertex 22.7313 -37.0941 -18.2325
    endloop
  endfacet
  facet normal 0.505657 -0.862734 0
    outer loop
      vertex 21.2575 -37.9579 -62.2325
      vertex 22.7313 -37.0941 -62.2325
      vertex 22.7313 -37.0941 -18.2325
    endloop
  endfacet
  facet normal 0.505657 -0.862734 0
    outer loop
      vertex 21.2575 -37.9579 -62.2325
      vertex 22.7313 -37.0941 -18.2325
      vertex 21.2575 -37.9579 -18.2325
    endloop
  endfacet
  facet normal 0 0 -1
    outer loop
      vertex 0 0 -62.2325
      vertex 24.1701 -36.1731 -62.2325
      vertex 22.7313 -37.0941 -62.2325
    endloop
  endfacet
  facet normal 0 0 1
    outer loop
      vertex 0 0 -18.2325
      vertex 22.7313 -37.0941 -18.2325
      vertex 24.1701 -36.1731 -18.2325
    endloop
  endfacet
  facet normal 0.539138 -0.842217 0
    outer loop
      vertex 22.7313 -37.0941 -62.2325
      vertex 24.1701 -36.1731 -62.2325
      vertex 24.1701 -36.1731 -18.2325
    endloop
  endfacet
  facet normal 0.539138 -0.842217 0
    outer loop
      vertex 22.7313 -37.0941 -62.2325
      vertex 24.1701 -36.1731 -18.2325
      vertex 22.7313 -37.0941 -18.2325
    endloop
  endfacet
  facet normal 0 0 -1
    outer loop
      vertex 0 0 -62.2325
      vertex 25.5716 -35.1963 -62.2325
      vertex 24.1701 -36.1731 -62.2325
    endloop
  endfacet
  facet normal 0 0 1
    outer loop
      vertex 0 0 -18.2325
      vertex 24.1701 -36.1731 -18.2325
      vertex 25.5716 -35.1963 -18.2325
    endloop
  endfacet
  facet normal 0.571788 -0.820401 0
    outer loop
      vertex 24.1701 -36.1731 -62.2325
      vertex 25.5716 -35.1963 -62.2325
      vertex 25.5716 -35.1963 -18.2325
    endloop
  endfacet
  facet normal 0.571788 -0.820401 0
    outer loop
      vertex 24.1701 -36.1731 -62.2325
      vertex 25.5716 -35.1963 -18.2325
      vertex 24.1701 -36.1731 -18.2325
    endloop
  endfacet
  facet normal 0 0 -1
    outer loop
      vertex 0 0 -62.2325
      vertex 26.9337 -34.1652 -62.2325
      vertex 25.5716 -35.1963 -62.2325
    endloop
  endfacet
  facet normal 0 0 1
    outer loop
      vertex 0 0 -18.2325
      vertex 25.5716 -35.1963 -18.2325
      vertex 26.9337 -34.1652 -18.2325
    endloop
  endfacet
  facet normal 0.603556 -0.797321 0
    outer loop
      vertex 25.5716 -35.1963 -62.2325
      vertex 26.9337 -34.1652 -62.2325
      vertex 26.9337 -34.1652 -18.2325
    endloop
  endfacet
  facet normal 0.603556 -0.797321 0
    outer loop
      vertex 25.5716 -35.1963 -62.2325
      vertex 26.9337 -34.1652 -18.2325
      vertex 25.5716 -35.1963 -18.2325
    endloop
  endfacet
  facet normal 0 0 -1
    outer loop
      vertex 0 0 -62.2325
      vertex 28.2542 -33.0815 -62.2325
      vertex 26.9337 -34.1652 -62.2325
    endloop
  endfacet
  facet normal 0 0 1
    outer loop
      vertex 0 0 -18.2325
      vertex 26.9337 -34.1652 -18.2325
      vertex 28.2542 -33.0815 -18.2325
    endloop
  endfacet
  facet normal 0.634393 -0.77301 0
    outer loop
      vertex 26.9337 -34.1652 -62.2325
      vertex 28.2542 -33.0815 -62.2325
      vertex 28.2542 -33.0815 -18.2325
    endloop
  endfacet
  facet normal 0.634393 -0.77301 0
    outer loop
      vertex 26.9337 -34.1652 -62.2325
      vertex 28.2542 -33.0815 -18.2325
      vertex 26.9337 -34.1652 -18.2325
    endloop
  endfacet
  facet normal 0 0 -1
    outer loop
      vertex 0 0 -62.2325
      vertex 29.5312 -31.9467 -62.2325
      vertex 28.2542 -33.0815 -62.2325
    endloop
  endfacet
  facet normal 0 0 1
    outer loop
      vertex 0 0 -18.2325
      vertex 28.2542 -33.0815 -18.2325
      vertex 29.5312 -31.9467 -18.2325
    endloop
  endfacet
  facet normal 0.664252 -0.747508 0
    outer loop
      vertex 28.2542 -33.0815 -62.2325
      vertex 29.5312 -31.9467 -62.2325
      vertex 29.5312 -31.9467 -18.2325
    endloop
  endfacet
  facet normal 0.664252 -0.747508 0
    outer loop
      vertex 28.2542 -33.0815 -62.2325
      vertex 29.5312 -31.9467 -18.2325
      vertex 28.2542 -33.0815 -18.2325
    endloop
  endfacet
  facet normal 0 0 -1
    outer loop
      vertex 0 0 -62.2325
      vertex 30.7627 -30.7627 -62.2325
      vertex 29.5312 -31.9467 -62.2325
    endloop
  endfacet
  facet normal 0 0 1
    outer loop
      vertex 0 0 -18.2325
      vertex 29.5312 -31.9467 -18.2325
      vertex 30.7627 -30.7627 -18.2325
    endloop
  endfacet
  facet normal 0.693087 -0.720854 0
    outer loop
      vertex 29.5312 -31.9467 -62.2325
      vertex 30.7627 -30.7627 -62.2325
      vertex 30.7627 -30.7627 -18.2325
    endloop
  endfacet
  facet normal 0.693087 -0.720854 0
    outer loop
      vertex 29.5312 -31.9467 -62.2325
      vertex 30.7627 -30.7627 -18.2325
      vertex 29.5312 -31.9467 -18.2325
    endloop
  endfacet
  facet normal 0 0 -1
    outer loop
      vertex 0 0 -62.2325
      vertex 31.9467 -29.5312 -62.2325
      vertex 30.7627 -30.7627 -62.2325
    endloop
  endfacet
  facet normal 0 0 1
    outer loop
      vertex 0 0 -18.2325
      vertex 30.7627 -30.7627 -18.2325
      vertex 31.9467 -29.5312 -18.2325
    endloop
  endfacet
  facet normal 0.720854 -0.693087 0
    outer loop
      vertex 30.7627 -30.7627 -62.2325
      vertex 31.9467 -29.5312 -62.2325
      vertex 31.9467 -29.5312 -18.2325
    endloop
  endfacet
  facet normal 0.720854 -0.693087 0
    outer loop
      vertex 30.7627 -30.7627 -62.2325
      vertex 31.9467 -29.5312 -18.2325
      vertex 30.7627 -30.7627 -18.2325
    endloop
  endfacet
  facet normal 0 0 -1
    outer loop
      vertex 0 0 -62.2325
      vertex 33.0815 -28.2542 -62.2325
      vertex 31.9467 -29.5312 -62.2325
    endloop
  endfacet
  facet normal 0 0 1
    outer loop
      vertex 0 0 -18.2325
      vertex 31.9467 -29.5312 -18.2325
      vertex 33.0815 -28.2542 -18.2325
    endloop
  endfacet
  facet normal 0.747508 -0.664252 0
    outer loop
      vertex 31.9467 -29.5312 -62.2325
      vertex 33.0815 -28.2542 -62.2325
      vertex 33.0815 -28.2542 -18.2325
    endloop
  endfacet
  facet normal 0.747508 -0.664252 0
    outer loop
      vertex 31.9467 -29.5312 -62.2325
      vertex 33.0815 -28.2542 -18.2325
      vertex 31.9467 -29.5312 -18.2325
    endloop
  endfacet
  facet normal 0 0 -1
    outer loop
      vertex 0 0 -62.2325
      vertex 34.1652 -26.9337 -62.2325
      vertex 33.0815 -28.2542 -62.2325
    endloop
  endfacet
  facet normal 0 0 1
    outer loop
      vertex 0 0 -18.2325
      vertex 33.0815 -28.2542 -18.2325
      vertex 34.1652 -26.9337 -18.2325
    endloop
  endfacet
  facet normal 0.77301 -0.634393 0
    outer loop
      vertex 33.0815 -28.2542 -62.2325
      vertex 34.1652 -26.9337 -62.2325
      vertex 34.1652 -26.9337 -18.2325
    endloop
  endfacet
  facet normal 0.77301 -0.634393 0
    outer loop
      vertex 33.0815 -28.2542 -62.2325
      vertex 34.1652 -26.9337 -18.2325
      vertex 33.0815 -28.2542 -18.2325
    endloop
  endfacet
  facet normal 0 0 -1
    outer loop
      vertex 0 0 -62.2325
      vertex 35.1963 -25.5716 -62.2325
      vertex 34.1652 -26.9337 -62.2325
    endloop
  endfacet
  facet normal 0 0 1
    outer loop
      vertex 0 0 -18.2325
      vertex 34.1652 -26.9337 -18.2325
      vertex 35.1963 -25.5716 -18.2325
    endloop
  endfacet
  facet normal 0.797321 -0.603556 0
    outer loop
      vertex 34.1652 -26.9337 -62.2325
      vertex 35.1963 -25.5716 -62.2325
      vertex 35.1963 -25.5716 -18.2325
    endloop
  endfacet
  facet normal 0.797321 -0.603556 0
    outer loop
      vertex 34.1652 -26.9337 -62.2325
      vertex 35.1963 -25.5716 -18.2325
      vertex 34.1652 -26.9337 -18.2325
    endloop
  endfacet
  facet normal 0 0 -1
    outer loop
      vertex 0 0 -62.2325
      vertex 36.1731 -24.1701 -62.2325
      vertex 35.1963 -25.5716 -62.2325
    endloop
  endfacet
  facet normal 0 0 1
    outer loop
      vertex 0 0 -18.2325
      vertex 35.1963 -25.5716 -18.2325
      vertex 36.1731 -24.1701 -18.2325
    endloop
  endfacet
  facet normal 0.820401 -0.571788 0
    outer loop
      vertex 35.1963 -25.5716 -62.2325
      vertex 36.1731 -24.1701 -62.2325
      vertex 36.1731 -24.1701 -18.2325
    endloop
  endfacet
  facet normal 0.820401 -0.571788 0
    outer loop
      vertex 35.1963 -25.5716 -62.2325
      vertex 36.1731 -24.1701 -18.2325
      vertex 35.1963 -25.5716 -18.2325
    endloop
  endfacet
  facet normal 0 0 -1
    outer loop
      vertex 0 0 -62.2325
      vertex 37.0941 -22.7313 -62.2325
      vertex 36.1731 -24.1701 -62.2325
    endloop
  endfacet
  facet normal 0 0 1
    outer loop
      vertex 0 0 -18.2325
      vertex 36.1731 -24.1701 -18.2325
      vertex 37.0941 -22.7313 -18.2325
    endloop
  endfacet
  facet normal 0.842217 -0.539138 0
    outer loop
      vertex 36.1731 -24.1701 -62.2325
      vertex 37.0941 -22.7313 -62.2325
      vertex 37.0941 -22.7313 -18.2325
    endloop
  endfacet
  facet normal 0.842217 -0.539138 0
    outer loop
      vertex 36.1731 -24.1701 -62.2325
      vertex 37.0941 -22.7313 -18.2325
      vertex 36.1731 -24.1701 -18.2325
    endloop
  endfacet
  facet normal 0 0 -1
    outer loop
      vertex 0 0 -62.2325
      vertex 37.9579 -21.2575 -62.2325
      vertex 37.0941 -22.7313 -62.2325
    endloop
  endfacet
  facet normal 0 0 1
    outer loop
      vertex 0 0 -18.2325
      vertex 37.0941 -22.7313 -18.2325
      vertex 37.9579 -21.2575 -18.2325
    endloop
  endfacet
  facet normal 0.862734 -0.505657 0
    outer loop
      vertex 37.0941 -22.7313 -62.2325
      vertex 37.9579 -21.2575 -62.2325
      vertex 37.9579 -21.2575 -18.2325
    endloop
  endfacet
  facet normal 0.862734 -0.505657 0
    outer loop
      vertex 37.0941 -22.7313 -62.2325
      vertex 37.9579 -21.2575 -18.2325
      vertex 37.0941 -22.7313 -18.2325
    endloop
  endfacet
  facet normal 0 0 -1
    outer loop
      vertex 0 0 -62.2325
      vertex 38.7632 -19.7509 -62.2325
      vertex 37.9579 -21.2575 -62.2325
    endloop
  endfacet
  facet normal 0 0 1
    outer loop
      vertex 0 0 -18.2325
      vertex 37.9579 -21.2575 -18.2325
      vertex 38.7632 -19.7509 -18.2325
    endloop
  endfacet
  facet normal 0.881921 -0.471397 0
    outer loop
      vertex 37.9579 -21.2575 -62.2325
      vertex 38.7632 -19.7509 -62.2325
      vertex 38.7632 -19.7509 -18.2325
    endloop
  endfacet
  facet normal 0.881921 -0.471397 0
    outer loop
      vertex 37.9579 -21.2575 -62.2325
      vertex 38.7632 -19.7509 -18.2325
      vertex 37.9579 -21.2575 -18.2325
    endloop
  endfacet
  facet normal 0 0 -1
    outer loop
      vertex 0 0 -62.2325
      vertex 39.5088 -18.2138 -62.2325
      vertex 38.7632 -19.7509 -62.2325
    endloop
  endfacet
  facet normal 0 0 1
    outer loop
      vertex 0 0 -18.2325
      vertex 38.7632 -19.7509 -18.2325
      vertex 39.5088 -18.2138 -18.2325
    endloop
  endfacet
  facet normal 0.899748 -0.436409 0
    outer loop
      vertex 38.7632 -19.7509 -62.2325
      vertex 39.5088 -18.2138 -62.2325
      vertex 39.5088 -18.2138 -18.2325
    endloop
  endfacet
  facet normal 0.899748 -0.436409 0
    outer loop
      vertex 38.7632 -19.7509 -62.2325
      vertex 39.5088 -18.2138 -18.2325
      vertex 38.7632 -19.7509 -18.2325
    endloop
  endfacet
  facet normal 0 0 -1
    outer loop
      vertex 0 0 -62.2325
      vertex 40.1934 -16.6486 -62.2325
      vertex 39.5088 -18.2138 -62.2325
    endloop
  endfacet
  facet normal 0 0 1
    outer loop
      vertex 0 0 -18.2325
      vertex 39.5088 -18.2138 -18.2325
      vertex 40.1934 -16.6486 -18.2325
    endloop
  endfacet
  facet normal 0.916188 -0.400749 0
    outer loop
      vertex 39.5088 -18.2138 -62.2325
      vertex 40.1934 -16.6486 -62.2325
      vertex 40.1934 -16.6486 -18.2325
    endloop
  endfacet
  facet normal 0.916188 -0.400749 0
    outer loop
      vertex 39.5088 -18.2138 -62.2325
      vertex 40.1934 -16.6486 -18.2325
      vertex 39.5088 -18.2138 -18.2325
    endloop
  endfacet
  facet normal 0 0 -1
    outer loop
      vertex 0 0 -62.2325
      vertex 40.816 -15.0578 -62.2325
      vertex 40.1934 -16.6486 -62.2325
    endloop
  endfacet
  facet normal 0 0 1
    outer loop
      vertex 0 0 -18.2325
      vertex 40.1934 -16.6486 -18.2325
      vertex 40.816 -15.0578 -18.2325
    endloop
  endfacet
  facet normal 0.931215 -0.36447 0
    outer loop
      vertex 40.1934 -16.6486 -62.2325
      vertex 40.816 -15.0578 -62.2325
      vertex 40.816 -15.0578 -18.2325
    endloop
  endfacet
  facet normal 0.931215 -0.36447 0
    outer loop
      vertex 40.1934 -16.6486 -62.2325
      vertex 40.816 -15.0578 -18.2325
      vertex 40.1934 -16.6486 -18.2325
    endloop
  endfacet
  facet normal 0 0 -1
    outer loop
      vertex 0 0 -62.2325
      vertex 41.3757 -13.4438 -62.2325
      vertex 40.816 -15.0578 -62.2325
    endloop
  endfacet
  facet normal 0 0 1
    outer loop
      vertex 0 0 -18.2325
      vertex 40.816 -15.0578 -18.2325
      vertex 41.3757 -13.4438 -18.2325
    endloop
  endfacet
  facet normal 0.944806 -0.32763 0
    outer loop
      vertex 40.816 -15.0578 -62.2325
      vertex 41.3757 -13.4438 -62.2325
      vertex 41.3757 -13.4438 -18.2325
    endloop
  endfacet
  facet normal 0.944806 -0.32763 0
    outer loop
      vertex 40.816 -15.0578 -62.2325
      vertex 41.3757 -13.4438 -18.2325
      vertex 40.816 -15.0578 -18.2325
    endloop
  endfacet
  facet normal 0 0 -1
    outer loop
      vertex 0 0 -62.2325
      vertex 41.8716 -11.809 -62.2325
      vertex 41.3757 -13.4438 -62.2325
    endloop
  endfacet
  facet normal 0 0 1
    outer loop
      vertex 0 0 -18.2325
      vertex 41.3757 -13.4438 -18.2325
      vertex 41.8716 -11.809 -18.2325
    endloop
  endfacet
  facet normal 0.95694 -0.290285 0
    outer loop
      vertex 41.3757 -13.4438 -62.2325
      vertex 41.8716 -11.809 -62.2325
      vertex 41.8716 -11.809 -18.2325
    endloop
  endfacet
  facet normal 0.95694 -0.290285 0
    outer loop
      vertex 41.3757 -13.4438 -62.2325
      vertex 41.8716 -11.809 -18.2325
      vertex 41.3757 -13.4438 -18.2325
    endloop
  endfacet
  facet normal 0 0 -1
    outer loop
      vertex 0 0 -62.2325
      vertex 42.303 -10.156 -62.2325
      vertex 41.8716 -11.809 -62.2325
    endloop
  endfacet
  facet normal 0 0 1
    outer loop
      vertex 0 0 -18.2325
      vertex 41.8716 -11.809 -18.2325
      vertex 42.303 -10.156 -18.2325
    endloop
  endfacet
  facet normal 0.967599 -0.252492 0
    outer loop
      vertex 41.8716 -11.809 -62.2325
      vertex 42.303 -10.156 -62.2325
      vertex 42.303 -10.156 -18.2325
    endloop
  endfacet
  facet normal 0.967599 -0.252492 0
    outer loop
      vertex 41.8716 -11.809 -62.2325
      vertex 42.303 -10.156 -18.2325
      vertex 41.8716 -11.809 -18.2325
    endloop
  endfacet
  facet normal 0 0 -1
    outer loop
      vertex 0 0 -62.2325
      vertex 42.6691 -8.4874 -62.2325
      vertex 42.303 -10.156 -62.2325
    endloop
  endfacet
  facet normal 0 0 1
    outer loop
      vertex 0 0 -18.2325
      vertex 42.303 -10.156 -18.2325
      vertex 42.6691 -8.4874 -18.2325
    endloop
  endfacet
  facet normal 0.976766 -0.214309 0
    outer loop
      vertex 42.303 -10.156 -62.2325
      vertex 42.6691 -8.4874 -62.2325
      vertex 42.6691 -8.4874 -18.2325
    endloop
  endfacet
  facet normal 0.976766 -0.214309 0
    outer loop
      vertex 42.303 -10.156 -62.2325
      vertex 42.6691 -8.4874 -18.2325
      vertex 42.303 -10.156 -18.2325
    endloop
  endfacet
  facet normal 0 0 -1
    outer loop
      vertex 0 0 -62.2325
      vertex 42.9694 -6.80568 -62.2325
      vertex 42.6691 -8.4874 -62.2325
    endloop
  endfacet
  facet normal 0 0 1
    outer loop
      vertex 0 0 -18.2325
      vertex 42.6691 -8.4874 -18.2325
      vertex 42.9694 -6.80568 -18.2325
    endloop
  endfacet
  facet normal 0.984427 -0.175796 0
    outer loop
      vertex 42.6691 -8.4874 -62.2325
      vertex 42.9694 -6.80568 -62.2325
      vertex 42.9694 -6.80568 -18.2325
    endloop
  endfacet
  facet normal 0.984427 -0.175796 0
    outer loop
      vertex 42.6691 -8.4874 -62.2325
      vertex 42.9694 -6.80568 -18.2325
      vertex 42.6691 -8.4874 -18.2325
    endloop
  endfacet
  facet normal 0 0 -1
    outer loop
      vertex 0 0 -62.2325
      vertex 43.2034 -5.11346 -62.2325
      vertex 42.9694 -6.80568 -62.2325
    endloop
  endfacet
  facet normal 0 0 1
    outer loop
      vertex 0 0 -18.2325
      vertex 42.9694 -6.80568 -18.2325
      vertex 43.2034 -5.11346 -18.2325
    endloop
  endfacet
  facet normal 0.990569 -0.137012 0
    outer loop
      vertex 42.9694 -6.80568 -62.2325
      vertex 43.2034 -5.11346 -62.2325
      vertex 43.2034 -5.11346 -18.2325
    endloop
  endfacet
  facet normal 0.990569 -0.137012 0
    outer loop
      vertex 42.9694 -6.80568 -62.2325
      vertex 43.2034 -5.11346 -18.2325
      vertex 42.9694 -6.80568 -18.2325
    endloop
  endfacet
  facet normal 0 0 -1
    outer loop
      vertex 0 0 -62.2325
      vertex 43.3709 -3.41336 -62.2325
      vertex 43.2034 -5.11346 -62.2325
    endloop
  endfacet
  facet normal 0 0 1
    outer loop
      vertex 0 0 -18.2325
      vertex 43.2034 -5.11346 -18.2325
      vertex 43.3709 -3.41336 -18.2325
    endloop
  endfacet
  facet normal 0.995185 -0.0980171 0
    outer loop
      vertex 43.2034 -5.11346 -62.2325
      vertex 43.3709 -3.41336 -62.2325
      vertex 43.3709 -3.41336 -18.2325
    endloop
  endfacet
  facet normal 0.995185 -0.0980171 0
    outer loop
      vertex 43.2034 -5.11346 -62.2325
      vertex 43.3709 -3.41336 -18.2325
      vertex 43.2034 -5.11346 -18.2325
    endloop
  endfacet
  facet normal 0 0 -1
    outer loop
      vertex 0 0 -62.2325
      vertex 43.4715 -1.708 -62.2325
      vertex 43.3709 -3.41336 -62.2325
    endloop
  endfacet
  facet normal 0 0 1
    outer loop
      vertex 0 0 -18.2325
      vertex 43.3709 -3.41336 -18.2325
      vertex 43.4715 -1.708 -18.2325
    endloop
  endfacet
  facet normal 0.998266 -0.0588708 0
    outer loop
      vertex 43.3709 -3.41336 -62.2325
      vertex 43.4715 -1.708 -62.2325
      vertex 43.4715 -1.708 -18.2325
    endloop
  endfacet
  facet normal 0.998266 -0.0588708 0
    outer loop
      vertex 43.3709 -3.41336 -62.2325
      vertex 43.4715 -1.708 -18.2325
      vertex 43.3709 -3.41336 -18.2325
    endloop
  endfacet
  facet normal 0 0 -1
    outer loop
      vertex 0 0 -62.2325
      vertex 43.505 -1.06557e-14 -62.2325
      vertex 43.4715 -1.708 -62.2325
    endloop
  endfacet
  facet normal 0 0 1
    outer loop
      vertex 0 0 -18.2325
      vertex 43.4715 -1.708 -18.2325
      vertex 43.505 -1.06557e-14 -18.2325
    endloop
  endfacet
  facet normal 0.999807 -0.0196337 0
    outer loop
      vertex 43.4715 -1.708 -62.2325
      vertex 43.505 -1.06557e-14 -62.2325
      vertex 43.505 -1.06557e-14 -18.2325
    endloop
  endfacet
  facet normal 0.999807 -0.0196337 0
    outer loop
      vertex 43.4715 -1.708 -62.2325
      vertex 43.505 -1.06557e-14 -18.2325
      vertex 43.4715 -1.708 -18.2325
    endloop
  endfacet
  facet normal 0 0 -1
    outer loop
      vertex 60 0 -62.2325
      vertex 103.471 1.708 -62.2325
      vertex 103.505 0 -62.2325
    endloop
  endfacet
  facet normal 0 0 1
    outer loop
      vertex 60 0 -18.2325
      vertex 103.505 0 -18.2325
      vertex 103.471 1.708 -18.2325
    endloop
  endfacet
  facet normal 0.999807 0.0196337 0
    outer loop
      vertex 103.505 0 -62.2325
      vertex 103.471 1.708 -62.2325
      vertex 103.471 1.708 -18.2325
    endloop
  endfacet
  facet normal 0.999807 0.0196337 0
    outer loop
      vertex 103.505 0 -62.2325
      vertex 103.471 1.708 -18.2325
      vertex 103.505 0 -18.2325
    endloop
  endfacet
  facet normal 0 0 -1
    outer loop
      vertex 60 0 -62.2325
      vertex 103.371 3.41336 -62.2325
      vertex 103.471 1.708 -62.2325
    endloop
  endfacet
  facet normal 0 0 1
    outer loop
      vertex 60 0 -18.2325
      vertex 103.471 1.708 -18.2325
      vertex 103.371 3.41336 -18.2325
    endloop
  endfacet
  facet normal 0.998266 0.0588708 0
    outer loop
      vertex 103.471 1.708 -62.2325
      vertex 103.371 3.41336 -62.2325
      vertex 103.371 3.41336 -18.2325
    endloop
  endfacet
  facet normal 0.998266 0.0588708 0
    outer loop
      vertex 103.471 1.708 -62.2325
      vertex 103.371 3.41336 -18.2325
      vertex 103.471 1.708 -18.2325
    endloop
  endfacet
  facet normal 0 0 -1
    outer loop
      vertex 60 0 -62.2325
      vertex 103.203 5.11346 -62.2325
      vertex 103.371 3.41336 -62.2325
    endloop
  endfacet
  facet normal 0 0 1
    outer loop
      vertex 60 0 -18.2325
      vertex 103.371 3.41336 -18.2325
      vertex 103.203 5.11346 -18.2325
    endloop
  endfacet
  facet normal 0.995185 0.0980171 0
    outer loop
      vertex 103.371 3.41336 -62.2325
      vertex 103.203 5.11346 -62.2325
      vertex 103.203 5.11346 -18.2325
    endloop
  endfacet
  facet normal 0.995185 0.0980171 0
    outer loop
      vertex 103.371 3.41336 -62.2325
      vertex 103.203 5.11346 -18.2325
      vertex 103.371 3.41336 -18.2325
    endloop
  endfacet
  facet normal 0 0 -1
    outer loop
      vertex 60 0 -62.2325
      vertex 102.969 6.80568 -62.2325
      vertex 103.203 5.11346 -62.2325
    endloop
  endfacet
  facet normal 0 0 1
    outer loop
      vertex 60 0 -18.2325
      vertex 103.203 5.11346 -18.2325
      vertex 102.969 6.80568 -18.2325
    endloop
  endfacet
  facet normal 0.990569 0.137012 0
    outer loop
      vertex 103.203 5.11346 -62.2325
      vertex 102.969 6.80568 -62.2325
      vertex 102.969 6.80568 -18.2325
    endloop
  endfacet
  facet normal 0.990569 0.137012 0
    outer loop
      vertex 103.203 5.11346 -62.2325
      vertex 102.969 6.80568 -18.2325
      vertex 103.203 5.11346 -18.2325
    endloop
  endfacet
  facet normal 0 0 -1
    outer loop
      vertex 60 0 -62.2325
      vertex 102.669 8.4874 -62.2325
      vertex 102.969 6.80568 -62.2325
    endloop
  endfacet
  facet normal 0 0 1
    outer loop
      vertex 60 0 -18.2325
      vertex 102.969 6.80568 -18.2325
      vertex 102.669 8.4874 -18.2325
    endloop
  endfacet
  facet normal 0.984427 0.175796 0
    outer loop
      vertex 102.969 6.80568 -62.2325
      vertex 102.669 8.4874 -62.2325
      vertex 102.669 8.4874 -18.2325
    endloop
  endfacet
  facet normal 0.984427 0.175796 0
    outer loop
      vertex 102.969 6.80568 -62.2325
      vertex 102.669 8.4874 -18.2325
      vertex 102.969 6.80568 -18.2325
    endloop
  endfacet
  facet normal 0 0 -1
    outer loop
      vertex 60 0 -62.2325
      vertex 102.303 10.156 -62.2325
      vertex 102.669 8.4874 -62.2325
    endloop
  endfacet
  facet normal 0 0 1
    outer loop
      vertex 60 0 -18.2325
      vertex 102.669 8.4874 -18.2325
      vertex 102.303 10.156 -18.2325
    endloop
  endfacet
  facet normal 0.976766 0.214309 0
    outer loop
      vertex 102.669 8.4874 -62.2325
      vertex 102.303 10.156 -62.2325
      vertex 102.303 10.156 -18.2325
    endloop
  endfacet
  facet normal 0.976766 0.214309 0
    outer loop
      vertex 102.669 8.4874 -62.2325
      vertex 102.303 10.156 -18.2325
      vertex 102.669 8.4874 -18.2325
    endloop
  endfacet
  facet normal 0 0 -1
    outer loop
      vertex 60 0 -62.2325
      vertex 101.872 11.809 -62.2325
      vertex 102.303 10.156 -62.2325
    endloop
  endfacet
  facet normal 0 0 1
    outer loop
      vertex 60 0 -18.2325
      vertex 102.303 10.156 -18.2325
      vertex 101.872 11.809 -18.2325
    endloop
  endfacet
  facet normal 0.967599 0.252492 0
    outer loop
      vertex 102.303 10.156 -62.2325
      vertex 101.872 11.809 -62.2325
      vertex 101.872 11.809 -18.2325
    endloop
  endfacet
  facet normal 0.967599 0.252492 0
    outer loop
      vertex 102.303 10.156 -62.2325
      vertex 101.872 11.809 -18.2325
      vertex 102.303 10.156 -18.2325
    endloop
  endfacet
  facet normal 0 0 -1
    outer loop
      vertex 60 0 -62.2325
      vertex 101.376 13.4438 -62.2325
      vertex 101.872 11.809 -62.2325
    endloop
  endfacet
  facet normal 0 0 1
    outer loop
      vertex 60 0 -18.2325
      vertex 101.872 11.809 -18.2325
      vertex 101.376 13.4438 -18.2325
    endloop
  endfacet
  facet normal 0.95694 0.290285 0
    outer loop
      vertex 101.872 11.809 -62.2325
      vertex 101.376 13.4438 -62.2325
      vertex 101.376 13.4438 -18.2325
    endloop
  endfacet
  facet normal 0.95694 0.290285 0
    outer loop
      vertex 101.872 11.809 -62.2325
      vertex 101.376 13.4438 -18.2325
      vertex 101.872 11.809 -18.2325
    endloop
  endfacet
  facet normal 0 0 -1
    outer loop
      vertex 60 0 -62.2325
      vertex 100.816 15.0578 -62.2325
      vertex 101.376 13.4438 -62.2325
    endloop
  endfacet
  facet normal 0 0 1
    outer loop
      vertex 60 0 -18.2325
      vertex 101.376 13.4438 -18.2325
      vertex 100.816 15.0578 -18.2325
    endloop
  endfacet
  facet normal 0.944806 0.32763 0
    outer loop
      vertex 101.376 13.4438 -62.2325
      vertex 100.816 15.0578 -62.2325
      vertex 100.816 15.0578 -18.2325
    endloop
  endfacet
  facet normal 0.944806 0.32763 0
    outer loop
      vertex 101.376 13.4438 -62.2325
      vertex 100.816 15.0578 -18.2325
      vertex 101.376 13.4438 -18.2325
    endloop
  endfacet
  facet normal 0 0 -1
    outer loop
      vertex 60 0 -62.2325
      vertex 100.193 16.6486 -62.2325
      vertex 100.816 15.0578 -62.2325
    endloop
  endfacet
  facet normal 0 0 1
    outer loop
      vertex 60 0 -18.2325
      vertex 100.816 15.0578 -18.2325
      vertex 100.193 16.6486 -18.2325
    endloop
  endfacet
  facet normal 0.931215 0.36447 0
    outer loop
      vertex 100.816 15.0578 -62.2325
      vertex 100.193 16.6486 -62.2325
      vertex 100.193 16.6486 -18.2325
    endloop
  endfacet
  facet normal 0.931215 0.36447 0
    outer loop
      vertex 100.816 15.0578 -62.2325
      vertex 100.193 16.6486 -18.2325
      vertex 100.816 15.0578 -18.2325
    endloop
  endfacet
  facet normal 0 0 -1
    outer loop
      vertex 60 0 -62.2325
      vertex 99.5088 18.2138 -62.2325
      vertex 100.193 16.6486 -62.2325
    endloop
  endfacet
  facet normal 0 0 1
    outer loop
      vertex 60 0 -18.2325
      vertex 100.193 16.6486 -18.2325
      vertex 99.5088 18.2138 -18.2325
    endloop
  endfacet
  facet normal 0.916188 0.400749 0
    outer loop
      vertex 100.193 16.6486 -62.2325
      vertex 99.5088 18.2138 -62.2325
      vertex 99.5088 18.2138 -18.2325
    endloop
  endfacet
  facet normal 0.916188 0.400749 0
    outer loop
      vertex 100.193 16.6486 -62.2325
      vertex 99.5088 18.2138 -18.2325
      vertex 100.193 16.6486 -18.2325
    endloop
  endfacet
  facet normal 0 0 -1
    outer loop
      vertex 60 0 -62.2325
      vertex 98.7632 19.7509 -62.2325
      vertex 99.5088 18.2138 -62.2325
    endloop
  endfacet
  facet normal 0 0 1
    outer loop
      vertex 60 0 -18.2325
      vertex 99.5088 18.2138 -18.2325
      vertex 98.7632 19.7509 -18.2325
    endloop
  endfacet
  facet normal 0.899748 0.436409 0
    outer loop
      vertex 99.5088 18.2138 -62.2325
      vertex 98.7632 19.7509 -62.2325
      vertex 98.7632 19.7509 -18.2325
    endloop
  endfacet
  facet normal 0.899748 0.436409 0
    outer loop
      vertex 99.5088 18.2138 -62.2325
      vertex 98.7632 19.7509 -18.2325
      vertex 99.5088 18.2138 -18.2325
    endloop
  endfacet
  facet normal 0 0 -1
    outer loop
      vertex 60 0 -62.2325
      vertex 97.9579 21.2575 -62.2325
      vertex 98.7632 19.7509 -62.2325
    endloop
  endfacet
  facet normal 0 0 1
    outer loop
      vertex 60 0 -18.2325
      vertex 98.7632 19.7509 -18.2325
      vertex 97.9579 21.2575 -18.2325
    endloop
  endfacet
  facet normal 0.881921 0.471397 0
    outer loop
      vertex 98.7632 19.7509 -62.2325
      vertex 97.9579 21.2575 -62.2325
      vertex 97.9579 21.2575 -18.2325
    endloop
  endfacet
  facet normal 0.881921 0.471397 0
    outer loop
      vertex 98.7632 19.7509 -62.2325
      vertex 97.9579 21.2575 -18.2325
      vertex 98.7632 19.7509 -18.2325
    endloop
  endfacet
  facet normal 0 0 -1
    outer loop
      vertex 60 0 -62.2325
      vertex 97.0941 22.7313 -62.2325
      vertex 97.9579 21.2575 -62.2325
    endloop
  endfacet
  facet normal 0 0 1
    outer loop
      vertex 60 0 -18.2325
      vertex 97.9579 21.2575 -18.2325
      vertex 97.0941 22.7313 -18.2325
    endloop
  endfacet
  facet normal 0.862734 0.505657 0
    outer loop
      vertex 97.9579 21.2575 -62.2325
      vertex 97.0941 22.7313 -62.2325
      vertex 97.0941 22.7313 -18.2325
    endloop
  endfacet
  facet normal 0.862734 0.505657 0
    outer loop
      vertex 97.9579 21.2575 -62.2325
      vertex 97.0941 22.7313 -18.2325
      vertex 97.9579 21.2575 -18.2325
    endloop
  endfacet
  facet normal 0 0 -1
    outer loop
      vertex 60 0 -62.2325
      vertex 96.1731 24.1701 -62.2325
      vertex 97.0941 22.7313 -62.2325
    endloop
  endfacet
  facet normal 0 0 1
    outer loop
      vertex 60 0 -18.2325
      vertex 97.0941 22.7313 -18.2325
      vertex 96.1731 24.1701 -18.2325
    endloop
  endfacet
  facet normal 0.842217 0.539138 0
    outer loop
      vertex 97.0941 22.7313 -62.2325
      vertex 96.1731 24.1701 -62.2325
      vertex 96.1731 24.1701 -18.2325
    endloop
  endfacet
  facet normal 0.842217 0.539138 0
    outer loop
      vertex 97.0941 22.7313 -62.2325
      vertex 96.1731 24.1701 -18.2325
      vertex 97.0941 22.7313 -18.2325
    endloop
  endfacet
  facet normal 0 0 -1
    outer loop
      vertex 60 0 -62.2325
      vertex 95.1963 25.5716 -62.2325
      vertex 96.1731 24.1701 -62.2325
    endloop
  endfacet
  facet normal 0 0 1
    outer loop
      vertex 60 0 -18.2325
      vertex 96.1731 24.1701 -18.2325
      vertex 95.1963 25.5716 -18.2325
    endloop
  endfacet
  facet normal 0.820401 0.571788 0
    outer loop
      vertex 96.1731 24.1701 -62.2325
      vertex 95.1963 25.5716 -62.2325
      vertex 95.1963 25.5716 -18.2325
    endloop
  endfacet
  facet normal 0.820401 0.571788 0
    outer loop
      vertex 96.1731 24.1701 -62.2325
      vertex 95.1963 25.5716 -18.2325
      vertex 96.1731 24.1701 -18.2325
    endloop
  endfacet
  facet normal 0 0 -1
    outer loop
      vertex 60 0 -62.2325
      vertex 94.1652 26.9337 -62.2325
      vertex 95.1963 25.5716 -62.2325
    endloop
  endfacet
  facet normal 0 0 1
    outer loop
      vertex 60 0 -18.2325
      vertex 95.1963 25.5716 -18.2325
      vertex 94.1652 26.9337 -18.2325
    endloop
  endfacet
  facet normal 0.797321 0.603556 0
    outer loop
      vertex 95.1963 25.5716 -62.2325
      vertex 94.1652 26.9337 -62.2325
      vertex 94.1652 26.9337 -18.2325
    endloop
  endfacet
  facet normal 0.797321 0.603556 0
    outer loop
      vertex 95.1963 25.5716 -62.2325
      vertex 94.1652 26.9337 -18.2325
      vertex 95.1963 25.5716 -18.2325
    endloop
  endfacet
  facet normal 0 0 -1
    outer loop
      vertex 60 0 -62.2325
      vertex 93.0815 28.2542 -62.2325
      vertex 94.1652 26.9337 -62.2325
    endloop
  endfacet
  facet normal 0 0 1
    outer loop
      vertex 60 0 -18.2325
      vertex 94.1652 26.9337 -18.2325
      vertex 93.0815 28.2542 -18.2325
    endloop
  endfacet
  facet normal 0.77301 0.634393 0
    outer loop
      vertex 94.1652 26.9337 -62.2325
      vertex 93.0815 28.2542 -62.2325
      vertex 93.0815 28.2542 -18.2325
    endloop
  endfacet
  facet normal 0.77301 0.634393 0
    outer loop
      vertex 94.1652 26.9337 -62.2325
      vertex 93.0815 28.2542 -18.2325
      vertex 94.1652 26.9337 -18.2325
    endloop
  endfacet
  facet normal 0 0 -1
    outer loop
      vertex 60 0 -62.2325
      vertex 91.9467 29.5312 -62.2325
      vertex 93.0815 28.2542 -62.2325
    endloop
  endfacet
  facet normal 0 0 1
    outer loop
      vertex 60 0 -18.2325
      vertex 93.0815 28.2542 -18.2325
      vertex 91.9467 29.5312 -18.2325
    endloop
  endfacet
  facet normal 0.747508 0.664252 0
    outer loop
      vertex 93.0815 28.2542 -62.2325
      vertex 91.9467 29.5312 -62.2325
      vertex 91.9467 29.5312 -18.2325
    endloop
  endfacet
  facet normal 0.747508 0.664252 0
    outer loop
      vertex 93.0815 28.2542 -62.2325
      vertex 91.9467 29.5312 -18.2325
      vertex 93.0815 28.2542 -18.2325
    endloop
  endfacet
  facet normal 0 0 -1
    outer loop
      vertex 60 0 -62.2325
      vertex 90.7627 30.7627 -62.2325
      vertex 91.9467 29.5312 -62.2325
    endloop
  endfacet
  facet normal 0 0 1
    outer loop
      vertex 60 0 -18.2325
      vertex 91.9467 29.5312 -18.2325
      vertex 90.7627 30.7627 -18.2325
    endloop
  endfacet
  facet normal 0.720854 0.693087 0
    outer loop
      vertex 91.9467 29.5312 -62.2325
      vertex 90.7627 30.7627 -62.2325
      vertex 90.7627 30.7627 -18.2325
    endloop
  endfacet
  facet normal 0.720854 0.693087 0
    outer loop
      vertex 91.9467 29.5312 -62.2325
      vertex 90.7627 30.7627 -18.2325
      vertex 91.9467 29.5312 -18.2325
    endloop
  endfacet
  facet normal 0 0 -1
    outer loop
      vertex 60 0 -62.2325
      vertex 89.5312 31.9467 -62.2325
      vertex 90.7627 30.7627 -62.2325
    endloop
  endfacet
  facet normal 0 0 1
    outer loop
      vertex 60 0 -18.2325
      vertex 90.7627 30.7627 -18.2325
      vertex 89.5312 31.9467 -18.2325
    endloop
  endfacet
  facet normal 0.693087 0.720854 0
    outer loop
      vertex 90.7627 30.7627 -62.2325
      vertex 89.5312 31.9467 -62.2325
      vertex 89.5312 31.9467 -18.2325
    endloop
  endfacet
  facet normal 0.693087 0.720854 0
    outer loop
      vertex 90.7627 30.7627 -62.2325
      vertex 89.5312 31.9467 -18.2325
      vertex 90.7627 30.7627 -18.2325
    endloop
  endfacet
  facet normal 0 0 -1
    outer loop
      vertex 60 0 -62.2325
      vertex 88.2542 33.0815 -62.2325
      vertex 89.5312 31.9467 -62.2325
    endloop
  endfacet
  facet normal 0 0 1
    outer loop
      vertex 60 0 -18.2325
      vertex 89.5312 31.9467 -18.2325
      vertex 88.2542 33.0815 -18.2325
    endloop
  endfacet
  facet normal 0.664252 0.747508 0
    outer loop
      vertex 89.5312 31.9467 -62.2325
      vertex 88.2542 33.0815 -62.2325
      vertex 88.2542 33.0815 -18.2325
    endloop
  endfacet
  facet normal 0.664252 0.747508 0
    outer loop
      vertex 89.5312 31.9467 -62.2325
      vertex 88.2542 33.0815 -18.2325
      vertex 89.5312 31.9467 -18.2325
    endloop
  endfacet
  facet normal 0 0 -1
    outer loop
      vertex 60 0 -62.2325
      vertex 86.9337 34.1652 -62.2325
      vertex 88.2542 33.0815 -62.2325
    endloop
  endfacet
  facet normal 0 0 1
    outer loop
      vertex 60 0 -18.2325
      vertex 88.2542 33.0815 -18.2325
      vertex 86.9337 34.1652 -18.2325
    endloop
  endfacet
  facet normal 0.634393 0.77301 0
    outer loop
      vertex 88.2542 33.0815 -62.2325
      vertex 86.9337 34.1652 -62.2325
      vertex 86.9337 34.1652 -18.2325
    endloop
  endfacet
  facet normal 0.634393 0.77301 0
    outer loop
      vertex 88.2542 33.0815 -62.2325
      vertex 86.9337 34.1652 -18.2325
      vertex 88.2542 33.0815 -18.2325
    endloop
  endfacet
  facet normal 0 0 -1
    outer loop
      vertex 60 0 -62.2325
      vertex 85.5716 35.1963 -62.2325
      vertex 86.9337 34.1652 -62.2325
    endloop
  endfacet
  facet normal 0 0 1
    outer loop
      vertex 60 0 -18.2325
      vertex 86.9337 34.1652 -18.2325
      vertex 85.5716 35.1963 -18.2325
    endloop
  endfacet
  facet normal 0.603556 0.797321 0
    outer loop
      vertex 86.9337 34.1652 -62.2325
      vertex 85.5716 35.1963 -62.2325
      vertex 85.5716 35.1963 -18.2325
    endloop
  endfacet
  facet normal 0.603556 0.797321 0
    outer loop
      vertex 86.9337 34.1652 -62.2325
      vertex 85.5716 35.1963 -18.2325
      vertex 86.9337 34.1652 -18.2325
    endloop
  endfacet
  facet normal 0 0 -1
    outer loop
      vertex 60 0 -62.2325
      vertex 84.1701 36.1731 -62.2325
      vertex 85.5716 35.1963 -62.2325
    endloop
  endfacet
  facet normal 0 0 1
    outer loop
      vertex 60 0 -18.2325
      vertex 85.5716 35.1963 -18.2325
      vertex 84.1701 36.1731 -18.2325
    endloop
  endfacet
  facet normal 0.571788 0.820401 0
    outer loop
      vertex 85.5716 35.1963 -62.2325
      vertex 84.1701 36.1731 -62.2325
      vertex 84.1701 36.1731 -18.2325
    endloop
  endfacet
  facet normal 0.571788 0.820401 0
    outer loop
      vertex 85.5716 35.1963 -62.2325
      vertex 84.1701 36.1731 -18.2325
      vertex 85.5716 35.1963 -18.2325
    endloop
  endfacet
  facet normal 0 0 -1
    outer loop
      vertex 60 0 -62.2325
      vertex 82.7313 37.0941 -62.2325
      vertex 84.1701 36.1731 -62.2325
    endloop
  endfacet
  facet normal 0 0 1
    outer loop
      vertex 60 0 -18.2325
      vertex 84.1701 36.1731 -18.2325
      vertex 82.7313 37.0941 -18.2325
    endloop
  endfacet
  facet normal 0.539138 0.842217 0
    outer loop
      vertex 84.1701 36.1731 -62.2325
      vertex 82.7313 37.0941 -62.2325
      vertex 82.7313 37.0941 -18.2325
    endloop
  endfacet
  facet normal 0.539138 0.842217 0
    outer loop
      vertex 84.1701 36.1731 -62.2325
      vertex 82.7313 37.0941 -18.2325
      vertex 84.1701 36.1731 -18.2325
    endloop
  endfacet
  facet normal 0 0 -1
    outer loop
      vertex 60 0 -62.2325
      vertex 81.2575 37.9579 -62.2325
      vertex 82.7313 37.0941 -62.2325
    endloop
  endfacet
  facet normal 0 0 1
    outer loop
      vertex 60 0 -18.2325
      vertex 82.7313 37.0941 -18.2325
      vertex 81.2575 37.9579 -18.2325
    endloop
  endfacet
  facet normal 0.505657 0.862734 0
    outer loop
      vertex 82.7313 37.0941 -62.2325
      vertex 81.2575 37.9579 -62.2325
      vertex 81.2575 37.9579 -18.2325
    endloop
  endfacet
  facet normal 0.505657 0.862734 0
    outer loop
      vertex 82.7313 37.0941 -62.2325
      vertex 81.2575 37.9579 -18.2325
      vertex 82.7313 37.0941 -18.2325
    endloop
  endfacet
  facet normal 0 0 -1
    outer loop
      vertex 60 0 -62.2325
      vertex 79.7509 38.7632 -62.2325
      vertex 81.2575 37.9579 -62.2325
    endloop
  endfacet
  facet normal 0 0 1
    outer loop
      vertex 60 0 -18.2325
      vertex 81.2575 37.9579 -18.2325
      vertex 79.7509 38.7632 -18.2325
    endloop
  endfacet
  facet normal 0.471397 0.881921 0
    outer loop
      vertex 81.2575 37.9579 -62.2325
      vertex 79.7509 38.7632 -62.2325
      vertex 79.7509 38.7632 -18.2325
    endloop
  endfacet
  facet normal 0.471397 0.881921 0
    outer loop
      vertex 81.2575 37.9579 -62.2325
      vertex 79.7509 38.7632 -18.2325
      vertex 81.2575 37.9579 -18.2325
    endloop
  endfacet
  facet normal 0 0 -1
    outer loop
      vertex 60 0 -62.2325
      vertex 78.2138 39.5088 -62.2325
      vertex 79.7509 38.7632 -62.2325
    endloop
  endfacet
  facet normal 0 0 1
    outer loop
      vertex 60 0 -18.2325
      vertex 79.7509 38.7632 -18.2325
      vertex 78.2138 39.5088 -18.2325
    endloop
  endfacet
  facet normal 0.436409 0.899748 0
    outer loop
      vertex 79.7509 38.7632 -62.2325
      vertex 78.2138 39.5088 -62.2325
      vertex 78.2138 39.5088 -18.2325
    endloop
  endfacet
  facet normal 0.436409 0.899748 0
    outer loop
      vertex 79.7509 38.7632 -62.2325
      vertex 78.2138 39.5088 -18.2325
      vertex 79.7509 38.7632 -18.2325
    endloop
  endfacet
  facet normal 0 0 -1
    outer loop
      vertex 60 0 -62.2325
      vertex 76.6486 40.1934 -62.2325
      vertex 78.2138 39.5088 -62.2325
    endloop
  endfacet
  facet normal 0 0 1
    outer loop
      vertex 60 0 -18.2325
      vertex 78.2138 39.5088 -18.2325
      vertex 76.6486 40.1934 -18.2325
    endloop
  endfacet
  facet normal 0.400749 0.916188 0
    outer loop
      vertex 78.2138 39.5088 -62.2325
      vertex 76.6486 40.1934 -62.2325
      vertex 76.6486 40.1934 -18.2325
    endloop
  endfacet
  facet normal 0.400749 0.916188 0
    outer loop
      vertex 78.2138 39.5088 -62.2325
      vertex 76.6486 40.1934 -18.2325
      vertex 78.2138 39.5088 -18.2325
    endloop
  endfacet
  facet normal 0 0 -1
    outer loop
      vertex 60 0 -62.2325
      vertex 75.0578 40.816 -62.2325
      vertex 76.6486 40.1934 -62.2325
    endloop
  endfacet
  facet normal 0 0 1
    outer loop
      vertex 60 0 -18.2325
      vertex 76.6486 40.1934 -18.2325
      vertex 75.0578 40.816 -18.2325
    endloop
  endfacet
  facet normal 0.36447 0.931215 0
    outer loop
      vertex 76.6486 40.1934 -62.2325
      vertex 75.0578 40.816 -62.2325
      vertex 75.0578 40.816 -18.2325
    endloop
  endfacet
  facet normal 0.36447 0.931215 0
    outer loop
      vertex 76.6486 40.1934 -62.2325
      vertex 75.0578 40.816 -18.2325
      vertex 76.6486 40.1934 -18.2325
    endloop
  endfacet
  facet normal 0 0 -1
    outer loop
      vertex 60 0 -62.2325
      vertex 73.4438 41.3757 -62.2325
      vertex 75.0578 40.816 -62.2325
    endloop
  endfacet
  facet normal 0 0 1
    outer loop
      vertex 60 0 -18.2325
      vertex 75.0578 40.816 -18.2325
      vertex 73.4438 41.3757 -18.2325
    endloop
  endfacet
  facet normal 0.32763 0.944806 0
    outer loop
      vertex 75.0578 40.816 -62.2325
      vertex 73.4438 41.3757 -62.2325
      vertex 73.4438 41.3757 -18.2325
    endloop
  endfacet
  facet normal 0.32763 0.944806 0
    outer loop
      vertex 75.0578 40.816 -62.2325
      vertex 73.4438 41.3757 -18.2325
      vertex 75.0578 40.816 -18.2325
    endloop
  endfacet
  facet normal 0 0 -1
    outer loop
      vertex 60 0 -62.2325
      vertex 71.809 41.8716 -62.2325
      vertex 73.4438 41.3757 -62.2325
    endloop
  endfacet
  facet normal 0 0 1
    outer loop
      vertex 60 0 -18.2325
      vertex 73.4438 41.3757 -18.2325
      vertex 71.809 41.8716 -18.2325
    endloop
  endfacet
  facet normal 0.290285 0.95694 0
    outer loop
      vertex 73.4438 41.3757 -62.2325
      vertex 71.809 41.8716 -62.2325
      vertex 71.809 41.8716 -18.2325
    endloop
  endfacet
  facet normal 0.290285 0.95694 0
    outer loop
      vertex 73.4438 41.3757 -62.2325
      vertex 71.809 41.8716 -18.2325
      vertex 73.4438 41.3757 -18.2325
    endloop
  endfacet
  facet normal 0 0 -1
    outer loop
      vertex 60 0 -62.2325
      vertex 70.156 42.303 -62.2325
      vertex 71.809 41.8716 -62.2325
    endloop
  endfacet
  facet normal 0 0 1
    outer loop
      vertex 60 0 -18.2325
      vertex 71.809 41.8716 -18.2325
      vertex 70.156 42.303 -18.2325
    endloop
  endfacet
  facet normal 0.252492 0.967599 0
    outer loop
      vertex 71.809 41.8716 -62.2325
      vertex 70.156 42.303 -62.2325
      vertex 70.156 42.303 -18.2325
    endloop
  endfacet
  facet normal 0.252492 0.967599 0
    outer loop
      vertex 71.809 41.8716 -62.2325
      vertex 70.156 42.303 -18.2325
      vertex 71.809 41.8716 -18.2325
    endloop
  endfacet
  facet normal 0 0 -1
    outer loop
      vertex 60 0 -62.2325
      vertex 68.4874 42.6691 -62.2325
      vertex 70.156 42.303 -62.2325
    endloop
  endfacet
  facet normal 0 0 1
    outer loop
      vertex 60 0 -18.2325
      vertex 70.156 42.303 -18.2325
      vertex 68.4874 42.6691 -18.2325
    endloop
  endfacet
  facet normal 0.214309 0.976766 0
    outer loop
      vertex 70.156 42.303 -62.2325
      vertex 68.4874 42.6691 -62.2325
      vertex 68.4874 42.6691 -18.2325
    endloop
  endfacet
  facet normal 0.214309 0.976766 0
    outer loop
      vertex 70.156 42.303 -62.2325
      vertex 68.4874 42.6691 -18.2325
      vertex 70.156 42.303 -18.2325
    endloop
  endfacet
  facet normal 0 0 -1
    outer loop
      vertex 60 0 -62.2325
      vertex 66.8057 42.9694 -62.2325
      vertex 68.4874 42.6691 -62.2325
    endloop
  endfacet
  facet normal 0 0 1
    outer loop
      vertex 60 0 -18.2325
      vertex 68.4874 42.6691 -18.2325
      vertex 66.8057 42.9694 -18.2325
    endloop
  endfacet
  facet normal 0.175796 0.984427 0
    outer loop
      vertex 68.4874 42.6691 -62.2325
      vertex 66.8057 42.9694 -62.2325
      vertex 66.8057 42.9694 -18.2325
    endloop
  endfacet
  facet normal 0.175796 0.984427 0
    outer loop
      vertex 68.4874 42.6691 -62.2325
      vertex 66.8057 42.9694 -18.2325
      vertex 68.4874 42.6691 -18.2325
    endloop
  endfacet
  facet normal 0 0 -1
    outer loop
      vertex 60 0 -62.2325
      vertex 65.1135 43.2034 -62.2325
      vertex 66.8057 42.9694 -62.2325
    endloop
  endfacet
  facet normal 0 0 1
    outer loop
      vertex 60 0 -18.2325
      vertex 66.8057 42.9694 -18.2325
      vertex 65.1135 43.2034 -18.2325
    endloop
  endfacet
  facet normal 0.137012 0.990569 0
    outer loop
      vertex 66.8057 42.9694 -62.2325
      vertex 65.1135 43.2034 -62.2325
      vertex 65.1135 43.2034 -18.2325
    endloop
  endfacet
  facet normal 0.137012 0.990569 0
    outer loop
      vertex 66.8057 42.9694 -62.2325
      vertex 65.1135 43.2034 -18.2325
      vertex 66.8057 42.9694 -18.2325
    endloop
  endfacet
  facet normal 0 0 -1
    outer loop
      vertex 60 0 -62.2325
      vertex 63.4134 43.3709 -62.2325
      vertex 65.1135 43.2034 -62.2325
    endloop
  endfacet
  facet normal 0 0 1
    outer loop
      vertex 60 0 -18.2325
      vertex 65.1135 43.2034 -18.2325
      vertex 63.4134 43.3709 -18.2325
    endloop
  endfacet
  facet normal 0.0980171 0.995185 0
    outer loop
      vertex 65.1135 43.2034 -62.2325
      vertex 63.4134 43.3709 -62.2325
      vertex 63.4134 43.3709 -18.2325
    endloop
  endfacet
  facet normal 0.0980171 0.995185 0
    outer loop
      vertex 65.1135 43.2034 -62.2325
      vertex 63.4134 43.3709 -18.2325
      vertex 65.1135 43.2034 -18.2325
    endloop
  endfacet
  facet normal 0 0 -1
    outer loop
      vertex 60 0 -62.2325
      vertex 61.708 43.4715 -62.2325
      vertex 63.4134 43.3709 -62.2325
    endloop
  endfacet
  facet normal 0 0 1
    outer loop
      vertex 60 0 -18.2325
      vertex 63.4134 43.3709 -18.2325
      vertex 61.708 43.4715 -18.2325
    endloop
  endfacet
  facet normal 0.0588708 0.998266 0
    outer loop
      vertex 63.4134 43.3709 -62.2325
      vertex 61.708 43.4715 -62.2325
      vertex 61.708 43.4715 -18.2325
    endloop
  endfacet
  facet normal 0.0588708 0.998266 0
    outer loop
      vertex 63.4134 43.3709 -62.2325
      vertex 61.708 43.4715 -18.2325
      vertex 63.4134 43.3709 -18.2325
    endloop
  endfacet
  facet normal 0 0 -1
    outer loop
      vertex 60 0 -62.2325
      vertex 60 43.505 -62.2325
      vertex 61.708 43.4715 -62.2325
    endloop
  endfacet
  facet normal 0 0 1
    outer loop
      vertex 60 0 -18.2325
      vertex 61.708 43.4715 -18.2325
      vertex 60 43.505 -18.2325
    endloop
  endfacet
  facet normal 0.0196337 0.999807 0
    outer loop
      vertex 61.708 43.4715 -62.2325
      vertex 60 43.505 -62.2325
      vertex 60 43.505 -18.2325
    endloop
  endfacet
  facet normal 0.0196337 0.999807 0
    outer loop
      vertex 61.708 43.4715 -62.2325
      vertex 60 43.505 -18.2325
      vertex 61.708 43.4715 -18.2325
    endloop
  endfacet
  facet normal 0 0 -1
    outer loop
      vertex 60 0 -62.2325
      vertex 58.292 43.4715 -62.2325
      vertex 60 43.505 -62.2325
    endloop
  endfacet
  facet normal 0 0 1
    outer loop
      vertex 60 0 -18.2325
      vertex 60 43.505 -18.2325
      vertex 58.292 43.4715 -18.2325
    endloop
  endfacet
  facet normal -0.0196337 0.999807 0
    outer loop
      vertex 60 43.505 -62.2325
      vertex 58.292 43.4715 -62.2325
      vertex 58.292 43.4715 -18.2325
    endloop
  endfacet
  facet normal -0.0196337 0.999807 0
    outer loop
      vertex 60 43.505 -62.2325
      vertex 58.292 43.4715 -18.2325
      vertex 60 43.505 -18.2325
    endloop
  endfacet
  facet normal 0 0 -1
    outer loop
      vertex 60 0 -62.2325
      vertex 56.5866 43.3709 -62.2325
      vertex 58.292 43.4715 -62.2325
    endloop
  endfacet
  facet normal 0 0 1
    outer loop
      vertex 60 0 -18.2325
      vertex 58.292 43.4715 -18.2325
      vertex 56.5866 43.3709 -18.2325
    endloop
  endfacet
  facet normal -0.0588708 0.998266 0
    outer loop
      vertex 58.292 43.4715 -62.2325
      vertex 56.5866 43.3709 -62.2325
      vertex 56.5866 43.3709 -18.2325
    endloop
  endfacet
  facet normal -0.0588708 0.998266 0
    outer loop
      vertex 58.292 43.4715 -62.2325
      vertex 56.5866 43.3709 -18.2325
      vertex 58.292 43.4715 -18.2325
    endloop
  endfacet
  facet normal 0 0 -1
    outer loop
      vertex 60 0 -62.2325
      vertex 54.8865 43.2034 -62.2325
      vertex 56.5866 43.3709 -62.2325
    endloop
  endfacet
  facet normal 0 0 1
    outer loop
      vertex 60 0 -18.2325
      vertex 56.5866 43.3709 -18.2325
      vertex 54.8865 43.2034 -18.2325
    endloop
  endfacet
  facet normal -0.0980171 0.995185 0
    outer loop
      vertex 56.5866 43.3709 -62.2325
      vertex 54.8865 43.2034 -62.2325
      vertex 54.8865 43.2034 -18.2325
    endloop
  endfacet
  facet normal -0.0980171 0.995185 0
    outer loop
      vertex 56.5866 43.3709 -62.2325
      vertex 54.8865 43.2034 -18.2325
      vertex 56.5866 43.3709 -18.2325
    endloop
  endfacet
  facet normal 0 0 -1
    outer loop
      vertex 60 0 -62.2325
      vertex 53.1943 42.9694 -62.2325
      vertex 54.8865 43.2034 -62.2325
    endloop
  endfacet
  facet normal 0 0 1
    outer loop
      vertex 60 0 -18.2325
      vertex 54.8865 43.2034 -18.2325
      vertex 53.1943 42.9694 -18.2325
    endloop
  endfacet
  facet normal -0.137012 0.990569 0
    outer loop
      vertex 54.8865 43.2034 -62.2325
      vertex 53.1943 42.9694 -62.2325
      vertex 53.1943 42.9694 -18.2325
    endloop
  endfacet
  facet normal -0.137012 0.990569 0
    outer loop
      vertex 54.8865 43.2034 -62.2325
      vertex 53.1943 42.9694 -18.2325
      vertex 54.8865 43.2034 -18.2325
    endloop
  endfacet
  facet normal 0 0 -1
    outer loop
      vertex 60 0 -62.2325
      vertex 51.5126 42.6691 -62.2325
      vertex 53.1943 42.9694 -62.2325
    endloop
  endfacet
  facet normal 0 0 1
    outer loop
      vertex 60 0 -18.2325
      vertex 53.1943 42.9694 -18.2325
      vertex 51.5126 42.6691 -18.2325
    endloop
  endfacet
  facet normal -0.175796 0.984427 0
    outer loop
      vertex 53.1943 42.9694 -62.2325
      vertex 51.5126 42.6691 -62.2325
      vertex 51.5126 42.6691 -18.2325
    endloop
  endfacet
  facet normal -0.175796 0.984427 0
    outer loop
      vertex 53.1943 42.9694 -62.2325
      vertex 51.5126 42.6691 -18.2325
      vertex 53.1943 42.9694 -18.2325
    endloop
  endfacet
  facet normal 0 0 -1
    outer loop
      vertex 60 0 -62.2325
      vertex 49.844 42.303 -62.2325
      vertex 51.5126 42.6691 -62.2325
    endloop
  endfacet
  facet normal 0 0 1
    outer loop
      vertex 60 0 -18.2325
      vertex 51.5126 42.6691 -18.2325
      vertex 49.844 42.303 -18.2325
    endloop
  endfacet
  facet normal -0.214309 0.976766 0
    outer loop
      vertex 51.5126 42.6691 -62.2325
      vertex 49.844 42.303 -62.2325
      vertex 49.844 42.303 -18.2325
    endloop
  endfacet
  facet normal -0.214309 0.976766 0
    outer loop
      vertex 51.5126 42.6691 -62.2325
      vertex 49.844 42.303 -18.2325
      vertex 51.5126 42.6691 -18.2325
    endloop
  endfacet
  facet normal 0 0 -1
    outer loop
      vertex 60 0 -62.2325
      vertex 48.191 41.8716 -62.2325
      vertex 49.844 42.303 -62.2325
    endloop
  endfacet
  facet normal 0 0 1
    outer loop
      vertex 60 0 -18.2325
      vertex 49.844 42.303 -18.2325
      vertex 48.191 41.8716 -18.2325
    endloop
  endfacet
  facet normal -0.252492 0.967599 0
    outer loop
      vertex 49.844 42.303 -62.2325
      vertex 48.191 41.8716 -62.2325
      vertex 48.191 41.8716 -18.2325
    endloop
  endfacet
  facet normal -0.252492 0.967599 0
    outer loop
      vertex 49.844 42.303 -62.2325
      vertex 48.191 41.8716 -18.2325
      vertex 49.844 42.303 -18.2325
    endloop
  endfacet
  facet normal 0 0 -1
    outer loop
      vertex 60 0 -62.2325
      vertex 46.5562 41.3757 -62.2325
      vertex 48.191 41.8716 -62.2325
    endloop
  endfacet
  facet normal 0 0 1
    outer loop
      vertex 60 0 -18.2325
      vertex 48.191 41.8716 -18.2325
      vertex 46.5562 41.3757 -18.2325
    endloop
  endfacet
  facet normal -0.290285 0.95694 0
    outer loop
      vertex 48.191 41.8716 -62.2325
      vertex 46.5562 41.3757 -62.2325
      vertex 46.5562 41.3757 -18.2325
    endloop
  endfacet
  facet normal -0.290285 0.95694 0
    outer loop
      vertex 48.191 41.8716 -62.2325
      vertex 46.5562 41.3757 -18.2325
      vertex 48.191 41.8716 -18.2325
    endloop
  endfacet
  facet normal 0 0 -1
    outer loop
      vertex 60 0 -62.2325
      vertex 44.9422 40.816 -62.2325
      vertex 46.5562 41.3757 -62.2325
    endloop
  endfacet
  facet normal 0 0 1
    outer loop
      vertex 60 0 -18.2325
      vertex 46.5562 41.3757 -18.2325
      vertex 44.9422 40.816 -18.2325
    endloop
  endfacet
  facet normal -0.32763 0.944806 0
    outer loop
      vertex 46.5562 41.3757 -62.2325
      vertex 44.9422 40.816 -62.2325
      vertex 44.9422 40.816 -18.2325
    endloop
  endfacet
  facet normal -0.32763 0.944806 0
    outer loop
      vertex 46.5562 41.3757 -62.2325
      vertex 44.9422 40.816 -18.2325
      vertex 46.5562 41.3757 -18.2325
    endloop
  endfacet
  facet normal 0 0 -1
    outer loop
      vertex 60 0 -62.2325
      vertex 43.3514 40.1934 -62.2325
      vertex 44.9422 40.816 -62.2325
    endloop
  endfacet
  facet normal 0 0 1
    outer loop
      vertex 60 0 -18.2325
      vertex 44.9422 40.816 -18.2325
      vertex 43.3514 40.1934 -18.2325
    endloop
  endfacet
  facet normal -0.36447 0.931215 0
    outer loop
      vertex 44.9422 40.816 -62.2325
      vertex 43.3514 40.1934 -62.2325
      vertex 43.3514 40.1934 -18.2325
    endloop
  endfacet
  facet normal -0.36447 0.931215 0
    outer loop
      vertex 44.9422 40.816 -62.2325
      vertex 43.3514 40.1934 -18.2325
      vertex 44.9422 40.816 -18.2325
    endloop
  endfacet
  facet normal 0 0 -1
    outer loop
      vertex 60 0 -62.2325
      vertex 41.7862 39.5088 -62.2325
      vertex 43.3514 40.1934 -62.2325
    endloop
  endfacet
  facet normal 0 0 1
    outer loop
      vertex 60 0 -18.2325
      vertex 43.3514 40.1934 -18.2325
      vertex 41.7862 39.5088 -18.2325
    endloop
  endfacet
  facet normal -0.400749 0.916188 0
    outer loop
      vertex 43.3514 40.1934 -62.2325
      vertex 41.7862 39.5088 -62.2325
      vertex 41.7862 39.5088 -18.2325
    endloop
  endfacet
  facet normal -0.400749 0.916188 0
    outer loop
      vertex 43.3514 40.1934 -62.2325
      vertex 41.7862 39.5088 -18.2325
      vertex 43.3514 40.1934 -18.2325
    endloop
  endfacet
  facet normal 0 0 -1
    outer loop
      vertex 60 0 -62.2325
      vertex 40.2491 38.7632 -62.2325
      vertex 41.7862 39.5088 -62.2325
    endloop
  endfacet
  facet normal 0 0 1
    outer loop
      vertex 60 0 -18.2325
      vertex 41.7862 39.5088 -18.2325
      vertex 40.2491 38.7632 -18.2325
    endloop
  endfacet
  facet normal -0.436409 0.899748 0
    outer loop
      vertex 41.7862 39.5088 -62.2325
      vertex 40.2491 38.7632 -62.2325
      vertex 40.2491 38.7632 -18.2325
    endloop
  endfacet
  facet normal -0.436409 0.899748 0
    outer loop
      vertex 41.7862 39.5088 -62.2325
      vertex 40.2491 38.7632 -18.2325
      vertex 41.7862 39.5088 -18.2325
    endloop
  endfacet
  facet normal 0 0 -1
    outer loop
      vertex 60 0 -62.2325
      vertex 38.7425 37.9579 -62.2325
      vertex 40.2491 38.7632 -62.2325
    endloop
  endfacet
  facet normal 0 0 1
    outer loop
      vertex 60 0 -18.2325
      vertex 40.2491 38.7632 -18.2325
      vertex 38.7425 37.9579 -18.2325
    endloop
  endfacet
  facet normal -0.471397 0.881921 0
    outer loop
      vertex 40.2491 38.7632 -62.2325
      vertex 38.7425 37.9579 -62.2325
      vertex 38.7425 37.9579 -18.2325
    endloop
  endfacet
  facet normal -0.471397 0.881921 0
    outer loop
      vertex 40.2491 38.7632 -62.2325
      vertex 38.7425 37.9579 -18.2325
      vertex 40.2491 38.7632 -18.2325
    endloop
  endfacet
  facet normal 0 0 -1
    outer loop
      vertex 60 0 -62.2325
      vertex 37.2687 37.0941 -62.2325
      vertex 38.7425 37.9579 -62.2325
    endloop
  endfacet
  facet normal 0 0 1
    outer loop
      vertex 60 0 -18.2325
      vertex 38.7425 37.9579 -18.2325
      vertex 37.2687 37.0941 -18.2325
    endloop
  endfacet
  facet normal -0.505657 0.862734 0
    outer loop
      vertex 38.7425 37.9579 -62.2325
      vertex 37.2687 37.0941 -62.2325
      vertex 37.2687 37.0941 -18.2325
    endloop
  endfacet
  facet normal -0.505657 0.862734 0
    outer loop
      vertex 38.7425 37.9579 -62.2325
      vertex 37.2687 37.0941 -18.2325
      vertex 38.7425 37.9579 -18.2325
    endloop
  endfacet
  facet normal 0 0 -1
    outer loop
      vertex 60 0 -62.2325
      vertex 35.8299 36.1731 -62.2325
      vertex 37.2687 37.0941 -62.2325
    endloop
  endfacet
  facet normal 0 0 1
    outer loop
      vertex 60 0 -18.2325
      vertex 37.2687 37.0941 -18.2325
      vertex 35.8299 36.1731 -18.2325
    endloop
  endfacet
  facet normal -0.539138 0.842217 0
    outer loop
      vertex 37.2687 37.0941 -62.2325
      vertex 35.8299 36.1731 -62.2325
      vertex 35.8299 36.1731 -18.2325
    endloop
  endfacet
  facet normal -0.539138 0.842217 0
    outer loop
      vertex 37.2687 37.0941 -62.2325
      vertex 35.8299 36.1731 -18.2325
      vertex 37.2687 37.0941 -18.2325
    endloop
  endfacet
  facet normal 0 0 -1
    outer loop
      vertex 60 0 -62.2325
      vertex 34.4284 35.1963 -62.2325
      vertex 35.8299 36.1731 -62.2325
    endloop
  endfacet
  facet normal 0 0 1
    outer loop
      vertex 60 0 -18.2325
      vertex 35.8299 36.1731 -18.2325
      vertex 34.4284 35.1963 -18.2325
    endloop
  endfacet
  facet normal -0.571788 0.820401 0
    outer loop
      vertex 35.8299 36.1731 -62.2325
      vertex 34.4284 35.1963 -62.2325
      vertex 34.4284 35.1963 -18.2325
    endloop
  endfacet
  facet normal -0.571788 0.820401 0
    outer loop
      vertex 35.8299 36.1731 -62.2325
      vertex 34.4284 35.1963 -18.2325
      vertex 35.8299 36.1731 -18.2325
    endloop
  endfacet
  facet normal 0 0 -1
    outer loop
      vertex 60 0 -62.2325
      vertex 33.0663 34.1652 -62.2325
      vertex 34.4284 35.1963 -62.2325
    endloop
  endfacet
  facet normal 0 0 1
    outer loop
      vertex 60 0 -18.2325
      vertex 34.4284 35.1963 -18.2325
      vertex 33.0663 34.1652 -18.2325
    endloop
  endfacet
  facet normal -0.603556 0.797321 0
    outer loop
      vertex 34.4284 35.1963 -62.2325
      vertex 33.0663 34.1652 -62.2325
      vertex 33.0663 34.1652 -18.2325
    endloop
  endfacet
  facet normal -0.603556 0.797321 0
    outer loop
      vertex 34.4284 35.1963 -62.2325
      vertex 33.0663 34.1652 -18.2325
      vertex 34.4284 35.1963 -18.2325
    endloop
  endfacet
  facet normal 0 0 -1
    outer loop
      vertex 60 0 -62.2325
      vertex 31.7458 33.0815 -62.2325
      vertex 33.0663 34.1652 -62.2325
    endloop
  endfacet
  facet normal 0 0 1
    outer loop
      vertex 60 0 -18.2325
      vertex 33.0663 34.1652 -18.2325
      vertex 31.7458 33.0815 -18.2325
    endloop
  endfacet
  facet normal -0.634393 0.77301 0
    outer loop
      vertex 33.0663 34.1652 -62.2325
      vertex 31.7458 33.0815 -62.2325
      vertex 31.7458 33.0815 -18.2325
    endloop
  endfacet
  facet normal -0.634393 0.77301 0
    outer loop
      vertex 33.0663 34.1652 -62.2325
      vertex 31.7458 33.0815 -18.2325
      vertex 33.0663 34.1652 -18.2325
    endloop
  endfacet
  facet normal 0 0 -1
    outer loop
      vertex 60 0 -62.2325
      vertex 30.4688 31.9467 -62.2325
      vertex 31.7458 33.0815 -62.2325
    endloop
  endfacet
  facet normal 0 0 1
    outer loop
      vertex 60 0 -18.2325
      vertex 31.7458 33.0815 -18.2325
      vertex 30.4688 31.9467 -18.2325
    endloop
  endfacet
  facet normal -0.664252 0.747508 0
    outer loop
      vertex 31.7458 33.0815 -62.2325
      vertex 30.4688 31.9467 -62.2325
      vertex 30.4688 31.9467 -18.2325
    endloop
  endfacet
  facet normal -0.664252 0.747508 0
    outer loop
      vertex 31.7458 33.0815 -62.2325
      vertex 30.4688 31.9467 -18.2325
      vertex 31.7458 33.0815 -18.2325
    endloop
  endfacet
  facet normal 0 0 -1
    outer loop
      vertex 60 0 -62.2325
      vertex 29.2373 30.7627 -62.2325
      vertex 30.4688 31.9467 -62.2325
    endloop
  endfacet
  facet normal 0 0 1
    outer loop
      vertex 60 0 -18.2325
      vertex 30.4688 31.9467 -18.2325
      vertex 29.2373 30.7627 -18.2325
    endloop
  endfacet
  facet normal -0.693087 0.720854 0
    outer loop
      vertex 30.4688 31.9467 -62.2325
      vertex 29.2373 30.7627 -62.2325
      vertex 29.2373 30.7627 -18.2325
    endloop
  endfacet
  facet normal -0.693087 0.720854 0
    outer loop
      vertex 30.4688 31.9467 -62.2325
      vertex 29.2373 30.7627 -18.2325
      vertex 30.4688 31.9467 -18.2325
    endloop
  endfacet
  facet normal 0 0 -1
    outer loop
      vertex 60 0 -62.2325
      vertex 28.0533 29.5312 -62.2325
      vertex 29.2373 30.7627 -62.2325
    endloop
  endfacet
  facet normal 0 0 1
    outer loop
      vertex 60 0 -18.2325
      vertex 29.2373 30.7627 -18.2325
      vertex 28.0533 29.5312 -18.2325
    endloop
  endfacet
  facet normal -0.720854 0.693087 0
    outer loop
      vertex 29.2373 30.7627 -62.2325
      vertex 28.0533 29.5312 -62.2325
      vertex 28.0533 29.5312 -18.2325
    endloop
  endfacet
  facet normal -0.720854 0.693087 0
    outer loop
      vertex 29.2373 30.7627 -62.2325
      vertex 28.0533 29.5312 -18.2325
      vertex 29.2373 30.7627 -18.2325
    endloop
  endfacet
  facet normal 0 0 -1
    outer loop
      vertex 60 0 -62.2325
      vertex 26.9185 28.2542 -62.2325
      vertex 28.0533 29.5312 -62.2325
    endloop
  endfacet
  facet normal 0 0 1
    outer loop
      vertex 60 0 -18.2325
      vertex 28.0533 29.5312 -18.2325
      vertex 26.9185 28.2542 -18.2325
    endloop
  endfacet
  facet normal -0.747508 0.664252 0
    outer loop
      vertex 28.0533 29.5312 -62.2325
      vertex 26.9185 28.2542 -62.2325
      vertex 26.9185 28.2542 -18.2325
    endloop
  endfacet
  facet normal -0.747508 0.664252 0
    outer loop
      vertex 28.0533 29.5312 -62.2325
      vertex 26.9185 28.2542 -18.2325
      vertex 28.0533 29.5312 -18.2325
    endloop
  endfacet
  facet normal 0 0 -1
    outer loop
      vertex 60 0 -62.2325
      vertex 25.8348 26.9337 -62.2325
      vertex 26.9185 28.2542 -62.2325
    endloop
  endfacet
  facet normal 0 0 1
    outer loop
      vertex 60 0 -18.2325
      vertex 26.9185 28.2542 -18.2325
      vertex 25.8348 26.9337 -18.2325
    endloop
  endfacet
  facet normal -0.77301 0.634393 0
    outer loop
      vertex 26.9185 28.2542 -62.2325
      vertex 25.8348 26.9337 -62.2325
      vertex 25.8348 26.9337 -18.2325
    endloop
  endfacet
  facet normal -0.77301 0.634393 0
    outer loop
      vertex 26.9185 28.2542 -62.2325
      vertex 25.8348 26.9337 -18.2325
      vertex 26.9185 28.2542 -18.2325
    endloop
  endfacet
  facet normal 0 0 -1
    outer loop
      vertex 60 0 -62.2325
      vertex 24.8037 25.5716 -62.2325
      vertex 25.8348 26.9337 -62.2325
    endloop
  endfacet
  facet normal 0 0 1
    outer loop
      vertex 60 0 -18.2325
      vertex 25.8348 26.9337 -18.2325
      vertex 24.8037 25.5716 -18.2325
    endloop
  endfacet
  facet normal -0.797321 0.603556 0
    outer loop
      vertex 25.8348 26.9337 -62.2325
      vertex 24.8037 25.5716 -62.2325
      vertex 24.8037 25.5716 -18.2325
    endloop
  endfacet
  facet normal -0.797321 0.603556 0
    outer loop
      vertex 25.8348 26.9337 -62.2325
      vertex 24.8037 25.5716 -18.2325
      vertex 25.8348 26.9337 -18.2325
    endloop
  endfacet
  facet normal 0 0 -1
    outer loop
      vertex 60 0 -62.2325
      vertex 23.8269 24.1701 -62.2325
      vertex 24.8037 25.5716 -62.2325
    endloop
  endfacet
  facet normal 0 0 1
    outer loop
      vertex 60 0 -18.2325
      vertex 24.8037 25.5716 -18.2325
      vertex 23.8269 24.1701 -18.2325
    endloop
  endfacet
  facet normal -0.820401 0.571788 0
    outer loop
      vertex 24.8037 25.5716 -62.2325
      vertex 23.8269 24.1701 -62.2325
      vertex 23.8269 24.1701 -18.2325
    endloop
  endfacet
  facet normal -0.820401 0.571788 0
    outer loop
      vertex 24.8037 25.5716 -62.2325
      vertex 23.8269 24.1701 -18.2325
      vertex 24.8037 25.5716 -18.2325
    endloop
  endfacet
  facet normal 0 0 -1
    outer loop
      vertex 60 0 -62.2325
      vertex 22.9059 22.7313 -62.2325
      vertex 23.8269 24.1701 -62.2325
    endloop
  endfacet
  facet normal 0 0 1
    outer loop
      vertex 60 0 -18.2325
      vertex 23.8269 24.1701 -18.2325
      vertex 22.9059 22.7313 -18.2325
    endloop
  endfacet
  facet normal -0.842217 0.539138 0
    outer loop
      vertex 23.8269 24.1701 -62.2325
      vertex 22.9059 22.7313 -62.2325
      vertex 22.9059 22.7313 -18.2325
    endloop
  endfacet
  facet normal -0.842217 0.539138 0
    outer loop
      vertex 23.8269 24.1701 -62.2325
      vertex 22.9059 22.7313 -18.2325
      vertex 23.8269 24.1701 -18.2325
    endloop
  endfacet
  facet normal 0 0 -1
    outer loop
      vertex 60 0 -62.2325
      vertex 22.0421 21.2575 -62.2325
      vertex 22.9059 22.7313 -62.2325
    endloop
  endfacet
  facet normal 0 0 1
    outer loop
      vertex 60 0 -18.2325
      vertex 22.9059 22.7313 -18.2325
      vertex 22.0421 21.2575 -18.2325
    endloop
  endfacet
  facet normal -0.862734 0.505657 0
    outer loop
      vertex 22.9059 22.7313 -62.2325
      vertex 22.0421 21.2575 -62.2325
      vertex 22.0421 21.2575 -18.2325
    endloop
  endfacet
  facet normal -0.862734 0.505657 0
    outer loop
      vertex 22.9059 22.7313 -62.2325
      vertex 22.0421 21.2575 -18.2325
      vertex 22.9059 22.7313 -18.2325
    endloop
  endfacet
  facet normal 0 0 -1
    outer loop
      vertex 60 0 -62.2325
      vertex 21.2368 19.7509 -62.2325
      vertex 22.0421 21.2575 -62.2325
    endloop
  endfacet
  facet normal 0 0 1
    outer loop
      vertex 60 0 -18.2325
      vertex 22.0421 21.2575 -18.2325
      vertex 21.2368 19.7509 -18.2325
    endloop
  endfacet
  facet normal -0.881921 0.471397 0
    outer loop
      vertex 22.0421 21.2575 -62.2325
      vertex 21.2368 19.7509 -62.2325
      vertex 21.2368 19.7509 -18.2325
    endloop
  endfacet
  facet normal -0.881921 0.471397 0
    outer loop
      vertex 22.0421 21.2575 -62.2325
      vertex 21.2368 19.7509 -18.2325
      vertex 22.0421 21.2575 -18.2325
    endloop
  endfacet
  facet normal 0 0 -1
    outer loop
      vertex 60 0 -62.2325
      vertex 20.4912 18.2138 -62.2325
      vertex 21.2368 19.7509 -62.2325
    endloop
  endfacet
  facet normal 0 0 1
    outer loop
      vertex 60 0 -18.2325
      vertex 21.2368 19.7509 -18.2325
      vertex 20.4912 18.2138 -18.2325
    endloop
  endfacet
  facet normal -0.899748 0.436409 0
    outer loop
      vertex 21.2368 19.7509 -62.2325
      vertex 20.4912 18.2138 -62.2325
      vertex 20.4912 18.2138 -18.2325
    endloop
  endfacet
  facet normal -0.899748 0.436409 0
    outer loop
      vertex 21.2368 19.7509 -62.2325
      vertex 20.4912 18.2138 -18.2325
      vertex 21.2368 19.7509 -18.2325
    endloop
  endfacet
  facet normal 0 0 -1
    outer loop
      vertex 60 0 -62.2325
      vertex 19.8066 16.6486 -62.2325
      vertex 20.4912 18.2138 -62.2325
    endloop
  endfacet
  facet normal 0 0 1
    outer loop
      vertex 60 0 -18.2325
      vertex 20.4912 18.2138 -18.2325
      vertex 19.8066 16.6486 -18.2325
    endloop
  endfacet
  facet normal -0.916188 0.400749 0
    outer loop
      vertex 20.4912 18.2138 -62.2325
      vertex 19.8066 16.6486 -62.2325
      vertex 19.8066 16.6486 -18.2325
    endloop
  endfacet
  facet normal -0.916188 0.400749 0
    outer loop
      vertex 20.4912 18.2138 -62.2325
      vertex 19.8066 16.6486 -18.2325
      vertex 20.4912 18.2138 -18.2325
    endloop
  endfacet
  facet normal 0 0 -1
    outer loop
      vertex 60 0 -62.2325
      vertex 19.184 15.0578 -62.2325
      vertex 19.8066 16.6486 -62.2325
    endloop
  endfacet
  facet normal 0 0 1
    outer loop
      vertex 60 0 -18.2325
      vertex 19.8066 16.6486 -18.2325
      vertex 19.184 15.0578 -18.2325
    endloop
  endfacet
  facet normal -0.931215 0.36447 0
    outer loop
      vertex 19.8066 16.6486 -62.2325
      vertex 19.184 15.0578 -62.2325
      vertex 19.184 15.0578 -18.2325
    endloop
  endfacet
  facet normal -0.931215 0.36447 0
    outer loop
      vertex 19.8066 16.6486 -62.2325
      vertex 19.184 15.0578 -18.2325
      vertex 19.8066 16.6486 -18.2325
    endloop
  endfacet
  facet normal 0 0 -1
    outer loop
      vertex 60 0 -62.2325
      vertex 18.6243 13.4438 -62.2325
      vertex 19.184 15.0578 -62.2325
    endloop
  endfacet
  facet normal 0 0 1
    outer loop
      vertex 60 0 -18.2325
      vertex 19.184 15.0578 -18.2325
      vertex 18.6243 13.4438 -18.2325
    endloop
  endfacet
  facet normal -0.944806 0.32763 0
    outer loop
      vertex 19.184 15.0578 -62.2325
      vertex 18.6243 13.4438 -62.2325
      vertex 18.6243 13.4438 -18.2325
    endloop
  endfacet
  facet normal -0.944806 0.32763 0
    outer loop
      vertex 19.184 15.0578 -62.2325
      vertex 18.6243 13.4438 -18.2325
      vertex 19.184 15.0578 -18.2325
    endloop
  endfacet
  facet normal 0 0 -1
    outer loop
      vertex 60 0 -62.2325
      vertex 18.1284 11.809 -62.2325
      vertex 18.6243 13.4438 -62.2325
    endloop
  endfacet
  facet normal 0 0 1
    outer loop
      vertex 60 0 -18.2325
      vertex 18.6243 13.4438 -18.2325
      vertex 18.1284 11.809 -18.2325
    endloop
  endfacet
  facet normal -0.95694 0.290285 0
    outer loop
      vertex 18.6243 13.4438 -62.2325
      vertex 18.1284 11.809 -62.2325
      vertex 18.1284 11.809 -18.2325
    endloop
  endfacet
  facet normal -0.95694 0.290285 0
    outer loop
      vertex 18.6243 13.4438 -62.2325
      vertex 18.1284 11.809 -18.2325
      vertex 18.6243 13.4438 -18.2325
    endloop
  endfacet
  facet normal 0 0 -1
    outer loop
      vertex 60 0 -62.2325
      vertex 17.697 10.156 -62.2325
      vertex 18.1284 11.809 -62.2325
    endloop
  endfacet
  facet normal 0 0 1
    outer loop
      vertex 60 0 -18.2325
      vertex 18.1284 11.809 -18.2325
      vertex 17.697 10.156 -18.2325
    endloop
  endfacet
  facet normal -0.967599 0.252492 0
    outer loop
      vertex 18.1284 11.809 -62.2325
      vertex 17.697 10.156 -62.2325
      vertex 17.697 10.156 -18.2325
    endloop
  endfacet
  facet normal -0.967599 0.252492 0
    outer loop
      vertex 18.1284 11.809 -62.2325
      vertex 17.697 10.156 -18.2325
      vertex 18.1284 11.809 -18.2325
    endloop
  endfacet
  facet normal 0 0 -1
    outer loop
      vertex 60 0 -62.2325
      vertex 17.3309 8.4874 -62.2325
      vertex 17.697 10.156 -62.2325
    endloop
  endfacet
  facet normal 0 0 1
    outer loop
      vertex 60 0 -18.2325
      vertex 17.697 10.156 -18.2325
      vertex 17.3309 8.4874 -18.2325
    endloop
  endfacet
  facet normal -0.976766 0.214309 0
    outer loop
      vertex 17.697 10.156 -62.2325
      vertex 17.3309 8.4874 -62.2325
      vertex 17.3309 8.4874 -18.2325
    endloop
  endfacet
  facet normal -0.976766 0.214309 0
    outer loop
      vertex 17.697 10.156 -62.2325
      vertex 17.3309 8.4874 -18.2325
      vertex 17.697 10.156 -18.2325
    endloop
  endfacet
  facet normal 0 0 -1
    outer loop
      vertex 60 0 -62.2325
      vertex 17.0306 6.80568 -62.2325
      vertex 17.3309 8.4874 -62.2325
    endloop
  endfacet
  facet normal 0 0 1
    outer loop
      vertex 60 0 -18.2325
      vertex 17.3309 8.4874 -18.2325
      vertex 17.0306 6.80568 -18.2325
    endloop
  endfacet
  facet normal -0.984427 0.175796 0
    outer loop
      vertex 17.3309 8.4874 -62.2325
      vertex 17.0306 6.80568 -62.2325
      vertex 17.0306 6.80568 -18.2325
    endloop
  endfacet
  facet normal -0.984427 0.175796 0
    outer loop
      vertex 17.3309 8.4874 -62.2325
      vertex 17.0306 6.80568 -18.2325
      vertex 17.3309 8.4874 -18.2325
    endloop
  endfacet
  facet normal 0 0 -1
    outer loop
      vertex 60 0 -62.2325
      vertex 16.7966 5.11346 -62.2325
      vertex 17.0306 6.80568 -62.2325
    endloop
  endfacet
  facet normal 0 0 1
    outer loop
      vertex 60 0 -18.2325
      vertex 17.0306 6.80568 -18.2325
      vertex 16.7966 5.11346 -18.2325
    endloop
  endfacet
  facet normal -0.990569 0.137012 0
    outer loop
      vertex 17.0306 6.80568 -62.2325
      vertex 16.7966 5.11346 -62.2325
      vertex 16.7966 5.11346 -18.2325
    endloop
  endfacet
  facet normal -0.990569 0.137012 0
    outer loop
      vertex 17.0306 6.80568 -62.2325
      vertex 16.7966 5.11346 -18.2325
      vertex 17.0306 6.80568 -18.2325
    endloop
  endfacet
  facet normal 0 0 -1
    outer loop
      vertex 60 0 -62.2325
      vertex 16.6291 3.41336 -62.2325
      vertex 16.7966 5.11346 -62.2325
    endloop
  endfacet
  facet normal 0 0 1
    outer loop
      vertex 60 0 -18.2325
      vertex 16.7966 5.11346 -18.2325
      vertex 16.6291 3.41336 -18.2325
    endloop
  endfacet
  facet normal -0.995185 0.0980171 0
    outer loop
      vertex 16.7966 5.11346 -62.2325
      vertex 16.6291 3.41336 -62.2325
      vertex 16.6291 3.41336 -18.2325
    endloop
  endfacet
  facet normal -0.995185 0.0980171 0
    outer loop
      vertex 16.7966 5.11346 -62.2325
      vertex 16.6291 3.41336 -18.2325
      vertex 16.7966 5.11346 -18.2325
    endloop
  endfacet
  facet normal 0 0 -1
    outer loop
      vertex 60 0 -62.2325
      vertex 16.5285 1.708 -62.2325
      vertex 16.6291 3.41336 -62.2325
    endloop
  endfacet
  facet normal 0 0 1
    outer loop
      vertex 60 0 -18.2325
      vertex 16.6291 3.41336 -18.2325
      vertex 16.5285 1.708 -18.2325
    endloop
  endfacet
  facet normal -0.998266 0.0588708 0
    outer loop
      vertex 16.6291 3.41336 -62.2325
      vertex 16.5285 1.708 -62.2325
      vertex 16.5285 1.708 -18.2325
    endloop
  endfacet
  facet normal -0.998266 0.0588708 0
    outer loop
      vertex 16.6291 3.41336 -62.2325
      vertex 16.5285 1.708 -18.2325
      vertex 16.6291 3.41336 -18.2325
    endloop
  endfacet
  facet normal 0 0 -1
    outer loop
      vertex 60 0 -62.2325
      vertex 16.495 5.32783e-15 -62.2325
      vertex 16.5285 1.708 -62.2325
    endloop
  endfacet
  facet normal 0 0 1
    outer loop
      vertex 60 0 -18.2325
      vertex 16.5285 1.708 -18.2325
      vertex 16.495 5.32783e-15 -18.2325
    endloop
  endfacet
  facet normal -0.999807 0.0196337 0
    outer loop
      vertex 16.5285 1.708 -62.2325
      vertex 16.495 5.32783e-15 -62.2325
      vertex 16.495 5.32783e-15 -18.2325
    endloop
  endfacet
  facet normal -0.999807 0.0196337 0
    outer loop
      vertex 16.5285 1.708 -62.2325
      vertex 16.495 5.32783e-15 -18.2325
      vertex 16.5285 1.708 -18.2325
    endloop
  endfacet
  facet normal 0 0 -1
    outer loop
      vertex 60 0 -62.2325
      vertex 16.5285 -1.708 -62.2325
      vertex 16.495 5.32783e-15 -62.2325
    endloop
  endfacet
  facet normal 0 0 1
    outer loop
      vertex 60 0 -18.2325
      vertex 16.495 5.32783e-15 -18.2325
      vertex 16.5285 -1.708 -18.2325
    endloop
  endfacet
  facet normal -0.999807 -0.0196337 0
    outer loop
      vertex 16.495 5.32783e-15 -62.2325
      vertex 16.5285 -1.708 -62.2325
      vertex 16.5285 -1.708 -18.2325
    endloop
  endfacet
  facet normal -0.999807 -0.0196337 0
    outer loop
      vertex 16.495 5.32783e-15 -62.2325
      vertex 16.5285 -1.708 -18.2325
      vertex 16.495 5.32783e-15 -18.2325
    endloop
  endfacet
  facet normal 0 0 -1
    outer loop
      vertex 60 0 -62.2325
      vertex 16.6291 -3.41336 -62.2325
      vertex 16.5285 -1.708 -62.2325
    endloop
  endfacet
  facet normal 0 0 1
    outer loop
      vertex 60 0 -18.2325
      vertex 16.5285 -1.708 -18.2325
      vertex 16.6291 -3.41336 -18.2325
    endloop
  endfacet
  facet normal -0.998266 -0.0588708 0
    outer loop
      vertex 16.5285 -1.708 -62.2325
      vertex 16.6291 -3.41336 -62.2325
      vertex 16.6291 -3.41336 -18.2325
    endloop
  endfacet
  facet normal -0.998266 -0.0588708 0
    outer loop
      vertex 16.5285 -1.708 -62.2325
      vertex 16.6291 -3.41336 -18.2325
      vertex 16.5285 -1.708 -18.2325
    endloop
  endfacet
  facet normal 0 0 -1
    outer loop
      vertex 60 0 -62.2325
      vertex 16.7966 -5.11346 -62.2325
      vertex 16.6291 -3.41336 -62.2325
    endloop
  endfacet
  facet normal 0 0 1
    outer loop
      vertex 60 0 -18.2325
      vertex 16.6291 -3.41336 -18.2325
      vertex 16.7966 -5.11346 -18.2325
    endloop
  endfacet
  facet normal -0.995185 -0.0980171 0
    outer loop
      vertex 16.6291 -3.41336 -62.2325
      vertex 16.7966 -5.11346 -62.2325
      vertex 16.7966 -5.11346 -18.2325
    endloop
  endfacet
  facet normal -0.995185 -0.0980171 0
    outer loop
      vertex 16.6291 -3.41336 -62.2325
      vertex 16.7966 -5.11346 -18.2325
      vertex 16.6291 -3.41336 -18.2325
    endloop
  endfacet
  facet normal 0 0 -1
    outer loop
      vertex 60 0 -62.2325
      vertex 17.0306 -6.80568 -62.2325
      vertex 16.7966 -5.11346 -62.2325
    endloop
  endfacet
  facet normal 0 0 1
    outer loop
      vertex 60 0 -18.2325
      vertex 16.7966 -5.11346 -18.2325
      vertex 17.0306 -6.80568 -18.2325
    endloop
  endfacet
  facet normal -0.990569 -0.137012 0
    outer loop
      vertex 16.7966 -5.11346 -62.2325
      vertex 17.0306 -6.80568 -62.2325
      vertex 17.0306 -6.80568 -18.2325
    endloop
  endfacet
  facet normal -0.990569 -0.137012 0
    outer loop
      vertex 16.7966 -5.11346 -62.2325
      vertex 17.0306 -6.80568 -18.2325
      vertex 16.7966 -5.11346 -18.2325
    endloop
  endfacet
  facet normal 0 0 -1
    outer loop
      vertex 60 0 -62.2325
      vertex 17.3309 -8.4874 -62.2325
      vertex 17.0306 -6.80568 -62.2325
    endloop
  endfacet
  facet normal 0 0 1
    outer loop
      vertex 60 0 -18.2325
      vertex 17.0306 -6.80568 -18.2325
      vertex 17.3309 -8.4874 -18.2325
    endloop
  endfacet
  facet normal -0.984427 -0.175796 0
    outer loop
      vertex 17.0306 -6.80568 -62.2325
      vertex 17.3309 -8.4874 -62.2325
      vertex 17.3309 -8.4874 -18.2325
    endloop
  endfacet
  facet normal -0.984427 -0.175796 0
    outer loop
      vertex 17.0306 -6.80568 -62.2325
      vertex 17.3309 -8.4874 -18.2325
      vertex 17.0306 -6.80568 -18.2325
    endloop
  endfacet
  facet normal 0 0 -1
    outer loop
      vertex 60 0 -62.2325
      vertex 17.697 -10.156 -62.2325
      vertex 17.3309 -8.4874 -62.2325
    endloop
  endfacet
  facet normal 0 0 1
    outer loop
      vertex 60 0 -18.2325
      vertex 17.3309 -8.4874 -18.2325
      vertex 17.697 -10.156 -18.2325
    endloop
  endfacet
  facet normal -0.976766 -0.214309 0
    outer loop
      vertex 17.3309 -8.4874 -62.2325
      vertex 17.697 -10.156 -62.2325
      vertex 17.697 -10.156 -18.2325
    endloop
  endfacet
  facet normal -0.976766 -0.214309 0
    outer loop
      vertex 17.3309 -8.4874 -62.2325
      vertex 17.697 -10.156 -18.2325
      vertex 17.3309 -8.4874 -18.2325
    endloop
  endfacet
  facet normal 0 0 -1
    outer loop
      vertex 60 0 -62.2325
      vertex 18.1284 -11.809 -62.2325
      vertex 17.697 -10.156 -62.2325
    endloop
  endfacet
  facet normal 0 0 1
    outer loop
      vertex 60 0 -18.2325
      vertex 17.697 -10.156 -18.2325
      vertex 18.1284 -11.809 -18.2325
    endloop
  endfacet
  facet normal -0.967599 -0.252492 0
    outer loop
      vertex 17.697 -10.156 -62.2325
      vertex 18.1284 -11.809 -62.2325
      vertex 18.1284 -11.809 -18.2325
    endloop
  endfacet
  facet normal -0.967599 -0.252492 0
    outer loop
      vertex 17.697 -10.156 -62.2325
      vertex 18.1284 -11.809 -18.2325
      vertex 17.697 -10.156 -18.2325
    endloop
  endfacet
  facet normal 0 0 -1
    outer loop
      vertex 60 0 -62.2325
      vertex 18.6243 -13.4438 -62.2325
      vertex 18.1284 -11.809 -62.2325
    endloop
  endfacet
  facet normal 0 0 1
    outer loop
      vertex 60 0 -18.2325
      vertex 18.1284 -11.809 -18.2325
      vertex 18.6243 -13.4438 -18.2325
    endloop
  endfacet
  facet normal -0.95694 -0.290285 0
    outer loop
      vertex 18.1284 -11.809 -62.2325
      vertex 18.6243 -13.4438 -62.2325
      vertex 18.6243 -13.4438 -18.2325
    endloop
  endfacet
  facet normal -0.95694 -0.290285 0
    outer loop
      vertex 18.1284 -11.809 -62.2325
      vertex 18.6243 -13.4438 -18.2325
      vertex 18.1284 -11.809 -18.2325
    endloop
  endfacet
  facet normal 0 0 -1
    outer loop
      vertex 60 0 -62.2325
      vertex 19.184 -15.0578 -62.2325
      vertex 18.6243 -13.4438 -62.2325
    endloop
  endfacet
  facet normal 0 0 1
    outer loop
      vertex 60 0 -18.2325
      vertex 18.6243 -13.4438 -18.2325
      vertex 19.184 -15.0578 -18.2325
    endloop
  endfacet
  facet normal -0.944806 -0.32763 0
    outer loop
      vertex 18.6243 -13.4438 -62.2325
      vertex 19.184 -15.0578 -62.2325
      vertex 19.184 -15.0578 -18.2325
    endloop
  endfacet
  facet normal -0.944806 -0.32763 0
    outer loop
      vertex 18.6243 -13.4438 -62.2325
      vertex 19.184 -15.0578 -18.2325
      vertex 18.6243 -13.4438 -18.2325
    endloop
  endfacet
  facet normal 0 0 -1
    outer loop
      vertex 60 0 -62.2325
      vertex 19.8066 -16.6486 -62.2325
      vertex 19.184 -15.0578 -62.2325
    endloop
  endfacet
  facet normal 0 0 1
    outer loop
      vertex 60 0 -18.2325
      vertex 19.184 -15.0578 -18.2325
      vertex 19.8066 -16.6486 -18.2325
    endloop
  endfacet
  facet normal -0.931215 -0.36447 0
    outer loop
      vertex 19.184 -15.0578 -62.2325
      vertex 19.8066 -16.6486 -62.2325
      vertex 19.8066 -16.6486 -18.2325
    endloop
  endfacet
  facet normal -0.931215 -0.36447 0
    outer loop
      vertex 19.184 -15.0578 -62.2325
      vertex 19.8066 -16.6486 -18.2325
      vertex 19.184 -15.0578 -18.2325
    endloop
  endfacet
  facet normal 0 0 -1
    outer loop
      vertex 60 0 -62.2325
      vertex 20.4912 -18.2138 -62.2325
      vertex 19.8066 -16.6486 -62.2325
    endloop
  endfacet
  facet normal 0 0 1
    outer loop
      vertex 60 0 -18.2325
      vertex 19.8066 -16.6486 -18.2325
      vertex 20.4912 -18.2138 -18.2325
    endloop
  endfacet
  facet normal -0.916188 -0.400749 0
    outer loop
      vertex 19.8066 -16.6486 -62.2325
      vertex 20.4912 -18.2138 -62.2325
      vertex 20.4912 -18.2138 -18.2325
    endloop
  endfacet
  facet normal -0.916188 -0.400749 0
    outer loop
      vertex 19.8066 -16.6486 -62.2325
      vertex 20.4912 -18.2138 -18.2325
      vertex 19.8066 -16.6486 -18.2325
    endloop
  endfacet
  facet normal 0 0 -1
    outer loop
      vertex 60 0 -62.2325
      vertex 21.2368 -19.7509 -62.2325
      vertex 20.4912 -18.2138 -62.2325
    endloop
  endfacet
  facet normal 0 0 1
    outer loop
      vertex 60 0 -18.2325
      vertex 20.4912 -18.2138 -18.2325
      vertex 21.2368 -19.7509 -18.2325
    endloop
  endfacet
  facet normal -0.899748 -0.436409 0
    outer loop
      vertex 20.4912 -18.2138 -62.2325
      vertex 21.2368 -19.7509 -62.2325
      vertex 21.2368 -19.7509 -18.2325
    endloop
  endfacet
  facet normal -0.899748 -0.436409 0
    outer loop
      vertex 20.4912 -18.2138 -62.2325
      vertex 21.2368 -19.7509 -18.2325
      vertex 20.4912 -18.2138 -18.2325
    endloop
  endfacet
  facet normal 0 0 -1
    outer loop
      vertex 60 0 -62.2325
      vertex 22.0421 -21.2575 -62.2325
      vertex 21.2368 -19.7509 -62.2325
    endloop
  endfacet
  facet normal 0 0 1
    outer loop
      vertex 60 0 -18.2325
      vertex 21.2368 -19.7509 -18.2325
      vertex 22.0421 -21.2575 -18.2325
    endloop
  endfacet
  facet normal -0.881921 -0.471397 0
    outer loop
      vertex 21.2368 -19.7509 -62.2325
      vertex 22.0421 -21.2575 -62.2325
      vertex 22.0421 -21.2575 -18.2325
    endloop
  endfacet
  facet normal -0.881921 -0.471397 0
    outer loop
      vertex 21.2368 -19.7509 -62.2325
      vertex 22.0421 -21.2575 -18.2325
      vertex 21.2368 -19.7509 -18.2325
    endloop
  endfacet
  facet normal 0 0 -1
    outer loop
      vertex 60 0 -62.2325
      vertex 22.9059 -22.7313 -62.2325
      vertex 22.0421 -21.2575 -62.2325
    endloop
  endfacet
  facet normal 0 0 1
    outer loop
      vertex 60 0 -18.2325
      vertex 22.0421 -21.2575 -18.2325
      vertex 22.9059 -22.7313 -18.2325
    endloop
  endfacet
  facet normal -0.862734 -0.505657 0
    outer loop
      vertex 22.0421 -21.2575 -62.2325
      vertex 22.9059 -22.7313 -62.2325
      vertex 22.9059 -22.7313 -18.2325
    endloop
  endfacet
  facet normal -0.862734 -0.505657 0
    outer loop
      vertex 22.0421 -21.2575 -62.2325
      vertex 22.9059 -22.7313 -18.2325
      vertex 22.0421 -21.2575 -18.2325
    endloop
  endfacet
  facet normal 0 0 -1
    outer loop
      vertex 60 0 -62.2325
      vertex 23.8269 -24.1701 -62.2325
      vertex 22.9059 -22.7313 -62.2325
    endloop
  endfacet
  facet normal 0 0 1
    outer loop
      vertex 60 0 -18.2325
      vertex 22.9059 -22.7313 -18.2325
      vertex 23.8269 -24.1701 -18.2325
    endloop
  endfacet
  facet normal -0.842217 -0.539138 0
    outer loop
      vertex 22.9059 -22.7313 -62.2325
      vertex 23.8269 -24.1701 -62.2325
      vertex 23.8269 -24.1701 -18.2325
    endloop
  endfacet
  facet normal -0.842217 -0.539138 0
    outer loop
      vertex 22.9059 -22.7313 -62.2325
      vertex 23.8269 -24.1701 -18.2325
      vertex 22.9059 -22.7313 -18.2325
    endloop
  endfacet
  facet normal 0 0 -1
    outer loop
      vertex 60 0 -62.2325
      vertex 24.8037 -25.5716 -62.2325
      vertex 23.8269 -24.1701 -62.2325
    endloop
  endfacet
  facet normal 0 0 1
    outer loop
      vertex 60 0 -18.2325
      vertex 23.8269 -24.1701 -18.2325
      vertex 24.8037 -25.5716 -18.2325
    endloop
  endfacet
  facet normal -0.820401 -0.571788 0
    outer loop
      vertex 23.8269 -24.1701 -62.2325
      vertex 24.8037 -25.5716 -62.2325
      vertex 24.8037 -25.5716 -18.2325
    endloop
  endfacet
  facet normal -0.820401 -0.571788 0
    outer loop
      vertex 23.8269 -24.1701 -62.2325
      vertex 24.8037 -25.5716 -18.2325
      vertex 23.8269 -24.1701 -18.2325
    endloop
  endfacet
  facet normal 0 0 -1
    outer loop
      vertex 60 0 -62.2325
      vertex 25.8348 -26.9337 -62.2325
      vertex 24.8037 -25.5716 -62.2325
    endloop
  endfacet
  facet normal 0 0 1
    outer loop
      vertex 60 0 -18.2325
      vertex 24.8037 -25.5716 -18.2325
      vertex 25.8348 -26.9337 -18.2325
    endloop
  endfacet
  facet normal -0.797321 -0.603556 0
    outer loop
      vertex 24.8037 -25.5716 -62.2325
      vertex 25.8348 -26.9337 -62.2325
      vertex 25.8348 -26.9337 -18.2325
    endloop
  endfacet
  facet normal -0.797321 -0.603556 0
    outer loop
      vertex 24.8037 -25.5716 -62.2325
      vertex 25.8348 -26.9337 -18.2325
      vertex 24.8037 -25.5716 -18.2325
    endloop
  endfacet
  facet normal 0 0 -1
    outer loop
      vertex 60 0 -62.2325
      vertex 26.9185 -28.2542 -62.2325
      vertex 25.8348 -26.9337 -62.2325
    endloop
  endfacet
  facet normal 0 0 1
    outer loop
      vertex 60 0 -18.2325
      vertex 25.8348 -26.9337 -18.2325
      vertex 26.9185 -28.2542 -18.2325
    endloop
  endfacet
  facet normal -0.77301 -0.634393 0
    outer loop
      vertex 25.8348 -26.9337 -62.2325
      vertex 26.9185 -28.2542 -62.2325
      vertex 26.9185 -28.2542 -18.2325
    endloop
  endfacet
  facet normal -0.77301 -0.634393 0
    outer loop
      vertex 25.8348 -26.9337 -62.2325
      vertex 26.9185 -28.2542 -18.2325
      vertex 25.8348 -26.9337 -18.2325
    endloop
  endfacet
  facet normal 0 0 -1
    outer loop
      vertex 60 0 -62.2325
      vertex 28.0533 -29.5312 -62.2325
      vertex 26.9185 -28.2542 -62.2325
    endloop
  endfacet
  facet normal 0 0 1
    outer loop
      vertex 60 0 -18.2325
      vertex 26.9185 -28.2542 -18.2325
      vertex 28.0533 -29.5312 -18.2325
    endloop
  endfacet
  facet normal -0.747508 -0.664252 0
    outer loop
      vertex 26.9185 -28.2542 -62.2325
      vertex 28.0533 -29.5312 -62.2325
      vertex 28.0533 -29.5312 -18.2325
    endloop
  endfacet
  facet normal -0.747508 -0.664252 0
    outer loop
      vertex 26.9185 -28.2542 -62.2325
      vertex 28.0533 -29.5312 -18.2325
      vertex 26.9185 -28.2542 -18.2325
    endloop
  endfacet
  facet normal 0 0 -1
    outer loop
      vertex 60 0 -62.2325
      vertex 29.2373 -30.7627 -62.2325
      vertex 28.0533 -29.5312 -62.2325
    endloop
  endfacet
  facet normal 0 0 1
    outer loop
      vertex 60 0 -18.2325
      vertex 28.0533 -29.5312 -18.2325
      vertex 29.2373 -30.7627 -18.2325
    endloop
  endfacet
  facet normal -0.720854 -0.693087 0
    outer loop
      vertex 28.0533 -29.5312 -62.2325
      vertex 29.2373 -30.7627 -62.2325
      vertex 29.2373 -30.7627 -18.2325
    endloop
  endfacet
  facet normal -0.720854 -0.693087 0
    outer loop
      vertex 28.0533 -29.5312 -62.2325
      vertex 29.2373 -30.7627 -18.2325
      vertex 28.0533 -29.5312 -18.2325
    endloop
  endfacet
  facet normal 0 0 -1
    outer loop
      vertex 60 0 -62.2325
      vertex 30.4688 -31.9467 -62.2325
      vertex 29.2373 -30.7627 -62.2325
    endloop
  endfacet
  facet normal 0 0 1
    outer loop
      vertex 60 0 -18.2325
      vertex 29.2373 -30.7627 -18.2325
      vertex 30.4688 -31.9467 -18.2325
    endloop
  endfacet
  facet normal -0.693087 -0.720854 0
    outer loop
      vertex 29.2373 -30.7627 -62.2325
      vertex 30.4688 -31.9467 -62.2325
      vertex 30.4688 -31.9467 -18.2325
    endloop
  endfacet
  facet normal -0.693087 -0.720854 0
    outer loop
      vertex 29.2373 -30.7627 -62.2325
      vertex 30.4688 -31.9467 -18.2325
      vertex 29.2373 -30.7627 -18.2325
    endloop
  endfacet
  facet normal 0 0 -1
    outer loop
      vertex 60 0 -62.2325
      vertex 31.7458 -33.0815 -62.2325
      vertex 30.4688 -31.9467 -62.2325
    endloop
  endfacet
  facet normal 0 0 1
    outer loop
      vertex 60 0 -18.2325
      vertex 30.4688 -31.9467 -18.2325
      vertex 31.7458 -33.0815 -18.2325
    endloop
  endfacet
  facet normal -0.664252 -0.747508 0
    outer loop
      vertex 30.4688 -31.9467 -62.2325
      vertex 31.7458 -33.0815 -62.2325
      vertex 31.7458 -33.0815 -18.2325
    endloop
  endfacet
  facet normal -0.664252 -0.747508 0
    outer loop
      vertex 30.4688 -31.9467 -62.2325
      vertex 31.7458 -33.0815 -18.2325
      vertex 30.4688 -31.9467 -18.2325
    endloop
  endfacet
  facet normal 0 0 -1
    outer loop
      vertex 60 0 -62.2325
      vertex 33.0663 -34.1652 -62.2325
      vertex 31.7458 -33.0815 -62.2325
    endloop
  endfacet
  facet normal 0 0 1
    outer loop
      vertex 60 0 -18.2325
      vertex 31.7458 -33.0815 -18.2325
      vertex 33.0663 -34.1652 -18.2325
    endloop
  endfacet
  facet normal -0.634393 -0.77301 0
    outer loop
      vertex 31.7458 -33.0815 -62.2325
      vertex 33.0663 -34.1652 -62.2325
      vertex 33.0663 -34.1652 -18.2325
    endloop
  endfacet
  facet normal -0.634393 -0.77301 0
    outer loop
      vertex 31.7458 -33.0815 -62.2325
      vertex 33.0663 -34.1652 -18.2325
      vertex 31.7458 -33.0815 -18.2325
    endloop
  endfacet
  facet normal 0 0 -1
    outer loop
      vertex 60 0 -62.2325
      vertex 34.4284 -35.1963 -62.2325
      vertex 33.0663 -34.1652 -62.2325
    endloop
  endfacet
  facet normal 0 0 1
    outer loop
      vertex 60 0 -18.2325
      vertex 33.0663 -34.1652 -18.2325
      vertex 34.4284 -35.1963 -18.2325
    endloop
  endfacet
  facet normal -0.603556 -0.797321 0
    outer loop
      vertex 33.0663 -34.1652 -62.2325
      vertex 34.4284 -35.1963 -62.2325
      vertex 34.4284 -35.1963 -18.2325
    endloop
  endfacet
  facet normal -0.603556 -0.797321 0
    outer loop
      vertex 33.0663 -34.1652 -62.2325
      vertex 34.4284 -35.1963 -18.2325
      vertex 33.0663 -34.1652 -18.2325
    endloop
  endfacet
  facet normal 0 0 -1
    outer loop
      vertex 60 0 -62.2325
      vertex 35.8299 -36.1731 -62.2325
      vertex 34.4284 -35.1963 -62.2325
    endloop
  endfacet
  facet normal 0 0 1
    outer loop
      vertex 60 0 -18.2325
      vertex 34.4284 -35.1963 -18.2325
      vertex 35.8299 -36.1731 -18.2325
    endloop
  endfacet
  facet normal -0.571788 -0.820401 0
    outer loop
      vertex 34.4284 -35.1963 -62.2325
      vertex 35.8299 -36.1731 -62.2325
      vertex 35.8299 -36.1731 -18.2325
    endloop
  endfacet
  facet normal -0.571788 -0.820401 0
    outer loop
      vertex 34.4284 -35.1963 -62.2325
      vertex 35.8299 -36.1731 -18.2325
      vertex 34.4284 -35.1963 -18.2325
    endloop
  endfacet
  facet normal 0 0 -1
    outer loop
      vertex 60 0 -62.2325
      vertex 37.2687 -37.0941 -62.2325
      vertex 35.8299 -36.1731 -62.2325
    endloop
  endfacet
  facet normal 0 0 1
    outer loop
      vertex 60 0 -18.2325
      vertex 35.8299 -36.1731 -18.2325
      vertex 37.2687 -37.0941 -18.2325
    endloop
  endfacet
  facet normal -0.539138 -0.842217 0
    outer loop
      vertex 35.8299 -36.1731 -62.2325
      vertex 37.2687 -37.0941 -62.2325
      vertex 37.2687 -37.0941 -18.2325
    endloop
  endfacet
  facet normal -0.539138 -0.842217 0
    outer loop
      vertex 35.8299 -36.1731 -62.2325
      vertex 37.2687 -37.0941 -18.2325
      vertex 35.8299 -36.1731 -18.2325
    endloop
  endfacet
  facet normal 0 0 -1
    outer loop
      vertex 60 0 -62.2325
      vertex 38.7425 -37.9579 -62.2325
      vertex 37.2687 -37.0941 -62.2325
    endloop
  endfacet
  facet normal 0 0 1
    outer loop
      vertex 60 0 -18.2325
      vertex 37.2687 -37.0941 -18.2325
      vertex 38.7425 -37.9579 -18.2325
    endloop
  endfacet
  facet normal -0.505657 -0.862734 0
    outer loop
      vertex 37.2687 -37.0941 -62.2325
      vertex 38.7425 -37.9579 -62.2325
      vertex 38.7425 -37.9579 -18.2325
    endloop
  endfacet
  facet normal -0.505657 -0.862734 0
    outer loop
      vertex 37.2687 -37.0941 -62.2325
      vertex 38.7425 -37.9579 -18.2325
      vertex 37.2687 -37.0941 -18.2325
    endloop
  endfacet
  facet normal 0 0 -1
    outer loop
      vertex 60 0 -62.2325
      vertex 40.2491 -38.7632 -62.2325
      vertex 38.7425 -37.9579 -62.2325
    endloop
  endfacet
  facet normal 0 0 1
    outer loop
      vertex 60 0 -18.2325
      vertex 38.7425 -37.9579 -18.2325
      vertex 40.2491 -38.7632 -18.2325
    endloop
  endfacet
  facet normal -0.471397 -0.881921 0
    outer loop
      vertex 38.7425 -37.9579 -62.2325
      vertex 40.2491 -38.7632 -62.2325
      vertex 40.2491 -38.7632 -18.2325
    endloop
  endfacet
  facet normal -0.471397 -0.881921 0
    outer loop
      vertex 38.7425 -37.9579 -62.2325
      vertex 40.2491 -38.7632 -18.2325
      vertex 38.7425 -37.9579 -18.2325
    endloop
  endfacet
  facet normal 0 0 -1
    outer loop
      vertex 60 0 -62.2325
      vertex 41.7862 -39.5088 -62.2325
      vertex 40.2491 -38.7632 -62.2325
    endloop
  endfacet
  facet normal 0 0 1
    outer loop
      vertex 60 0 -18.2325
      vertex 40.2491 -38.7632 -18.2325
      vertex 41.7862 -39.5088 -18.2325
    endloop
  endfacet
  facet normal -0.436409 -0.899748 0
    outer loop
      vertex 40.2491 -38.7632 -62.2325
      vertex 41.7862 -39.5088 -62.2325
      vertex 41.7862 -39.5088 -18.2325
    endloop
  endfacet
  facet normal -0.436409 -0.899748 0
    outer loop
      vertex 40.2491 -38.7632 -62.2325
      vertex 41.7862 -39.5088 -18.2325
      vertex 40.2491 -38.7632 -18.2325
    endloop
  endfacet
  facet normal 0 0 -1
    outer loop
      vertex 60 0 -62.2325
      vertex 43.3514 -40.1934 -62.2325
      vertex 41.7862 -39.5088 -62.2325
    endloop
  endfacet
  facet normal 0 0 1
    outer loop
      vertex 60 0 -18.2325
      vertex 41.7862 -39.5088 -18.2325
      vertex 43.3514 -40.1934 -18.2325
    endloop
  endfacet
  facet normal -0.400749 -0.916188 0
    outer loop
      vertex 41.7862 -39.5088 -62.2325
      vertex 43.3514 -40.1934 -62.2325
      vertex 43.3514 -40.1934 -18.2325
    endloop
  endfacet
  facet normal -0.400749 -0.916188 0
    outer loop
      vertex 41.7862 -39.5088 -62.2325
      vertex 43.3514 -40.1934 -18.2325
      vertex 41.7862 -39.5088 -18.2325
    endloop
  endfacet
  facet normal 0 0 -1
    outer loop
      vertex 60 0 -62.2325
      vertex 44.9422 -40.816 -62.2325
      vertex 43.3514 -40.1934 -62.2325
    endloop
  endfacet
  facet normal 0 0 1
    outer loop
      vertex 60 0 -18.2325
      vertex 43.3514 -40.1934 -18.2325
      vertex 44.9422 -40.816 -18.2325
    endloop
  endfacet
  facet normal -0.36447 -0.931215 0
    outer loop
      vertex 43.3514 -40.1934 -62.2325
      vertex 44.9422 -40.816 -62.2325
      vertex 44.9422 -40.816 -18.2325
    endloop
  endfacet
  facet normal -0.36447 -0.931215 0
    outer loop
      vertex 43.3514 -40.1934 -62.2325
      vertex 44.9422 -40.816 -18.2325
      vertex 43.3514 -40.1934 -18.2325
    endloop
  endfacet
  facet normal 0 0 -1
    outer loop
      vertex 60 0 -62.2325
      vertex 46.5562 -41.3757 -62.2325
      vertex 44.9422 -40.816 -62.2325
    endloop
  endfacet
  facet normal 0 0 1
    outer loop
      vertex 60 0 -18.2325
      vertex 44.9422 -40.816 -18.2325
      vertex 46.5562 -41.3757 -18.2325
    endloop
  endfacet
  facet normal -0.32763 -0.944806 0
    outer loop
      vertex 44.9422 -40.816 -62.2325
      vertex 46.5562 -41.3757 -62.2325
      vertex 46.5562 -41.3757 -18.2325
    endloop
  endfacet
  facet normal -0.32763 -0.944806 0
    outer loop
      vertex 44.9422 -40.816 -62.2325
      vertex 46.5562 -41.3757 -18.2325
      vertex 44.9422 -40.816 -18.2325
    endloop
  endfacet
  facet normal 0 0 -1
    outer loop
      vertex 60 0 -62.2325
      vertex 48.191 -41.8716 -62.2325
      vertex 46.5562 -41.3757 -62.2325
    endloop
  endfacet
  facet normal 0 0 1
    outer loop
      vertex 60 0 -18.2325
      vertex 46.5562 -41.3757 -18.2325
      vertex 48.191 -41.8716 -18.2325
    endloop
  endfacet
  facet normal -0.290285 -0.95694 0
    outer loop
      vertex 46.5562 -41.3757 -62.2325
      vertex 48.191 -41.8716 -62.2325
      vertex 48.191 -41.8716 -18.2325
    endloop
  endfacet
  facet normal -0.290285 -0.95694 0
    outer loop
      vertex 46.5562 -41.3757 -62.2325
      vertex 48.191 -41.8716 -18.2325
      vertex 46.5562 -41.3757 -18.2325
    endloop
  endfacet
  facet normal 0 0 -1
    outer loop
      vertex 60 0 -62.2325
      vertex 49.844 -42.303 -62.2325
      vertex 48.191 -41.8716 -62.2325
    endloop
  endfacet
  facet normal 0 0 1
    outer loop
      vertex 60 0 -18.2325
      vertex 48.191 -41.8716 -18.2325
      vertex 49.844 -42.303 -18.2325
    endloop
  endfacet
  facet normal -0.252492 -0.967599 0
    outer loop
      vertex 48.191 -41.8716 -62.2325
      vertex 49.844 -42.303 -62.2325
      vertex 49.844 -42.303 -18.2325
    endloop
  endfacet
  facet normal -0.252492 -0.967599 0
    outer loop
      vertex 48.191 -41.8716 -62.2325
      vertex 49.844 -42.303 -18.2325
      vertex 48.191 -41.8716 -18.2325
    endloop
  endfacet
  facet normal 0 0 -1
    outer loop
      vertex 60 0 -62.2325
      vertex 51.5126 -42.6691 -62.2325
      vertex 49.844 -42.303 -62.2325
    endloop
  endfacet
  facet normal 0 0 1
    outer loop
      vertex 60 0 -18.2325
      vertex 49.844 -42.303 -18.2325
      vertex 51.5126 -42.6691 -18.2325
    endloop
  endfacet
  facet normal -0.214309 -0.976766 0
    outer loop
      vertex 49.844 -42.303 -62.2325
      vertex 51.5126 -42.6691 -62.2325
      vertex 51.5126 -42.6691 -18.2325
    endloop
  endfacet
  facet normal -0.214309 -0.976766 0
    outer loop
      vertex 49.844 -42.303 -62.2325
      vertex 51.5126 -42.6691 -18.2325
      vertex 49.844 -42.303 -18.2325
    endloop
  endfacet
  facet normal 0 0 -1
    outer loop
      vertex 60 0 -62.2325
      vertex 53.1943 -42.9694 -62.2325
      vertex 51.5126 -42.6691 -62.2325
    endloop
  endfacet
  facet normal 0 0 1
    outer loop
      vertex 60 0 -18.2325
      vertex 51.5126 -42.6691 -18.2325
      vertex 53.1943 -42.9694 -18.2325
    endloop
  endfacet
  facet normal -0.175796 -0.984427 0
    outer loop
      vertex 51.5126 -42.6691 -62.2325
      vertex 53.1943 -42.9694 -62.2325
      vertex 53.1943 -42.9694 -18.2325
    endloop
  endfacet
  facet normal -0.175796 -0.984427 0
    outer loop
      vertex 51.5126 -42.6691 -62.2325
      vertex 53.1943 -42.9694 -18.2325
      vertex 51.5126 -42.6691 -18.2325
    endloop
  endfacet
  facet normal 0 0 -1
    outer loop
      vertex 60 0 -62.2325
      vertex 54.8865 -43.2034 -62.2325
      vertex 53.1943 -42.9694 -62.2325
    endloop
  endfacet
  facet normal 0 0 1
    outer loop
      vertex 60 0 -18.2325
      vertex 53.1943 -42.9694 -18.2325
      vertex 54.8865 -43.2034 -18.2325
    endloop
  endfacet
  facet normal -0.137012 -0.990569 0
    outer loop
      vertex 53.1943 -42.9694 -62.2325
      vertex 54.8865 -43.2034 -62.2325
      vertex 54.8865 -43.2034 -18.2325
    endloop
  endfacet
  facet normal -0.137012 -0.990569 0
    outer loop
      vertex 53.1943 -42.9694 -62.2325
      vertex 54.8865 -43.2034 -18.2325
      vertex 53.1943 -42.9694 -18.2325
    endloop
  endfacet
  facet normal 0 0 -1
    outer loop
      vertex 60 0 -62.2325
      vertex 56.5866 -43.3709 -62.2325
      vertex 54.8865 -43.2034 -62.2325
    endloop
  endfacet
  facet normal 0 0 1
    outer loop
      vertex 60 0 -18.2325
      vertex 54.8865 -43.2034 -18.2325
      vertex 56.5866 -43.3709 -18.2325
    endloop
  endfacet
  facet normal -0.0980171 -0.995185 0
    outer loop
      vertex 54.8865 -43.2034 -62.2325
      vertex 56.5866 -43.3709 -62.2325
      vertex 56.5866 -43.3709 -18.2325
    endloop
  endfacet
  facet normal -0.0980171 -0.995185 0
    outer loop
      vertex 54.8865 -43.2034 -62.2325
      vertex 56.5866 -43.3709 -18.2325
      vertex 54.8865 -43.2034 -18.2325
    endloop
  endfacet
  facet normal 0 0 -1
    outer loop
      vertex 60 0 -62.2325
      vertex 58.292 -43.4715 -62.2325
      vertex 56.5866 -43.3709 -62.2325
    endloop
  endfacet
  facet normal 0 0 1
    outer loop
      vertex 60 0 -18.2325
      vertex 56.5866 -43.3709 -18.2325
      vertex 58.292 -43.4715 -18.2325
    endloop
  endfacet
  facet normal -0.0588708 -0.998266 0
    outer loop
      vertex 56.5866 -43.3709 -62.2325
      vertex 58.292 -43.4715 -62.2325
      vertex 58.292 -43.4715 -18.2325
    endloop
  endfacet
  facet normal -0.0588708 -0.998266 0
    outer loop
      vertex 56.5866 -43.3709 -62.2325
      vertex 58.292 -43.4715 -18.2325
      vertex 56.5866 -43.3709 -18.2325
    endloop
  endfacet
  facet normal 0 0 -1
    outer loop
      vertex 60 0 -62.2325
      vertex 60 -43.505 -62.2325
      vertex 58.292 -43.4715 -62.2325
    endloop
  endfacet
  facet normal 0 0 1
    outer loop
      vertex 60 0 -18.2325
      vertex 58.292 -43.4715 -18.2325
      vertex 60 -43.505 -18.2325
    endloop
  endfacet
  facet normal -0.0196337 -0.999807 0
    outer loop
      vertex 58.292 -43.4715 -62.2325
      vertex 60 -43.505 -62.2325
      vertex 60 -43.505 -18.2325
    endloop
  endfacet
  facet normal -0.0196337 -0.999807 0
    outer loop
      vertex 58.292 -43.4715 -62.2325
      vertex 60 -43.505 -18.2325
      vertex 58.292 -43.4715 -18.2325
    endloop
  endfacet
  facet normal 0 0 -1
    outer loop
      vertex 60 0 -62.2325
      vertex 61.708 -43.4715 -62.2325
      vertex 60 -43.505 -62.2325
    endloop
  endfacet
  facet normal 0 0 1
    outer loop
      vertex 60 0 -18.2325
      vertex 60 -43.505 -18.2325
      vertex 61.708 -43.4715 -18.2325
    endloop
  endfacet
  facet normal 0.0196337 -0.999807 0
    outer loop
      vertex 60 -43.505 -62.2325
      vertex 61.708 -43.4715 -62.2325
      vertex 61.708 -43.4715 -18.2325
    endloop
  endfacet
  facet normal 0.0196337 -0.999807 0
    outer loop
      vertex 60 -43.505 -62.2325
      vertex 61.708 -43.4715 -18.2325
      vertex 60 -43.505 -18.2325
    endloop
  endfacet
  facet normal 0 0 -1
    outer loop
      vertex 60 0 -62.2325
      vertex 63.4134 -43.3709 -62.2325
      vertex 61.708 -43.4715 -62.2325
    endloop
  endfacet
  facet normal 0 0 1
    outer loop
      vertex 60 0 -18.2325
      vertex 61.708 -43.4715 -18.2325
      vertex 63.4134 -43.3709 -18.2325
    endloop
  endfacet
  facet normal 0.0588708 -0.998266 0
    outer loop
      vertex 61.708 -43.4715 -62.2325
      vertex 63.4134 -43.3709 -62.2325
      vertex 63.4134 -43.3709 -18.2325
    endloop
  endfacet
  facet normal 0.0588708 -0.998266 0
    outer loop
      vertex 61.708 -43.4715 -62.2325
      vertex 63.4134 -43.3709 -18.2325
      vertex 61.708 -43.4715 -18.2325
    endloop
  endfacet
  facet normal 0 0 -1
    outer loop
      vertex 60 0 -62.2325
      vertex 65.1135 -43.2034 -62.2325
      vertex 63.4134 -43.3709 -62.2325
    endloop
  endfacet
  facet normal 0 0 1
    outer loop
      vertex 60 0 -18.2325
      vertex 63.4134 -43.3709 -18.2325
      vertex 65.1135 -43.2034 -18.2325
    endloop
  endfacet
  facet normal 0.0980171 -0.995185 0
    outer loop
      vertex 63.4134 -43.3709 -62.2325
      vertex 65.1135 -43.2034 -62.2325
      vertex 65.1135 -43.2034 -18.2325
    endloop
  endfacet
  facet normal 0.0980171 -0.995185 0
    outer loop
      vertex 63.4134 -43.3709 -62.2325
      vertex 65.1135 -43.2034 -18.2325
      vertex 63.4134 -43.3709 -18.2325
    endloop
  endfacet
  facet normal 0 0 -1
    outer loop
      vertex 60 0 -62.2325
      vertex 66.8057 -42.9694 -62.2325
      vertex 65.1135 -43.2034 -62.2325
    endloop
  endfacet
  facet normal 0 0 1
    outer loop
      vertex 60 0 -18.2325
      vertex 65.1135 -43.2034 -18.2325
      vertex 66.8057 -42.9694 -18.2325
    endloop
  endfacet
  facet normal 0.137012 -0.990569 0
    outer loop
      vertex 65.1135 -43.2034 -62.2325
      vertex 66.8057 -42.9694 -62.2325
      vertex 66.8057 -42.9694 -18.2325
    endloop
  endfacet
  facet normal 0.137012 -0.990569 0
    outer loop
      vertex 65.1135 -43.2034 -62.2325
      vertex 66.8057 -42.9694 -18.2325
      vertex 65.1135 -43.2034 -18.2325
    endloop
  endfacet
  facet normal 0 0 -1
    outer loop
      vertex 60 0 -62.2325
      vertex 68.4874 -42.6691 -62.2325
      vertex 66.8057 -42.9694 -62.2325
    endloop
  endfacet
  facet normal 0 0 1
    outer loop
      vertex 60 0 -18.2325
      vertex 66.8057 -42.9694 -18.2325
      vertex 68.4874 -42.6691 -18.2325
    endloop
  endfacet
  facet normal 0.175796 -0.984427 0
    outer loop
      vertex 66.8057 -42.9694 -62.2325
      vertex 68.4874 -42.6691 -62.2325
      vertex 68.4874 -42.6691 -18.2325
    endloop
  endfacet
  facet normal 0.175796 -0.984427 0
    outer loop
      vertex 66.8057 -42.9694 -62.2325
      vertex 68.4874 -42.6691 -18.2325
      vertex 66.8057 -42.9694 -18.2325
    endloop
  endfacet
  facet normal 0 0 -1
    outer loop
      vertex 60 0 -62.2325
      vertex 70.156 -42.303 -62.2325
      vertex 68.4874 -42.6691 -62.2325
    endloop
  endfacet
  facet normal 0 0 1
    outer loop
      vertex 60 0 -18.2325
      vertex 68.4874 -42.6691 -18.2325
      vertex 70.156 -42.303 -18.2325
    endloop
  endfacet
  facet normal 0.214309 -0.976766 0
    outer loop
      vertex 68.4874 -42.6691 -62.2325
      vertex 70.156 -42.303 -62.2325
      vertex 70.156 -42.303 -18.2325
    endloop
  endfacet
  facet normal 0.214309 -0.976766 0
    outer loop
      vertex 68.4874 -42.6691 -62.2325
      vertex 70.156 -42.303 -18.2325
      vertex 68.4874 -42.6691 -18.2325
    endloop
  endfacet
  facet normal 0 0 -1
    outer loop
      vertex 60 0 -62.2325
      vertex 71.809 -41.8716 -62.2325
      vertex 70.156 -42.303 -62.2325
    endloop
  endfacet
  facet normal 0 0 1
    outer loop
      vertex 60 0 -18.2325
      vertex 70.156 -42.303 -18.2325
      vertex 71.809 -41.8716 -18.2325
    endloop
  endfacet
  facet normal 0.252492 -0.967599 0
    outer loop
      vertex 70.156 -42.303 -62.2325
      vertex 71.809 -41.8716 -62.2325
      vertex 71.809 -41.8716 -18.2325
    endloop
  endfacet
  facet normal 0.252492 -0.967599 0
    outer loop
      vertex 70.156 -42.303 -62.2325
      vertex 71.809 -41.8716 -18.2325
      vertex 70.156 -42.303 -18.2325
    endloop
  endfacet
  facet normal 0 0 -1
    outer loop
      vertex 60 0 -62.2325
      vertex 73.4438 -41.3757 -62.2325
      vertex 71.809 -41.8716 -62.2325
    endloop
  endfacet
  facet normal 0 0 1
    outer loop
      vertex 60 0 -18.2325
      vertex 71.809 -41.8716 -18.2325
      vertex 73.4438 -41.3757 -18.2325
    endloop
  endfacet
  facet normal 0.290285 -0.95694 0
    outer loop
      vertex 71.809 -41.8716 -62.2325
      vertex 73.4438 -41.3757 -62.2325
      vertex 73.4438 -41.3757 -18.2325
    endloop
  endfacet
  facet normal 0.290285 -0.95694 0
    outer loop
      vertex 71.809 -41.8716 -62.2325
      vertex 73.4438 -41.3757 -18.2325
      vertex 71.809 -41.8716 -18.2325
    endloop
  endfacet
  facet normal 0 0 -1
    outer loop
      vertex 60 0 -62.2325
      vertex 75.0578 -40.816 -62.2325
      vertex 73.4438 -41.3757 -62.2325
    endloop
  endfacet
  facet normal 0 0 1
    outer loop
      vertex 60 0 -18.2325
      vertex 73.4438 -41.3757 -18.2325
      vertex 75.0578 -40.816 -18.2325
    endloop
  endfacet
  facet normal 0.32763 -0.944806 0
    outer loop
      vertex 73.4438 -41.3757 -62.2325
      vertex 75.0578 -40.816 -62.2325
      vertex 75.0578 -40.816 -18.2325
    endloop
  endfacet
  facet normal 0.32763 -0.944806 0
    outer loop
      vertex 73.4438 -41.3757 -62.2325
      vertex 75.0578 -40.816 -18.2325
      vertex 73.4438 -41.3757 -18.2325
    endloop
  endfacet
  facet normal 0 0 -1
    outer loop
      vertex 60 0 -62.2325
      vertex 76.6486 -40.1934 -62.2325
      vertex 75.0578 -40.816 -62.2325
    endloop
  endfacet
  facet normal 0 0 1
    outer loop
      vertex 60 0 -18.2325
      vertex 75.0578 -40.816 -18.2325
      vertex 76.6486 -40.1934 -18.2325
    endloop
  endfacet
  facet normal 0.36447 -0.931215 0
    outer loop
      vertex 75.0578 -40.816 -62.2325
      vertex 76.6486 -40.1934 -62.2325
      vertex 76.6486 -40.1934 -18.2325
    endloop
  endfacet
  facet normal 0.36447 -0.931215 0
    outer loop
      vertex 75.0578 -40.816 -62.2325
      vertex 76.6486 -40.1934 -18.2325
      vertex 75.0578 -40.816 -18.2325
    endloop
  endfacet
  facet normal 0 0 -1
    outer loop
      vertex 60 0 -62.2325
      vertex 78.2138 -39.5088 -62.2325
      vertex 76.6486 -40.1934 -62.2325
    endloop
  endfacet
  facet normal 0 0 1
    outer loop
      vertex 60 0 -18.2325
      vertex 76.6486 -40.1934 -18.2325
      vertex 78.2138 -39.5088 -18.2325
    endloop
  endfacet
  facet normal 0.400749 -0.916188 0
    outer loop
      vertex 76.6486 -40.1934 -62.2325
      vertex 78.2138 -39.5088 -62.2325
      vertex 78.2138 -39.5088 -18.2325
    endloop
  endfacet
  facet normal 0.400749 -0.916188 0
    outer loop
      vertex 76.6486 -40.1934 -62.2325
      vertex 78.2138 -39.5088 -18.2325
      vertex 76.6486 -40.1934 -18.2325
    endloop
  endfacet
  facet normal 0 0 -1
    outer loop
      vertex 60 0 -62.2325
      vertex 79.7509 -38.7632 -62.2325
      vertex 78.2138 -39.5088 -62.2325
    endloop
  endfacet
  facet normal 0 0 1
    outer loop
      vertex 60 0 -18.2325
      vertex 78.2138 -39.5088 -18.2325
      vertex 79.7509 -38.7632 -18.2325
    endloop
  endfacet
  facet normal 0.436409 -0.899748 0
    outer loop
      vertex 78.2138 -39.5088 -62.2325
      vertex 79.7509 -38.7632 -62.2325
      vertex 79.7509 -38.7632 -18.2325
    endloop
  endfacet
  facet normal 0.436409 -0.899748 0
    outer loop
      vertex 78.2138 -39.5088 -62.2325
      vertex 79.7509 -38.7632 -18.2325
      vertex 78.2138 -39.5088 -18.2325
    endloop
  endfacet
  facet normal 0 0 -1
    outer loop
      vertex 60 0 -62.2325
      vertex 81.2575 -37.9579 -62.2325
      vertex 79.7509 -38.7632 -62.2325
    endloop
  endfacet
  facet normal 0 0 1
    outer loop
      vertex 60 0 -18.2325
      vertex 79.7509 -38.7632 -18.2325
      vertex 81.2575 -37.9579 -18.2325
    endloop
  endfacet
  facet normal 0.471397 -0.881921 0
    outer loop
      vertex 79.7509 -38.7632 -62.2325
      vertex 81.2575 -37.9579 -62.2325
      vertex 81.2575 -37.9579 -18.2325
    endloop
  endfacet
  facet normal 0.471397 -0.881921 0
    outer loop
      vertex 79.7509 -38.7632 -62.2325
      vertex 81.2575 -37.9579 -18.2325
      vertex 79.7509 -38.7632 -18.2325
    endloop
  endfacet
  facet normal 0 0 -1
    outer loop
      vertex 60 0 -62.2325
      vertex 82.7313 -37.0941 -62.2325
      vertex 81.2575 -37.9579 -62.2325
    endloop
  endfacet
  facet normal 0 0 1
    outer loop
      vertex 60 0 -18.2325
      vertex 81.2575 -37.9579 -18.2325
      vertex 82.7313 -37.0941 -18.2325
    endloop
  endfacet
  facet normal 0.505657 -0.862734 0
    outer loop
      vertex 81.2575 -37.9579 -62.2325
      vertex 82.7313 -37.0941 -62.2325
      vertex 82.7313 -37.0941 -18.2325
    endloop
  endfacet
  facet normal 0.505657 -0.862734 0
    outer loop
      vertex 81.2575 -37.9579 -62.2325
      vertex 82.7313 -37.0941 -18.2325
      vertex 81.2575 -37.9579 -18.2325
    endloop
  endfacet
  facet normal 0 0 -1
    outer loop
      vertex 60 0 -62.2325
      vertex 84.1701 -36.1731 -62.2325
      vertex 82.7313 -37.0941 -62.2325
    endloop
  endfacet
  facet normal 0 0 1
    outer loop
      vertex 60 0 -18.2325
      vertex 82.7313 -37.0941 -18.2325
      vertex 84.1701 -36.1731 -18.2325
    endloop
  endfacet
  facet normal 0.539138 -0.842217 0
    outer loop
      vertex 82.7313 -37.0941 -62.2325
      vertex 84.1701 -36.1731 -62.2325
      vertex 84.1701 -36.1731 -18.2325
    endloop
  endfacet
  facet normal 0.539138 -0.842217 0
    outer loop
      vertex 82.7313 -37.0941 -62.2325
      vertex 84.1701 -36.1731 -18.2325
      vertex 82.7313 -37.0941 -18.2325
    endloop
  endfacet
  facet normal 0 0 -1
    outer loop
      vertex 60 0 -62.2325
      vertex 85.5716 -35.1963 -62.2325
      vertex 84.1701 -36.1731 -62.2325
    endloop
  endfacet
  facet normal 0 0 1
    outer loop
      vertex 60 0 -18.2325
      vertex 84.1701 -36.1731 -18.2325
      vertex 85.5716 -35.1963 -18.2325
    endloop
  endfacet
  facet normal 0.571788 -0.820401 0
    outer loop
      vertex 84.1701 -36.1731 -62.2325
      vertex 85.5716 -35.1963 -62.2325
      vertex 85.5716 -35.1963 -18.2325
    endloop
  endfacet
  facet normal 0.571788 -0.820401 0
    outer loop
      vertex 84.1701 -36.1731 -62.2325
      vertex 85.5716 -35.1963 -18.2325
      vertex 84.1701 -36.1731 -18.2325
    endloop
  endfacet
  facet normal 0 0 -1
    outer loop
      vertex 60 0 -62.2325
      vertex 86.9337 -34.1652 -62.2325
      vertex 85.5716 -35.1963 -62.2325
    endloop
  endfacet
  facet normal 0 0 1
    outer loop
      vertex 60 0 -18.2325
      vertex 85.5716 -35.1963 -18.2325
      vertex 86.9337 -34.1652 -18.2325
    endloop
  endfacet
  facet normal 0.603556 -0.797321 0
    outer loop
      vertex 85.5716 -35.1963 -62.2325
      vertex 86.9337 -34.1652 -62.2325
      vertex 86.9337 -34.1652 -18.2325
    endloop
  endfacet
  facet normal 0.603556 -0.797321 0
    outer loop
      vertex 85.5716 -35.1963 -62.2325
      vertex 86.9337 -34.1652 -18.2325
      vertex 85.5716 -35.1963 -18.2325
    endloop
  endfacet
  facet normal 0 0 -1
    outer loop
      vertex 60 0 -62.2325
      vertex 88.2542 -33.0815 -62.2325
      vertex 86.9337 -34.1652 -62.2325
    endloop
  endfacet
  facet normal 0 0 1
    outer loop
      vertex 60 0 -18.2325
      vertex 86.9337 -34.1652 -18.2325
      vertex 88.2542 -33.0815 -18.2325
    endloop
  endfacet
  facet normal 0.634393 -0.77301 0
    outer loop
      vertex 86.9337 -34.1652 -62.2325
      vertex 88.2542 -33.0815 -62.2325
      vertex 88.2542 -33.0815 -18.2325
    endloop
  endfacet
  facet normal 0.634393 -0.77301 0
    outer loop
      vertex 86.9337 -34.1652 -62.2325
      vertex 88.2542 -33.0815 -18.2325
      vertex 86.9337 -34.1652 -18.2325
    endloop
  endfacet
  facet normal 0 0 -1
    outer loop
      vertex 60 0 -62.2325
      vertex 89.5312 -31.9467 -62.2325
      vertex 88.2542 -33.0815 -62.2325
    endloop
  endfacet
  facet normal 0 0 1
    outer loop
      vertex 60 0 -18.2325
      vertex 88.2542 -33.0815 -18.2325
      vertex 89.5312 -31.9467 -18.2325
    endloop
  endfacet
  facet normal 0.664252 -0.747508 0
    outer loop
      vertex 88.2542 -33.0815 -62.2325
      vertex 89.5312 -31.9467 -62.2325
      vertex 89.5312 -31.9467 -18.2325
    endloop
  endfacet
  facet normal 0.664252 -0.747508 0
    outer loop
      vertex 88.2542 -33.0815 -62.2325
      vertex 89.5312 -31.9467 -18.2325
      vertex 88.2542 -33.0815 -18.2325
    endloop
  endfacet
  facet normal 0 0 -1
    outer loop
      vertex 60 0 -62.2325
      vertex 90.7627 -30.7627 -62.2325
      vertex 89.5312 -31.9467 -62.2325
    endloop
  endfacet
  facet normal 0 0 1
    outer loop
      vertex 60 0 -18.2325
      vertex 89.5312 -31.9467 -18.2325
      vertex 90.7627 -30.7627 -18.2325
    endloop
  endfacet
  facet normal 0.693087 -0.720854 0
    outer loop
      vertex 89.5312 -31.9467 -62.2325
      vertex 90.7627 -30.7627 -62.2325
      vertex 90.7627 -30.7627 -18.2325
    endloop
  endfacet
  facet normal 0.693087 -0.720854 0
    outer loop
      vertex 89.5312 -31.9467 -62.2325
      vertex 90.7627 -30.7627 -18.2325
      vertex 89.5312 -31.9467 -18.2325
    endloop
  endfacet
  facet normal 0 0 -1
    outer loop
      vertex 60 0 -62.2325
      vertex 91.9467 -29.5312 -62.2325
      vertex 90.7627 -30.7627 -62.2325
    endloop
  endfacet
  facet normal 0 0 1
    outer loop
      vertex 60 0 -18.2325
      vertex 90.7627 -30.7627 -18.2325
      vertex 91.9467 -29.5312 -18.2325
    endloop
  endfacet
  facet normal 0.720854 -0.693087 0
    outer loop
      vertex 90.7627 -30.7627 -62.2325
      vertex 91.9467 -29.5312 -62.2325
      vertex 91.9467 -29.5312 -18.2325
    endloop
  endfacet
  facet normal 0.720854 -0.693087 0
    outer loop
      vertex 90.7627 -30.7627 -62.2325
      vertex 91.9467 -29.5312 -18.2325
      vertex 90.7627 -30.7627 -18.2325
    endloop
  endfacet
  facet normal 0 0 -1
    outer loop
      vertex 60 0 -62.2325
      vertex 93.0815 -28.2542 -62.2325
      vertex 91.9467 -29.5312 -62.2325
    endloop
  endfacet
  facet normal 0 0 1
    outer loop
      vertex 60 0 -18.2325
      vertex 91.9467 -29.5312 -18.2325
      vertex 93.0815 -28.2542 -18.2325
    endloop
  endfacet
  facet normal 0.747508 -0.664252 0
    outer loop
      vertex 91.9467 -29.5312 -62.2325
      vertex 93.0815 -28.2542 -62.2325
      vertex 93.0815 -28.2542 -18.2325
    endloop
  endfacet
  facet normal 0.747508 -0.664252 0
    outer loop
      vertex 91.9467 -29.5312 -62.2325
      vertex 93.0815 -28.2542 -18.2325
      vertex 91.9467 -29.5312 -18.2325
    endloop
  endfacet
  facet normal 0 0 -1
    outer loop
      vertex 60 0 -62.2325
      vertex 94.1652 -26.9337 -62.2325
      vertex 93.0815 -28.2542 -62.2325
    endloop
  endfacet
  facet normal 0 0 1
    outer loop
      vertex 60 0 -18.2325
      vertex 93.0815 -28.2542 -18.2325
      vertex 94.1652 -26.9337 -18.2325
    endloop
  endfacet
  facet normal 0.77301 -0.634393 0
    outer loop
      vertex 93.0815 -28.2542 -62.2325
      vertex 94.1652 -26.9337 -62.2325
      vertex 94.1652 -26.9337 -18.2325
    endloop
  endfacet
  facet normal 0.77301 -0.634393 0
    outer loop
      vertex 93.0815 -28.2542 -62.2325
      vertex 94.1652 -26.9337 -18.2325
      vertex 93.0815 -28.2542 -18.2325
    endloop
  endfacet
  facet normal 0 0 -1
    outer loop
      vertex 60 0 -62.2325
      vertex 95.1963 -25.5716 -62.2325
      vertex 94.1652 -26.9337 -62.2325
    endloop
  endfacet
  facet normal 0 0 1
    outer loop
      vertex 60 0 -18.2325
      vertex 94.1652 -26.9337 -18.2325
      vertex 95.1963 -25.5716 -18.2325
    endloop
  endfacet
  facet normal 0.797321 -0.603556 0
    outer loop
      vertex 94.1652 -26.9337 -62.2325
      vertex 95.1963 -25.5716 -62.2325
      vertex 95.1963 -25.5716 -18.2325
    endloop
  endfacet
  facet normal 0.797321 -0.603556 0
    outer loop
      vertex 94.1652 -26.9337 -62.2325
      vertex 95.1963 -25.5716 -18.2325
      vertex 94.1652 -26.9337 -18.2325
    endloop
  endfacet
  facet normal 0 0 -1
    outer loop
      vertex 60 0 -62.2325
      vertex 96.1731 -24.1701 -62.2325
      vertex 95.1963 -25.5716 -62.2325
    endloop
  endfacet
  facet normal 0 0 1
    outer loop
      vertex 60 0 -18.2325
      vertex 95.1963 -25.5716 -18.2325
      vertex 96.1731 -24.1701 -18.2325
    endloop
  endfacet
  facet normal 0.820401 -0.571788 0
    outer loop
      vertex 95.1963 -25.5716 -62.2325
      vertex 96.1731 -24.1701 -62.2325
      vertex 96.1731 -24.1701 -18.2325
    endloop
  endfacet
  facet normal 0.820401 -0.571788 0
    outer loop
      vertex 95.1963 -25.5716 -62.2325
      vertex 96.1731 -24.1701 -18.2325
      vertex 95.1963 -25.5716 -18.2325
    endloop
  endfacet
  facet normal 0 0 -1
    outer loop
      vertex 60 0 -62.2325
      vertex 97.0941 -22.7313 -62.2325
      vertex 96.1731 -24.1701 -62.2325
    endloop
  endfacet
  facet normal 0 0 1
    outer loop
      vertex 60 0 -18.2325
      vertex 96.1731 -24.1701 -18.2325
      vertex 97.0941 -22.7313 -18.2325
    endloop
  endfacet
  facet normal 0.842217 -0.539138 0
    outer loop
      vertex 96.1731 -24.1701 -62.2325
      vertex 97.0941 -22.7313 -62.2325
      vertex 97.0941 -22.7313 -18.2325
    endloop
  endfacet
  facet normal 0.842217 -0.539138 0
    outer loop
      vertex 96.1731 -24.1701 -62.2325
      vertex 97.0941 -22.7313 -18.2325
      vertex 96.1731 -24.1701 -18.2325
    endloop
  endfacet
  facet normal 0 0 -1
    outer loop
      vertex 60 0 -62.2325
      vertex 97.9579 -21.2575 -62.2325
      vertex 97.0941 -22.7313 -62.2325
    endloop
  endfacet
  facet normal 0 0 1
    outer loop
      vertex 60 0 -18.2325
      vertex 97.0941 -22.7313 -18.2325
      vertex 97.9579 -21.2575 -18.2325
    endloop
  endfacet
  facet normal 0.862734 -0.505657 0
    outer loop
      vertex 97.0941 -22.7313 -62.2325
      vertex 97.9579 -21.2575 -62.2325
      vertex 97.9579 -21.2575 -18.2325
    endloop
  endfacet
  facet normal 0.862734 -0.505657 0
    outer loop
      vertex 97.0941 -22.7313 -62.2325
      vertex 97.9579 -21.2575 -18.2325
      vertex 97.0941 -22.7313 -18.2325
    endloop
  endfacet
  facet normal 0 0 -1
    outer loop
      vertex 60 0 -62.2325
      vertex 98.7632 -19.7509 -62.2325
      vertex 97.9579 -21.2575 -62.2325
    endloop
  endfacet
  facet normal 0 0 1
    outer loop
      vertex 60 0 -18.2325
      vertex 97.9579 -21.2575 -18.2325
      vertex 98.7632 -19.7509 -18.2325
    endloop
  endfacet
  facet normal 0.881921 -0.471397 0
    outer loop
      vertex 97.9579 -21.2575 -62.2325
      vertex 98.7632 -19.7509 -62.2325
      vertex 98.7632 -19.7509 -18.2325
    endloop
  endfacet
  facet normal 0.881921 -0.471397 0
    outer loop
      vertex 97.9579 -21.2575 -62.2325
      vertex 98.7632 -19.7509 -18.2325
      vertex 97.9579 -21.2575 -18.2325
    endloop
  endfacet
  facet normal 0 0 -1
    outer loop
      vertex 60 0 -62.2325
      vertex 99.5088 -18.2138 -62.2325
      vertex 98.7632 -19.7509 -62.2325
    endloop
  endfacet
  facet normal 0 0 1
    outer loop
      vertex 60 0 -18.2325
      vertex 98.7632 -19.7509 -18.2325
      vertex 99.5088 -18.2138 -18.2325
    endloop
  endfacet
  facet normal 0.899748 -0.436409 0
    outer loop
      vertex 98.7632 -19.7509 -62.2325
      vertex 99.5088 -18.2138 -62.2325
      vertex 99.5088 -18.2138 -18.2325
    endloop
  endfacet
  facet normal 0.899748 -0.436409 0
    outer loop
      vertex 98.7632 -19.7509 -62.2325
      vertex 99.5088 -18.2138 -18.2325
      vertex 98.7632 -19.7509 -18.2325
    endloop
  endfacet
  facet normal 0 0 -1
    outer loop
      vertex 60 0 -62.2325
      vertex 100.193 -16.6486 -62.2325
      vertex 99.5088 -18.2138 -62.2325
    endloop
  endfacet
  facet normal 0 0 1
    outer loop
      vertex 60 0 -18.2325
      vertex 99.5088 -18.2138 -18.2325
      vertex 100.193 -16.6486 -18.2325
    endloop
  endfacet
  facet normal 0.916188 -0.400749 0
    outer loop
      vertex 99.5088 -18.2138 -62.2325
      vertex 100.193 -16.6486 -62.2325
      vertex 100.193 -16.6486 -18.2325
    endloop
  endfacet
  facet normal 0.916188 -0.400749 0
    outer loop
      vertex 99.5088 -18.2138 -62.2325
      vertex 100.193 -16.6486 -18.2325
      vertex 99.5088 -18.2138 -18.2325
    endloop
  endfacet
  facet normal 0 0 -1
    outer loop
      vertex 60 0 -62.2325
      vertex 100.816 -15.0578 -62.2325
      vertex 100.193 -16.6486 -62.2325
    endloop
  endfacet
  facet normal 0 0 1
    outer loop
      vertex 60 0 -18.2325
      vertex 100.193 -16.6486 -18.2325
      vertex 100.816 -15.0578 -18.2325
    endloop
  endfacet
  facet normal 0.931215 -0.36447 0
    outer loop
      vertex 100.193 -16.6486 -62.2325
      vertex 100.816 -15.0578 -62.2325
      vertex 100.816 -15.0578 -18.2325
    endloop
  endfacet
  facet normal 0.931215 -0.36447 0
    outer loop
      vertex 100.193 -16.6486 -62.2325
      vertex 100.816 -15.0578 -18.2325
      vertex 100.193 -16.6486 -18.2325
    endloop
  endfacet
  facet normal 0 0 -1
    outer loop
      vertex 60 0 -62.2325
      vertex 101.376 -13.4438 -62.2325
      vertex 100.816 -15.0578 -62.2325
    endloop
  endfacet
  facet normal 0 0 1
    outer loop
      vertex 60 0 -18.2325
      vertex 100.816 -15.0578 -18.2325
      vertex 101.376 -13.4438 -18.2325
    endloop
  endfacet
  facet normal 0.944806 -0.32763 0
    outer loop
      vertex 100.816 -15.0578 -62.2325
      vertex 101.376 -13.4438 -62.2325
      vertex 101.376 -13.4438 -18.2325
    endloop
  endfacet
  facet normal 0.944806 -0.32763 0
    outer loop
      vertex 100.816 -15.0578 -62.2325
      vertex 101.376 -13.4438 -18.2325
      vertex 100.816 -15.0578 -18.2325
    endloop
  endfacet
  facet normal 0 0 -1
    outer loop
      vertex 60 0 -62.2325
      vertex 101.872 -11.809 -62.2325
      vertex 101.376 -13.4438 -62.2325
    endloop
  endfacet
  facet normal 0 0 1
    outer loop
      vertex 60 0 -18.2325
      vertex 101.376 -13.4438 -18.2325
      vertex 101.872 -11.809 -18.2325
    endloop
  endfacet
  facet normal 0.95694 -0.290285 0
    outer loop
      vertex 101.376 -13.4438 -62.2325
      vertex 101.872 -11.809 -62.2325
      vertex 101.872 -11.809 -18.2325
    endloop
  endfacet
  facet normal 0.95694 -0.290285 0
    outer loop
      vertex 101.376 -13.4438 -62.2325
      vertex 101.872 -11.809 -18.2325
      vertex 101.376 -13.4438 -18.2325
    endloop
  endfacet
  facet normal 0 0 -1
    outer loop
      vertex 60 0 -62.2325
      vertex 102.303 -10.156 -62.2325
      vertex 101.872 -11.809 -62.2325
    endloop
  endfacet
  facet normal 0 0 1
    outer loop
      vertex 60 0 -18.2325
      vertex 101.872 -11.809 -18.2325
      vertex 102.303 -10.156 -18.2325
    endloop
  endfacet
  facet normal 0.967599 -0.252492 0
    outer loop
      vertex 101.872 -11.809 -62.2325
      vertex 102.303 -10.156 -62.2325
      vertex 102.303 -10.156 -18.2325
    endloop
  endfacet
  facet normal 0.967599 -0.252492 0
    outer loop
      vertex 101.872 -11.809 -62.2325
      vertex 102.303 -10.156 -18.2325
      vertex 101.872 -11.809 -18.2325
    endloop
  endfacet
  facet normal 0 0 -1
    outer loop
      vertex 60 0 -62.2325
      vertex 102.669 -8.4874 -62.2325
      vertex 102.303 -10.156 -62.2325
    endloop
  endfacet
  facet normal 0 0 1
    outer loop
      vertex 60 0 -18.2325
      vertex 102.303 -10.156 -18.2325
      vertex 102.669 -8.4874 -18.2325
    endloop
  endfacet
  facet normal 0.976766 -0.214309 0
    outer loop
      vertex 102.303 -10.156 -62.2325
      vertex 102.669 -8.4874 -62.2325
      vertex 102.669 -8.4874 -18.2325
    endloop
  endfacet
  facet normal 0.976766 -0.214309 0
    outer loop
      vertex 102.303 -10.156 -62.2325
      vertex 102.669 -8.4874 -18.2325
      vertex 102.303 -10.156 -18.2325
    endloop
  endfacet
  facet normal 0 0 -1
    outer loop
      vertex 60 0 -62.2325
      vertex 102.969 -6.80568 -62.2325
      vertex 102.669 -8.4874 -62.2325
    endloop
  endfacet
  facet normal 0 0 1
    outer loop
      vertex 60 0 -18.2325
      vertex 102.669 -8.4874 -18.2325
      vertex 102.969 -6.80568 -18.2325
    endloop
  endfacet
  facet normal 0.984427 -0.175796 0
    outer loop
      vertex 102.669 -8.4874 -62.2325
      vertex 102.969 -6.80568 -62.2325
      vertex 102.969 -6.80568 -18.2325
    endloop
  endfacet
  facet normal 0.984427 -0.175796 0
    outer loop
      vertex 102.669 -8.4874 -62.2325
      vertex 102.969 -6.80568 -18.2325
      vertex 102.669 -8.4874 -18.2325
    endloop
  endfacet
  facet normal 0 0 -1
    outer loop
      vertex 60 0 -62.2325
      vertex 103.203 -5.11346 -62.2325
      vertex 102.969 -6.80568 -62.2325
    endloop
  endfacet
  facet normal 0 0 1
    outer loop
      vertex 60 0 -18.2325
      vertex 102.969 -6.80568 -18.2325
      vertex 103.203 -5.11346 -18.2325
    endloop
  endfacet
  facet normal 0.990569 -0.137012 0
    outer loop
      vertex 102.969 -6.80568 -62.2325
      vertex 103.203 -5.11346 -62.2325
      vertex 103.203 -5.11346 -18.2325
    endloop
  endfacet
  facet normal 0.990569 -0.137012 0
    outer loop
      vertex 102.969 -6.80568 -62.2325
      vertex 103.203 -5.11346 -18.2325
      vertex 102.969 -6.80568 -18.2325
    endloop
  endfacet
  facet normal 0 0 -1
    outer loop
      vertex 60 0 -62.2325
      vertex 103.371 -3.41336 -62.2325
      vertex 103.203 -5.11346 -62.2325
    endloop
  endfacet
  facet normal 0 0 1
    outer loop
      vertex 60 0 -18.2325
      vertex 103.203 -5.11346 -18.2325
      vertex 103.371 -3.41336 -18.2325
    endloop
  endfacet
  facet normal 0.995185 -0.0980171 0
    outer loop
      vertex 103.203 -5.11346 -62.2325
      vertex 103.371 -3.41336 -62.2325
      vertex 103.371 -3.41336 -18.2325
    endloop
  endfacet
  facet normal 0.995185 -0.0980171 0
    outer loop
      vertex 103.203 -5.11346 -62.2325
      vertex 103.371 -3.41336 -18.2325
      vertex 103.203 -5.11346 -18.2325
    endloop
  endfacet
  facet normal 0 0 -1
    outer loop
      vertex 60 0 -62.2325
      vertex 103.471 -1.708 -62.2325
      vertex 103.371 -3.41336 -62.2325
    endloop
  endfacet
  facet normal 0 0 1
    outer loop
      vertex 60 0 -18.2325
      vertex 103.371 -3.41336 -18.2325
      vertex 103.471 -1.708 -18.2325
    endloop
  endfacet
  facet normal 0.998266 -0.0588708 0
    outer loop
      vertex 103.371 -3.41336 -62.2325
      vertex 103.471 -1.708 -62.2325
      vertex 103.471 -1.708 -18.2325
    endloop
  endfacet
  facet normal 0.998266 -0.0588708 0
    outer loop
      vertex 103.371 -3.41336 -62.2325
      vertex 103.471 -1.708 -18.2325
      vertex 103.371 -3.41336 -18.2325
    endloop
  endfacet
  facet normal 0 0 -1
    outer loop
      vertex 60 0 -62.2325
      vertex 103.505 -1.06557e-14 -62.2325
      vertex 103.471 -1.708 -62.2325
    endloop
  endfacet
  facet normal 0 0 1
    outer loop
      vertex 60 0 -18.2325
      vertex 103.471 -1.708 -18.2325
      vertex 103.505 -1.06557e-14 -18.2325
    endloop
  endfacet
  facet normal 0.999807 -0.0196337 0
    outer loop
      vertex 103.471 -1.708 -62.2325
      vertex 103.505 -1.06557e-14 -62.2325
      vertex 103.505 -1.06557e-14 -18.2325
    endloop
  endfacet
  facet normal 0.999807 -0.0196337 0
    outer loop
      vertex 103.471 -1.708 -62.2325
      vertex 103.505 -1.06557e-14 -18.2325
      vertex 103.471 -1.708 -18.2325
    endloop
  endfacet
  facet normal 0 0 -1
    outer loop
      vertex 0 -43.505 18.2325
      vertex 60 43.505 18.2325
      vertex 60 -43.505 18.2325
    endloop
  endfacet
  facet normal 0 0 -1
    outer loop
      vertex 0 -43.505 18.2325
      vertex 0 43.505 18.2325
      vertex 60 43.505 18.2325
    endloop
  endfacet
  facet normal 0 0 1
    outer loop
      vertex 0 -43.505 62.2325
      vertex 60 -43.505 62.2325
      vertex 60 43.505 62.2325
    endloop
  endfacet
  facet normal 0 0 1
    outer loop
      vertex 0 -43.505 62.2325
      vertex 60 43.505 62.2325
      vertex 0 43.505 62.2325
    endloop
  endfacet
  facet normal -1 0 0
    outer loop
      vertex 0 -43.505 18.2325
      vertex 0 -43.505 62.2325
      vertex 0 43.505 62.2325
    endloop
  endfacet
  facet normal -1 0 0
    outer loop
      vertex 0 -43.505 18.2325
      vertex 0 43.505 62.2325
      vertex 0 43.505 18.2325
    endloop
  endfacet
  facet normal 1 0 0
    outer loop
      vertex 60 -43.505 18.2325
      vertex 60 43.505 18.2325
      vertex 60 43.505 62.2325
    endloop
  endfacet
  facet normal 1 0 0
    outer loop
      vertex 60 -43.505 18.2325
      vertex 60 43.505 62.2325
      vertex 60 -43.505 62.2325
    endloop
  endfacet
  facet normal 0 -1 0
    outer loop
      vertex 0 -43.505 18.2325
      vertex 60 -43.505 18.2325
      vertex 60 -43.505 62.2325
    endloop
  endfacet
  facet normal 0 -1 0
    outer loop
      vertex 0 -43.505 18.2325
      vertex 60 -43.505 62.2325
      vertex 0 -43.505 62.2325
    endloop
  endfacet
  facet normal 0 1 0
    outer loop
      vertex 0 43.505 18.2325
      vertex 0 43.505 62.2325
      vertex 60 43.505 62.2325
    endloop
  endfacet
  facet normal 0 1 0
    outer loop
      vertex 0 43.505 18.2325
      vertex 60 43.505 62.2325
      vertex 60 43.505 18.2325
    endloop
  endfacet
  facet normal 0 0 -1
    outer loop
      vertex 0 0 18.2325
      vertex 43.4715 1.708 18.2325
      vertex 43.505 0 18.2325
    endloop
  endfacet
  facet normal 0 0 1
    outer loop
      vertex 0 0 62.2325
      vertex 43.505 0 62.2325
      vertex 43.4715 1.708 62.2325
    endloop
  endfacet
  facet normal 0.999807 0.0196337 0
    outer loop
      vertex 43.505 0 18.2325
      vertex 43.4715 1.708 18.2325
      vertex 43.4715 1.708 62.2325
    endloop
  endfacet
  facet normal 0.999807 0.0196337 0
    outer loop
      vertex 43.505 0 18.2325
      vertex 43.4715 1.708 62.2325
      vertex 43.505 0 62.2325
    endloop
  endfacet
  facet normal 0 0 -1
    outer loop
      vertex 0 0 18.2325
      vertex 43.3709 3.41336 18.2325
      vertex 43.4715 1.708 18.2325
    endloop
  endfacet
  facet normal 0 0 1
    outer loop
      vertex 0 0 62.2325
      vertex 43.4715 1.708 62.2325
      vertex 43.3709 3.41336 62.2325
    endloop
  endfacet
  facet normal 0.998266 0.0588708 0
    outer loop
      vertex 43.4715 1.708 18.2325
      vertex 43.3709 3.41336 18.2325
      vertex 43.3709 3.41336 62.2325
    endloop
  endfacet
  facet normal 0.998266 0.0588708 0
    outer loop
      vertex 43.4715 1.708 18.2325
      vertex 43.3709 3.41336 62.2325
      vertex 43.4715 1.708 62.2325
    endloop
  endfacet
  facet normal 0 0 -1
    outer loop
      vertex 0 0 18.2325
      vertex 43.2034 5.11346 18.2325
      vertex 43.3709 3.41336 18.2325
    endloop
  endfacet
  facet normal 0 0 1
    outer loop
      vertex 0 0 62.2325
      vertex 43.3709 3.41336 62.2325
      vertex 43.2034 5.11346 62.2325
    endloop
  endfacet
  facet normal 0.995185 0.0980171 0
    outer loop
      vertex 43.3709 3.41336 18.2325
      vertex 43.2034 5.11346 18.2325
      vertex 43.2034 5.11346 62.2325
    endloop
  endfacet
  facet normal 0.995185 0.0980171 0
    outer loop
      vertex 43.3709 3.41336 18.2325
      vertex 43.2034 5.11346 62.2325
      vertex 43.3709 3.41336 62.2325
    endloop
  endfacet
  facet normal 0 0 -1
    outer loop
      vertex 0 0 18.2325
      vertex 42.9694 6.80568 18.2325
      vertex 43.2034 5.11346 18.2325
    endloop
  endfacet
  facet normal 0 0 1
    outer loop
      vertex 0 0 62.2325
      vertex 43.2034 5.11346 62.2325
      vertex 42.9694 6.80568 62.2325
    endloop
  endfacet
  facet normal 0.990569 0.137012 0
    outer loop
      vertex 43.2034 5.11346 18.2325
      vertex 42.9694 6.80568 18.2325
      vertex 42.9694 6.80568 62.2325
    endloop
  endfacet
  facet normal 0.990569 0.137012 0
    outer loop
      vertex 43.2034 5.11346 18.2325
      vertex 42.9694 6.80568 62.2325
      vertex 43.2034 5.11346 62.2325
    endloop
  endfacet
  facet normal 0 0 -1
    outer loop
      vertex 0 0 18.2325
      vertex 42.6691 8.4874 18.2325
      vertex 42.9694 6.80568 18.2325
    endloop
  endfacet
  facet normal 0 0 1
    outer loop
      vertex 0 0 62.2325
      vertex 42.9694 6.80568 62.2325
      vertex 42.6691 8.4874 62.2325
    endloop
  endfacet
  facet normal 0.984427 0.175796 0
    outer loop
      vertex 42.9694 6.80568 18.2325
      vertex 42.6691 8.4874 18.2325
      vertex 42.6691 8.4874 62.2325
    endloop
  endfacet
  facet normal 0.984427 0.175796 0
    outer loop
      vertex 42.9694 6.80568 18.2325
      vertex 42.6691 8.4874 62.2325
      vertex 42.9694 6.80568 62.2325
    endloop
  endfacet
  facet normal 0 0 -1
    outer loop
      vertex 0 0 18.2325
      vertex 42.303 10.156 18.2325
      vertex 42.6691 8.4874 18.2325
    endloop
  endfacet
  facet normal 0 0 1
    outer loop
      vertex 0 0 62.2325
      vertex 42.6691 8.4874 62.2325
      vertex 42.303 10.156 62.2325
    endloop
  endfacet
  facet normal 0.976766 0.214309 0
    outer loop
      vertex 42.6691 8.4874 18.2325
      vertex 42.303 10.156 18.2325
      vertex 42.303 10.156 62.2325
    endloop
  endfacet
  facet normal 0.976766 0.214309 0
    outer loop
      vertex 42.6691 8.4874 18.2325
      vertex 42.303 10.156 62.2325
      vertex 42.6691 8.4874 62.2325
    endloop
  endfacet
  facet normal 0 0 -1
    outer loop
      vertex 0 0 18.2325
      vertex 41.8716 11.809 18.2325
      vertex 42.303 10.156 18.2325
    endloop
  endfacet
  facet normal 0 0 1
    outer loop
      vertex 0 0 62.2325
      vertex 42.303 10.156 62.2325
      vertex 41.8716 11.809 62.2325
    endloop
  endfacet
  facet normal 0.967599 0.252492 0
    outer loop
      vertex 42.303 10.156 18.2325
      vertex 41.8716 11.809 18.2325
      vertex 41.8716 11.809 62.2325
    endloop
  endfacet
  facet normal 0.967599 0.252492 0
    outer loop
      vertex 42.303 10.156 18.2325
      vertex 41.8716 11.809 62.2325
      vertex 42.303 10.156 62.2325
    endloop
  endfacet
  facet normal 0 0 -1
    outer loop
      vertex 0 0 18.2325
      vertex 41.3757 13.4438 18.2325
      vertex 41.8716 11.809 18.2325
    endloop
  endfacet
  facet normal 0 0 1
    outer loop
      vertex 0 0 62.2325
      vertex 41.8716 11.809 62.2325
      vertex 41.3757 13.4438 62.2325
    endloop
  endfacet
  facet normal 0.95694 0.290285 0
    outer loop
      vertex 41.8716 11.809 18.2325
      vertex 41.3757 13.4438 18.2325
      vertex 41.3757 13.4438 62.2325
    endloop
  endfacet
  facet normal 0.95694 0.290285 0
    outer loop
      vertex 41.8716 11.809 18.2325
      vertex 41.3757 13.4438 62.2325
      vertex 41.8716 11.809 62.2325
    endloop
  endfacet
  facet normal 0 0 -1
    outer loop
      vertex 0 0 18.2325
      vertex 40.816 15.0578 18.2325
      vertex 41.3757 13.4438 18.2325
    endloop
  endfacet
  facet normal 0 0 1
    outer loop
      vertex 0 0 62.2325
      vertex 41.3757 13.4438 62.2325
      vertex 40.816 15.0578 62.2325
    endloop
  endfacet
  facet normal 0.944806 0.32763 0
    outer loop
      vertex 41.3757 13.4438 18.2325
      vertex 40.816 15.0578 18.2325
      vertex 40.816 15.0578 62.2325
    endloop
  endfacet
  facet normal 0.944806 0.32763 0
    outer loop
      vertex 41.3757 13.4438 18.2325
      vertex 40.816 15.0578 62.2325
      vertex 41.3757 13.4438 62.2325
    endloop
  endfacet
  facet normal 0 0 -1
    outer loop
      vertex 0 0 18.2325
      vertex 40.1934 16.6486 18.2325
      vertex 40.816 15.0578 18.2325
    endloop
  endfacet
  facet normal 0 0 1
    outer loop
      vertex 0 0 62.2325
      vertex 40.816 15.0578 62.2325
      vertex 40.1934 16.6486 62.2325
    endloop
  endfacet
  facet normal 0.931215 0.36447 0
    outer loop
      vertex 40.816 15.0578 18.2325
      vertex 40.1934 16.6486 18.2325
      vertex 40.1934 16.6486 62.2325
    endloop
  endfacet
  facet normal 0.931215 0.36447 0
    outer loop
      vertex 40.816 15.0578 18.2325
      vertex 40.1934 16.6486 62.2325
      vertex 40.816 15.0578 62.2325
    endloop
  endfacet
  facet normal 0 0 -1
    outer loop
      vertex 0 0 18.2325
      vertex 39.5088 18.2138 18.2325
      vertex 40.1934 16.6486 18.2325
    endloop
  endfacet
  facet normal 0 0 1
    outer loop
      vertex 0 0 62.2325
      vertex 40.1934 16.6486 62.2325
      vertex 39.5088 18.2138 62.2325
    endloop
  endfacet
  facet normal 0.916188 0.400749 0
    outer loop
      vertex 40.1934 16.6486 18.2325
      vertex 39.5088 18.2138 18.2325
      vertex 39.5088 18.2138 62.2325
    endloop
  endfacet
  facet normal 0.916188 0.400749 0
    outer loop
      vertex 40.1934 16.6486 18.2325
      vertex 39.5088 18.2138 62.2325
      vertex 40.1934 16.6486 62.2325
    endloop
  endfacet
  facet normal 0 0 -1
    outer loop
      vertex 0 0 18.2325
      vertex 38.7632 19.7509 18.2325
      vertex 39.5088 18.2138 18.2325
    endloop
  endfacet
  facet normal 0 0 1
    outer loop
      vertex 0 0 62.2325
      vertex 39.5088 18.2138 62.2325
      vertex 38.7632 19.7509 62.2325
    endloop
  endfacet
  facet normal 0.899748 0.436409 0
    outer loop
      vertex 39.5088 18.2138 18.2325
      vertex 38.7632 19.7509 18.2325
      vertex 38.7632 19.7509 62.2325
    endloop
  endfacet
  facet normal 0.899748 0.436409 0
    outer loop
      vertex 39.5088 18.2138 18.2325
      vertex 38.7632 19.7509 62.2325
      vertex 39.5088 18.2138 62.2325
    endloop
  endfacet
  facet normal 0 0 -1
    outer loop
      vertex 0 0 18.2325
      vertex 37.9579 21.2575 18.2325
      vertex 38.7632 19.7509 18.2325
    endloop
  endfacet
  facet normal 0 0 1
    outer loop
      vertex 0 0 62.2325
      vertex 38.7632 19.7509 62.2325
      vertex 37.9579 21.2575 62.2325
    endloop
  endfacet
  facet normal 0.881921 0.471397 0
    outer loop
      vertex 38.7632 19.7509 18.2325
      vertex 37.9579 21.2575 18.2325
      vertex 37.9579 21.2575 62.2325
    endloop
  endfacet
  facet normal 0.881921 0.471397 0
    outer loop
      vertex 38.7632 19.7509 18.2325
      vertex 37.9579 21.2575 62.2325
      vertex 38.7632 19.7509 62.2325
    endloop
  endfacet
  facet normal 0 0 -1
    outer loop
      vertex 0 0 18.2325
      vertex 37.0941 22.7313 18.2325
      vertex 37.9579 21.2575 18.2325
    endloop
  endfacet
  facet normal 0 0 1
    outer loop
      vertex 0 0 62.2325
      vertex 37.9579 21.2575 62.2325
      vertex 37.0941 22.7313 62.2325
    endloop
  endfacet
  facet normal 0.862734 0.505657 0
    outer loop
      vertex 37.9579 21.2575 18.2325
      vertex 37.0941 22.7313 18.2325
      vertex 37.0941 22.7313 62.2325
    endloop
  endfacet
  facet normal 0.862734 0.505657 0
    outer loop
      vertex 37.9579 21.2575 18.2325
      vertex 37.0941 22.7313 62.2325
      vertex 37.9579 21.2575 62.2325
    endloop
  endfacet
  facet normal 0 0 -1
    outer loop
      vertex 0 0 18.2325
      vertex 36.1731 24.1701 18.2325
      vertex 37.0941 22.7313 18.2325
    endloop
  endfacet
  facet normal 0 0 1
    outer loop
      vertex 0 0 62.2325
      vertex 37.0941 22.7313 62.2325
      vertex 36.1731 24.1701 62.2325
    endloop
  endfacet
  facet normal 0.842217 0.539138 0
    outer loop
      vertex 37.0941 22.7313 18.2325
      vertex 36.1731 24.1701 18.2325
      vertex 36.1731 24.1701 62.2325
    endloop
  endfacet
  facet normal 0.842217 0.539138 0
    outer loop
      vertex 37.0941 22.7313 18.2325
      vertex 36.1731 24.1701 62.2325
      vertex 37.0941 22.7313 62.2325
    endloop
  endfacet
  facet normal 0 0 -1
    outer loop
      vertex 0 0 18.2325
      vertex 35.1963 25.5716 18.2325
      vertex 36.1731 24.1701 18.2325
    endloop
  endfacet
  facet normal 0 0 1
    outer loop
      vertex 0 0 62.2325
      vertex 36.1731 24.1701 62.2325
      vertex 35.1963 25.5716 62.2325
    endloop
  endfacet
  facet normal 0.820401 0.571788 0
    outer loop
      vertex 36.1731 24.1701 18.2325
      vertex 35.1963 25.5716 18.2325
      vertex 35.1963 25.5716 62.2325
    endloop
  endfacet
  facet normal 0.820401 0.571788 0
    outer loop
      vertex 36.1731 24.1701 18.2325
      vertex 35.1963 25.5716 62.2325
      vertex 36.1731 24.1701 62.2325
    endloop
  endfacet
  facet normal 0 0 -1
    outer loop
      vertex 0 0 18.2325
      vertex 34.1652 26.9337 18.2325
      vertex 35.1963 25.5716 18.2325
    endloop
  endfacet
  facet normal 0 0 1
    outer loop
      vertex 0 0 62.2325
      vertex 35.1963 25.5716 62.2325
      vertex 34.1652 26.9337 62.2325
    endloop
  endfacet
  facet normal 0.797321 0.603556 0
    outer loop
      vertex 35.1963 25.5716 18.2325
      vertex 34.1652 26.9337 18.2325
      vertex 34.1652 26.9337 62.2325
    endloop
  endfacet
  facet normal 0.797321 0.603556 0
    outer loop
      vertex 35.1963 25.5716 18.2325
      vertex 34.1652 26.9337 62.2325
      vertex 35.1963 25.5716 62.2325
    endloop
  endfacet
  facet normal 0 0 -1
    outer loop
      vertex 0 0 18.2325
      vertex 33.0815 28.2542 18.2325
      vertex 34.1652 26.9337 18.2325
    endloop
  endfacet
  facet normal 0 0 1
    outer loop
      vertex 0 0 62.2325
      vertex 34.1652 26.9337 62.2325
      vertex 33.0815 28.2542 62.2325
    endloop
  endfacet
  facet normal 0.77301 0.634393 0
    outer loop
      vertex 34.1652 26.9337 18.2325
      vertex 33.0815 28.2542 18.2325
      vertex 33.0815 28.2542 62.2325
    endloop
  endfacet
  facet normal 0.77301 0.634393 0
    outer loop
      vertex 34.1652 26.9337 18.2325
      vertex 33.0815 28.2542 62.2325
      vertex 34.1652 26.9337 62.2325
    endloop
  endfacet
  facet normal 0 0 -1
    outer loop
      vertex 0 0 18.2325
      vertex 31.9467 29.5312 18.2325
      vertex 33.0815 28.2542 18.2325
    endloop
  endfacet
  facet normal 0 0 1
    outer loop
      vertex 0 0 62.2325
      vertex 33.0815 28.2542 62.2325
      vertex 31.9467 29.5312 62.2325
    endloop
  endfacet
  facet normal 0.747508 0.664252 0
    outer loop
      vertex 33.0815 28.2542 18.2325
      vertex 31.9467 29.5312 18.2325
      vertex 31.9467 29.5312 62.2325
    endloop
  endfacet
  facet normal 0.747508 0.664252 0
    outer loop
      vertex 33.0815 28.2542 18.2325
      vertex 31.9467 29.5312 62.2325
      vertex 33.0815 28.2542 62.2325
    endloop
  endfacet
  facet normal 0 0 -1
    outer loop
      vertex 0 0 18.2325
      vertex 30.7627 30.7627 18.2325
      vertex 31.9467 29.5312 18.2325
    endloop
  endfacet
  facet normal 0 0 1
    outer loop
      vertex 0 0 62.2325
      vertex 31.9467 29.5312 62.2325
      vertex 30.7627 30.7627 62.2325
    endloop
  endfacet
  facet normal 0.720854 0.693087 0
    outer loop
      vertex 31.9467 29.5312 18.2325
      vertex 30.7627 30.7627 18.2325
      vertex 30.7627 30.7627 62.2325
    endloop
  endfacet
  facet normal 0.720854 0.693087 0
    outer loop
      vertex 31.9467 29.5312 18.2325
      vertex 30.7627 30.7627 62.2325
      vertex 31.9467 29.5312 62.2325
    endloop
  endfacet
  facet normal 0 0 -1
    outer loop
      vertex 0 0 18.2325
      vertex 29.5312 31.9467 18.2325
      vertex 30.7627 30.7627 18.2325
    endloop
  endfacet
  facet normal 0 0 1
    outer loop
      vertex 0 0 62.2325
      vertex 30.7627 30.7627 62.2325
      vertex 29.5312 31.9467 62.2325
    endloop
  endfacet
  facet normal 0.693087 0.720854 0
    outer loop
      vertex 30.7627 30.7627 18.2325
      vertex 29.5312 31.9467 18.2325
      vertex 29.5312 31.9467 62.2325
    endloop
  endfacet
  facet normal 0.693087 0.720854 0
    outer loop
      vertex 30.7627 30.7627 18.2325
      vertex 29.5312 31.9467 62.2325
      vertex 30.7627 30.7627 62.2325
    endloop
  endfacet
  facet normal 0 0 -1
    outer loop
      vertex 0 0 18.2325
      vertex 28.2542 33.0815 18.2325
      vertex 29.5312 31.9467 18.2325
    endloop
  endfacet
  facet normal 0 0 1
    outer loop
      vertex 0 0 62.2325
      vertex 29.5312 31.9467 62.2325
      vertex 28.2542 33.0815 62.2325
    endloop
  endfacet
  facet normal 0.664252 0.747508 0
    outer loop
      vertex 29.5312 31.9467 18.2325
      vertex 28.2542 33.0815 18.2325
      vertex 28.2542 33.0815 62.2325
    endloop
  endfacet
  facet normal 0.664252 0.747508 0
    outer loop
      vertex 29.5312 31.9467 18.2325
      vertex 28.2542 33.0815 62.2325
      vertex 29.5312 31.9467 62.2325
    endloop
  endfacet
  facet normal 0 0 -1
    outer loop
      vertex 0 0 18.2325
      vertex 26.9337 34.1652 18.2325
      vertex 28.2542 33.0815 18.2325
    endloop
  endfacet
  facet normal 0 0 1
    outer loop
      vertex 0 0 62.2325
      vertex 28.2542 33.0815 62.2325
      vertex 26.9337 34.1652 62.2325
    endloop
  endfacet
  facet normal 0.634393 0.77301 0
    outer loop
      vertex 28.2542 33.0815 18.2325
      vertex 26.9337 34.1652 18.2325
      vertex 26.9337 34.1652 62.2325
    endloop
  endfacet
  facet normal 0.634393 0.77301 0
    outer loop
      vertex 28.2542 33.0815 18.2325
      vertex 26.9337 34.1652 62.2325
      vertex 28.2542 33.0815 62.2325
    endloop
  endfacet
  facet normal 0 0 -1
    outer loop
      vertex 0 0 18.2325
      vertex 25.5716 35.1963 18.2325
      vertex 26.9337 34.1652 18.2325
    endloop
  endfacet
  facet normal 0 0 1
    outer loop
      vertex 0 0 62.2325
      vertex 26.9337 34.1652 62.2325
      vertex 25.5716 35.1963 62.2325
    endloop
  endfacet
  facet normal 0.603556 0.797321 0
    outer loop
      vertex 26.9337 34.1652 18.2325
      vertex 25.5716 35.1963 18.2325
      vertex 25.5716 35.1963 62.2325
    endloop
  endfacet
  facet normal 0.603556 0.797321 0
    outer loop
      vertex 26.9337 34.1652 18.2325
      vertex 25.5716 35.1963 62.2325
      vertex 26.9337 34.1652 62.2325
    endloop
  endfacet
  facet normal 0 0 -1
    outer loop
      vertex 0 0 18.2325
      vertex 24.1701 36.1731 18.2325
      vertex 25.5716 35.1963 18.2325
    endloop
  endfacet
  facet normal 0 0 1
    outer loop
      vertex 0 0 62.2325
      vertex 25.5716 35.1963 62.2325
      vertex 24.1701 36.1731 62.2325
    endloop
  endfacet
  facet normal 0.571788 0.820401 0
    outer loop
      vertex 25.5716 35.1963 18.2325
      vertex 24.1701 36.1731 18.2325
      vertex 24.1701 36.1731 62.2325
    endloop
  endfacet
  facet normal 0.571788 0.820401 0
    outer loop
      vertex 25.5716 35.1963 18.2325
      vertex 24.1701 36.1731 62.2325
      vertex 25.5716 35.1963 62.2325
    endloop
  endfacet
  facet normal 0 0 -1
    outer loop
      vertex 0 0 18.2325
      vertex 22.7313 37.0941 18.2325
      vertex 24.1701 36.1731 18.2325
    endloop
  endfacet
  facet normal 0 0 1
    outer loop
      vertex 0 0 62.2325
      vertex 24.1701 36.1731 62.2325
      vertex 22.7313 37.0941 62.2325
    endloop
  endfacet
  facet normal 0.539138 0.842217 0
    outer loop
      vertex 24.1701 36.1731 18.2325
      vertex 22.7313 37.0941 18.2325
      vertex 22.7313 37.0941 62.2325
    endloop
  endfacet
  facet normal 0.539138 0.842217 0
    outer loop
      vertex 24.1701 36.1731 18.2325
      vertex 22.7313 37.0941 62.2325
      vertex 24.1701 36.1731 62.2325
    endloop
  endfacet
  facet normal 0 0 -1
    outer loop
      vertex 0 0 18.2325
      vertex 21.2575 37.9579 18.2325
      vertex 22.7313 37.0941 18.2325
    endloop
  endfacet
  facet normal 0 0 1
    outer loop
      vertex 0 0 62.2325
      vertex 22.7313 37.0941 62.2325
      vertex 21.2575 37.9579 62.2325
    endloop
  endfacet
  facet normal 0.505657 0.862734 0
    outer loop
      vertex 22.7313 37.0941 18.2325
      vertex 21.2575 37.9579 18.2325
      vertex 21.2575 37.9579 62.2325
    endloop
  endfacet
  facet normal 0.505657 0.862734 0
    outer loop
      vertex 22.7313 37.0941 18.2325
      vertex 21.2575 37.9579 62.2325
      vertex 22.7313 37.0941 62.2325
    endloop
  endfacet
  facet normal 0 0 -1
    outer loop
      vertex 0 0 18.2325
      vertex 19.7509 38.7632 18.2325
      vertex 21.2575 37.9579 18.2325
    endloop
  endfacet
  facet normal 0 0 1
    outer loop
      vertex 0 0 62.2325
      vertex 21.2575 37.9579 62.2325
      vertex 19.7509 38.7632 62.2325
    endloop
  endfacet
  facet normal 0.471397 0.881921 0
    outer loop
      vertex 21.2575 37.9579 18.2325
      vertex 19.7509 38.7632 18.2325
      vertex 19.7509 38.7632 62.2325
    endloop
  endfacet
  facet normal 0.471397 0.881921 0
    outer loop
      vertex 21.2575 37.9579 18.2325
      vertex 19.7509 38.7632 62.2325
      vertex 21.2575 37.9579 62.2325
    endloop
  endfacet
  facet normal 0 0 -1
    outer loop
      vertex 0 0 18.2325
      vertex 18.2138 39.5088 18.2325
      vertex 19.7509 38.7632 18.2325
    endloop
  endfacet
  facet normal 0 0 1
    outer loop
      vertex 0 0 62.2325
      vertex 19.7509 38.7632 62.2325
      vertex 18.2138 39.5088 62.2325
    endloop
  endfacet
  facet normal 0.436409 0.899748 0
    outer loop
      vertex 19.7509 38.7632 18.2325
      vertex 18.2138 39.5088 18.2325
      vertex 18.2138 39.5088 62.2325
    endloop
  endfacet
  facet normal 0.436409 0.899748 0
    outer loop
      vertex 19.7509 38.7632 18.2325
      vertex 18.2138 39.5088 62.2325
      vertex 19.7509 38.7632 62.2325
    endloop
  endfacet
  facet normal 0 0 -1
    outer loop
      vertex 0 0 18.2325
      vertex 16.6486 40.1934 18.2325
      vertex 18.2138 39.5088 18.2325
    endloop
  endfacet
  facet normal 0 0 1
    outer loop
      vertex 0 0 62.2325
      vertex 18.2138 39.5088 62.2325
      vertex 16.6486 40.1934 62.2325
    endloop
  endfacet
  facet normal 0.400749 0.916188 0
    outer loop
      vertex 18.2138 39.5088 18.2325
      vertex 16.6486 40.1934 18.2325
      vertex 16.6486 40.1934 62.2325
    endloop
  endfacet
  facet normal 0.400749 0.916188 0
    outer loop
      vertex 18.2138 39.5088 18.2325
      vertex 16.6486 40.1934 62.2325
      vertex 18.2138 39.5088 62.2325
    endloop
  endfacet
  facet normal 0 0 -1
    outer loop
      vertex 0 0 18.2325
      vertex 15.0578 40.816 18.2325
      vertex 16.6486 40.1934 18.2325
    endloop
  endfacet
  facet normal 0 0 1
    outer loop
      vertex 0 0 62.2325
      vertex 16.6486 40.1934 62.2325
      vertex 15.0578 40.816 62.2325
    endloop
  endfacet
  facet normal 0.36447 0.931215 0
    outer loop
      vertex 16.6486 40.1934 18.2325
      vertex 15.0578 40.816 18.2325
      vertex 15.0578 40.816 62.2325
    endloop
  endfacet
  facet normal 0.36447 0.931215 0
    outer loop
      vertex 16.6486 40.1934 18.2325
      vertex 15.0578 40.816 62.2325
      vertex 16.6486 40.1934 62.2325
    endloop
  endfacet
  facet normal 0 0 -1
    outer loop
      vertex 0 0 18.2325
      vertex 13.4438 41.3757 18.2325
      vertex 15.0578 40.816 18.2325
    endloop
  endfacet
  facet normal 0 0 1
    outer loop
      vertex 0 0 62.2325
      vertex 15.0578 40.816 62.2325
      vertex 13.4438 41.3757 62.2325
    endloop
  endfacet
  facet normal 0.32763 0.944806 0
    outer loop
      vertex 15.0578 40.816 18.2325
      vertex 13.4438 41.3757 18.2325
      vertex 13.4438 41.3757 62.2325
    endloop
  endfacet
  facet normal 0.32763 0.944806 0
    outer loop
      vertex 15.0578 40.816 18.2325
      vertex 13.4438 41.3757 62.2325
      vertex 15.0578 40.816 62.2325
    endloop
  endfacet
  facet normal 0 0 -1
    outer loop
      vertex 0 0 18.2325
      vertex 11.809 41.8716 18.2325
      vertex 13.4438 41.3757 18.2325
    endloop
  endfacet
  facet normal 0 0 1
    outer loop
      vertex 0 0 62.2325
      vertex 13.4438 41.3757 62.2325
      vertex 11.809 41.8716 62.2325
    endloop
  endfacet
  facet normal 0.290285 0.95694 0
    outer loop
      vertex 13.4438 41.3757 18.2325
      vertex 11.809 41.8716 18.2325
      vertex 11.809 41.8716 62.2325
    endloop
  endfacet
  facet normal 0.290285 0.95694 0
    outer loop
      vertex 13.4438 41.3757 18.2325
      vertex 11.809 41.8716 62.2325
      vertex 13.4438 41.3757 62.2325
    endloop
  endfacet
  facet normal 0 0 -1
    outer loop
      vertex 0 0 18.2325
      vertex 10.156 42.303 18.2325
      vertex 11.809 41.8716 18.2325
    endloop
  endfacet
  facet normal 0 0 1
    outer loop
      vertex 0 0 62.2325
      vertex 11.809 41.8716 62.2325
      vertex 10.156 42.303 62.2325
    endloop
  endfacet
  facet normal 0.252492 0.967599 0
    outer loop
      vertex 11.809 41.8716 18.2325
      vertex 10.156 42.303 18.2325
      vertex 10.156 42.303 62.2325
    endloop
  endfacet
  facet normal 0.252492 0.967599 0
    outer loop
      vertex 11.809 41.8716 18.2325
      vertex 10.156 42.303 62.2325
      vertex 11.809 41.8716 62.2325
    endloop
  endfacet
  facet normal 0 0 -1
    outer loop
      vertex 0 0 18.2325
      vertex 8.4874 42.6691 18.2325
      vertex 10.156 42.303 18.2325
    endloop
  endfacet
  facet normal 0 0 1
    outer loop
      vertex 0 0 62.2325
      vertex 10.156 42.303 62.2325
      vertex 8.4874 42.6691 62.2325
    endloop
  endfacet
  facet normal 0.214309 0.976766 0
    outer loop
      vertex 10.156 42.303 18.2325
      vertex 8.4874 42.6691 18.2325
      vertex 8.4874 42.6691 62.2325
    endloop
  endfacet
  facet normal 0.214309 0.976766 0
    outer loop
      vertex 10.156 42.303 18.2325
      vertex 8.4874 42.6691 62.2325
      vertex 10.156 42.303 62.2325
    endloop
  endfacet
  facet normal 0 0 -1
    outer loop
      vertex 0 0 18.2325
      vertex 6.80568 42.9694 18.2325
      vertex 8.4874 42.6691 18.2325
    endloop
  endfacet
  facet normal 0 0 1
    outer loop
      vertex 0 0 62.2325
      vertex 8.4874 42.6691 62.2325
      vertex 6.80568 42.9694 62.2325
    endloop
  endfacet
  facet normal 0.175796 0.984427 0
    outer loop
      vertex 8.4874 42.6691 18.2325
      vertex 6.80568 42.9694 18.2325
      vertex 6.80568 42.9694 62.2325
    endloop
  endfacet
  facet normal 0.175796 0.984427 0
    outer loop
      vertex 8.4874 42.6691 18.2325
      vertex 6.80568 42.9694 62.2325
      vertex 8.4874 42.6691 62.2325
    endloop
  endfacet
  facet normal 0 0 -1
    outer loop
      vertex 0 0 18.2325
      vertex 5.11346 43.2034 18.2325
      vertex 6.80568 42.9694 18.2325
    endloop
  endfacet
  facet normal 0 0 1
    outer loop
      vertex 0 0 62.2325
      vertex 6.80568 42.9694 62.2325
      vertex 5.11346 43.2034 62.2325
    endloop
  endfacet
  facet normal 0.137012 0.990569 0
    outer loop
      vertex 6.80568 42.9694 18.2325
      vertex 5.11346 43.2034 18.2325
      vertex 5.11346 43.2034 62.2325
    endloop
  endfacet
  facet normal 0.137012 0.990569 0
    outer loop
      vertex 6.80568 42.9694 18.2325
      vertex 5.11346 43.2034 62.2325
      vertex 6.80568 42.9694 62.2325
    endloop
  endfacet
  facet normal 0 0 -1
    outer loop
      vertex 0 0 18.2325
      vertex 3.41336 43.3709 18.2325
      vertex 5.11346 43.2034 18.2325
    endloop
  endfacet
  facet normal 0 0 1
    outer loop
      vertex 0 0 62.2325
      vertex 5.11346 43.2034 62.2325
      vertex 3.41336 43.3709 62.2325
    endloop
  endfacet
  facet normal 0.0980171 0.995185 0
    outer loop
      vertex 5.11346 43.2034 18.2325
      vertex 3.41336 43.3709 18.2325
      vertex 3.41336 43.3709 62.2325
    endloop
  endfacet
  facet normal 0.0980171 0.995185 0
    outer loop
      vertex 5.11346 43.2034 18.2325
      vertex 3.41336 43.3709 62.2325
      vertex 5.11346 43.2034 62.2325
    endloop
  endfacet
  facet normal 0 0 -1
    outer loop
      vertex 0 0 18.2325
      vertex 1.708 43.4715 18.2325
      vertex 3.41336 43.3709 18.2325
    endloop
  endfacet
  facet normal 0 0 1
    outer loop
      vertex 0 0 62.2325
      vertex 3.41336 43.3709 62.2325
      vertex 1.708 43.4715 62.2325
    endloop
  endfacet
  facet normal 0.0588708 0.998266 0
    outer loop
      vertex 3.41336 43.3709 18.2325
      vertex 1.708 43.4715 18.2325
      vertex 1.708 43.4715 62.2325
    endloop
  endfacet
  facet normal 0.0588708 0.998266 0
    outer loop
      vertex 3.41336 43.3709 18.2325
      vertex 1.708 43.4715 62.2325
      vertex 3.41336 43.3709 62.2325
    endloop
  endfacet
  facet normal 0 0 -1
    outer loop
      vertex 0 0 18.2325
      vertex 2.66391e-15 43.505 18.2325
      vertex 1.708 43.4715 18.2325
    endloop
  endfacet
  facet normal 0 0 1
    outer loop
      vertex 0 0 62.2325
      vertex 1.708 43.4715 62.2325
      vertex 2.66391e-15 43.505 62.2325
    endloop
  endfacet
  facet normal 0.0196337 0.999807 0
    outer loop
      vertex 1.708 43.4715 18.2325
      vertex 2.66391e-15 43.505 18.2325
      vertex 2.66391e-15 43.505 62.2325
    endloop
  endfacet
  facet normal 0.0196337 0.999807 0
    outer loop
      vertex 1.708 43.4715 18.2325
      vertex 2.66391e-15 43.505 62.2325
      vertex 1.708 43.4715 62.2325
    endloop
  endfacet
  facet normal 0 0 -1
    outer loop
      vertex 0 0 18.2325
      vertex -1.708 43.4715 18.2325
      vertex 2.66391e-15 43.505 18.2325
    endloop
  endfacet
  facet normal 0 0 1
    outer loop
      vertex 0 0 62.2325
      vertex 2.66391e-15 43.505 62.2325
      vertex -1.708 43.4715 62.2325
    endloop
  endfacet
  facet normal -0.0196337 0.999807 0
    outer loop
      vertex 2.66391e-15 43.505 18.2325
      vertex -1.708 43.4715 18.2325
      vertex -1.708 43.4715 62.2325
    endloop
  endfacet
  facet normal -0.0196337 0.999807 0
    outer loop
      vertex 2.66391e-15 43.505 18.2325
      vertex -1.708 43.4715 62.2325
      vertex 2.66391e-15 43.505 62.2325
    endloop
  endfacet
  facet normal 0 0 -1
    outer loop
      vertex 0 0 18.2325
      vertex -3.41336 43.3709 18.2325
      vertex -1.708 43.4715 18.2325
    endloop
  endfacet
  facet normal 0 0 1
    outer loop
      vertex 0 0 62.2325
      vertex -1.708 43.4715 62.2325
      vertex -3.41336 43.3709 62.2325
    endloop
  endfacet
  facet normal -0.0588708 0.998266 0
    outer loop
      vertex -1.708 43.4715 18.2325
      vertex -3.41336 43.3709 18.2325
      vertex -3.41336 43.3709 62.2325
    endloop
  endfacet
  facet normal -0.0588708 0.998266 0
    outer loop
      vertex -1.708 43.4715 18.2325
      vertex -3.41336 43.3709 62.2325
      vertex -1.708 43.4715 62.2325
    endloop
  endfacet
  facet normal 0 0 -1
    outer loop
      vertex 0 0 18.2325
      vertex -5.11346 43.2034 18.2325
      vertex -3.41336 43.3709 18.2325
    endloop
  endfacet
  facet normal 0 0 1
    outer loop
      vertex 0 0 62.2325
      vertex -3.41336 43.3709 62.2325
      vertex -5.11346 43.2034 62.2325
    endloop
  endfacet
  facet normal -0.0980171 0.995185 0
    outer loop
      vertex -3.41336 43.3709 18.2325
      vertex -5.11346 43.2034 18.2325
      vertex -5.11346 43.2034 62.2325
    endloop
  endfacet
  facet normal -0.0980171 0.995185 0
    outer loop
      vertex -3.41336 43.3709 18.2325
      vertex -5.11346 43.2034 62.2325
      vertex -3.41336 43.3709 62.2325
    endloop
  endfacet
  facet normal 0 0 -1
    outer loop
      vertex 0 0 18.2325
      vertex -6.80568 42.9694 18.2325
      vertex -5.11346 43.2034 18.2325
    endloop
  endfacet
  facet normal 0 0 1
    outer loop
      vertex 0 0 62.2325
      vertex -5.11346 43.2034 62.2325
      vertex -6.80568 42.9694 62.2325
    endloop
  endfacet
  facet normal -0.137012 0.990569 0
    outer loop
      vertex -5.11346 43.2034 18.2325
      vertex -6.80568 42.9694 18.2325
      vertex -6.80568 42.9694 62.2325
    endloop
  endfacet
  facet normal -0.137012 0.990569 0
    outer loop
      vertex -5.11346 43.2034 18.2325
      vertex -6.80568 42.9694 62.2325
      vertex -5.11346 43.2034 62.2325
    endloop
  endfacet
  facet normal 0 0 -1
    outer loop
      vertex 0 0 18.2325
      vertex -8.4874 42.6691 18.2325
      vertex -6.80568 42.9694 18.2325
    endloop
  endfacet
  facet normal 0 0 1
    outer loop
      vertex 0 0 62.2325
      vertex -6.80568 42.9694 62.2325
      vertex -8.4874 42.6691 62.2325
    endloop
  endfacet
  facet normal -0.175796 0.984427 0
    outer loop
      vertex -6.80568 42.9694 18.2325
      vertex -8.4874 42.6691 18.2325
      vertex -8.4874 42.6691 62.2325
    endloop
  endfacet
  facet normal -0.175796 0.984427 0
    outer loop
      vertex -6.80568 42.9694 18.2325
      vertex -8.4874 42.6691 62.2325
      vertex -6.80568 42.9694 62.2325
    endloop
  endfacet
  facet normal 0 0 -1
    outer loop
      vertex 0 0 18.2325
      vertex -10.156 42.303 18.2325
      vertex -8.4874 42.6691 18.2325
    endloop
  endfacet
  facet normal 0 0 1
    outer loop
      vertex 0 0 62.2325
      vertex -8.4874 42.6691 62.2325
      vertex -10.156 42.303 62.2325
    endloop
  endfacet
  facet normal -0.214309 0.976766 0
    outer loop
      vertex -8.4874 42.6691 18.2325
      vertex -10.156 42.303 18.2325
      vertex -10.156 42.303 62.2325
    endloop
  endfacet
  facet normal -0.214309 0.976766 0
    outer loop
      vertex -8.4874 42.6691 18.2325
      vertex -10.156 42.303 62.2325
      vertex -8.4874 42.6691 62.2325
    endloop
  endfacet
  facet normal 0 0 -1
    outer loop
      vertex 0 0 18.2325
      vertex -11.809 41.8716 18.2325
      vertex -10.156 42.303 18.2325
    endloop
  endfacet
  facet normal 0 0 1
    outer loop
      vertex 0 0 62.2325
      vertex -10.156 42.303 62.2325
      vertex -11.809 41.8716 62.2325
    endloop
  endfacet
  facet normal -0.252492 0.967599 0
    outer loop
      vertex -10.156 42.303 18.2325
      vertex -11.809 41.8716 18.2325
      vertex -11.809 41.8716 62.2325
    endloop
  endfacet
  facet normal -0.252492 0.967599 0
    outer loop
      vertex -10.156 42.303 18.2325
      vertex -11.809 41.8716 62.2325
      vertex -10.156 42.303 62.2325
    endloop
  endfacet
  facet normal 0 0 -1
    outer loop
      vertex 0 0 18.2325
      vertex -13.4438 41.3757 18.2325
      vertex -11.809 41.8716 18.2325
    endloop
  endfacet
  facet normal 0 0 1
    outer loop
      vertex 0 0 62.2325
      vertex -11.809 41.8716 62.2325
      vertex -13.4438 41.3757 62.2325
    endloop
  endfacet
  facet normal -0.290285 0.95694 0
    outer loop
      vertex -11.809 41.8716 18.2325
      vertex -13.4438 41.3757 18.2325
      vertex -13.4438 41.3757 62.2325
    endloop
  endfacet
  facet normal -0.290285 0.95694 0
    outer loop
      vertex -11.809 41.8716 18.2325
      vertex -13.4438 41.3757 62.2325
      vertex -11.809 41.8716 62.2325
    endloop
  endfacet
  facet normal 0 0 -1
    outer loop
      vertex 0 0 18.2325
      vertex -15.0578 40.816 18.2325
      vertex -13.4438 41.3757 18.2325
    endloop
  endfacet
  facet normal 0 0 1
    outer loop
      vertex 0 0 62.2325
      vertex -13.4438 41.3757 62.2325
      vertex -15.0578 40.816 62.2325
    endloop
  endfacet
  facet normal -0.32763 0.944806 0
    outer loop
      vertex -13.4438 41.3757 18.2325
      vertex -15.0578 40.816 18.2325
      vertex -15.0578 40.816 62.2325
    endloop
  endfacet
  facet normal -0.32763 0.944806 0
    outer loop
      vertex -13.4438 41.3757 18.2325
      vertex -15.0578 40.816 62.2325
      vertex -13.4438 41.3757 62.2325
    endloop
  endfacet
  facet normal 0 0 -1
    outer loop
      vertex 0 0 18.2325
      vertex -16.6486 40.1934 18.2325
      vertex -15.0578 40.816 18.2325
    endloop
  endfacet
  facet normal 0 0 1
    outer loop
      vertex 0 0 62.2325
      vertex -15.0578 40.816 62.2325
      vertex -16.6486 40.1934 62.2325
    endloop
  endfacet
  facet normal -0.36447 0.931215 0
    outer loop
      vertex -15.0578 40.816 18.2325
      vertex -16.6486 40.1934 18.2325
      vertex -16.6486 40.1934 62.2325
    endloop
  endfacet
  facet normal -0.36447 0.931215 0
    outer loop
      vertex -15.0578 40.816 18.2325
      vertex -16.6486 40.1934 62.2325
      vertex -15.0578 40.816 62.2325
    endloop
  endfacet
  facet normal 0 0 -1
    outer loop
      vertex 0 0 18.2325
      vertex -18.2138 39.5088 18.2325
      vertex -16.6486 40.1934 18.2325
    endloop
  endfacet
  facet normal 0 0 1
    outer loop
      vertex 0 0 62.2325
      vertex -16.6486 40.1934 62.2325
      vertex -18.2138 39.5088 62.2325
    endloop
  endfacet
  facet normal -0.400749 0.916188 0
    outer loop
      vertex -16.6486 40.1934 18.2325
      vertex -18.2138 39.5088 18.2325
      vertex -18.2138 39.5088 62.2325
    endloop
  endfacet
  facet normal -0.400749 0.916188 0
    outer loop
      vertex -16.6486 40.1934 18.2325
      vertex -18.2138 39.5088 62.2325
      vertex -16.6486 40.1934 62.2325
    endloop
  endfacet
  facet normal 0 0 -1
    outer loop
      vertex 0 0 18.2325
      vertex -19.7509 38.7632 18.2325
      vertex -18.2138 39.5088 18.2325
    endloop
  endfacet
  facet normal 0 0 1
    outer loop
      vertex 0 0 62.2325
      vertex -18.2138 39.5088 62.2325
      vertex -19.7509 38.7632 62.2325
    endloop
  endfacet
  facet normal -0.436409 0.899748 0
    outer loop
      vertex -18.2138 39.5088 18.2325
      vertex -19.7509 38.7632 18.2325
      vertex -19.7509 38.7632 62.2325
    endloop
  endfacet
  facet normal -0.436409 0.899748 0
    outer loop
      vertex -18.2138 39.5088 18.2325
      vertex -19.7509 38.7632 62.2325
      vertex -18.2138 39.5088 62.2325
    endloop
  endfacet
  facet normal 0 0 -1
    outer loop
      vertex 0 0 18.2325
      vertex -21.2575 37.9579 18.2325
      vertex -19.7509 38.7632 18.2325
    endloop
  endfacet
  facet normal 0 0 1
    outer loop
      vertex 0 0 62.2325
      vertex -19.7509 38.7632 62.2325
      vertex -21.2575 37.9579 62.2325
    endloop
  endfacet
  facet normal -0.471397 0.881921 0
    outer loop
      vertex -19.7509 38.7632 18.2325
      vertex -21.2575 37.9579 18.2325
      vertex -21.2575 37.9579 62.2325
    endloop
  endfacet
  facet normal -0.471397 0.881921 0
    outer loop
      vertex -19.7509 38.7632 18.2325
      vertex -21.2575 37.9579 62.2325
      vertex -19.7509 38.7632 62.2325
    endloop
  endfacet
  facet normal 0 0 -1
    outer loop
      vertex 0 0 18.2325
      vertex -22.7313 37.0941 18.2325
      vertex -21.2575 37.9579 18.2325
    endloop
  endfacet
  facet normal 0 0 1
    outer loop
      vertex 0 0 62.2325
      vertex -21.2575 37.9579 62.2325
      vertex -22.7313 37.0941 62.2325
    endloop
  endfacet
  facet normal -0.505657 0.862734 0
    outer loop
      vertex -21.2575 37.9579 18.2325
      vertex -22.7313 37.0941 18.2325
      vertex -22.7313 37.0941 62.2325
    endloop
  endfacet
  facet normal -0.505657 0.862734 0
    outer loop
      vertex -21.2575 37.9579 18.2325
      vertex -22.7313 37.0941 62.2325
      vertex -21.2575 37.9579 62.2325
    endloop
  endfacet
  facet normal 0 0 -1
    outer loop
      vertex 0 0 18.2325
      vertex -24.1701 36.1731 18.2325
      vertex -22.7313 37.0941 18.2325
    endloop
  endfacet
  facet normal 0 0 1
    outer loop
      vertex 0 0 62.2325
      vertex -22.7313 37.0941 62.2325
      vertex -24.1701 36.1731 62.2325
    endloop
  endfacet
  facet normal -0.539138 0.842217 0
    outer loop
      vertex -22.7313 37.0941 18.2325
      vertex -24.1701 36.1731 18.2325
      vertex -24.1701 36.1731 62.2325
    endloop
  endfacet
  facet normal -0.539138 0.842217 0
    outer loop
      vertex -22.7313 37.0941 18.2325
      vertex -24.1701 36.1731 62.2325
      vertex -22.7313 37.0941 62.2325
    endloop
  endfacet
  facet normal 0 0 -1
    outer loop
      vertex 0 0 18.2325
      vertex -25.5716 35.1963 18.2325
      vertex -24.1701 36.1731 18.2325
    endloop
  endfacet
  facet normal 0 0 1
    outer loop
      vertex 0 0 62.2325
      vertex -24.1701 36.1731 62.2325
      vertex -25.5716 35.1963 62.2325
    endloop
  endfacet
  facet normal -0.571788 0.820401 0
    outer loop
      vertex -24.1701 36.1731 18.2325
      vertex -25.5716 35.1963 18.2325
      vertex -25.5716 35.1963 62.2325
    endloop
  endfacet
  facet normal -0.571788 0.820401 0
    outer loop
      vertex -24.1701 36.1731 18.2325
      vertex -25.5716 35.1963 62.2325
      vertex -24.1701 36.1731 62.2325
    endloop
  endfacet
  facet normal 0 0 -1
    outer loop
      vertex 0 0 18.2325
      vertex -26.9337 34.1652 18.2325
      vertex -25.5716 35.1963 18.2325
    endloop
  endfacet
  facet normal 0 0 1
    outer loop
      vertex 0 0 62.2325
      vertex -25.5716 35.1963 62.2325
      vertex -26.9337 34.1652 62.2325
    endloop
  endfacet
  facet normal -0.603556 0.797321 0
    outer loop
      vertex -25.5716 35.1963 18.2325
      vertex -26.9337 34.1652 18.2325
      vertex -26.9337 34.1652 62.2325
    endloop
  endfacet
  facet normal -0.603556 0.797321 0
    outer loop
      vertex -25.5716 35.1963 18.2325
      vertex -26.9337 34.1652 62.2325
      vertex -25.5716 35.1963 62.2325
    endloop
  endfacet
  facet normal 0 0 -1
    outer loop
      vertex 0 0 18.2325
      vertex -28.2542 33.0815 18.2325
      vertex -26.9337 34.1652 18.2325
    endloop
  endfacet
  facet normal 0 0 1
    outer loop
      vertex 0 0 62.2325
      vertex -26.9337 34.1652 62.2325
      vertex -28.2542 33.0815 62.2325
    endloop
  endfacet
  facet normal -0.634393 0.77301 0
    outer loop
      vertex -26.9337 34.1652 18.2325
      vertex -28.2542 33.0815 18.2325
      vertex -28.2542 33.0815 62.2325
    endloop
  endfacet
  facet normal -0.634393 0.77301 0
    outer loop
      vertex -26.9337 34.1652 18.2325
      vertex -28.2542 33.0815 62.2325
      vertex -26.9337 34.1652 62.2325
    endloop
  endfacet
  facet normal 0 0 -1
    outer loop
      vertex 0 0 18.2325
      vertex -29.5312 31.9467 18.2325
      vertex -28.2542 33.0815 18.2325
    endloop
  endfacet
  facet normal 0 0 1
    outer loop
      vertex 0 0 62.2325
      vertex -28.2542 33.0815 62.2325
      vertex -29.5312 31.9467 62.2325
    endloop
  endfacet
  facet normal -0.664252 0.747508 0
    outer loop
      vertex -28.2542 33.0815 18.2325
      vertex -29.5312 31.9467 18.2325
      vertex -29.5312 31.9467 62.2325
    endloop
  endfacet
  facet normal -0.664252 0.747508 0
    outer loop
      vertex -28.2542 33.0815 18.2325
      vertex -29.5312 31.9467 62.2325
      vertex -28.2542 33.0815 62.2325
    endloop
  endfacet
  facet normal 0 0 -1
    outer loop
      vertex 0 0 18.2325
      vertex -30.7627 30.7627 18.2325
      vertex -29.5312 31.9467 18.2325
    endloop
  endfacet
  facet normal 0 0 1
    outer loop
      vertex 0 0 62.2325
      vertex -29.5312 31.9467 62.2325
      vertex -30.7627 30.7627 62.2325
    endloop
  endfacet
  facet normal -0.693087 0.720854 0
    outer loop
      vertex -29.5312 31.9467 18.2325
      vertex -30.7627 30.7627 18.2325
      vertex -30.7627 30.7627 62.2325
    endloop
  endfacet
  facet normal -0.693087 0.720854 0
    outer loop
      vertex -29.5312 31.9467 18.2325
      vertex -30.7627 30.7627 62.2325
      vertex -29.5312 31.9467 62.2325
    endloop
  endfacet
  facet normal 0 0 -1
    outer loop
      vertex 0 0 18.2325
      vertex -31.9467 29.5312 18.2325
      vertex -30.7627 30.7627 18.2325
    endloop
  endfacet
  facet normal 0 0 1
    outer loop
      vertex 0 0 62.2325
      vertex -30.7627 30.7627 62.2325
      vertex -31.9467 29.5312 62.2325
    endloop
  endfacet
  facet normal -0.720854 0.693087 0
    outer loop
      vertex -30.7627 30.7627 18.2325
      vertex -31.9467 29.5312 18.2325
      vertex -31.9467 29.5312 62.2325
    endloop
  endfacet
  facet normal -0.720854 0.693087 0
    outer loop
      vertex -30.7627 30.7627 18.2325
      vertex -31.9467 29.5312 62.2325
      vertex -30.7627 30.7627 62.2325
    endloop
  endfacet
  facet normal 0 0 -1
    outer loop
      vertex 0 0 18.2325
      vertex -33.0815 28.2542 18.2325
      vertex -31.9467 29.5312 18.2325
    endloop
  endfacet
  facet normal 0 0 1
    outer loop
      vertex 0 0 62.2325
      vertex -31.9467 29.5312 62.2325
      vertex -33.0815 28.2542 62.2325
    endloop
  endfacet
  facet normal -0.747508 0.664252 0
    outer loop
      vertex -31.9467 29.5312 18.2325
      vertex -33.0815 28.2542 18.2325
      vertex -33.0815 28.2542 62.2325
    endloop
  endfacet
  facet normal -0.747508 0.664252 0
    outer loop
      vertex -31.9467 29.5312 18.2325
      vertex -33.0815 28.2542 62.2325
      vertex -31.9467 29.5312 62.2325
    endloop
  endfacet
  facet normal 0 0 -1
    outer loop
      vertex 0 0 18.2325
      vertex -34.1652 26.9337 18.2325
      vertex -33.0815 28.2542 18.2325
    endloop
  endfacet
  facet normal 0 0 1
    outer loop
      vertex 0 0 62.2325
      vertex -33.0815 28.2542 62.2325
      vertex -34.1652 26.9337 62.2325
    endloop
  endfacet
  facet normal -0.77301 0.634393 0
    outer loop
      vertex -33.0815 28.2542 18.2325
      vertex -34.1652 26.9337 18.2325
      vertex -34.1652 26.9337 62.2325
    endloop
  endfacet
  facet normal -0.77301 0.634393 0
    outer loop
      vertex -33.0815 28.2542 18.2325
      vertex -34.1652 26.9337 62.2325
      vertex -33.0815 28.2542 62.2325
    endloop
  endfacet
  facet normal 0 0 -1
    outer loop
      vertex 0 0 18.2325
      vertex -35.1963 25.5716 18.2325
      vertex -34.1652 26.9337 18.2325
    endloop
  endfacet
  facet normal 0 0 1
    outer loop
      vertex 0 0 62.2325
      vertex -34.1652 26.9337 62.2325
      vertex -35.1963 25.5716 62.2325
    endloop
  endfacet
  facet normal -0.797321 0.603556 0
    outer loop
      vertex -34.1652 26.9337 18.2325
      vertex -35.1963 25.5716 18.2325
      vertex -35.1963 25.5716 62.2325
    endloop
  endfacet
  facet normal -0.797321 0.603556 0
    outer loop
      vertex -34.1652 26.9337 18.2325
      vertex -35.1963 25.5716 62.2325
      vertex -34.1652 26.9337 62.2325
    endloop
  endfacet
  facet normal 0 0 -1
    outer loop
      vertex 0 0 18.2325
      vertex -36.1731 24.1701 18.2325
      vertex -35.1963 25.5716 18.2325
    endloop
  endfacet
  facet normal 0 0 1
    outer loop
      vertex 0 0 62.2325
      vertex -35.1963 25.5716 62.2325
      vertex -36.1731 24.1701 62.2325
    endloop
  endfacet
  facet normal -0.820401 0.571788 0
    outer loop
      vertex -35.1963 25.5716 18.2325
      vertex -36.1731 24.1701 18.2325
      vertex -36.1731 24.1701 62.2325
    endloop
  endfacet
  facet normal -0.820401 0.571788 0
    outer loop
      vertex -35.1963 25.5716 18.2325
      vertex -36.1731 24.1701 62.2325
      vertex -35.1963 25.5716 62.2325
    endloop
  endfacet
  facet normal 0 0 -1
    outer loop
      vertex 0 0 18.2325
      vertex -37.0941 22.7313 18.2325
      vertex -36.1731 24.1701 18.2325
    endloop
  endfacet
  facet normal 0 0 1
    outer loop
      vertex 0 0 62.2325
      vertex -36.1731 24.1701 62.2325
      vertex -37.0941 22.7313 62.2325
    endloop
  endfacet
  facet normal -0.842217 0.539138 0
    outer loop
      vertex -36.1731 24.1701 18.2325
      vertex -37.0941 22.7313 18.2325
      vertex -37.0941 22.7313 62.2325
    endloop
  endfacet
  facet normal -0.842217 0.539138 0
    outer loop
      vertex -36.1731 24.1701 18.2325
      vertex -37.0941 22.7313 62.2325
      vertex -36.1731 24.1701 62.2325
    endloop
  endfacet
  facet normal 0 0 -1
    outer loop
      vertex 0 0 18.2325
      vertex -37.9579 21.2575 18.2325
      vertex -37.0941 22.7313 18.2325
    endloop
  endfacet
  facet normal 0 0 1
    outer loop
      vertex 0 0 62.2325
      vertex -37.0941 22.7313 62.2325
      vertex -37.9579 21.2575 62.2325
    endloop
  endfacet
  facet normal -0.862734 0.505657 0
    outer loop
      vertex -37.0941 22.7313 18.2325
      vertex -37.9579 21.2575 18.2325
      vertex -37.9579 21.2575 62.2325
    endloop
  endfacet
  facet normal -0.862734 0.505657 0
    outer loop
      vertex -37.0941 22.7313 18.2325
      vertex -37.9579 21.2575 62.2325
      vertex -37.0941 22.7313 62.2325
    endloop
  endfacet
  facet normal 0 0 -1
    outer loop
      vertex 0 0 18.2325
      vertex -38.7632 19.7509 18.2325
      vertex -37.9579 21.2575 18.2325
    endloop
  endfacet
  facet normal 0 0 1
    outer loop
      vertex 0 0 62.2325
      vertex -37.9579 21.2575 62.2325
      vertex -38.7632 19.7509 62.2325
    endloop
  endfacet
  facet normal -0.881921 0.471397 0
    outer loop
      vertex -37.9579 21.2575 18.2325
      vertex -38.7632 19.7509 18.2325
      vertex -38.7632 19.7509 62.2325
    endloop
  endfacet
  facet normal -0.881921 0.471397 0
    outer loop
      vertex -37.9579 21.2575 18.2325
      vertex -38.7632 19.7509 62.2325
      vertex -37.9579 21.2575 62.2325
    endloop
  endfacet
  facet normal 0 0 -1
    outer loop
      vertex 0 0 18.2325
      vertex -39.5088 18.2138 18.2325
      vertex -38.7632 19.7509 18.2325
    endloop
  endfacet
  facet normal 0 0 1
    outer loop
      vertex 0 0 62.2325
      vertex -38.7632 19.7509 62.2325
      vertex -39.5088 18.2138 62.2325
    endloop
  endfacet
  facet normal -0.899748 0.436409 0
    outer loop
      vertex -38.7632 19.7509 18.2325
      vertex -39.5088 18.2138 18.2325
      vertex -39.5088 18.2138 62.2325
    endloop
  endfacet
  facet normal -0.899748 0.436409 0
    outer loop
      vertex -38.7632 19.7509 18.2325
      vertex -39.5088 18.2138 62.2325
      vertex -38.7632 19.7509 62.2325
    endloop
  endfacet
  facet normal 0 0 -1
    outer loop
      vertex 0 0 18.2325
      vertex -40.1934 16.6486 18.2325
      vertex -39.5088 18.2138 18.2325
    endloop
  endfacet
  facet normal 0 0 1
    outer loop
      vertex 0 0 62.2325
      vertex -39.5088 18.2138 62.2325
      vertex -40.1934 16.6486 62.2325
    endloop
  endfacet
  facet normal -0.916188 0.400749 0
    outer loop
      vertex -39.5088 18.2138 18.2325
      vertex -40.1934 16.6486 18.2325
      vertex -40.1934 16.6486 62.2325
    endloop
  endfacet
  facet normal -0.916188 0.400749 0
    outer loop
      vertex -39.5088 18.2138 18.2325
      vertex -40.1934 16.6486 62.2325
      vertex -39.5088 18.2138 62.2325
    endloop
  endfacet
  facet normal 0 0 -1
    outer loop
      vertex 0 0 18.2325
      vertex -40.816 15.0578 18.2325
      vertex -40.1934 16.6486 18.2325
    endloop
  endfacet
  facet normal 0 0 1
    outer loop
      vertex 0 0 62.2325
      vertex -40.1934 16.6486 62.2325
      vertex -40.816 15.0578 62.2325
    endloop
  endfacet
  facet normal -0.931215 0.36447 0
    outer loop
      vertex -40.1934 16.6486 18.2325
      vertex -40.816 15.0578 18.2325
      vertex -40.816 15.0578 62.2325
    endloop
  endfacet
  facet normal -0.931215 0.36447 0
    outer loop
      vertex -40.1934 16.6486 18.2325
      vertex -40.816 15.0578 62.2325
      vertex -40.1934 16.6486 62.2325
    endloop
  endfacet
  facet normal 0 0 -1
    outer loop
      vertex 0 0 18.2325
      vertex -41.3757 13.4438 18.2325
      vertex -40.816 15.0578 18.2325
    endloop
  endfacet
  facet normal 0 0 1
    outer loop
      vertex 0 0 62.2325
      vertex -40.816 15.0578 62.2325
      vertex -41.3757 13.4438 62.2325
    endloop
  endfacet
  facet normal -0.944806 0.32763 0
    outer loop
      vertex -40.816 15.0578 18.2325
      vertex -41.3757 13.4438 18.2325
      vertex -41.3757 13.4438 62.2325
    endloop
  endfacet
  facet normal -0.944806 0.32763 0
    outer loop
      vertex -40.816 15.0578 18.2325
      vertex -41.3757 13.4438 62.2325
      vertex -40.816 15.0578 62.2325
    endloop
  endfacet
  facet normal 0 0 -1
    outer loop
      vertex 0 0 18.2325
      vertex -41.8716 11.809 18.2325
      vertex -41.3757 13.4438 18.2325
    endloop
  endfacet
  facet normal 0 0 1
    outer loop
      vertex 0 0 62.2325
      vertex -41.3757 13.4438 62.2325
      vertex -41.8716 11.809 62.2325
    endloop
  endfacet
  facet normal -0.95694 0.290285 0
    outer loop
      vertex -41.3757 13.4438 18.2325
      vertex -41.8716 11.809 18.2325
      vertex -41.8716 11.809 62.2325
    endloop
  endfacet
  facet normal -0.95694 0.290285 0
    outer loop
      vertex -41.3757 13.4438 18.2325
      vertex -41.8716 11.809 62.2325
      vertex -41.3757 13.4438 62.2325
    endloop
  endfacet
  facet normal 0 0 -1
    outer loop
      vertex 0 0 18.2325
      vertex -42.303 10.156 18.2325
      vertex -41.8716 11.809 18.2325
    endloop
  endfacet
  facet normal 0 0 1
    outer loop
      vertex 0 0 62.2325
      vertex -41.8716 11.809 62.2325
      vertex -42.303 10.156 62.2325
    endloop
  endfacet
  facet normal -0.967599 0.252492 0
    outer loop
      vertex -41.8716 11.809 18.2325
      vertex -42.303 10.156 18.2325
      vertex -42.303 10.156 62.2325
    endloop
  endfacet
  facet normal -0.967599 0.252492 0
    outer loop
      vertex -41.8716 11.809 18.2325
      vertex -42.303 10.156 62.2325
      vertex -41.8716 11.809 62.2325
    endloop
  endfacet
  facet normal 0 0 -1
    outer loop
      vertex 0 0 18.2325
      vertex -42.6691 8.4874 18.2325
      vertex -42.303 10.156 18.2325
    endloop
  endfacet
  facet normal 0 0 1
    outer loop
      vertex 0 0 62.2325
      vertex -42.303 10.156 62.2325
      vertex -42.6691 8.4874 62.2325
    endloop
  endfacet
  facet normal -0.976766 0.214309 0
    outer loop
      vertex -42.303 10.156 18.2325
      vertex -42.6691 8.4874 18.2325
      vertex -42.6691 8.4874 62.2325
    endloop
  endfacet
  facet normal -0.976766 0.214309 0
    outer loop
      vertex -42.303 10.156 18.2325
      vertex -42.6691 8.4874 62.2325
      vertex -42.303 10.156 62.2325
    endloop
  endfacet
  facet normal 0 0 -1
    outer loop
      vertex 0 0 18.2325
      vertex -42.9694 6.80568 18.2325
      vertex -42.6691 8.4874 18.2325
    endloop
  endfacet
  facet normal 0 0 1
    outer loop
      vertex 0 0 62.2325
      vertex -42.6691 8.4874 62.2325
      vertex -42.9694 6.80568 62.2325
    endloop
  endfacet
  facet normal -0.984427 0.175796 0
    outer loop
      vertex -42.6691 8.4874 18.2325
      vertex -42.9694 6.80568 18.2325
      vertex -42.9694 6.80568 62.2325
    endloop
  endfacet
  facet normal -0.984427 0.175796 0
    outer loop
      vertex -42.6691 8.4874 18.2325
      vertex -42.9694 6.80568 62.2325
      vertex -42.6691 8.4874 62.2325
    endloop
  endfacet
  facet normal 0 0 -1
    outer loop
      vertex 0 0 18.2325
      vertex -43.2034 5.11346 18.2325
      vertex -42.9694 6.80568 18.2325
    endloop
  endfacet
  facet normal 0 0 1
    outer loop
      vertex 0 0 62.2325
      vertex -42.9694 6.80568 62.2325
      vertex -43.2034 5.11346 62.2325
    endloop
  endfacet
  facet normal -0.990569 0.137012 0
    outer loop
      vertex -42.9694 6.80568 18.2325
      vertex -43.2034 5.11346 18.2325
      vertex -43.2034 5.11346 62.2325
    endloop
  endfacet
  facet normal -0.990569 0.137012 0
    outer loop
      vertex -42.9694 6.80568 18.2325
      vertex -43.2034 5.11346 62.2325
      vertex -42.9694 6.80568 62.2325
    endloop
  endfacet
  facet normal 0 0 -1
    outer loop
      vertex 0 0 18.2325
      vertex -43.3709 3.41336 18.2325
      vertex -43.2034 5.11346 18.2325
    endloop
  endfacet
  facet normal 0 0 1
    outer loop
      vertex 0 0 62.2325
      vertex -43.2034 5.11346 62.2325
      vertex -43.3709 3.41336 62.2325
    endloop
  endfacet
  facet normal -0.995185 0.0980171 0
    outer loop
      vertex -43.2034 5.11346 18.2325
      vertex -43.3709 3.41336 18.2325
      vertex -43.3709 3.41336 62.2325
    endloop
  endfacet
  facet normal -0.995185 0.0980171 0
    outer loop
      vertex -43.2034 5.11346 18.2325
      vertex -43.3709 3.41336 62.2325
      vertex -43.2034 5.11346 62.2325
    endloop
  endfacet
  facet normal 0 0 -1
    outer loop
      vertex 0 0 18.2325
      vertex -43.4715 1.708 18.2325
      vertex -43.3709 3.41336 18.2325
    endloop
  endfacet
  facet normal 0 0 1
    outer loop
      vertex 0 0 62.2325
      vertex -43.3709 3.41336 62.2325
      vertex -43.4715 1.708 62.2325
    endloop
  endfacet
  facet normal -0.998266 0.0588708 0
    outer loop
      vertex -43.3709 3.41336 18.2325
      vertex -43.4715 1.708 18.2325
      vertex -43.4715 1.708 62.2325
    endloop
  endfacet
  facet normal -0.998266 0.0588708 0
    outer loop
      vertex -43.3709 3.41336 18.2325
      vertex -43.4715 1.708 62.2325
      vertex -43.3709 3.41336 62.2325
    endloop
  endfacet
  facet normal 0 0 -1
    outer loop
      vertex 0 0 18.2325
      vertex -43.505 5.32783e-15 18.2325
      vertex -43.4715 1.708 18.2325
    endloop
  endfacet
  facet normal 0 0 1
    outer loop
      vertex 0 0 62.2325
      vertex -43.4715 1.708 62.2325
      vertex -43.505 5.32783e-15 62.2325
    endloop
  endfacet
  facet normal -0.999807 0.0196337 0
    outer loop
      vertex -43.4715 1.708 18.2325
      vertex -43.505 5.32783e-15 18.2325
      vertex -43.505 5.32783e-15 62.2325
    endloop
  endfacet
  facet normal -0.999807 0.0196337 0
    outer loop
      vertex -43.4715 1.708 18.2325
      vertex -43.505 5.32783e-15 62.2325
      vertex -43.4715 1.708 62.2325
    endloop
  endfacet
  facet normal 0 0 -1
    outer loop
      vertex 0 0 18.2325
      vertex -43.4715 -1.708 18.2325
      vertex -43.505 5.32783e-15 18.2325
    endloop
  endfacet
  facet normal 0 0 1
    outer loop
      vertex 0 0 62.2325
      vertex -43.505 5.32783e-15 62.2325
      vertex -43.4715 -1.708 62.2325
    endloop
  endfacet
  facet normal -0.999807 -0.0196337 0
    outer loop
      vertex -43.505 5.32783e-15 18.2325
      vertex -43.4715 -1.708 18.2325
      vertex -43.4715 -1.708 62.2325
    endloop
  endfacet
  facet normal -0.999807 -0.0196337 0
    outer loop
      vertex -43.505 5.32783e-15 18.2325
      vertex -43.4715 -1.708 62.2325
      vertex -43.505 5.32783e-15 62.2325
    endloop
  endfacet
  facet normal 0 0 -1
    outer loop
      vertex 0 0 18.2325
      vertex -43.3709 -3.41336 18.2325
      vertex -43.4715 -1.708 18.2325
    endloop
  endfacet
  facet normal 0 0 1
    outer loop
      vertex 0 0 62.2325
      vertex -43.4715 -1.708 62.2325
      vertex -43.3709 -3.41336 62.2325
    endloop
  endfacet
  facet normal -0.998266 -0.0588708 0
    outer loop
      vertex -43.4715 -1.708 18.2325
      vertex -43.3709 -3.41336 18.2325
      vertex -43.3709 -3.41336 62.2325
    endloop
  endfacet
  facet normal -0.998266 -0.0588708 0
    outer loop
      vertex -43.4715 -1.708 18.2325
      vertex -43.3709 -3.41336 62.2325
      vertex -43.4715 -1.708 62.2325
    endloop
  endfacet
  facet normal 0 0 -1
    outer loop
      vertex 0 0 18.2325
      vertex -43.2034 -5.11346 18.2325
      vertex -43.3709 -3.41336 18.2325
    endloop
  endfacet
  facet normal 0 0 1
    outer loop
      vertex 0 0 62.2325
      vertex -43.3709 -3.41336 62.2325
      vertex -43.2034 -5.11346 62.2325
    endloop
  endfacet
  facet normal -0.995185 -0.0980171 0
    outer loop
      vertex -43.3709 -3.41336 18.2325
      vertex -43.2034 -5.11346 18.2325
      vertex -43.2034 -5.11346 62.2325
    endloop
  endfacet
  facet normal -0.995185 -0.0980171 0
    outer loop
      vertex -43.3709 -3.41336 18.2325
      vertex -43.2034 -5.11346 62.2325
      vertex -43.3709 -3.41336 62.2325
    endloop
  endfacet
  facet normal 0 0 -1
    outer loop
      vertex 0 0 18.2325
      vertex -42.9694 -6.80568 18.2325
      vertex -43.2034 -5.11346 18.2325
    endloop
  endfacet
  facet normal 0 0 1
    outer loop
      vertex 0 0 62.2325
      vertex -43.2034 -5.11346 62.2325
      vertex -42.9694 -6.80568 62.2325
    endloop
  endfacet
  facet normal -0.990569 -0.137012 0
    outer loop
      vertex -43.2034 -5.11346 18.2325
      vertex -42.9694 -6.80568 18.2325
      vertex -42.9694 -6.80568 62.2325
    endloop
  endfacet
  facet normal -0.990569 -0.137012 0
    outer loop
      vertex -43.2034 -5.11346 18.2325
      vertex -42.9694 -6.80568 62.2325
      vertex -43.2034 -5.11346 62.2325
    endloop
  endfacet
  facet normal 0 0 -1
    outer loop
      vertex 0 0 18.2325
      vertex -42.6691 -8.4874 18.2325
      vertex -42.9694 -6.80568 18.2325
    endloop
  endfacet
  facet normal 0 0 1
    outer loop
      vertex 0 0 62.2325
      vertex -42.9694 -6.80568 62.2325
      vertex -42.6691 -8.4874 62.2325
    endloop
  endfacet
  facet normal -0.984427 -0.175796 0
    outer loop
      vertex -42.9694 -6.80568 18.2325
      vertex -42.6691 -8.4874 18.2325
      vertex -42.6691 -8.4874 62.2325
    endloop
  endfacet
  facet normal -0.984427 -0.175796 0
    outer loop
      vertex -42.9694 -6.80568 18.2325
      vertex -42.6691 -8.4874 62.2325
      vertex -42.9694 -6.80568 62.2325
    endloop
  endfacet
  facet normal 0 0 -1
    outer loop
      vertex 0 0 18.2325
      vertex -42.303 -10.156 18.2325
      vertex -42.6691 -8.4874 18.2325
    endloop
  endfacet
  facet normal 0 0 1
    outer loop
      vertex 0 0 62.2325
      vertex -42.6691 -8.4874 62.2325
      vertex -42.303 -10.156 62.2325
    endloop
  endfacet
  facet normal -0.976766 -0.214309 0
    outer loop
      vertex -42.6691 -8.4874 18.2325
      vertex -42.303 -10.156 18.2325
      vertex -42.303 -10.156 62.2325
    endloop
  endfacet
  facet normal -0.976766 -0.214309 0
    outer loop
      vertex -42.6691 -8.4874 18.2325
      vertex -42.303 -10.156 62.2325
      vertex -42.6691 -8.4874 62.2325
    endloop
  endfacet
  facet normal 0 0 -1
    outer loop
      vertex 0 0 18.2325
      vertex -41.8716 -11.809 18.2325
      vertex -42.303 -10.156 18.2325
    endloop
  endfacet
  facet normal 0 0 1
    outer loop
      vertex 0 0 62.2325
      vertex -42.303 -10.156 62.2325
      vertex -41.8716 -11.809 62.2325
    endloop
  endfacet
  facet normal -0.967599 -0.252492 0
    outer loop
      vertex -42.303 -10.156 18.2325
      vertex -41.8716 -11.809 18.2325
      vertex -41.8716 -11.809 62.2325
    endloop
  endfacet
  facet normal -0.967599 -0.252492 0
    outer loop
      vertex -42.303 -10.156 18.2325
      vertex -41.8716 -11.809 62.2325
      vertex -42.303 -10.156 62.2325
    endloop
  endfacet
  facet normal 0 0 -1
    outer loop
      vertex 0 0 18.2325
      vertex -41.3757 -13.4438 18.2325
      vertex -41.8716 -11.809 18.2325
    endloop
  endfacet
  facet normal 0 0 1
    outer loop
      vertex 0 0 62.2325
      vertex -41.8716 -11.809 62.2325
      vertex -41.3757 -13.4438 62.2325
    endloop
  endfacet
  facet normal -0.95694 -0.290285 0
    outer loop
      vertex -41.8716 -11.809 18.2325
      vertex -41.3757 -13.4438 18.2325
      vertex -41.3757 -13.4438 62.2325
    endloop
  endfacet
  facet normal -0.95694 -0.290285 0
    outer loop
      vertex -41.8716 -11.809 18.2325
      vertex -41.3757 -13.4438 62.2325
      vertex -41.8716 -11.809 62.2325
    endloop
  endfacet
  facet normal 0 0 -1
    outer loop
      vertex 0 0 18.2325
      vertex -40.816 -15.0578 18.2325
      vertex -41.3757 -13.4438 18.2325
    endloop
  endfacet
  facet normal 0 0 1
    outer loop
      vertex 0 0 62.2325
      vertex -41.3757 -13.4438 62.2325
      vertex -40.816 -15.0578 62.2325
    endloop
  endfacet
  facet normal -0.944806 -0.32763 0
    outer loop
      vertex -41.3757 -13.4438 18.2325
      vertex -40.816 -15.0578 18.2325
      vertex -40.816 -15.0578 62.2325
    endloop
  endfacet
  facet normal -0.944806 -0.32763 0
    outer loop
      vertex -41.3757 -13.4438 18.2325
      vertex -40.816 -15.0578 62.2325
      vertex -41.3757 -13.4438 62.2325
    endloop
  endfacet
  facet normal 0 0 -1
    outer loop
      vertex 0 0 18.2325
      vertex -40.1934 -16.6486 18.2325
      vertex -40.816 -15.0578 18.2325
    endloop
  endfacet
  facet normal 0 0 1
    outer loop
      vertex 0 0 62.2325
      vertex -40.816 -15.0578 62.2325
      vertex -40.1934 -16.6486 62.2325
    endloop
  endfacet
  facet normal -0.931215 -0.36447 0
    outer loop
      vertex -40.816 -15.0578 18.2325
      vertex -40.1934 -16.6486 18.2325
      vertex -40.1934 -16.6486 62.2325
    endloop
  endfacet
  facet normal -0.931215 -0.36447 0
    outer loop
      vertex -40.816 -15.0578 18.2325
      vertex -40.1934 -16.6486 62.2325
      vertex -40.816 -15.0578 62.2325
    endloop
  endfacet
  facet normal 0 0 -1
    outer loop
      vertex 0 0 18.2325
      vertex -39.5088 -18.2138 18.2325
      vertex -40.1934 -16.6486 18.2325
    endloop
  endfacet
  facet normal 0 0 1
    outer loop
      vertex 0 0 62.2325
      vertex -40.1934 -16.6486 62.2325
      vertex -39.5088 -18.2138 62.2325
    endloop
  endfacet
  facet normal -0.916188 -0.400749 0
    outer loop
      vertex -40.1934 -16.6486 18.2325
      vertex -39.5088 -18.2138 18.2325
      vertex -39.5088 -18.2138 62.2325
    endloop
  endfacet
  facet normal -0.916188 -0.400749 0
    outer loop
      vertex -40.1934 -16.6486 18.2325
      vertex -39.5088 -18.2138 62.2325
      vertex -40.1934 -16.6486 62.2325
    endloop
  endfacet
  facet normal 0 0 -1
    outer loop
      vertex 0 0 18.2325
      vertex -38.7632 -19.7509 18.2325
      vertex -39.5088 -18.2138 18.2325
    endloop
  endfacet
  facet normal 0 0 1
    outer loop
      vertex 0 0 62.2325
      vertex -39.5088 -18.2138 62.2325
      vertex -38.7632 -19.7509 62.2325
    endloop
  endfacet
  facet normal -0.899748 -0.436409 0
    outer loop
      vertex -39.5088 -18.2138 18.2325
      vertex -38.7632 -19.7509 18.2325
      vertex -38.7632 -19.7509 62.2325
    endloop
  endfacet
  facet normal -0.899748 -0.436409 0
    outer loop
      vertex -39.5088 -18.2138 18.2325
      vertex -38.7632 -19.7509 62.2325
      vertex -39.5088 -18.2138 62.2325
    endloop
  endfacet
  facet normal 0 0 -1
    outer loop
      vertex 0 0 18.2325
      vertex -37.9579 -21.2575 18.2325
      vertex -38.7632 -19.7509 18.2325
    endloop
  endfacet
  facet normal 0 0 1
    outer loop
      vertex 0 0 62.2325
      vertex -38.7632 -19.7509 62.2325
      vertex -37.9579 -21.2575 62.2325
    endloop
  endfacet
  facet normal -0.881921 -0.471397 0
    outer loop
      vertex -38.7632 -19.7509 18.2325
      vertex -37.9579 -21.2575 18.2325
      vertex -37.9579 -21.2575 62.2325
    endloop
  endfacet
  facet normal -0.881921 -0.471397 0
    outer loop
      vertex -38.7632 -19.7509 18.2325
      vertex -37.9579 -21.2575 62.2325
      vertex -38.7632 -19.7509 62.2325
    endloop
  endfacet
  facet normal 0 0 -1
    outer loop
      vertex 0 0 18.2325
      vertex -37.0941 -22.7313 18.2325
      vertex -37.9579 -21.2575 18.2325
    endloop
  endfacet
  facet normal 0 0 1
    outer loop
      vertex 0 0 62.2325
      vertex -37.9579 -21.2575 62.2325
      vertex -37.0941 -22.7313 62.2325
    endloop
  endfacet
  facet normal -0.862734 -0.505657 0
    outer loop
      vertex -37.9579 -21.2575 18.2325
      vertex -37.0941 -22.7313 18.2325
      vertex -37.0941 -22.7313 62.2325
    endloop
  endfacet
  facet normal -0.862734 -0.505657 0
    outer loop
      vertex -37.9579 -21.2575 18.2325
      vertex -37.0941 -22.7313 62.2325
      vertex -37.9579 -21.2575 62.2325
    endloop
  endfacet
  facet normal 0 0 -1
    outer loop
      vertex 0 0 18.2325
      vertex -36.1731 -24.1701 18.2325
      vertex -37.0941 -22.7313 18.2325
    endloop
  endfacet
  facet normal 0 0 1
    outer loop
      vertex 0 0 62.2325
      vertex -37.0941 -22.7313 62.2325
      vertex -36.1731 -24.1701 62.2325
    endloop
  endfacet
  facet normal -0.842217 -0.539138 0
    outer loop
      vertex -37.0941 -22.7313 18.2325
      vertex -36.1731 -24.1701 18.2325
      vertex -36.1731 -24.1701 62.2325
    endloop
  endfacet
  facet normal -0.842217 -0.539138 0
    outer loop
      vertex -37.0941 -22.7313 18.2325
      vertex -36.1731 -24.1701 62.2325
      vertex -37.0941 -22.7313 62.2325
    endloop
  endfacet
  facet normal 0 0 -1
    outer loop
      vertex 0 0 18.2325
      vertex -35.1963 -25.5716 18.2325
      vertex -36.1731 -24.1701 18.2325
    endloop
  endfacet
  facet normal 0 0 1
    outer loop
      vertex 0 0 62.2325
      vertex -36.1731 -24.1701 62.2325
      vertex -35.1963 -25.5716 62.2325
    endloop
  endfacet
  facet normal -0.820401 -0.571788 0
    outer loop
      vertex -36.1731 -24.1701 18.2325
      vertex -35.1963 -25.5716 18.2325
      vertex -35.1963 -25.5716 62.2325
    endloop
  endfacet
  facet normal -0.820401 -0.571788 0
    outer loop
      vertex -36.1731 -24.1701 18.2325
      vertex -35.1963 -25.5716 62.2325
      vertex -36.1731 -24.1701 62.2325
    endloop
  endfacet
  facet normal 0 0 -1
    outer loop
      vertex 0 0 18.2325
      vertex -34.1652 -26.9337 18.2325
      vertex -35.1963 -25.5716 18.2325
    endloop
  endfacet
  facet normal 0 0 1
    outer loop
      vertex 0 0 62.2325
      vertex -35.1963 -25.5716 62.2325
      vertex -34.1652 -26.9337 62.2325
    endloop
  endfacet
  facet normal -0.797321 -0.603556 0
    outer loop
      vertex -35.1963 -25.5716 18.2325
      vertex -34.1652 -26.9337 18.2325
      vertex -34.1652 -26.9337 62.2325
    endloop
  endfacet
  facet normal -0.797321 -0.603556 0
    outer loop
      vertex -35.1963 -25.5716 18.2325
      vertex -34.1652 -26.9337 62.2325
      vertex -35.1963 -25.5716 62.2325
    endloop
  endfacet
  facet normal 0 0 -1
    outer loop
      vertex 0 0 18.2325
      vertex -33.0815 -28.2542 18.2325
      vertex -34.1652 -26.9337 18.2325
    endloop
  endfacet
  facet normal 0 0 1
    outer loop
      vertex 0 0 62.2325
      vertex -34.1652 -26.9337 62.2325
      vertex -33.0815 -28.2542 62.2325
    endloop
  endfacet
  facet normal -0.77301 -0.634393 0
    outer loop
      vertex -34.1652 -26.9337 18.2325
      vertex -33.0815 -28.2542 18.2325
      vertex -33.0815 -28.2542 62.2325
    endloop
  endfacet
  facet normal -0.77301 -0.634393 0
    outer loop
      vertex -34.1652 -26.9337 18.2325
      vertex -33.0815 -28.2542 62.2325
      vertex -34.1652 -26.9337 62.2325
    endloop
  endfacet
  facet normal 0 0 -1
    outer loop
      vertex 0 0 18.2325
      vertex -31.9467 -29.5312 18.2325
      vertex -33.0815 -28.2542 18.2325
    endloop
  endfacet
  facet normal 0 0 1
    outer loop
      vertex 0 0 62.2325
      vertex -33.0815 -28.2542 62.2325
      vertex -31.9467 -29.5312 62.2325
    endloop
  endfacet
  facet normal -0.747508 -0.664252 0
    outer loop
      vertex -33.0815 -28.2542 18.2325
      vertex -31.9467 -29.5312 18.2325
      vertex -31.9467 -29.5312 62.2325
    endloop
  endfacet
  facet normal -0.747508 -0.664252 0
    outer loop
      vertex -33.0815 -28.2542 18.2325
      vertex -31.9467 -29.5312 62.2325
      vertex -33.0815 -28.2542 62.2325
    endloop
  endfacet
  facet normal 0 0 -1
    outer loop
      vertex 0 0 18.2325
      vertex -30.7627 -30.7627 18.2325
      vertex -31.9467 -29.5312 18.2325
    endloop
  endfacet
  facet normal 0 0 1
    outer loop
      vertex 0 0 62.2325
      vertex -31.9467 -29.5312 62.2325
      vertex -30.7627 -30.7627 62.2325
    endloop
  endfacet
  facet normal -0.720854 -0.693087 0
    outer loop
      vertex -31.9467 -29.5312 18.2325
      vertex -30.7627 -30.7627 18.2325
      vertex -30.7627 -30.7627 62.2325
    endloop
  endfacet
  facet normal -0.720854 -0.693087 0
    outer loop
      vertex -31.9467 -29.5312 18.2325
      vertex -30.7627 -30.7627 62.2325
      vertex -31.9467 -29.5312 62.2325
    endloop
  endfacet
  facet normal 0 0 -1
    outer loop
      vertex 0 0 18.2325
      vertex -29.5312 -31.9467 18.2325
      vertex -30.7627 -30.7627 18.2325
    endloop
  endfacet
  facet normal 0 0 1
    outer loop
      vertex 0 0 62.2325
      vertex -30.7627 -30.7627 62.2325
      vertex -29.5312 -31.9467 62.2325
    endloop
  endfacet
  facet normal -0.693087 -0.720854 0
    outer loop
      vertex -30.7627 -30.7627 18.2325
      vertex -29.5312 -31.9467 18.2325
      vertex -29.5312 -31.9467 62.2325
    endloop
  endfacet
  facet normal -0.693087 -0.720854 0
    outer loop
      vertex -30.7627 -30.7627 18.2325
      vertex -29.5312 -31.9467 62.2325
      vertex -30.7627 -30.7627 62.2325
    endloop
  endfacet
  facet normal 0 0 -1
    outer loop
      vertex 0 0 18.2325
      vertex -28.2542 -33.0815 18.2325
      vertex -29.5312 -31.9467 18.2325
    endloop
  endfacet
  facet normal 0 0 1
    outer loop
      vertex 0 0 62.2325
      vertex -29.5312 -31.9467 62.2325
      vertex -28.2542 -33.0815 62.2325
    endloop
  endfacet
  facet normal -0.664252 -0.747508 0
    outer loop
      vertex -29.5312 -31.9467 18.2325
      vertex -28.2542 -33.0815 18.2325
      vertex -28.2542 -33.0815 62.2325
    endloop
  endfacet
  facet normal -0.664252 -0.747508 0
    outer loop
      vertex -29.5312 -31.9467 18.2325
      vertex -28.2542 -33.0815 62.2325
      vertex -29.5312 -31.9467 62.2325
    endloop
  endfacet
  facet normal 0 0 -1
    outer loop
      vertex 0 0 18.2325
      vertex -26.9337 -34.1652 18.2325
      vertex -28.2542 -33.0815 18.2325
    endloop
  endfacet
  facet normal 0 0 1
    outer loop
      vertex 0 0 62.2325
      vertex -28.2542 -33.0815 62.2325
      vertex -26.9337 -34.1652 62.2325
    endloop
  endfacet
  facet normal -0.634393 -0.77301 0
    outer loop
      vertex -28.2542 -33.0815 18.2325
      vertex -26.9337 -34.1652 18.2325
      vertex -26.9337 -34.1652 62.2325
    endloop
  endfacet
  facet normal -0.634393 -0.77301 0
    outer loop
      vertex -28.2542 -33.0815 18.2325
      vertex -26.9337 -34.1652 62.2325
      vertex -28.2542 -33.0815 62.2325
    endloop
  endfacet
  facet normal 0 0 -1
    outer loop
      vertex 0 0 18.2325
      vertex -25.5716 -35.1963 18.2325
      vertex -26.9337 -34.1652 18.2325
    endloop
  endfacet
  facet normal 0 0 1
    outer loop
      vertex 0 0 62.2325
      vertex -26.9337 -34.1652 62.2325
      vertex -25.5716 -35.1963 62.2325
    endloop
  endfacet
  facet normal -0.603556 -0.797321 0
    outer loop
      vertex -26.9337 -34.1652 18.2325
      vertex -25.5716 -35.1963 18.2325
      vertex -25.5716 -35.1963 62.2325
    endloop
  endfacet
  facet normal -0.603556 -0.797321 0
    outer loop
      vertex -26.9337 -34.1652 18.2325
      vertex -25.5716 -35.1963 62.2325
      vertex -26.9337 -34.1652 62.2325
    endloop
  endfacet
  facet normal 0 0 -1
    outer loop
      vertex 0 0 18.2325
      vertex -24.1701 -36.1731 18.2325
      vertex -25.5716 -35.1963 18.2325
    endloop
  endfacet
  facet normal 0 0 1
    outer loop
      vertex 0 0 62.2325
      vertex -25.5716 -35.1963 62.2325
      vertex -24.1701 -36.1731 62.2325
    endloop
  endfacet
  facet normal -0.571788 -0.820401 0
    outer loop
      vertex -25.5716 -35.1963 18.2325
      vertex -24.1701 -36.1731 18.2325
      vertex -24.1701 -36.1731 62.2325
    endloop
  endfacet
  facet normal -0.571788 -0.820401 0
    outer loop
      vertex -25.5716 -35.1963 18.2325
      vertex -24.1701 -36.1731 62.2325
      vertex -25.5716 -35.1963 62.2325
    endloop
  endfacet
  facet normal 0 0 -1
    outer loop
      vertex 0 0 18.2325
      vertex -22.7313 -37.0941 18.2325
      vertex -24.1701 -36.1731 18.2325
    endloop
  endfacet
  facet normal 0 0 1
    outer loop
      vertex 0 0 62.2325
      vertex -24.1701 -36.1731 62.2325
      vertex -22.7313 -37.0941 62.2325
    endloop
  endfacet
  facet normal -0.539138 -0.842217 0
    outer loop
      vertex -24.1701 -36.1731 18.2325
      vertex -22.7313 -37.0941 18.2325
      vertex -22.7313 -37.0941 62.2325
    endloop
  endfacet
  facet normal -0.539138 -0.842217 0
    outer loop
      vertex -24.1701 -36.1731 18.2325
      vertex -22.7313 -37.0941 62.2325
      vertex -24.1701 -36.1731 62.2325
    endloop
  endfacet
  facet normal 0 0 -1
    outer loop
      vertex 0 0 18.2325
      vertex -21.2575 -37.9579 18.2325
      vertex -22.7313 -37.0941 18.2325
    endloop
  endfacet
  facet normal 0 0 1
    outer loop
      vertex 0 0 62.2325
      vertex -22.7313 -37.0941 62.2325
      vertex -21.2575 -37.9579 62.2325
    endloop
  endfacet
  facet normal -0.505657 -0.862734 0
    outer loop
      vertex -22.7313 -37.0941 18.2325
      vertex -21.2575 -37.9579 18.2325
      vertex -21.2575 -37.9579 62.2325
    endloop
  endfacet
  facet normal -0.505657 -0.862734 0
    outer loop
      vertex -22.7313 -37.0941 18.2325
      vertex -21.2575 -37.9579 62.2325
      vertex -22.7313 -37.0941 62.2325
    endloop
  endfacet
  facet normal 0 0 -1
    outer loop
      vertex 0 0 18.2325
      vertex -19.7509 -38.7632 18.2325
      vertex -21.2575 -37.9579 18.2325
    endloop
  endfacet
  facet normal 0 0 1
    outer loop
      vertex 0 0 62.2325
      vertex -21.2575 -37.9579 62.2325
      vertex -19.7509 -38.7632 62.2325
    endloop
  endfacet
  facet normal -0.471397 -0.881921 0
    outer loop
      vertex -21.2575 -37.9579 18.2325
      vertex -19.7509 -38.7632 18.2325
      vertex -19.7509 -38.7632 62.2325
    endloop
  endfacet
  facet normal -0.471397 -0.881921 0
    outer loop
      vertex -21.2575 -37.9579 18.2325
      vertex -19.7509 -38.7632 62.2325
      vertex -21.2575 -37.9579 62.2325
    endloop
  endfacet
  facet normal 0 0 -1
    outer loop
      vertex 0 0 18.2325
      vertex -18.2138 -39.5088 18.2325
      vertex -19.7509 -38.7632 18.2325
    endloop
  endfacet
  facet normal 0 0 1
    outer loop
      vertex 0 0 62.2325
      vertex -19.7509 -38.7632 62.2325
      vertex -18.2138 -39.5088 62.2325
    endloop
  endfacet
  facet normal -0.436409 -0.899748 0
    outer loop
      vertex -19.7509 -38.7632 18.2325
      vertex -18.2138 -39.5088 18.2325
      vertex -18.2138 -39.5088 62.2325
    endloop
  endfacet
  facet normal -0.436409 -0.899748 0
    outer loop
      vertex -19.7509 -38.7632 18.2325
      vertex -18.2138 -39.5088 62.2325
      vertex -19.7509 -38.7632 62.2325
    endloop
  endfacet
  facet normal 0 0 -1
    outer loop
      vertex 0 0 18.2325
      vertex -16.6486 -40.1934 18.2325
      vertex -18.2138 -39.5088 18.2325
    endloop
  endfacet
  facet normal 0 0 1
    outer loop
      vertex 0 0 62.2325
      vertex -18.2138 -39.5088 62.2325
      vertex -16.6486 -40.1934 62.2325
    endloop
  endfacet
  facet normal -0.400749 -0.916188 0
    outer loop
      vertex -18.2138 -39.5088 18.2325
      vertex -16.6486 -40.1934 18.2325
      vertex -16.6486 -40.1934 62.2325
    endloop
  endfacet
  facet normal -0.400749 -0.916188 0
    outer loop
      vertex -18.2138 -39.5088 18.2325
      vertex -16.6486 -40.1934 62.2325
      vertex -18.2138 -39.5088 62.2325
    endloop
  endfacet
  facet normal 0 0 -1
    outer loop
      vertex 0 0 18.2325
      vertex -15.0578 -40.816 18.2325
      vertex -16.6486 -40.1934 18.2325
    endloop
  endfacet
  facet normal 0 0 1
    outer loop
      vertex 0 0 62.2325
      vertex -16.6486 -40.1934 62.2325
      vertex -15.0578 -40.816 62.2325
    endloop
  endfacet
  facet normal -0.36447 -0.931215 0
    outer loop
      vertex -16.6486 -40.1934 18.2325
      vertex -15.0578 -40.816 18.2325
      vertex -15.0578 -40.816 62.2325
    endloop
  endfacet
  facet normal -0.36447 -0.931215 0
    outer loop
      vertex -16.6486 -40.1934 18.2325
      vertex -15.0578 -40.816 62.2325
      vertex -16.6486 -40.1934 62.2325
    endloop
  endfacet
  facet normal 0 0 -1
    outer loop
      vertex 0 0 18.2325
      vertex -13.4438 -41.3757 18.2325
      vertex -15.0578 -40.816 18.2325
    endloop
  endfacet
  facet normal 0 0 1
    outer loop
      vertex 0 0 62.2325
      vertex -15.0578 -40.816 62.2325
      vertex -13.4438 -41.3757 62.2325
    endloop
  endfacet
  facet normal -0.32763 -0.944806 0
    outer loop
      vertex -15.0578 -40.816 18.2325
      vertex -13.4438 -41.3757 18.2325
      vertex -13.4438 -41.3757 62.2325
    endloop
  endfacet
  facet normal -0.32763 -0.944806 0
    outer loop
      vertex -15.0578 -40.816 18.2325
      vertex -13.4438 -41.3757 62.2325
      vertex -15.0578 -40.816 62.2325
    endloop
  endfacet
  facet normal 0 0 -1
    outer loop
      vertex 0 0 18.2325
      vertex -11.809 -41.8716 18.2325
      vertex -13.4438 -41.3757 18.2325
    endloop
  endfacet
  facet normal 0 0 1
    outer loop
      vertex 0 0 62.2325
      vertex -13.4438 -41.3757 62.2325
      vertex -11.809 -41.8716 62.2325
    endloop
  endfacet
  facet normal -0.290285 -0.95694 0
    outer loop
      vertex -13.4438 -41.3757 18.2325
      vertex -11.809 -41.8716 18.2325
      vertex -11.809 -41.8716 62.2325
    endloop
  endfacet
  facet normal -0.290285 -0.95694 0
    outer loop
      vertex -13.4438 -41.3757 18.2325
      vertex -11.809 -41.8716 62.2325
      vertex -13.4438 -41.3757 62.2325
    endloop
  endfacet
  facet normal 0 0 -1
    outer loop
      vertex 0 0 18.2325
      vertex -10.156 -42.303 18.2325
      vertex -11.809 -41.8716 18.2325
    endloop
  endfacet
  facet normal 0 0 1
    outer loop
      vertex 0 0 62.2325
      vertex -11.809 -41.8716 62.2325
      vertex -10.156 -42.303 62.2325
    endloop
  endfacet
  facet normal -0.252492 -0.967599 0
    outer loop
      vertex -11.809 -41.8716 18.2325
      vertex -10.156 -42.303 18.2325
      vertex -10.156 -42.303 62.2325
    endloop
  endfacet
  facet normal -0.252492 -0.967599 0
    outer loop
      vertex -11.809 -41.8716 18.2325
      vertex -10.156 -42.303 62.2325
      vertex -11.809 -41.8716 62.2325
    endloop
  endfacet
  facet normal 0 0 -1
    outer loop
      vertex 0 0 18.2325
      vertex -8.4874 -42.6691 18.2325
      vertex -10.156 -42.303 18.2325
    endloop
  endfacet
  facet normal 0 0 1
    outer loop
      vertex 0 0 62.2325
      vertex -10.156 -42.303 62.2325
      vertex -8.4874 -42.6691 62.2325
    endloop
  endfacet
  facet normal -0.214309 -0.976766 0
    outer loop
      vertex -10.156 -42.303 18.2325
      vertex -8.4874 -42.6691 18.2325
      vertex -8.4874 -42.6691 62.2325
    endloop
  endfacet
  facet normal -0.214309 -0.976766 0
    outer loop
      vertex -10.156 -42.303 18.2325
      vertex -8.4874 -42.6691 62.2325
      vertex -10.156 -42.303 62.2325
    endloop
  endfacet
  facet normal 0 0 -1
    outer loop
      vertex 0 0 18.2325
      vertex -6.80568 -42.9694 18.2325
      vertex -8.4874 -42.6691 18.2325
    endloop
  endfacet
  facet normal 0 0 1
    outer loop
      vertex 0 0 62.2325
      vertex -8.4874 -42.6691 62.2325
      vertex -6.80568 -42.9694 62.2325
    endloop
  endfacet
  facet normal -0.175796 -0.984427 0
    outer loop
      vertex -8.4874 -42.6691 18.2325
      vertex -6.80568 -42.9694 18.2325
      vertex -6.80568 -42.9694 62.2325
    endloop
  endfacet
  facet normal -0.175796 -0.984427 0
    outer loop
      vertex -8.4874 -42.6691 18.2325
      vertex -6.80568 -42.9694 62.2325
      vertex -8.4874 -42.6691 62.2325
    endloop
  endfacet
  facet normal 0 0 -1
    outer loop
      vertex 0 0 18.2325
      vertex -5.11346 -43.2034 18.2325
      vertex -6.80568 -42.9694 18.2325
    endloop
  endfacet
  facet normal 0 0 1
    outer loop
      vertex 0 0 62.2325
      vertex -6.80568 -42.9694 62.2325
      vertex -5.11346 -43.2034 62.2325
    endloop
  endfacet
  facet normal -0.137012 -0.990569 0
    outer loop
      vertex -6.80568 -42.9694 18.2325
      vertex -5.11346 -43.2034 18.2325
      vertex -5.11346 -43.2034 62.2325
    endloop
  endfacet
  facet normal -0.137012 -0.990569 0
    outer loop
      vertex -6.80568 -42.9694 18.2325
      vertex -5.11346 -43.2034 62.2325
      vertex -6.80568 -42.9694 62.2325
    endloop
  endfacet
  facet normal 0 0 -1
    outer loop
      vertex 0 0 18.2325
      vertex -3.41336 -43.3709 18.2325
      vertex -5.11346 -43.2034 18.2325
    endloop
  endfacet
  facet normal 0 0 1
    outer loop
      vertex 0 0 62.2325
      vertex -5.11346 -43.2034 62.2325
      vertex -3.41336 -43.3709 62.2325
    endloop
  endfacet
  facet normal -0.0980171 -0.995185 0
    outer loop
      vertex -5.11346 -43.2034 18.2325
      vertex -3.41336 -43.3709 18.2325
      vertex -3.41336 -43.3709 62.2325
    endloop
  endfacet
  facet normal -0.0980171 -0.995185 0
    outer loop
      vertex -5.11346 -43.2034 18.2325
      vertex -3.41336 -43.3709 62.2325
      vertex -5.11346 -43.2034 62.2325
    endloop
  endfacet
  facet normal 0 0 -1
    outer loop
      vertex 0 0 18.2325
      vertex -1.708 -43.4715 18.2325
      vertex -3.41336 -43.3709 18.2325
    endloop
  endfacet
  facet normal 0 0 1
    outer loop
      vertex 0 0 62.2325
      vertex -3.41336 -43.3709 62.2325
      vertex -1.708 -43.4715 62.2325
    endloop
  endfacet
  facet normal -0.0588708 -0.998266 0
    outer loop
      vertex -3.41336 -43.3709 18.2325
      vertex -1.708 -43.4715 18.2325
      vertex -1.708 -43.4715 62.2325
    endloop
  endfacet
  facet normal -0.0588708 -0.998266 0
    outer loop
      vertex -3.41336 -43.3709 18.2325
      vertex -1.708 -43.4715 62.2325
      vertex -3.41336 -43.3709 62.2325
    endloop
  endfacet
  facet normal 0 0 -1
    outer loop
      vertex 0 0 18.2325
      vertex -7.99174e-15 -43.505 18.2325
      vertex -1.708 -43.4715 18.2325
    endloop
  endfacet
  facet normal 0 0 1
    outer loop
      vertex 0 0 62.2325
      vertex -1.708 -43.4715 62.2325
      vertex -7.99174e-15 -43.505 62.2325
    endloop
  endfacet
  facet normal -0.0196337 -0.999807 0
    outer loop
      vertex -1.708 -43.4715 18.2325
      vertex -7.99174e-15 -43.505 18.2325
      vertex -7.99174e-15 -43.505 62.2325
    endloop
  endfacet
  facet normal -0.0196337 -0.999807 0
    outer loop
      vertex -1.708 -43.4715 18.2325
      vertex -7.99174e-15 -43.505 62.2325
      vertex -1.708 -43.4715 62.2325
    endloop
  endfacet
  facet normal 0 0 -1
    outer loop
      vertex 0 0 18.2325
      vertex 1.708 -43.4715 18.2325
      vertex -7.99174e-15 -43.505 18.2325
    endloop
  endfacet
  facet normal 0 0 1
    outer loop
      vertex 0 0 62.2325
      vertex -7.99174e-15 -43.505 62.2325
      vertex 1.708 -43.4715 62.2325
    endloop
  endfacet
  facet normal 0.0196337 -0.999807 0
    outer loop
      vertex -7.99174e-15 -43.505 18.2325
      vertex 1.708 -43.4715 18.2325
      vertex 1.708 -43.4715 62.2325
    endloop
  endfacet
  facet normal 0.0196337 -0.999807 0
    outer loop
      vertex -7.99174e-15 -43.505 18.2325
      vertex 1.708 -43.4715 62.2325
      vertex -7.99174e-15 -43.505 62.2325
    endloop
  endfacet
  facet normal 0 0 -1
    outer loop
      vertex 0 0 18.2325
      vertex 3.41336 -43.3709 18.2325
      vertex 1.708 -43.4715 18.2325
    endloop
  endfacet
  facet normal 0 0 1
    outer loop
      vertex 0 0 62.2325
      vertex 1.708 -43.4715 62.2325
      vertex 3.41336 -43.3709 62.2325
    endloop
  endfacet
  facet normal 0.0588708 -0.998266 0
    outer loop
      vertex 1.708 -43.4715 18.2325
      vertex 3.41336 -43.3709 18.2325
      vertex 3.41336 -43.3709 62.2325
    endloop
  endfacet
  facet normal 0.0588708 -0.998266 0
    outer loop
      vertex 1.708 -43.4715 18.2325
      vertex 3.41336 -43.3709 62.2325
      vertex 1.708 -43.4715 62.2325
    endloop
  endfacet
  facet normal 0 0 -1
    outer loop
      vertex 0 0 18.2325
      vertex 5.11346 -43.2034 18.2325
      vertex 3.41336 -43.3709 18.2325
    endloop
  endfacet
  facet normal 0 0 1
    outer loop
      vertex 0 0 62.2325
      vertex 3.41336 -43.3709 62.2325
      vertex 5.11346 -43.2034 62.2325
    endloop
  endfacet
  facet normal 0.0980171 -0.995185 0
    outer loop
      vertex 3.41336 -43.3709 18.2325
      vertex 5.11346 -43.2034 18.2325
      vertex 5.11346 -43.2034 62.2325
    endloop
  endfacet
  facet normal 0.0980171 -0.995185 0
    outer loop
      vertex 3.41336 -43.3709 18.2325
      vertex 5.11346 -43.2034 62.2325
      vertex 3.41336 -43.3709 62.2325
    endloop
  endfacet
  facet normal 0 0 -1
    outer loop
      vertex 0 0 18.2325
      vertex 6.80568 -42.9694 18.2325
      vertex 5.11346 -43.2034 18.2325
    endloop
  endfacet
  facet normal 0 0 1
    outer loop
      vertex 0 0 62.2325
      vertex 5.11346 -43.2034 62.2325
      vertex 6.80568 -42.9694 62.2325
    endloop
  endfacet
  facet normal 0.137012 -0.990569 0
    outer loop
      vertex 5.11346 -43.2034 18.2325
      vertex 6.80568 -42.9694 18.2325
      vertex 6.80568 -42.9694 62.2325
    endloop
  endfacet
  facet normal 0.137012 -0.990569 0
    outer loop
      vertex 5.11346 -43.2034 18.2325
      vertex 6.80568 -42.9694 62.2325
      vertex 5.11346 -43.2034 62.2325
    endloop
  endfacet
  facet normal 0 0 -1
    outer loop
      vertex 0 0 18.2325
      vertex 8.4874 -42.6691 18.2325
      vertex 6.80568 -42.9694 18.2325
    endloop
  endfacet
  facet normal 0 0 1
    outer loop
      vertex 0 0 62.2325
      vertex 6.80568 -42.9694 62.2325
      vertex 8.4874 -42.6691 62.2325
    endloop
  endfacet
  facet normal 0.175796 -0.984427 0
    outer loop
      vertex 6.80568 -42.9694 18.2325
      vertex 8.4874 -42.6691 18.2325
      vertex 8.4874 -42.6691 62.2325
    endloop
  endfacet
  facet normal 0.175796 -0.984427 0
    outer loop
      vertex 6.80568 -42.9694 18.2325
      vertex 8.4874 -42.6691 62.2325
      vertex 6.80568 -42.9694 62.2325
    endloop
  endfacet
  facet normal 0 0 -1
    outer loop
      vertex 0 0 18.2325
      vertex 10.156 -42.303 18.2325
      vertex 8.4874 -42.6691 18.2325
    endloop
  endfacet
  facet normal 0 0 1
    outer loop
      vertex 0 0 62.2325
      vertex 8.4874 -42.6691 62.2325
      vertex 10.156 -42.303 62.2325
    endloop
  endfacet
  facet normal 0.214309 -0.976766 0
    outer loop
      vertex 8.4874 -42.6691 18.2325
      vertex 10.156 -42.303 18.2325
      vertex 10.156 -42.303 62.2325
    endloop
  endfacet
  facet normal 0.214309 -0.976766 0
    outer loop
      vertex 8.4874 -42.6691 18.2325
      vertex 10.156 -42.303 62.2325
      vertex 8.4874 -42.6691 62.2325
    endloop
  endfacet
  facet normal 0 0 -1
    outer loop
      vertex 0 0 18.2325
      vertex 11.809 -41.8716 18.2325
      vertex 10.156 -42.303 18.2325
    endloop
  endfacet
  facet normal 0 0 1
    outer loop
      vertex 0 0 62.2325
      vertex 10.156 -42.303 62.2325
      vertex 11.809 -41.8716 62.2325
    endloop
  endfacet
  facet normal 0.252492 -0.967599 0
    outer loop
      vertex 10.156 -42.303 18.2325
      vertex 11.809 -41.8716 18.2325
      vertex 11.809 -41.8716 62.2325
    endloop
  endfacet
  facet normal 0.252492 -0.967599 0
    outer loop
      vertex 10.156 -42.303 18.2325
      vertex 11.809 -41.8716 62.2325
      vertex 10.156 -42.303 62.2325
    endloop
  endfacet
  facet normal 0 0 -1
    outer loop
      vertex 0 0 18.2325
      vertex 13.4438 -41.3757 18.2325
      vertex 11.809 -41.8716 18.2325
    endloop
  endfacet
  facet normal 0 0 1
    outer loop
      vertex 0 0 62.2325
      vertex 11.809 -41.8716 62.2325
      vertex 13.4438 -41.3757 62.2325
    endloop
  endfacet
  facet normal 0.290285 -0.95694 0
    outer loop
      vertex 11.809 -41.8716 18.2325
      vertex 13.4438 -41.3757 18.2325
      vertex 13.4438 -41.3757 62.2325
    endloop
  endfacet
  facet normal 0.290285 -0.95694 0
    outer loop
      vertex 11.809 -41.8716 18.2325
      vertex 13.4438 -41.3757 62.2325
      vertex 11.809 -41.8716 62.2325
    endloop
  endfacet
  facet normal 0 0 -1
    outer loop
      vertex 0 0 18.2325
      vertex 15.0578 -40.816 18.2325
      vertex 13.4438 -41.3757 18.2325
    endloop
  endfacet
  facet normal 0 0 1
    outer loop
      vertex 0 0 62.2325
      vertex 13.4438 -41.3757 62.2325
      vertex 15.0578 -40.816 62.2325
    endloop
  endfacet
  facet normal 0.32763 -0.944806 0
    outer loop
      vertex 13.4438 -41.3757 18.2325
      vertex 15.0578 -40.816 18.2325
      vertex 15.0578 -40.816 62.2325
    endloop
  endfacet
  facet normal 0.32763 -0.944806 0
    outer loop
      vertex 13.4438 -41.3757 18.2325
      vertex 15.0578 -40.816 62.2325
      vertex 13.4438 -41.3757 62.2325
    endloop
  endfacet
  facet normal 0 0 -1
    outer loop
      vertex 0 0 18.2325
      vertex 16.6486 -40.1934 18.2325
      vertex 15.0578 -40.816 18.2325
    endloop
  endfacet
  facet normal 0 0 1
    outer loop
      vertex 0 0 62.2325
      vertex 15.0578 -40.816 62.2325
      vertex 16.6486 -40.1934 62.2325
    endloop
  endfacet
  facet normal 0.36447 -0.931215 0
    outer loop
      vertex 15.0578 -40.816 18.2325
      vertex 16.6486 -40.1934 18.2325
      vertex 16.6486 -40.1934 62.2325
    endloop
  endfacet
  facet normal 0.36447 -0.931215 0
    outer loop
      vertex 15.0578 -40.816 18.2325
      vertex 16.6486 -40.1934 62.2325
      vertex 15.0578 -40.816 62.2325
    endloop
  endfacet
  facet normal 0 0 -1
    outer loop
      vertex 0 0 18.2325
      vertex 18.2138 -39.5088 18.2325
      vertex 16.6486 -40.1934 18.2325
    endloop
  endfacet
  facet normal 0 0 1
    outer loop
      vertex 0 0 62.2325
      vertex 16.6486 -40.1934 62.2325
      vertex 18.2138 -39.5088 62.2325
    endloop
  endfacet
  facet normal 0.400749 -0.916188 0
    outer loop
      vertex 16.6486 -40.1934 18.2325
      vertex 18.2138 -39.5088 18.2325
      vertex 18.2138 -39.5088 62.2325
    endloop
  endfacet
  facet normal 0.400749 -0.916188 0
    outer loop
      vertex 16.6486 -40.1934 18.2325
      vertex 18.2138 -39.5088 62.2325
      vertex 16.6486 -40.1934 62.2325
    endloop
  endfacet
  facet normal 0 0 -1
    outer loop
      vertex 0 0 18.2325
      vertex 19.7509 -38.7632 18.2325
      vertex 18.2138 -39.5088 18.2325
    endloop
  endfacet
  facet normal 0 0 1
    outer loop
      vertex 0 0 62.2325
      vertex 18.2138 -39.5088 62.2325
      vertex 19.7509 -38.7632 62.2325
    endloop
  endfacet
  facet normal 0.436409 -0.899748 0
    outer loop
      vertex 18.2138 -39.5088 18.2325
      vertex 19.7509 -38.7632 18.2325
      vertex 19.7509 -38.7632 62.2325
    endloop
  endfacet
  facet normal 0.436409 -0.899748 0
    outer loop
      vertex 18.2138 -39.5088 18.2325
      vertex 19.7509 -38.7632 62.2325
      vertex 18.2138 -39.5088 62.2325
    endloop
  endfacet
  facet normal 0 0 -1
    outer loop
      vertex 0 0 18.2325
      vertex 21.2575 -37.9579 18.2325
      vertex 19.7509 -38.7632 18.2325
    endloop
  endfacet
  facet normal 0 0 1
    outer loop
      vertex 0 0 62.2325
      vertex 19.7509 -38.7632 62.2325
      vertex 21.2575 -37.9579 62.2325
    endloop
  endfacet
  facet normal 0.471397 -0.881921 0
    outer loop
      vertex 19.7509 -38.7632 18.2325
      vertex 21.2575 -37.9579 18.2325
      vertex 21.2575 -37.9579 62.2325
    endloop
  endfacet
  facet normal 0.471397 -0.881921 0
    outer loop
      vertex 19.7509 -38.7632 18.2325
      vertex 21.2575 -37.9579 62.2325
      vertex 19.7509 -38.7632 62.2325
    endloop
  endfacet
  facet normal 0 0 -1
    outer loop
      vertex 0 0 18.2325
      vertex 22.7313 -37.0941 18.2325
      vertex 21.2575 -37.9579 18.2325
    endloop
  endfacet
  facet normal 0 0 1
    outer loop
      vertex 0 0 62.2325
      vertex 21.2575 -37.9579 62.2325
      vertex 22.7313 -37.0941 62.2325
    endloop
  endfacet
  facet normal 0.505657 -0.862734 0
    outer loop
      vertex 21.2575 -37.9579 18.2325
      vertex 22.7313 -37.0941 18.2325
      vertex 22.7313 -37.0941 62.2325
    endloop
  endfacet
  facet normal 0.505657 -0.862734 0
    outer loop
      vertex 21.2575 -37.9579 18.2325
      vertex 22.7313 -37.0941 62.2325
      vertex 21.2575 -37.9579 62.2325
    endloop
  endfacet
  facet normal 0 0 -1
    outer loop
      vertex 0 0 18.2325
      vertex 24.1701 -36.1731 18.2325
      vertex 22.7313 -37.0941 18.2325
    endloop
  endfacet
  facet normal 0 0 1
    outer loop
      vertex 0 0 62.2325
      vertex 22.7313 -37.0941 62.2325
      vertex 24.1701 -36.1731 62.2325
    endloop
  endfacet
  facet normal 0.539138 -0.842217 0
    outer loop
      vertex 22.7313 -37.0941 18.2325
      vertex 24.1701 -36.1731 18.2325
      vertex 24.1701 -36.1731 62.2325
    endloop
  endfacet
  facet normal 0.539138 -0.842217 0
    outer loop
      vertex 22.7313 -37.0941 18.2325
      vertex 24.1701 -36.1731 62.2325
      vertex 22.7313 -37.0941 62.2325
    endloop
  endfacet
  facet normal 0 0 -1
    outer loop
      vertex 0 0 18.2325
      vertex 25.5716 -35.1963 18.2325
      vertex 24.1701 -36.1731 18.2325
    endloop
  endfacet
  facet normal 0 0 1
    outer loop
      vertex 0 0 62.2325
      vertex 24.1701 -36.1731 62.2325
      vertex 25.5716 -35.1963 62.2325
    endloop
  endfacet
  facet normal 0.571788 -0.820401 0
    outer loop
      vertex 24.1701 -36.1731 18.2325
      vertex 25.5716 -35.1963 18.2325
      vertex 25.5716 -35.1963 62.2325
    endloop
  endfacet
  facet normal 0.571788 -0.820401 0
    outer loop
      vertex 24.1701 -36.1731 18.2325
      vertex 25.5716 -35.1963 62.2325
      vertex 24.1701 -36.1731 62.2325
    endloop
  endfacet
  facet normal 0 0 -1
    outer loop
      vertex 0 0 18.2325
      vertex 26.9337 -34.1652 18.2325
      vertex 25.5716 -35.1963 18.2325
    endloop
  endfacet
  facet normal 0 0 1
    outer loop
      vertex 0 0 62.2325
      vertex 25.5716 -35.1963 62.2325
      vertex 26.9337 -34.1652 62.2325
    endloop
  endfacet
  facet normal 0.603556 -0.797321 0
    outer loop
      vertex 25.5716 -35.1963 18.2325
      vertex 26.9337 -34.1652 18.2325
      vertex 26.9337 -34.1652 62.2325
    endloop
  endfacet
  facet normal 0.603556 -0.797321 0
    outer loop
      vertex 25.5716 -35.1963 18.2325
      vertex 26.9337 -34.1652 62.2325
      vertex 25.5716 -35.1963 62.2325
    endloop
  endfacet
  facet normal 0 0 -1
    outer loop
      vertex 0 0 18.2325
      vertex 28.2542 -33.0815 18.2325
      vertex 26.9337 -34.1652 18.2325
    endloop
  endfacet
  facet normal 0 0 1
    outer loop
      vertex 0 0 62.2325
      vertex 26.9337 -34.1652 62.2325
      vertex 28.2542 -33.0815 62.2325
    endloop
  endfacet
  facet normal 0.634393 -0.77301 0
    outer loop
      vertex 26.9337 -34.1652 18.2325
      vertex 28.2542 -33.0815 18.2325
      vertex 28.2542 -33.0815 62.2325
    endloop
  endfacet
  facet normal 0.634393 -0.77301 0
    outer loop
      vertex 26.9337 -34.1652 18.2325
      vertex 28.2542 -33.0815 62.2325
      vertex 26.9337 -34.1652 62.2325
    endloop
  endfacet
  facet normal 0 0 -1
    outer loop
      vertex 0 0 18.2325
      vertex 29.5312 -31.9467 18.2325
      vertex 28.2542 -33.0815 18.2325
    endloop
  endfacet
  facet normal 0 0 1
    outer loop
      vertex 0 0 62.2325
      vertex 28.2542 -33.0815 62.2325
      vertex 29.5312 -31.9467 62.2325
    endloop
  endfacet
  facet normal 0.664252 -0.747508 0
    outer loop
      vertex 28.2542 -33.0815 18.2325
      vertex 29.5312 -31.9467 18.2325
      vertex 29.5312 -31.9467 62.2325
    endloop
  endfacet
  facet normal 0.664252 -0.747508 0
    outer loop
      vertex 28.2542 -33.0815 18.2325
      vertex 29.5312 -31.9467 62.2325
      vertex 28.2542 -33.0815 62.2325
    endloop
  endfacet
  facet normal 0 0 -1
    outer loop
      vertex 0 0 18.2325
      vertex 30.7627 -30.7627 18.2325
      vertex 29.5312 -31.9467 18.2325
    endloop
  endfacet
  facet normal 0 0 1
    outer loop
      vertex 0 0 62.2325
      vertex 29.5312 -31.9467 62.2325
      vertex 30.7627 -30.7627 62.2325
    endloop
  endfacet
  facet normal 0.693087 -0.720854 0
    outer loop
      vertex 29.5312 -31.9467 18.2325
      vertex 30.7627 -30.7627 18.2325
      vertex 30.7627 -30.7627 62.2325
    endloop
  endfacet
  facet normal 0.693087 -0.720854 0
    outer loop
      vertex 29.5312 -31.9467 18.2325
      vertex 30.7627 -30.7627 62.2325
      vertex 29.5312 -31.9467 62.2325
    endloop
  endfacet
  facet normal 0 0 -1
    outer loop
      vertex 0 0 18.2325
      vertex 31.9467 -29.5312 18.2325
      vertex 30.7627 -30.7627 18.2325
    endloop
  endfacet
  facet normal 0 0 1
    outer loop
      vertex 0 0 62.2325
      vertex 30.7627 -30.7627 62.2325
      vertex 31.9467 -29.5312 62.2325
    endloop
  endfacet
  facet normal 0.720854 -0.693087 0
    outer loop
      vertex 30.7627 -30.7627 18.2325
      vertex 31.9467 -29.5312 18.2325
      vertex 31.9467 -29.5312 62.2325
    endloop
  endfacet
  facet normal 0.720854 -0.693087 0
    outer loop
      vertex 30.7627 -30.7627 18.2325
      vertex 31.9467 -29.5312 62.2325
      vertex 30.7627 -30.7627 62.2325
    endloop
  endfacet
  facet normal 0 0 -1
    outer loop
      vertex 0 0 18.2325
      vertex 33.0815 -28.2542 18.2325
      vertex 31.9467 -29.5312 18.2325
    endloop
  endfacet
  facet normal 0 0 1
    outer loop
      vertex 0 0 62.2325
      vertex 31.9467 -29.5312 62.2325
      vertex 33.0815 -28.2542 62.2325
    endloop
  endfacet
  facet normal 0.747508 -0.664252 0
    outer loop
      vertex 31.9467 -29.5312 18.2325
      vertex 33.0815 -28.2542 18.2325
      vertex 33.0815 -28.2542 62.2325
    endloop
  endfacet
  facet normal 0.747508 -0.664252 0
    outer loop
      vertex 31.9467 -29.5312 18.2325
      vertex 33.0815 -28.2542 62.2325
      vertex 31.9467 -29.5312 62.2325
    endloop
  endfacet
  facet normal 0 0 -1
    outer loop
      vertex 0 0 18.2325
      vertex 34.1652 -26.9337 18.2325
      vertex 33.0815 -28.2542 18.2325
    endloop
  endfacet
  facet normal 0 0 1
    outer loop
      vertex 0 0 62.2325
      vertex 33.0815 -28.2542 62.2325
      vertex 34.1652 -26.9337 62.2325
    endloop
  endfacet
  facet normal 0.77301 -0.634393 0
    outer loop
      vertex 33.0815 -28.2542 18.2325
      vertex 34.1652 -26.9337 18.2325
      vertex 34.1652 -26.9337 62.2325
    endloop
  endfacet
  facet normal 0.77301 -0.634393 0
    outer loop
      vertex 33.0815 -28.2542 18.2325
      vertex 34.1652 -26.9337 62.2325
      vertex 33.0815 -28.2542 62.2325
    endloop
  endfacet
  facet normal 0 0 -1
    outer loop
      vertex 0 0 18.2325
      vertex 35.1963 -25.5716 18.2325
      vertex 34.1652 -26.9337 18.2325
    endloop
  endfacet
  facet normal 0 0 1
    outer loop
      vertex 0 0 62.2325
      vertex 34.1652 -26.9337 62.2325
      vertex 35.1963 -25.5716 62.2325
    endloop
  endfacet
  facet normal 0.797321 -0.603556 0
    outer loop
      vertex 34.1652 -26.9337 18.2325
      vertex 35.1963 -25.5716 18.2325
      vertex 35.1963 -25.5716 62.2325
    endloop
  endfacet
  facet normal 0.797321 -0.603556 0
    outer loop
      vertex 34.1652 -26.9337 18.2325
      vertex 35.1963 -25.5716 62.2325
      vertex 34.1652 -26.9337 62.2325
    endloop
  endfacet
  facet normal 0 0 -1
    outer loop
      vertex 0 0 18.2325
      vertex 36.1731 -24.1701 18.2325
      vertex 35.1963 -25.5716 18.2325
    endloop
  endfacet
  facet normal 0 0 1
    outer loop
      vertex 0 0 62.2325
      vertex 35.1963 -25.5716 62.2325
      vertex 36.1731 -24.1701 62.2325
    endloop
  endfacet
  facet normal 0.820401 -0.571788 0
    outer loop
      vertex 35.1963 -25.5716 18.2325
      vertex 36.1731 -24.1701 18.2325
      vertex 36.1731 -24.1701 62.2325
    endloop
  endfacet
  facet normal 0.820401 -0.571788 0
    outer loop
      vertex 35.1963 -25.5716 18.2325
      vertex 36.1731 -24.1701 62.2325
      vertex 35.1963 -25.5716 62.2325
    endloop
  endfacet
  facet normal 0 0 -1
    outer loop
      vertex 0 0 18.2325
      vertex 37.0941 -22.7313 18.2325
      vertex 36.1731 -24.1701 18.2325
    endloop
  endfacet
  facet normal 0 0 1
    outer loop
      vertex 0 0 62.2325
      vertex 36.1731 -24.1701 62.2325
      vertex 37.0941 -22.7313 62.2325
    endloop
  endfacet
  facet normal 0.842217 -0.539138 0
    outer loop
      vertex 36.1731 -24.1701 18.2325
      vertex 37.0941 -22.7313 18.2325
      vertex 37.0941 -22.7313 62.2325
    endloop
  endfacet
  facet normal 0.842217 -0.539138 0
    outer loop
      vertex 36.1731 -24.1701 18.2325
      vertex 37.0941 -22.7313 62.2325
      vertex 36.1731 -24.1701 62.2325
    endloop
  endfacet
  facet normal 0 0 -1
    outer loop
      vertex 0 0 18.2325
      vertex 37.9579 -21.2575 18.2325
      vertex 37.0941 -22.7313 18.2325
    endloop
  endfacet
  facet normal 0 0 1
    outer loop
      vertex 0 0 62.2325
      vertex 37.0941 -22.7313 62.2325
      vertex 37.9579 -21.2575 62.2325
    endloop
  endfacet
  facet normal 0.862734 -0.505657 0
    outer loop
      vertex 37.0941 -22.7313 18.2325
      vertex 37.9579 -21.2575 18.2325
      vertex 37.9579 -21.2575 62.2325
    endloop
  endfacet
  facet normal 0.862734 -0.505657 0
    outer loop
      vertex 37.0941 -22.7313 18.2325
      vertex 37.9579 -21.2575 62.2325
      vertex 37.0941 -22.7313 62.2325
    endloop
  endfacet
  facet normal 0 0 -1
    outer loop
      vertex 0 0 18.2325
      vertex 38.7632 -19.7509 18.2325
      vertex 37.9579 -21.2575 18.2325
    endloop
  endfacet
  facet normal 0 0 1
    outer loop
      vertex 0 0 62.2325
      vertex 37.9579 -21.2575 62.2325
      vertex 38.7632 -19.7509 62.2325
    endloop
  endfacet
  facet normal 0.881921 -0.471397 0
    outer loop
      vertex 37.9579 -21.2575 18.2325
      vertex 38.7632 -19.7509 18.2325
      vertex 38.7632 -19.7509 62.2325
    endloop
  endfacet
  facet normal 0.881921 -0.471397 0
    outer loop
      vertex 37.9579 -21.2575 18.2325
      vertex 38.7632 -19.7509 62.2325
      vertex 37.9579 -21.2575 62.2325
    endloop
  endfacet
  facet normal 0 0 -1
    outer loop
      vertex 0 0 18.2325
      vertex 39.5088 -18.2138 18.2325
      vertex 38.7632 -19.7509 18.2325
    endloop
  endfacet
  facet normal 0 0 1
    outer loop
      vertex 0 0 62.2325
      vertex 38.7632 -19.7509 62.2325
      vertex 39.5088 -18.2138 62.2325
    endloop
  endfacet
  facet normal 0.899748 -0.436409 0
    outer loop
      vertex 38.7632 -19.7509 18.2325
      vertex 39.5088 -18.2138 18.2325
      vertex 39.5088 -18.2138 62.2325
    endloop
  endfacet
  facet normal 0.899748 -0.436409 0
    outer loop
      vertex 38.7632 -19.7509 18.2325
      vertex 39.5088 -18.2138 62.2325
      vertex 38.7632 -19.7509 62.2325
    endloop
  endfacet
  facet normal 0 0 -1
    outer loop
      vertex 0 0 18.2325
      vertex 40.1934 -16.6486 18.2325
      vertex 39.5088 -18.2138 18.2325
    endloop
  endfacet
  facet normal 0 0 1
    outer loop
      vertex 0 0 62.2325
      vertex 39.5088 -18.2138 62.2325
      vertex 40.1934 -16.6486 62.2325
    endloop
  endfacet
  facet normal 0.916188 -0.400749 0
    outer loop
      vertex 39.5088 -18.2138 18.2325
      vertex 40.1934 -16.6486 18.2325
      vertex 40.1934 -16.6486 62.2325
    endloop
  endfacet
  facet normal 0.916188 -0.400749 0
    outer loop
      vertex 39.5088 -18.2138 18.2325
      vertex 40.1934 -16.6486 62.2325
      vertex 39.5088 -18.2138 62.2325
    endloop
  endfacet
  facet normal 0 0 -1
    outer loop
      vertex 0 0 18.2325
      vertex 40.816 -15.0578 18.2325
      vertex 40.1934 -16.6486 18.2325
    endloop
  endfacet
  facet normal 0 0 1
    outer loop
      vertex 0 0 62.2325
      vertex 40.1934 -16.6486 62.2325
      vertex 40.816 -15.0578 62.2325
    endloop
  endfacet
  facet normal 0.931215 -0.36447 0
    outer loop
      vertex 40.1934 -16.6486 18.2325
      vertex 40.816 -15.0578 18.2325
      vertex 40.816 -15.0578 62.2325
    endloop
  endfacet
  facet normal 0.931215 -0.36447 0
    outer loop
      vertex 40.1934 -16.6486 18.2325
      vertex 40.816 -15.0578 62.2325
      vertex 40.1934 -16.6486 62.2325
    endloop
  endfacet
  facet normal 0 0 -1
    outer loop
      vertex 0 0 18.2325
      vertex 41.3757 -13.4438 18.2325
      vertex 40.816 -15.0578 18.2325
    endloop
  endfacet
  facet normal 0 0 1
    outer loop
      vertex 0 0 62.2325
      vertex 40.816 -15.0578 62.2325
      vertex 41.3757 -13.4438 62.2325
    endloop
  endfacet
  facet normal 0.944806 -0.32763 0
    outer loop
      vertex 40.816 -15.0578 18.2325
      vertex 41.3757 -13.4438 18.2325
      vertex 41.3757 -13.4438 62.2325
    endloop
  endfacet
  facet normal 0.944806 -0.32763 0
    outer loop
      vertex 40.816 -15.0578 18.2325
      vertex 41.3757 -13.4438 62.2325
      vertex 40.816 -15.0578 62.2325
    endloop
  endfacet
  facet normal 0 0 -1
    outer loop
      vertex 0 0 18.2325
      vertex 41.8716 -11.809 18.2325
      vertex 41.3757 -13.4438 18.2325
    endloop
  endfacet
  facet normal 0 0 1
    outer loop
      vertex 0 0 62.2325
      vertex 41.3757 -13.4438 62.2325
      vertex 41.8716 -11.809 62.2325
    endloop
  endfacet
  facet normal 0.95694 -0.290285 0
    outer loop
      vertex 41.3757 -13.4438 18.2325
      vertex 41.8716 -11.809 18.2325
      vertex 41.8716 -11.809 62.2325
    endloop
  endfacet
  facet normal 0.95694 -0.290285 0
    outer loop
      vertex 41.3757 -13.4438 18.2325
      vertex 41.8716 -11.809 62.2325
      vertex 41.3757 -13.4438 62.2325
    endloop
  endfacet
  facet normal 0 0 -1
    outer loop
      vertex 0 0 18.2325
      vertex 42.303 -10.156 18.2325
      vertex 41.8716 -11.809 18.2325
    endloop
  endfacet
  facet normal 0 0 1
    outer loop
      vertex 0 0 62.2325
      vertex 41.8716 -11.809 62.2325
      vertex 42.303 -10.156 62.2325
    endloop
  endfacet
  facet normal 0.967599 -0.252492 0
    outer loop
      vertex 41.8716 -11.809 18.2325
      vertex 42.303 -10.156 18.2325
      vertex 42.303 -10.156 62.2325
    endloop
  endfacet
  facet normal 0.967599 -0.252492 0
    outer loop
      vertex 41.8716 -11.809 18.2325
      vertex 42.303 -10.156 62.2325
      vertex 41.8716 -11.809 62.2325
    endloop
  endfacet
  facet normal 0 0 -1
    outer loop
      vertex 0 0 18.2325
      vertex 42.6691 -8.4874 18.2325
      vertex 42.303 -10.156 18.2325
    endloop
  endfacet
  facet normal 0 0 1
    outer loop
      vertex 0 0 62.2325
      vertex 42.303 -10.156 62.2325
      vertex 42.6691 -8.4874 62.2325
    endloop
  endfacet
  facet normal 0.976766 -0.214309 0
    outer loop
      vertex 42.303 -10.156 18.2325
      vertex 42.6691 -8.4874 18.2325
      vertex 42.6691 -8.4874 62.2325
    endloop
  endfacet
  facet normal 0.976766 -0.214309 0
    outer loop
      vertex 42.303 -10.156 18.2325
      vertex 42.6691 -8.4874 62.2325
      vertex 42.303 -10.156 62.2325
    endloop
  endfacet
  facet normal 0 0 -1
    outer loop
      vertex 0 0 18.2325
      vertex 42.9694 -6.80568 18.2325
      vertex 42.6691 -8.4874 18.2325
    endloop
  endfacet
  facet normal 0 0 1
    outer loop
      vertex 0 0 62.2325
      vertex 42.6691 -8.4874 62.2325
      vertex 42.9694 -6.80568 62.2325
    endloop
  endfacet
  facet normal 0.984427 -0.175796 0
    outer loop
      vertex 42.6691 -8.4874 18.2325
      vertex 42.9694 -6.80568 18.2325
      vertex 42.9694 -6.80568 62.2325
    endloop
  endfacet
  facet normal 0.984427 -0.175796 0
    outer loop
      vertex 42.6691 -8.4874 18.2325
      vertex 42.9694 -6.80568 62.2325
      vertex 42.6691 -8.4874 62.2325
    endloop
  endfacet
  facet normal 0 0 -1
    outer loop
      vertex 0 0 18.2325
      vertex 43.2034 -5.11346 18.2325
      vertex 42.9694 -6.80568 18.2325
    endloop
  endfacet
  facet normal 0 0 1
    outer loop
      vertex 0 0 62.2325
      vertex 42.9694 -6.80568 62.2325
      vertex 43.2034 -5.11346 62.2325
    endloop
  endfacet
  facet normal 0.990569 -0.137012 0
    outer loop
      vertex 42.9694 -6.80568 18.2325
      vertex 43.2034 -5.11346 18.2325
      vertex 43.2034 -5.11346 62.2325
    endloop
  endfacet
  facet normal 0.990569 -0.137012 0
    outer loop
      vertex 42.9694 -6.80568 18.2325
      vertex 43.2034 -5.11346 62.2325
      vertex 42.9694 -6.80568 62.2325
    endloop
  endfacet
  facet normal 0 0 -1
    outer loop
      vertex 0 0 18.2325
      vertex 43.3709 -3.41336 18.2325
      vertex 43.2034 -5.11346 18.2325
    endloop
  endfacet
  facet normal 0 0 1
    outer loop
      vertex 0 0 62.2325
      vertex 43.2034 -5.11346 62.2325
      vertex 43.3709 -3.41336 62.2325
    endloop
  endfacet
  facet normal 0.995185 -0.0980171 0
    outer loop
      vertex 43.2034 -5.11346 18.2325
      vertex 43.3709 -3.41336 18.2325
      vertex 43.3709 -3.41336 62.2325
    endloop
  endfacet
  facet normal 0.995185 -0.0980171 0
    outer loop
      vertex 43.2034 -5.11346 18.2325
      vertex 43.3709 -3.41336 62.2325
      vertex 43.2034 -5.11346 62.2325
    endloop
  endfacet
  facet normal 0 0 -1
    outer loop
      vertex 0 0 18.2325
      vertex 43.4715 -1.708 18.2325
      vertex 43.3709 -3.41336 18.2325
    endloop
  endfacet
  facet normal 0 0 1
    outer loop
      vertex 0 0 62.2325
      vertex 43.3709 -3.41336 62.2325
      vertex 43.4715 -1.708 62.2325
    endloop
  endfacet
  facet normal 0.998266 -0.0588708 0
    outer loop
      vertex 43.3709 -3.41336 18.2325
      vertex 43.4715 -1.708 18.2325
      vertex 43.4715 -1.708 62.2325
    endloop
  endfacet
  facet normal 0.998266 -0.0588708 0
    outer loop
      vertex 43.3709 -3.41336 18.2325
      vertex 43.4715 -1.708 62.2325
      vertex 43.3709 -3.41336 62.2325
    endloop
  endfacet
  facet normal 0 0 -1
    outer loop
      vertex 0 0 18.2325
      vertex 43.505 -1.06557e-14 18.2325
      vertex 43.4715 -1.708 18.2325
    endloop
  endfacet
  facet normal 0 0 1
    outer loop
      vertex 0 0 62.2325
      vertex 43.4715 -1.708 62.2325
      vertex 43.505 -1.06557e-14 62.2325
    endloop
  endfacet
  facet normal 0.999807 -0.0196337 0
    outer loop
      vertex 43.4715 -1.708 18.2325
      vertex 43.505 -1.06557e-14 18.2325
      vertex 43.505 -1.06557e-14 62.2325
    endloop
  endfacet
  facet normal 0.999807 -0.0196337 0
    outer loop
      vertex 43.4715 -1.708 18.2325
      vertex 43.505 -1.06557e-14 62.2325
      vertex 43.4715 -1.708 62.2325
    endloop
  endfacet
  facet normal 0 0 -1
    outer loop
      vertex 60 0 18.2325
      vertex 103.471 1.708 18.2325
      vertex 103.505 0 18.2325
    endloop
  endfacet
  facet normal 0 0 1
    outer loop
      vertex 60 0 62.2325
      vertex 103.505 0 62.2325
      vertex 103.471 1.708 62.2325
    endloop
  endfacet
  facet normal 0.999807 0.0196337 0
    outer loop
      vertex 103.505 0 18.2325
      vertex 103.471 1.708 18.2325
      vertex 103.471 1.708 62.2325
    endloop
  endfacet
  facet normal 0.999807 0.0196337 0
    outer loop
      vertex 103.505 0 18.2325
      vertex 103.471 1.708 62.2325
      vertex 103.505 0 62.2325
    endloop
  endfacet
  facet normal 0 0 -1
    outer loop
      vertex 60 0 18.2325
      vertex 103.371 3.41336 18.2325
      vertex 103.471 1.708 18.2325
    endloop
  endfacet
  facet normal 0 0 1
    outer loop
      vertex 60 0 62.2325
      vertex 103.471 1.708 62.2325
      vertex 103.371 3.41336 62.2325
    endloop
  endfacet
  facet normal 0.998266 0.0588708 0
    outer loop
      vertex 103.471 1.708 18.2325
      vertex 103.371 3.41336 18.2325
      vertex 103.371 3.41336 62.2325
    endloop
  endfacet
  facet normal 0.998266 0.0588708 0
    outer loop
      vertex 103.471 1.708 18.2325
      vertex 103.371 3.41336 62.2325
      vertex 103.471 1.708 62.2325
    endloop
  endfacet
  facet normal 0 0 -1
    outer loop
      vertex 60 0 18.2325
      vertex 103.203 5.11346 18.2325
      vertex 103.371 3.41336 18.2325
    endloop
  endfacet
  facet normal 0 0 1
    outer loop
      vertex 60 0 62.2325
      vertex 103.371 3.41336 62.2325
      vertex 103.203 5.11346 62.2325
    endloop
  endfacet
  facet normal 0.995185 0.0980171 0
    outer loop
      vertex 103.371 3.41336 18.2325
      vertex 103.203 5.11346 18.2325
      vertex 103.203 5.11346 62.2325
    endloop
  endfacet
  facet normal 0.995185 0.0980171 0
    outer loop
      vertex 103.371 3.41336 18.2325
      vertex 103.203 5.11346 62.2325
      vertex 103.371 3.41336 62.2325
    endloop
  endfacet
  facet normal 0 0 -1
    outer loop
      vertex 60 0 18.2325
      vertex 102.969 6.80568 18.2325
      vertex 103.203 5.11346 18.2325
    endloop
  endfacet
  facet normal 0 0 1
    outer loop
      vertex 60 0 62.2325
      vertex 103.203 5.11346 62.2325
      vertex 102.969 6.80568 62.2325
    endloop
  endfacet
  facet normal 0.990569 0.137012 0
    outer loop
      vertex 103.203 5.11346 18.2325
      vertex 102.969 6.80568 18.2325
      vertex 102.969 6.80568 62.2325
    endloop
  endfacet
  facet normal 0.990569 0.137012 0
    outer loop
      vertex 103.203 5.11346 18.2325
      vertex 102.969 6.80568 62.2325
      vertex 103.203 5.11346 62.2325
    endloop
  endfacet
  facet normal 0 0 -1
    outer loop
      vertex 60 0 18.2325
      vertex 102.669 8.4874 18.2325
      vertex 102.969 6.80568 18.2325
    endloop
  endfacet
  facet normal 0 0 1
    outer loop
      vertex 60 0 62.2325
      vertex 102.969 6.80568 62.2325
      vertex 102.669 8.4874 62.2325
    endloop
  endfacet
  facet normal 0.984427 0.175796 0
    outer loop
      vertex 102.969 6.80568 18.2325
      vertex 102.669 8.4874 18.2325
      vertex 102.669 8.4874 62.2325
    endloop
  endfacet
  facet normal 0.984427 0.175796 0
    outer loop
      vertex 102.969 6.80568 18.2325
      vertex 102.669 8.4874 62.2325
      vertex 102.969 6.80568 62.2325
    endloop
  endfacet
  facet normal 0 0 -1
    outer loop
      vertex 60 0 18.2325
      vertex 102.303 10.156 18.2325
      vertex 102.669 8.4874 18.2325
    endloop
  endfacet
  facet normal 0 0 1
    outer loop
      vertex 60 0 62.2325
      vertex 102.669 8.4874 62.2325
      vertex 102.303 10.156 62.2325
    endloop
  endfacet
  facet normal 0.976766 0.214309 0
    outer loop
      vertex 102.669 8.4874 18.2325
      vertex 102.303 10.156 18.2325
      vertex 102.303 10.156 62.2325
    endloop
  endfacet
  facet normal 0.976766 0.214309 0
    outer loop
      vertex 102.669 8.4874 18.2325
      vertex 102.303 10.156 62.2325
      vertex 102.669 8.4874 62.2325
    endloop
  endfacet
  facet normal 0 0 -1
    outer loop
      vertex 60 0 18.2325
      vertex 101.872 11.809 18.2325
      vertex 102.303 10.156 18.2325
    endloop
  endfacet
  facet normal 0 0 1
    outer loop
      vertex 60 0 62.2325
      vertex 102.303 10.156 62.2325
      vertex 101.872 11.809 62.2325
    endloop
  endfacet
  facet normal 0.967599 0.252492 0
    outer loop
      vertex 102.303 10.156 18.2325
      vertex 101.872 11.809 18.2325
      vertex 101.872 11.809 62.2325
    endloop
  endfacet
  facet normal 0.967599 0.252492 0
    outer loop
      vertex 102.303 10.156 18.2325
      vertex 101.872 11.809 62.2325
      vertex 102.303 10.156 62.2325
    endloop
  endfacet
  facet normal 0 0 -1
    outer loop
      vertex 60 0 18.2325
      vertex 101.376 13.4438 18.2325
      vertex 101.872 11.809 18.2325
    endloop
  endfacet
  facet normal 0 0 1
    outer loop
      vertex 60 0 62.2325
      vertex 101.872 11.809 62.2325
      vertex 101.376 13.4438 62.2325
    endloop
  endfacet
  facet normal 0.95694 0.290285 0
    outer loop
      vertex 101.872 11.809 18.2325
      vertex 101.376 13.4438 18.2325
      vertex 101.376 13.4438 62.2325
    endloop
  endfacet
  facet normal 0.95694 0.290285 0
    outer loop
      vertex 101.872 11.809 18.2325
      vertex 101.376 13.4438 62.2325
      vertex 101.872 11.809 62.2325
    endloop
  endfacet
  facet normal 0 0 -1
    outer loop
      vertex 60 0 18.2325
      vertex 100.816 15.0578 18.2325
      vertex 101.376 13.4438 18.2325
    endloop
  endfacet
  facet normal 0 0 1
    outer loop
      vertex 60 0 62.2325
      vertex 101.376 13.4438 62.2325
      vertex 100.816 15.0578 62.2325
    endloop
  endfacet
  facet normal 0.944806 0.32763 0
    outer loop
      vertex 101.376 13.4438 18.2325
      vertex 100.816 15.0578 18.2325
      vertex 100.816 15.0578 62.2325
    endloop
  endfacet
  facet normal 0.944806 0.32763 0
    outer loop
      vertex 101.376 13.4438 18.2325
      vertex 100.816 15.0578 62.2325
      vertex 101.376 13.4438 62.2325
    endloop
  endfacet
  facet normal 0 0 -1
    outer loop
      vertex 60 0 18.2325
      vertex 100.193 16.6486 18.2325
      vertex 100.816 15.0578 18.2325
    endloop
  endfacet
  facet normal 0 0 1
    outer loop
      vertex 60 0 62.2325
      vertex 100.816 15.0578 62.2325
      vertex 100.193 16.6486 62.2325
    endloop
  endfacet
  facet normal 0.931215 0.36447 0
    outer loop
      vertex 100.816 15.0578 18.2325
      vertex 100.193 16.6486 18.2325
      vertex 100.193 16.6486 62.2325
    endloop
  endfacet
  facet normal 0.931215 0.36447 0
    outer loop
      vertex 100.816 15.0578 18.2325
      vertex 100.193 16.6486 62.2325
      vertex 100.816 15.0578 62.2325
    endloop
  endfacet
  facet normal 0 0 -1
    outer loop
      vertex 60 0 18.2325
      vertex 99.5088 18.2138 18.2325
      vertex 100.193 16.6486 18.2325
    endloop
  endfacet
  facet normal 0 0 1
    outer loop
      vertex 60 0 62.2325
      vertex 100.193 16.6486 62.2325
      vertex 99.5088 18.2138 62.2325
    endloop
  endfacet
  facet normal 0.916188 0.400749 0
    outer loop
      vertex 100.193 16.6486 18.2325
      vertex 99.5088 18.2138 18.2325
      vertex 99.5088 18.2138 62.2325
    endloop
  endfacet
  facet normal 0.916188 0.400749 0
    outer loop
      vertex 100.193 16.6486 18.2325
      vertex 99.5088 18.2138 62.2325
      vertex 100.193 16.6486 62.2325
    endloop
  endfacet
  facet normal 0 0 -1
    outer loop
      vertex 60 0 18.2325
      vertex 98.7632 19.7509 18.2325
      vertex 99.5088 18.2138 18.2325
    endloop
  endfacet
  facet normal 0 0 1
    outer loop
      vertex 60 0 62.2325
      vertex 99.5088 18.2138 62.2325
      vertex 98.7632 19.7509 62.2325
    endloop
  endfacet
  facet normal 0.899748 0.436409 0
    outer loop
      vertex 99.5088 18.2138 18.2325
      vertex 98.7632 19.7509 18.2325
      vertex 98.7632 19.7509 62.2325
    endloop
  endfacet
  facet normal 0.899748 0.436409 0
    outer loop
      vertex 99.5088 18.2138 18.2325
      vertex 98.7632 19.7509 62.2325
      vertex 99.5088 18.2138 62.2325
    endloop
  endfacet
  facet normal 0 0 -1
    outer loop
      vertex 60 0 18.2325
      vertex 97.9579 21.2575 18.2325
      vertex 98.7632 19.7509 18.2325
    endloop
  endfacet
  facet normal 0 0 1
    outer loop
      vertex 60 0 62.2325
      vertex 98.7632 19.7509 62.2325
      vertex 97.9579 21.2575 62.2325
    endloop
  endfacet
  facet normal 0.881921 0.471397 0
    outer loop
      vertex 98.7632 19.7509 18.2325
      vertex 97.9579 21.2575 18.2325
      vertex 97.9579 21.2575 62.2325
    endloop
  endfacet
  facet normal 0.881921 0.471397 0
    outer loop
      vertex 98.7632 19.7509 18.2325
      vertex 97.9579 21.2575 62.2325
      vertex 98.7632 19.7509 62.2325
    endloop
  endfacet
  facet normal 0 0 -1
    outer loop
      vertex 60 0 18.2325
      vertex 97.0941 22.7313 18.2325
      vertex 97.9579 21.2575 18.2325
    endloop
  endfacet
  facet normal 0 0 1
    outer loop
      vertex 60 0 62.2325
      vertex 97.9579 21.2575 62.2325
      vertex 97.0941 22.7313 62.2325
    endloop
  endfacet
  facet normal 0.862734 0.505657 0
    outer loop
      vertex 97.9579 21.2575 18.2325
      vertex 97.0941 22.7313 18.2325
      vertex 97.0941 22.7313 62.2325
    endloop
  endfacet
  facet normal 0.862734 0.505657 0
    outer loop
      vertex 97.9579 21.2575 18.2325
      vertex 97.0941 22.7313 62.2325
      vertex 97.9579 21.2575 62.2325
    endloop
  endfacet
  facet normal 0 0 -1
    outer loop
      vertex 60 0 18.2325
      vertex 96.1731 24.1701 18.2325
      vertex 97.0941 22.7313 18.2325
    endloop
  endfacet
  facet normal 0 0 1
    outer loop
      vertex 60 0 62.2325
      vertex 97.0941 22.7313 62.2325
      vertex 96.1731 24.1701 62.2325
    endloop
  endfacet
  facet normal 0.842217 0.539138 0
    outer loop
      vertex 97.0941 22.7313 18.2325
      vertex 96.1731 24.1701 18.2325
      vertex 96.1731 24.1701 62.2325
    endloop
  endfacet
  facet normal 0.842217 0.539138 0
    outer loop
      vertex 97.0941 22.7313 18.2325
      vertex 96.1731 24.1701 62.2325
      vertex 97.0941 22.7313 62.2325
    endloop
  endfacet
  facet normal 0 0 -1
    outer loop
      vertex 60 0 18.2325
      vertex 95.1963 25.5716 18.2325
      vertex 96.1731 24.1701 18.2325
    endloop
  endfacet
  facet normal 0 0 1
    outer loop
      vertex 60 0 62.2325
      vertex 96.1731 24.1701 62.2325
      vertex 95.1963 25.5716 62.2325
    endloop
  endfacet
  facet normal 0.820401 0.571788 0
    outer loop
      vertex 96.1731 24.1701 18.2325
      vertex 95.1963 25.5716 18.2325
      vertex 95.1963 25.5716 62.2325
    endloop
  endfacet
  facet normal 0.820401 0.571788 0
    outer loop
      vertex 96.1731 24.1701 18.2325
      vertex 95.1963 25.5716 62.2325
      vertex 96.1731 24.1701 62.2325
    endloop
  endfacet
  facet normal 0 0 -1
    outer loop
      vertex 60 0 18.2325
      vertex 94.1652 26.9337 18.2325
      vertex 95.1963 25.5716 18.2325
    endloop
  endfacet
  facet normal 0 0 1
    outer loop
      vertex 60 0 62.2325
      vertex 95.1963 25.5716 62.2325
      vertex 94.1652 26.9337 62.2325
    endloop
  endfacet
  facet normal 0.797321 0.603556 0
    outer loop
      vertex 95.1963 25.5716 18.2325
      vertex 94.1652 26.9337 18.2325
      vertex 94.1652 26.9337 62.2325
    endloop
  endfacet
  facet normal 0.797321 0.603556 0
    outer loop
      vertex 95.1963 25.5716 18.2325
      vertex 94.1652 26.9337 62.2325
      vertex 95.1963 25.5716 62.2325
    endloop
  endfacet
  facet normal 0 0 -1
    outer loop
      vertex 60 0 18.2325
      vertex 93.0815 28.2542 18.2325
      vertex 94.1652 26.9337 18.2325
    endloop
  endfacet
  facet normal 0 0 1
    outer loop
      vertex 60 0 62.2325
      vertex 94.1652 26.9337 62.2325
      vertex 93.0815 28.2542 62.2325
    endloop
  endfacet
  facet normal 0.77301 0.634393 0
    outer loop
      vertex 94.1652 26.9337 18.2325
      vertex 93.0815 28.2542 18.2325
      vertex 93.0815 28.2542 62.2325
    endloop
  endfacet
  facet normal 0.77301 0.634393 0
    outer loop
      vertex 94.1652 26.9337 18.2325
      vertex 93.0815 28.2542 62.2325
      vertex 94.1652 26.9337 62.2325
    endloop
  endfacet
  facet normal 0 0 -1
    outer loop
      vertex 60 0 18.2325
      vertex 91.9467 29.5312 18.2325
      vertex 93.0815 28.2542 18.2325
    endloop
  endfacet
  facet normal 0 0 1
    outer loop
      vertex 60 0 62.2325
      vertex 93.0815 28.2542 62.2325
      vertex 91.9467 29.5312 62.2325
    endloop
  endfacet
  facet normal 0.747508 0.664252 0
    outer loop
      vertex 93.0815 28.2542 18.2325
      vertex 91.9467 29.5312 18.2325
      vertex 91.9467 29.5312 62.2325
    endloop
  endfacet
  facet normal 0.747508 0.664252 0
    outer loop
      vertex 93.0815 28.2542 18.2325
      vertex 91.9467 29.5312 62.2325
      vertex 93.0815 28.2542 62.2325
    endloop
  endfacet
  facet normal 0 0 -1
    outer loop
      vertex 60 0 18.2325
      vertex 90.7627 30.7627 18.2325
      vertex 91.9467 29.5312 18.2325
    endloop
  endfacet
  facet normal 0 0 1
    outer loop
      vertex 60 0 62.2325
      vertex 91.9467 29.5312 62.2325
      vertex 90.7627 30.7627 62.2325
    endloop
  endfacet
  facet normal 0.720854 0.693087 0
    outer loop
      vertex 91.9467 29.5312 18.2325
      vertex 90.7627 30.7627 18.2325
      vertex 90.7627 30.7627 62.2325
    endloop
  endfacet
  facet normal 0.720854 0.693087 0
    outer loop
      vertex 91.9467 29.5312 18.2325
      vertex 90.7627 30.7627 62.2325
      vertex 91.9467 29.5312 62.2325
    endloop
  endfacet
  facet normal 0 0 -1
    outer loop
      vertex 60 0 18.2325
      vertex 89.5312 31.9467 18.2325
      vertex 90.7627 30.7627 18.2325
    endloop
  endfacet
  facet normal 0 0 1
    outer loop
      vertex 60 0 62.2325
      vertex 90.7627 30.7627 62.2325
      vertex 89.5312 31.9467 62.2325
    endloop
  endfacet
  facet normal 0.693087 0.720854 0
    outer loop
      vertex 90.7627 30.7627 18.2325
      vertex 89.5312 31.9467 18.2325
      vertex 89.5312 31.9467 62.2325
    endloop
  endfacet
  facet normal 0.693087 0.720854 0
    outer loop
      vertex 90.7627 30.7627 18.2325
      vertex 89.5312 31.9467 62.2325
      vertex 90.7627 30.7627 62.2325
    endloop
  endfacet
  facet normal 0 0 -1
    outer loop
      vertex 60 0 18.2325
      vertex 88.2542 33.0815 18.2325
      vertex 89.5312 31.9467 18.2325
    endloop
  endfacet
  facet normal 0 0 1
    outer loop
      vertex 60 0 62.2325
      vertex 89.5312 31.9467 62.2325
      vertex 88.2542 33.0815 62.2325
    endloop
  endfacet
  facet normal 0.664252 0.747508 0
    outer loop
      vertex 89.5312 31.9467 18.2325
      vertex 88.2542 33.0815 18.2325
      vertex 88.2542 33.0815 62.2325
    endloop
  endfacet
  facet normal 0.664252 0.747508 0
    outer loop
      vertex 89.5312 31.9467 18.2325
      vertex 88.2542 33.0815 62.2325
      vertex 89.5312 31.9467 62.2325
    endloop
  endfacet
  facet normal 0 0 -1
    outer loop
      vertex 60 0 18.2325
      vertex 86.9337 34.1652 18.2325
      vertex 88.2542 33.0815 18.2325
    endloop
  endfacet
  facet normal 0 0 1
    outer loop
      vertex 60 0 62.2325
      vertex 88.2542 33.0815 62.2325
      vertex 86.9337 34.1652 62.2325
    endloop
  endfacet
  facet normal 0.634393 0.77301 0
    outer loop
      vertex 88.2542 33.0815 18.2325
      vertex 86.9337 34.1652 18.2325
      vertex 86.9337 34.1652 62.2325
    endloop
  endfacet
  facet normal 0.634393 0.77301 0
    outer loop
      vertex 88.2542 33.0815 18.2325
      vertex 86.9337 34.1652 62.2325
      vertex 88.2542 33.0815 62.2325
    endloop
  endfacet
  facet normal 0 0 -1
    outer loop
      vertex 60 0 18.2325
      vertex 85.5716 35.1963 18.2325
      vertex 86.9337 34.1652 18.2325
    endloop
  endfacet
  facet normal 0 0 1
    outer loop
      vertex 60 0 62.2325
      vertex 86.9337 34.1652 62.2325
      vertex 85.5716 35.1963 62.2325
    endloop
  endfacet
  facet normal 0.603556 0.797321 0
    outer loop
      vertex 86.9337 34.1652 18.2325
      vertex 85.5716 35.1963 18.2325
      vertex 85.5716 35.1963 62.2325
    endloop
  endfacet
  facet normal 0.603556 0.797321 0
    outer loop
      vertex 86.9337 34.1652 18.2325
      vertex 85.5716 35.1963 62.2325
      vertex 86.9337 34.1652 62.2325
    endloop
  endfacet
  facet normal 0 0 -1
    outer loop
      vertex 60 0 18.2325
      vertex 84.1701 36.1731 18.2325
      vertex 85.5716 35.1963 18.2325
    endloop
  endfacet
  facet normal 0 0 1
    outer loop
      vertex 60 0 62.2325
      vertex 85.5716 35.1963 62.2325
      vertex 84.1701 36.1731 62.2325
    endloop
  endfacet
  facet normal 0.571788 0.820401 0
    outer loop
      vertex 85.5716 35.1963 18.2325
      vertex 84.1701 36.1731 18.2325
      vertex 84.1701 36.1731 62.2325
    endloop
  endfacet
  facet normal 0.571788 0.820401 0
    outer loop
      vertex 85.5716 35.1963 18.2325
      vertex 84.1701 36.1731 62.2325
      vertex 85.5716 35.1963 62.2325
    endloop
  endfacet
  facet normal 0 0 -1
    outer loop
      vertex 60 0 18.2325
      vertex 82.7313 37.0941 18.2325
      vertex 84.1701 36.1731 18.2325
    endloop
  endfacet
  facet normal 0 0 1
    outer loop
      vertex 60 0 62.2325
      vertex 84.1701 36.1731 62.2325
      vertex 82.7313 37.0941 62.2325
    endloop
  endfacet
  facet normal 0.539138 0.842217 0
    outer loop
      vertex 84.1701 36.1731 18.2325
      vertex 82.7313 37.0941 18.2325
      vertex 82.7313 37.0941 62.2325
    endloop
  endfacet
  facet normal 0.539138 0.842217 0
    outer loop
      vertex 84.1701 36.1731 18.2325
      vertex 82.7313 37.0941 62.2325
      vertex 84.1701 36.1731 62.2325
    endloop
  endfacet
  facet normal 0 0 -1
    outer loop
      vertex 60 0 18.2325
      vertex 81.2575 37.9579 18.2325
      vertex 82.7313 37.0941 18.2325
    endloop
  endfacet
  facet normal 0 0 1
    outer loop
      vertex 60 0 62.2325
      vertex 82.7313 37.0941 62.2325
      vertex 81.2575 37.9579 62.2325
    endloop
  endfacet
  facet normal 0.505657 0.862734 0
    outer loop
      vertex 82.7313 37.0941 18.2325
      vertex 81.2575 37.9579 18.2325
      vertex 81.2575 37.9579 62.2325
    endloop
  endfacet
  facet normal 0.505657 0.862734 0
    outer loop
      vertex 82.7313 37.0941 18.2325
      vertex 81.2575 37.9579 62.2325
      vertex 82.7313 37.0941 62.2325
    endloop
  endfacet
  facet normal 0 0 -1
    outer loop
      vertex 60 0 18.2325
      vertex 79.7509 38.7632 18.2325
      vertex 81.2575 37.9579 18.2325
    endloop
  endfacet
  facet normal 0 0 1
    outer loop
      vertex 60 0 62.2325
      vertex 81.2575 37.9579 62.2325
      vertex 79.7509 38.7632 62.2325
    endloop
  endfacet
  facet normal 0.471397 0.881921 0
    outer loop
      vertex 81.2575 37.9579 18.2325
      vertex 79.7509 38.7632 18.2325
      vertex 79.7509 38.7632 62.2325
    endloop
  endfacet
  facet normal 0.471397 0.881921 0
    outer loop
      vertex 81.2575 37.9579 18.2325
      vertex 79.7509 38.7632 62.2325
      vertex 81.2575 37.9579 62.2325
    endloop
  endfacet
  facet normal 0 0 -1
    outer loop
      vertex 60 0 18.2325
      vertex 78.2138 39.5088 18.2325
      vertex 79.7509 38.7632 18.2325
    endloop
  endfacet
  facet normal 0 0 1
    outer loop
      vertex 60 0 62.2325
      vertex 79.7509 38.7632 62.2325
      vertex 78.2138 39.5088 62.2325
    endloop
  endfacet
  facet normal 0.436409 0.899748 0
    outer loop
      vertex 79.7509 38.7632 18.2325
      vertex 78.2138 39.5088 18.2325
      vertex 78.2138 39.5088 62.2325
    endloop
  endfacet
  facet normal 0.436409 0.899748 0
    outer loop
      vertex 79.7509 38.7632 18.2325
      vertex 78.2138 39.5088 62.2325
      vertex 79.7509 38.7632 62.2325
    endloop
  endfacet
  facet normal 0 0 -1
    outer loop
      vertex 60 0 18.2325
      vertex 76.6486 40.1934 18.2325
      vertex 78.2138 39.5088 18.2325
    endloop
  endfacet
  facet normal 0 0 1
    outer loop
      vertex 60 0 62.2325
      vertex 78.2138 39.5088 62.2325
      vertex 76.6486 40.1934 62.2325
    endloop
  endfacet
  facet normal 0.400749 0.916188 0
    outer loop
      vertex 78.2138 39.5088 18.2325
      vertex 76.6486 40.1934 18.2325
      vertex 76.6486 40.1934 62.2325
    endloop
  endfacet
  facet normal 0.400749 0.916188 0
    outer loop
      vertex 78.2138 39.5088 18.2325
      vertex 76.6486 40.1934 62.2325
      vertex 78.2138 39.5088 62.2325
    endloop
  endfacet
  facet normal 0 0 -1
    outer loop
      vertex 60 0 18.2325
      vertex 75.0578 40.816 18.2325
      vertex 76.6486 40.1934 18.2325
    endloop
  endfacet
  facet normal 0 0 1
    outer loop
      vertex 60 0 62.2325
      vertex 76.6486 40.1934 62.2325
      vertex 75.0578 40.816 62.2325
    endloop
  endfacet
  facet normal 0.36447 0.931215 0
    outer loop
      vertex 76.6486 40.1934 18.2325
      vertex 75.0578 40.816 18.2325
      vertex 75.0578 40.816 62.2325
    endloop
  endfacet
  facet normal 0.36447 0.931215 0
    outer loop
      vertex 76.6486 40.1934 18.2325
      vertex 75.0578 40.816 62.2325
      vertex 76.6486 40.1934 62.2325
    endloop
  endfacet
  facet normal 0 0 -1
    outer loop
      vertex 60 0 18.2325
      vertex 73.4438 41.3757 18.2325
      vertex 75.0578 40.816 18.2325
    endloop
  endfacet
  facet normal 0 0 1
    outer loop
      vertex 60 0 62.2325
      vertex 75.0578 40.816 62.2325
      vertex 73.4438 41.3757 62.2325
    endloop
  endfacet
  facet normal 0.32763 0.944806 0
    outer loop
      vertex 75.0578 40.816 18.2325
      vertex 73.4438 41.3757 18.2325
      vertex 73.4438 41.3757 62.2325
    endloop
  endfacet
  facet normal 0.32763 0.944806 0
    outer loop
      vertex 75.0578 40.816 18.2325
      vertex 73.4438 41.3757 62.2325
      vertex 75.0578 40.816 62.2325
    endloop
  endfacet
  facet normal 0 0 -1
    outer loop
      vertex 60 0 18.2325
      vertex 71.809 41.8716 18.2325
      vertex 73.4438 41.3757 18.2325
    endloop
  endfacet
  facet normal 0 0 1
    outer loop
      vertex 60 0 62.2325
      vertex 73.4438 41.3757 62.2325
      vertex 71.809 41.8716 62.2325
    endloop
  endfacet
  facet normal 0.290285 0.95694 0
    outer loop
      vertex 73.4438 41.3757 18.2325
      vertex 71.809 41.8716 18.2325
      vertex 71.809 41.8716 62.2325
    endloop
  endfacet
  facet normal 0.290285 0.95694 0
    outer loop
      vertex 73.4438 41.3757 18.2325
      vertex 71.809 41.8716 62.2325
      vertex 73.4438 41.3757 62.2325
    endloop
  endfacet
  facet normal 0 0 -1
    outer loop
      vertex 60 0 18.2325
      vertex 70.156 42.303 18.2325
      vertex 71.809 41.8716 18.2325
    endloop
  endfacet
  facet normal 0 0 1
    outer loop
      vertex 60 0 62.2325
      vertex 71.809 41.8716 62.2325
      vertex 70.156 42.303 62.2325
    endloop
  endfacet
  facet normal 0.252492 0.967599 0
    outer loop
      vertex 71.809 41.8716 18.2325
      vertex 70.156 42.303 18.2325
      vertex 70.156 42.303 62.2325
    endloop
  endfacet
  facet normal 0.252492 0.967599 0
    outer loop
      vertex 71.809 41.8716 18.2325
      vertex 70.156 42.303 62.2325
      vertex 71.809 41.8716 62.2325
    endloop
  endfacet
  facet normal 0 0 -1
    outer loop
      vertex 60 0 18.2325
      vertex 68.4874 42.6691 18.2325
      vertex 70.156 42.303 18.2325
    endloop
  endfacet
  facet normal 0 0 1
    outer loop
      vertex 60 0 62.2325
      vertex 70.156 42.303 62.2325
      vertex 68.4874 42.6691 62.2325
    endloop
  endfacet
  facet normal 0.214309 0.976766 0
    outer loop
      vertex 70.156 42.303 18.2325
      vertex 68.4874 42.6691 18.2325
      vertex 68.4874 42.6691 62.2325
    endloop
  endfacet
  facet normal 0.214309 0.976766 0
    outer loop
      vertex 70.156 42.303 18.2325
      vertex 68.4874 42.6691 62.2325
      vertex 70.156 42.303 62.2325
    endloop
  endfacet
  facet normal 0 0 -1
    outer loop
      vertex 60 0 18.2325
      vertex 66.8057 42.9694 18.2325
      vertex 68.4874 42.6691 18.2325
    endloop
  endfacet
  facet normal 0 0 1
    outer loop
      vertex 60 0 62.2325
      vertex 68.4874 42.6691 62.2325
      vertex 66.8057 42.9694 62.2325
    endloop
  endfacet
  facet normal 0.175796 0.984427 0
    outer loop
      vertex 68.4874 42.6691 18.2325
      vertex 66.8057 42.9694 18.2325
      vertex 66.8057 42.9694 62.2325
    endloop
  endfacet
  facet normal 0.175796 0.984427 0
    outer loop
      vertex 68.4874 42.6691 18.2325
      vertex 66.8057 42.9694 62.2325
      vertex 68.4874 42.6691 62.2325
    endloop
  endfacet
  facet normal 0 0 -1
    outer loop
      vertex 60 0 18.2325
      vertex 65.1135 43.2034 18.2325
      vertex 66.8057 42.9694 18.2325
    endloop
  endfacet
  facet normal 0 0 1
    outer loop
      vertex 60 0 62.2325
      vertex 66.8057 42.9694 62.2325
      vertex 65.1135 43.2034 62.2325
    endloop
  endfacet
  facet normal 0.137012 0.990569 0
    outer loop
      vertex 66.8057 42.9694 18.2325
      vertex 65.1135 43.2034 18.2325
      vertex 65.1135 43.2034 62.2325
    endloop
  endfacet
  facet normal 0.137012 0.990569 0
    outer loop
      vertex 66.8057 42.9694 18.2325
      vertex 65.1135 43.2034 62.2325
      vertex 66.8057 42.9694 62.2325
    endloop
  endfacet
  facet normal 0 0 -1
    outer loop
      vertex 60 0 18.2325
      vertex 63.4134 43.3709 18.2325
      vertex 65.1135 43.2034 18.2325
    endloop
  endfacet
  facet normal 0 0 1
    outer loop
      vertex 60 0 62.2325
      vertex 65.1135 43.2034 62.2325
      vertex 63.4134 43.3709 62.2325
    endloop
  endfacet
  facet normal 0.0980171 0.995185 0
    outer loop
      vertex 65.1135 43.2034 18.2325
      vertex 63.4134 43.3709 18.2325
      vertex 63.4134 43.3709 62.2325
    endloop
  endfacet
  facet normal 0.0980171 0.995185 0
    outer loop
      vertex 65.1135 43.2034 18.2325
      vertex 63.4134 43.3709 62.2325
      vertex 65.1135 43.2034 62.2325
    endloop
  endfacet
  facet normal 0 0 -1
    outer loop
      vertex 60 0 18.2325
      vertex 61.708 43.4715 18.2325
      vertex 63.4134 43.3709 18.2325
    endloop
  endfacet
  facet normal 0 0 1
    outer loop
      vertex 60 0 62.2325
      vertex 63.4134 43.3709 62.2325
      vertex 61.708 43.4715 62.2325
    endloop
  endfacet
  facet normal 0.0588708 0.998266 0
    outer loop
      vertex 63.4134 43.3709 18.2325
      vertex 61.708 43.4715 18.2325
      vertex 61.708 43.4715 62.2325
    endloop
  endfacet
  facet normal 0.0588708 0.998266 0
    outer loop
      vertex 63.4134 43.3709 18.2325
      vertex 61.708 43.4715 62.2325
      vertex 63.4134 43.3709 62.2325
    endloop
  endfacet
  facet normal 0 0 -1
    outer loop
      vertex 60 0 18.2325
      vertex 60 43.505 18.2325
      vertex 61.708 43.4715 18.2325
    endloop
  endfacet
  facet normal 0 0 1
    outer loop
      vertex 60 0 62.2325
      vertex 61.708 43.4715 62.2325
      vertex 60 43.505 62.2325
    endloop
  endfacet
  facet normal 0.0196337 0.999807 0
    outer loop
      vertex 61.708 43.4715 18.2325
      vertex 60 43.505 18.2325
      vertex 60 43.505 62.2325
    endloop
  endfacet
  facet normal 0.0196337 0.999807 0
    outer loop
      vertex 61.708 43.4715 18.2325
      vertex 60 43.505 62.2325
      vertex 61.708 43.4715 62.2325
    endloop
  endfacet
  facet normal 0 0 -1
    outer loop
      vertex 60 0 18.2325
      vertex 58.292 43.4715 18.2325
      vertex 60 43.505 18.2325
    endloop
  endfacet
  facet normal 0 0 1
    outer loop
      vertex 60 0 62.2325
      vertex 60 43.505 62.2325
      vertex 58.292 43.4715 62.2325
    endloop
  endfacet
  facet normal -0.0196337 0.999807 0
    outer loop
      vertex 60 43.505 18.2325
      vertex 58.292 43.4715 18.2325
      vertex 58.292 43.4715 62.2325
    endloop
  endfacet
  facet normal -0.0196337 0.999807 0
    outer loop
      vertex 60 43.505 18.2325
      vertex 58.292 43.4715 62.2325
      vertex 60 43.505 62.2325
    endloop
  endfacet
  facet normal 0 0 -1
    outer loop
      vertex 60 0 18.2325
      vertex 56.5866 43.3709 18.2325
      vertex 58.292 43.4715 18.2325
    endloop
  endfacet
  facet normal 0 0 1
    outer loop
      vertex 60 0 62.2325
      vertex 58.292 43.4715 62.2325
      vertex 56.5866 43.3709 62.2325
    endloop
  endfacet
  facet normal -0.0588708 0.998266 0
    outer loop
      vertex 58.292 43.4715 18.2325
      vertex 56.5866 43.3709 18.2325
      vertex 56.5866 43.3709 62.2325
    endloop
  endfacet
  facet normal -0.0588708 0.998266 0
    outer loop
      vertex 58.292 43.4715 18.2325
      vertex 56.5866 43.3709 62.2325
      vertex 58.292 43.4715 62.2325
    endloop
  endfacet
  facet normal 0 0 -1
    outer loop
      vertex 60 0 18.2325
      vertex 54.8865 43.2034 18.2325
      vertex 56.5866 43.3709 18.2325
    endloop
  endfacet
  facet normal 0 0 1
    outer loop
      vertex 60 0 62.2325
      vertex 56.5866 43.3709 62.2325
      vertex 54.8865 43.2034 62.2325
    endloop
  endfacet
  facet normal -0.0980171 0.995185 0
    outer loop
      vertex 56.5866 43.3709 18.2325
      vertex 54.8865 43.2034 18.2325
      vertex 54.8865 43.2034 62.2325
    endloop
  endfacet
  facet normal -0.0980171 0.995185 0
    outer loop
      vertex 56.5866 43.3709 18.2325
      vertex 54.8865 43.2034 62.2325
      vertex 56.5866 43.3709 62.2325
    endloop
  endfacet
  facet normal 0 0 -1
    outer loop
      vertex 60 0 18.2325
      vertex 53.1943 42.9694 18.2325
      vertex 54.8865 43.2034 18.2325
    endloop
  endfacet
  facet normal 0 0 1
    outer loop
      vertex 60 0 62.2325
      vertex 54.8865 43.2034 62.2325
      vertex 53.1943 42.9694 62.2325
    endloop
  endfacet
  facet normal -0.137012 0.990569 0
    outer loop
      vertex 54.8865 43.2034 18.2325
      vertex 53.1943 42.9694 18.2325
      vertex 53.1943 42.9694 62.2325
    endloop
  endfacet
  facet normal -0.137012 0.990569 0
    outer loop
      vertex 54.8865 43.2034 18.2325
      vertex 53.1943 42.9694 62.2325
      vertex 54.8865 43.2034 62.2325
    endloop
  endfacet
  facet normal 0 0 -1
    outer loop
      vertex 60 0 18.2325
      vertex 51.5126 42.6691 18.2325
      vertex 53.1943 42.9694 18.2325
    endloop
  endfacet
  facet normal 0 0 1
    outer loop
      vertex 60 0 62.2325
      vertex 53.1943 42.9694 62.2325
      vertex 51.5126 42.6691 62.2325
    endloop
  endfacet
  facet normal -0.175796 0.984427 0
    outer loop
      vertex 53.1943 42.9694 18.2325
      vertex 51.5126 42.6691 18.2325
      vertex 51.5126 42.6691 62.2325
    endloop
  endfacet
  facet normal -0.175796 0.984427 0
    outer loop
      vertex 53.1943 42.9694 18.2325
      vertex 51.5126 42.6691 62.2325
      vertex 53.1943 42.9694 62.2325
    endloop
  endfacet
  facet normal 0 0 -1
    outer loop
      vertex 60 0 18.2325
      vertex 49.844 42.303 18.2325
      vertex 51.5126 42.6691 18.2325
    endloop
  endfacet
  facet normal 0 0 1
    outer loop
      vertex 60 0 62.2325
      vertex 51.5126 42.6691 62.2325
      vertex 49.844 42.303 62.2325
    endloop
  endfacet
  facet normal -0.214309 0.976766 0
    outer loop
      vertex 51.5126 42.6691 18.2325
      vertex 49.844 42.303 18.2325
      vertex 49.844 42.303 62.2325
    endloop
  endfacet
  facet normal -0.214309 0.976766 0
    outer loop
      vertex 51.5126 42.6691 18.2325
      vertex 49.844 42.303 62.2325
      vertex 51.5126 42.6691 62.2325
    endloop
  endfacet
  facet normal 0 0 -1
    outer loop
      vertex 60 0 18.2325
      vertex 48.191 41.8716 18.2325
      vertex 49.844 42.303 18.2325
    endloop
  endfacet
  facet normal 0 0 1
    outer loop
      vertex 60 0 62.2325
      vertex 49.844 42.303 62.2325
      vertex 48.191 41.8716 62.2325
    endloop
  endfacet
  facet normal -0.252492 0.967599 0
    outer loop
      vertex 49.844 42.303 18.2325
      vertex 48.191 41.8716 18.2325
      vertex 48.191 41.8716 62.2325
    endloop
  endfacet
  facet normal -0.252492 0.967599 0
    outer loop
      vertex 49.844 42.303 18.2325
      vertex 48.191 41.8716 62.2325
      vertex 49.844 42.303 62.2325
    endloop
  endfacet
  facet normal 0 0 -1
    outer loop
      vertex 60 0 18.2325
      vertex 46.5562 41.3757 18.2325
      vertex 48.191 41.8716 18.2325
    endloop
  endfacet
  facet normal 0 0 1
    outer loop
      vertex 60 0 62.2325
      vertex 48.191 41.8716 62.2325
      vertex 46.5562 41.3757 62.2325
    endloop
  endfacet
  facet normal -0.290285 0.95694 0
    outer loop
      vertex 48.191 41.8716 18.2325
      vertex 46.5562 41.3757 18.2325
      vertex 46.5562 41.3757 62.2325
    endloop
  endfacet
  facet normal -0.290285 0.95694 0
    outer loop
      vertex 48.191 41.8716 18.2325
      vertex 46.5562 41.3757 62.2325
      vertex 48.191 41.8716 62.2325
    endloop
  endfacet
  facet normal 0 0 -1
    outer loop
      vertex 60 0 18.2325
      vertex 44.9422 40.816 18.2325
      vertex 46.5562 41.3757 18.2325
    endloop
  endfacet
  facet normal 0 0 1
    outer loop
      vertex 60 0 62.2325
      vertex 46.5562 41.3757 62.2325
      vertex 44.9422 40.816 62.2325
    endloop
  endfacet
  facet normal -0.32763 0.944806 0
    outer loop
      vertex 46.5562 41.3757 18.2325
      vertex 44.9422 40.816 18.2325
      vertex 44.9422 40.816 62.2325
    endloop
  endfacet
  facet normal -0.32763 0.944806 0
    outer loop
      vertex 46.5562 41.3757 18.2325
      vertex 44.9422 40.816 62.2325
      vertex 46.5562 41.3757 62.2325
    endloop
  endfacet
  facet normal 0 0 -1
    outer loop
      vertex 60 0 18.2325
      vertex 43.3514 40.1934 18.2325
      vertex 44.9422 40.816 18.2325
    endloop
  endfacet
  facet normal 0 0 1
    outer loop
      vertex 60 0 62.2325
      vertex 44.9422 40.816 62.2325
      vertex 43.3514 40.1934 62.2325
    endloop
  endfacet
  facet normal -0.36447 0.931215 0
    outer loop
      vertex 44.9422 40.816 18.2325
      vertex 43.3514 40.1934 18.2325
      vertex 43.3514 40.1934 62.2325
    endloop
  endfacet
  facet normal -0.36447 0.931215 0
    outer loop
      vertex 44.9422 40.816 18.2325
      vertex 43.3514 40.1934 62.2325
      vertex 44.9422 40.816 62.2325
    endloop
  endfacet
  facet normal 0 0 -1
    outer loop
      vertex 60 0 18.2325
      vertex 41.7862 39.5088 18.2325
      vertex 43.3514 40.1934 18.2325
    endloop
  endfacet
  facet normal 0 0 1
    outer loop
      vertex 60 0 62.2325
      vertex 43.3514 40.1934 62.2325
      vertex 41.7862 39.5088 62.2325
    endloop
  endfacet
  facet normal -0.400749 0.916188 0
    outer loop
      vertex 43.3514 40.1934 18.2325
      vertex 41.7862 39.5088 18.2325
      vertex 41.7862 39.5088 62.2325
    endloop
  endfacet
  facet normal -0.400749 0.916188 0
    outer loop
      vertex 43.3514 40.1934 18.2325
      vertex 41.7862 39.5088 62.2325
      vertex 43.3514 40.1934 62.2325
    endloop
  endfacet
  facet normal 0 0 -1
    outer loop
      vertex 60 0 18.2325
      vertex 40.2491 38.7632 18.2325
      vertex 41.7862 39.5088 18.2325
    endloop
  endfacet
  facet normal 0 0 1
    outer loop
      vertex 60 0 62.2325
      vertex 41.7862 39.5088 62.2325
      vertex 40.2491 38.7632 62.2325
    endloop
  endfacet
  facet normal -0.436409 0.899748 0
    outer loop
      vertex 41.7862 39.5088 18.2325
      vertex 40.2491 38.7632 18.2325
      vertex 40.2491 38.7632 62.2325
    endloop
  endfacet
  facet normal -0.436409 0.899748 0
    outer loop
      vertex 41.7862 39.5088 18.2325
      vertex 40.2491 38.7632 62.2325
      vertex 41.7862 39.5088 62.2325
    endloop
  endfacet
  facet normal 0 0 -1
    outer loop
      vertex 60 0 18.2325
      vertex 38.7425 37.9579 18.2325
      vertex 40.2491 38.7632 18.2325
    endloop
  endfacet
  facet normal 0 0 1
    outer loop
      vertex 60 0 62.2325
      vertex 40.2491 38.7632 62.2325
      vertex 38.7425 37.9579 62.2325
    endloop
  endfacet
  facet normal -0.471397 0.881921 0
    outer loop
      vertex 40.2491 38.7632 18.2325
      vertex 38.7425 37.9579 18.2325
      vertex 38.7425 37.9579 62.2325
    endloop
  endfacet
  facet normal -0.471397 0.881921 0
    outer loop
      vertex 40.2491 38.7632 18.2325
      vertex 38.7425 37.9579 62.2325
      vertex 40.2491 38.7632 62.2325
    endloop
  endfacet
  facet normal 0 0 -1
    outer loop
      vertex 60 0 18.2325
      vertex 37.2687 37.0941 18.2325
      vertex 38.7425 37.9579 18.2325
    endloop
  endfacet
  facet normal 0 0 1
    outer loop
      vertex 60 0 62.2325
      vertex 38.7425 37.9579 62.2325
      vertex 37.2687 37.0941 62.2325
    endloop
  endfacet
  facet normal -0.505657 0.862734 0
    outer loop
      vertex 38.7425 37.9579 18.2325
      vertex 37.2687 37.0941 18.2325
      vertex 37.2687 37.0941 62.2325
    endloop
  endfacet
  facet normal -0.505657 0.862734 0
    outer loop
      vertex 38.7425 37.9579 18.2325
      vertex 37.2687 37.0941 62.2325
      vertex 38.7425 37.9579 62.2325
    endloop
  endfacet
  facet normal 0 0 -1
    outer loop
      vertex 60 0 18.2325
      vertex 35.8299 36.1731 18.2325
      vertex 37.2687 37.0941 18.2325
    endloop
  endfacet
  facet normal 0 0 1
    outer loop
      vertex 60 0 62.2325
      vertex 37.2687 37.0941 62.2325
      vertex 35.8299 36.1731 62.2325
    endloop
  endfacet
  facet normal -0.539138 0.842217 0
    outer loop
      vertex 37.2687 37.0941 18.2325
      vertex 35.8299 36.1731 18.2325
      vertex 35.8299 36.1731 62.2325
    endloop
  endfacet
  facet normal -0.539138 0.842217 0
    outer loop
      vertex 37.2687 37.0941 18.2325
      vertex 35.8299 36.1731 62.2325
      vertex 37.2687 37.0941 62.2325
    endloop
  endfacet
  facet normal 0 0 -1
    outer loop
      vertex 60 0 18.2325
      vertex 34.4284 35.1963 18.2325
      vertex 35.8299 36.1731 18.2325
    endloop
  endfacet
  facet normal 0 0 1
    outer loop
      vertex 60 0 62.2325
      vertex 35.8299 36.1731 62.2325
      vertex 34.4284 35.1963 62.2325
    endloop
  endfacet
  facet normal -0.571788 0.820401 0
    outer loop
      vertex 35.8299 36.1731 18.2325
      vertex 34.4284 35.1963 18.2325
      vertex 34.4284 35.1963 62.2325
    endloop
  endfacet
  facet normal -0.571788 0.820401 0
    outer loop
      vertex 35.8299 36.1731 18.2325
      vertex 34.4284 35.1963 62.2325
      vertex 35.8299 36.1731 62.2325
    endloop
  endfacet
  facet normal 0 0 -1
    outer loop
      vertex 60 0 18.2325
      vertex 33.0663 34.1652 18.2325
      vertex 34.4284 35.1963 18.2325
    endloop
  endfacet
  facet normal 0 0 1
    outer loop
      vertex 60 0 62.2325
      vertex 34.4284 35.1963 62.2325
      vertex 33.0663 34.1652 62.2325
    endloop
  endfacet
  facet normal -0.603556 0.797321 0
    outer loop
      vertex 34.4284 35.1963 18.2325
      vertex 33.0663 34.1652 18.2325
      vertex 33.0663 34.1652 62.2325
    endloop
  endfacet
  facet normal -0.603556 0.797321 0
    outer loop
      vertex 34.4284 35.1963 18.2325
      vertex 33.0663 34.1652 62.2325
      vertex 34.4284 35.1963 62.2325
    endloop
  endfacet
  facet normal 0 0 -1
    outer loop
      vertex 60 0 18.2325
      vertex 31.7458 33.0815 18.2325
      vertex 33.0663 34.1652 18.2325
    endloop
  endfacet
  facet normal 0 0 1
    outer loop
      vertex 60 0 62.2325
      vertex 33.0663 34.1652 62.2325
      vertex 31.7458 33.0815 62.2325
    endloop
  endfacet
  facet normal -0.634393 0.77301 0
    outer loop
      vertex 33.0663 34.1652 18.2325
      vertex 31.7458 33.0815 18.2325
      vertex 31.7458 33.0815 62.2325
    endloop
  endfacet
  facet normal -0.634393 0.77301 0
    outer loop
      vertex 33.0663 34.1652 18.2325
      vertex 31.7458 33.0815 62.2325
      vertex 33.0663 34.1652 62.2325
    endloop
  endfacet
  facet normal 0 0 -1
    outer loop
      vertex 60 0 18.2325
      vertex 30.4688 31.9467 18.2325
      vertex 31.7458 33.0815 18.2325
    endloop
  endfacet
  facet normal 0 0 1
    outer loop
      vertex 60 0 62.2325
      vertex 31.7458 33.0815 62.2325
      vertex 30.4688 31.9467 62.2325
    endloop
  endfacet
  facet normal -0.664252 0.747508 0
    outer loop
      vertex 31.7458 33.0815 18.2325
      vertex 30.4688 31.9467 18.2325
      vertex 30.4688 31.9467 62.2325
    endloop
  endfacet
  facet normal -0.664252 0.747508 0
    outer loop
      vertex 31.7458 33.0815 18.2325
      vertex 30.4688 31.9467 62.2325
      vertex 31.7458 33.0815 62.2325
    endloop
  endfacet
  facet normal 0 0 -1
    outer loop
      vertex 60 0 18.2325
      vertex 29.2373 30.7627 18.2325
      vertex 30.4688 31.9467 18.2325
    endloop
  endfacet
  facet normal 0 0 1
    outer loop
      vertex 60 0 62.2325
      vertex 30.4688 31.9467 62.2325
      vertex 29.2373 30.7627 62.2325
    endloop
  endfacet
  facet normal -0.693087 0.720854 0
    outer loop
      vertex 30.4688 31.9467 18.2325
      vertex 29.2373 30.7627 18.2325
      vertex 29.2373 30.7627 62.2325
    endloop
  endfacet
  facet normal -0.693087 0.720854 0
    outer loop
      vertex 30.4688 31.9467 18.2325
      vertex 29.2373 30.7627 62.2325
      vertex 30.4688 31.9467 62.2325
    endloop
  endfacet
  facet normal 0 0 -1
    outer loop
      vertex 60 0 18.2325
      vertex 28.0533 29.5312 18.2325
      vertex 29.2373 30.7627 18.2325
    endloop
  endfacet
  facet normal 0 0 1
    outer loop
      vertex 60 0 62.2325
      vertex 29.2373 30.7627 62.2325
      vertex 28.0533 29.5312 62.2325
    endloop
  endfacet
  facet normal -0.720854 0.693087 0
    outer loop
      vertex 29.2373 30.7627 18.2325
      vertex 28.0533 29.5312 18.2325
      vertex 28.0533 29.5312 62.2325
    endloop
  endfacet
  facet normal -0.720854 0.693087 0
    outer loop
      vertex 29.2373 30.7627 18.2325
      vertex 28.0533 29.5312 62.2325
      vertex 29.2373 30.7627 62.2325
    endloop
  endfacet
  facet normal 0 0 -1
    outer loop
      vertex 60 0 18.2325
      vertex 26.9185 28.2542 18.2325
      vertex 28.0533 29.5312 18.2325
    endloop
  endfacet
  facet normal 0 0 1
    outer loop
      vertex 60 0 62.2325
      vertex 28.0533 29.5312 62.2325
      vertex 26.9185 28.2542 62.2325
    endloop
  endfacet
  facet normal -0.747508 0.664252 0
    outer loop
      vertex 28.0533 29.5312 18.2325
      vertex 26.9185 28.2542 18.2325
      vertex 26.9185 28.2542 62.2325
    endloop
  endfacet
  facet normal -0.747508 0.664252 0
    outer loop
      vertex 28.0533 29.5312 18.2325
      vertex 26.9185 28.2542 62.2325
      vertex 28.0533 29.5312 62.2325
    endloop
  endfacet
  facet normal 0 0 -1
    outer loop
      vertex 60 0 18.2325
      vertex 25.8348 26.9337 18.2325
      vertex 26.9185 28.2542 18.2325
    endloop
  endfacet
  facet normal 0 0 1
    outer loop
      vertex 60 0 62.2325
      vertex 26.9185 28.2542 62.2325
      vertex 25.8348 26.9337 62.2325
    endloop
  endfacet
  facet normal -0.77301 0.634393 0
    outer loop
      vertex 26.9185 28.2542 18.2325
      vertex 25.8348 26.9337 18.2325
      vertex 25.8348 26.9337 62.2325
    endloop
  endfacet
  facet normal -0.77301 0.634393 0
    outer loop
      vertex 26.9185 28.2542 18.2325
      vertex 25.8348 26.9337 62.2325
      vertex 26.9185 28.2542 62.2325
    endloop
  endfacet
  facet normal 0 0 -1
    outer loop
      vertex 60 0 18.2325
      vertex 24.8037 25.5716 18.2325
      vertex 25.8348 26.9337 18.2325
    endloop
  endfacet
  facet normal 0 0 1
    outer loop
      vertex 60 0 62.2325
      vertex 25.8348 26.9337 62.2325
      vertex 24.8037 25.5716 62.2325
    endloop
  endfacet
  facet normal -0.797321 0.603556 0
    outer loop
      vertex 25.8348 26.9337 18.2325
      vertex 24.8037 25.5716 18.2325
      vertex 24.8037 25.5716 62.2325
    endloop
  endfacet
  facet normal -0.797321 0.603556 0
    outer loop
      vertex 25.8348 26.9337 18.2325
      vertex 24.8037 25.5716 62.2325
      vertex 25.8348 26.9337 62.2325
    endloop
  endfacet
  facet normal 0 0 -1
    outer loop
      vertex 60 0 18.2325
      vertex 23.8269 24.1701 18.2325
      vertex 24.8037 25.5716 18.2325
    endloop
  endfacet
  facet normal 0 0 1
    outer loop
      vertex 60 0 62.2325
      vertex 24.8037 25.5716 62.2325
      vertex 23.8269 24.1701 62.2325
    endloop
  endfacet
  facet normal -0.820401 0.571788 0
    outer loop
      vertex 24.8037 25.5716 18.2325
      vertex 23.8269 24.1701 18.2325
      vertex 23.8269 24.1701 62.2325
    endloop
  endfacet
  facet normal -0.820401 0.571788 0
    outer loop
      vertex 24.8037 25.5716 18.2325
      vertex 23.8269 24.1701 62.2325
      vertex 24.8037 25.5716 62.2325
    endloop
  endfacet
  facet normal 0 0 -1
    outer loop
      vertex 60 0 18.2325
      vertex 22.9059 22.7313 18.2325
      vertex 23.8269 24.1701 18.2325
    endloop
  endfacet
  facet normal 0 0 1
    outer loop
      vertex 60 0 62.2325
      vertex 23.8269 24.1701 62.2325
      vertex 22.9059 22.7313 62.2325
    endloop
  endfacet
  facet normal -0.842217 0.539138 0
    outer loop
      vertex 23.8269 24.1701 18.2325
      vertex 22.9059 22.7313 18.2325
      vertex 22.9059 22.7313 62.2325
    endloop
  endfacet
  facet normal -0.842217 0.539138 0
    outer loop
      vertex 23.8269 24.1701 18.2325
      vertex 22.9059 22.7313 62.2325
      vertex 23.8269 24.1701 62.2325
    endloop
  endfacet
  facet normal 0 0 -1
    outer loop
      vertex 60 0 18.2325
      vertex 22.0421 21.2575 18.2325
      vertex 22.9059 22.7313 18.2325
    endloop
  endfacet
  facet normal 0 0 1
    outer loop
      vertex 60 0 62.2325
      vertex 22.9059 22.7313 62.2325
      vertex 22.0421 21.2575 62.2325
    endloop
  endfacet
  facet normal -0.862734 0.505657 0
    outer loop
      vertex 22.9059 22.7313 18.2325
      vertex 22.0421 21.2575 18.2325
      vertex 22.0421 21.2575 62.2325
    endloop
  endfacet
  facet normal -0.862734 0.505657 0
    outer loop
      vertex 22.9059 22.7313 18.2325
      vertex 22.0421 21.2575 62.2325
      vertex 22.9059 22.7313 62.2325
    endloop
  endfacet
  facet normal 0 0 -1
    outer loop
      vertex 60 0 18.2325
      vertex 21.2368 19.7509 18.2325
      vertex 22.0421 21.2575 18.2325
    endloop
  endfacet
  facet normal 0 0 1
    outer loop
      vertex 60 0 62.2325
      vertex 22.0421 21.2575 62.2325
      vertex 21.2368 19.7509 62.2325
    endloop
  endfacet
  facet normal -0.881921 0.471397 0
    outer loop
      vertex 22.0421 21.2575 18.2325
      vertex 21.2368 19.7509 18.2325
      vertex 21.2368 19.7509 62.2325
    endloop
  endfacet
  facet normal -0.881921 0.471397 0
    outer loop
      vertex 22.0421 21.2575 18.2325
      vertex 21.2368 19.7509 62.2325
      vertex 22.0421 21.2575 62.2325
    endloop
  endfacet
  facet normal 0 0 -1
    outer loop
      vertex 60 0 18.2325
      vertex 20.4912 18.2138 18.2325
      vertex 21.2368 19.7509 18.2325
    endloop
  endfacet
  facet normal 0 0 1
    outer loop
      vertex 60 0 62.2325
      vertex 21.2368 19.7509 62.2325
      vertex 20.4912 18.2138 62.2325
    endloop
  endfacet
  facet normal -0.899748 0.436409 0
    outer loop
      vertex 21.2368 19.7509 18.2325
      vertex 20.4912 18.2138 18.2325
      vertex 20.4912 18.2138 62.2325
    endloop
  endfacet
  facet normal -0.899748 0.436409 0
    outer loop
      vertex 21.2368 19.7509 18.2325
      vertex 20.4912 18.2138 62.2325
      vertex 21.2368 19.7509 62.2325
    endloop
  endfacet
  facet normal 0 0 -1
    outer loop
      vertex 60 0 18.2325
      vertex 19.8066 16.6486 18.2325
      vertex 20.4912 18.2138 18.2325
    endloop
  endfacet
  facet normal 0 0 1
    outer loop
      vertex 60 0 62.2325
      vertex 20.4912 18.2138 62.2325
      vertex 19.8066 16.6486 62.2325
    endloop
  endfacet
  facet normal -0.916188 0.400749 0
    outer loop
      vertex 20.4912 18.2138 18.2325
      vertex 19.8066 16.6486 18.2325
      vertex 19.8066 16.6486 62.2325
    endloop
  endfacet
  facet normal -0.916188 0.400749 0
    outer loop
      vertex 20.4912 18.2138 18.2325
      vertex 19.8066 16.6486 62.2325
      vertex 20.4912 18.2138 62.2325
    endloop
  endfacet
  facet normal 0 0 -1
    outer loop
      vertex 60 0 18.2325
      vertex 19.184 15.0578 18.2325
      vertex 19.8066 16.6486 18.2325
    endloop
  endfacet
  facet normal 0 0 1
    outer loop
      vertex 60 0 62.2325
      vertex 19.8066 16.6486 62.2325
      vertex 19.184 15.0578 62.2325
    endloop
  endfacet
  facet normal -0.931215 0.36447 0
    outer loop
      vertex 19.8066 16.6486 18.2325
      vertex 19.184 15.0578 18.2325
      vertex 19.184 15.0578 62.2325
    endloop
  endfacet
  facet normal -0.931215 0.36447 0
    outer loop
      vertex 19.8066 16.6486 18.2325
      vertex 19.184 15.0578 62.2325
      vertex 19.8066 16.6486 62.2325
    endloop
  endfacet
  facet normal 0 0 -1
    outer loop
      vertex 60 0 18.2325
      vertex 18.6243 13.4438 18.2325
      vertex 19.184 15.0578 18.2325
    endloop
  endfacet
  facet normal 0 0 1
    outer loop
      vertex 60 0 62.2325
      vertex 19.184 15.0578 62.2325
      vertex 18.6243 13.4438 62.2325
    endloop
  endfacet
  facet normal -0.944806 0.32763 0
    outer loop
      vertex 19.184 15.0578 18.2325
      vertex 18.6243 13.4438 18.2325
      vertex 18.6243 13.4438 62.2325
    endloop
  endfacet
  facet normal -0.944806 0.32763 0
    outer loop
      vertex 19.184 15.0578 18.2325
      vertex 18.6243 13.4438 62.2325
      vertex 19.184 15.0578 62.2325
    endloop
  endfacet
  facet normal 0 0 -1
    outer loop
      vertex 60 0 18.2325
      vertex 18.1284 11.809 18.2325
      vertex 18.6243 13.4438 18.2325
    endloop
  endfacet
  facet normal 0 0 1
    outer loop
      vertex 60 0 62.2325
      vertex 18.6243 13.4438 62.2325
      vertex 18.1284 11.809 62.2325
    endloop
  endfacet
  facet normal -0.95694 0.290285 0
    outer loop
      vertex 18.6243 13.4438 18.2325
      vertex 18.1284 11.809 18.2325
      vertex 18.1284 11.809 62.2325
    endloop
  endfacet
  facet normal -0.95694 0.290285 0
    outer loop
      vertex 18.6243 13.4438 18.2325
      vertex 18.1284 11.809 62.2325
      vertex 18.6243 13.4438 62.2325
    endloop
  endfacet
  facet normal 0 0 -1
    outer loop
      vertex 60 0 18.2325
      vertex 17.697 10.156 18.2325
      vertex 18.1284 11.809 18.2325
    endloop
  endfacet
  facet normal 0 0 1
    outer loop
      vertex 60 0 62.2325
      vertex 18.1284 11.809 62.2325
      vertex 17.697 10.156 62.2325
    endloop
  endfacet
  facet normal -0.967599 0.252492 0
    outer loop
      vertex 18.1284 11.809 18.2325
      vertex 17.697 10.156 18.2325
      vertex 17.697 10.156 62.2325
    endloop
  endfacet
  facet normal -0.967599 0.252492 0
    outer loop
      vertex 18.1284 11.809 18.2325
      vertex 17.697 10.156 62.2325
      vertex 18.1284 11.809 62.2325
    endloop
  endfacet
  facet normal 0 0 -1
    outer loop
      vertex 60 0 18.2325
      vertex 17.3309 8.4874 18.2325
      vertex 17.697 10.156 18.2325
    endloop
  endfacet
  facet normal 0 0 1
    outer loop
      vertex 60 0 62.2325
      vertex 17.697 10.156 62.2325
      vertex 17.3309 8.4874 62.2325
    endloop
  endfacet
  facet normal -0.976766 0.214309 0
    outer loop
      vertex 17.697 10.156 18.2325
      vertex 17.3309 8.4874 18.2325
      vertex 17.3309 8.4874 62.2325
    endloop
  endfacet
  facet normal -0.976766 0.214309 0
    outer loop
      vertex 17.697 10.156 18.2325
      vertex 17.3309 8.4874 62.2325
      vertex 17.697 10.156 62.2325
    endloop
  endfacet
  facet normal 0 0 -1
    outer loop
      vertex 60 0 18.2325
      vertex 17.0306 6.80568 18.2325
      vertex 17.3309 8.4874 18.2325
    endloop
  endfacet
  facet normal 0 0 1
    outer loop
      vertex 60 0 62.2325
      vertex 17.3309 8.4874 62.2325
      vertex 17.0306 6.80568 62.2325
    endloop
  endfacet
  facet normal -0.984427 0.175796 0
    outer loop
      vertex 17.3309 8.4874 18.2325
      vertex 17.0306 6.80568 18.2325
      vertex 17.0306 6.80568 62.2325
    endloop
  endfacet
  facet normal -0.984427 0.175796 0
    outer loop
      vertex 17.3309 8.4874 18.2325
      vertex 17.0306 6.80568 62.2325
      vertex 17.3309 8.4874 62.2325
    endloop
  endfacet
  facet normal 0 0 -1
    outer loop
      vertex 60 0 18.2325
      vertex 16.7966 5.11346 18.2325
      vertex 17.0306 6.80568 18.2325
    endloop
  endfacet
  facet normal 0 0 1
    outer loop
      vertex 60 0 62.2325
      vertex 17.0306 6.80568 62.2325
      vertex 16.7966 5.11346 62.2325
    endloop
  endfacet
  facet normal -0.990569 0.137012 0
    outer loop
      vertex 17.0306 6.80568 18.2325
      vertex 16.7966 5.11346 18.2325
      vertex 16.7966 5.11346 62.2325
    endloop
  endfacet
  facet normal -0.990569 0.137012 0
    outer loop
      vertex 17.0306 6.80568 18.2325
      vertex 16.7966 5.11346 62.2325
      vertex 17.0306 6.80568 62.2325
    endloop
  endfacet
  facet normal 0 0 -1
    outer loop
      vertex 60 0 18.2325
      vertex 16.6291 3.41336 18.2325
      vertex 16.7966 5.11346 18.2325
    endloop
  endfacet
  facet normal 0 0 1
    outer loop
      vertex 60 0 62.2325
      vertex 16.7966 5.11346 62.2325
      vertex 16.6291 3.41336 62.2325
    endloop
  endfacet
  facet normal -0.995185 0.0980171 0
    outer loop
      vertex 16.7966 5.11346 18.2325
      vertex 16.6291 3.41336 18.2325
      vertex 16.6291 3.41336 62.2325
    endloop
  endfacet
  facet normal -0.995185 0.0980171 0
    outer loop
      vertex 16.7966 5.11346 18.2325
      vertex 16.6291 3.41336 62.2325
      vertex 16.7966 5.11346 62.2325
    endloop
  endfacet
  facet normal 0 0 -1
    outer loop
      vertex 60 0 18.2325
      vertex 16.5285 1.708 18.2325
      vertex 16.6291 3.41336 18.2325
    endloop
  endfacet
  facet normal 0 0 1
    outer loop
      vertex 60 0 62.2325
      vertex 16.6291 3.41336 62.2325
      vertex 16.5285 1.708 62.2325
    endloop
  endfacet
  facet normal -0.998266 0.0588708 0
    outer loop
      vertex 16.6291 3.41336 18.2325
      vertex 16.5285 1.708 18.2325
      vertex 16.5285 1.708 62.2325
    endloop
  endfacet
  facet normal -0.998266 0.0588708 0
    outer loop
      vertex 16.6291 3.41336 18.2325
      vertex 16.5285 1.708 62.2325
      vertex 16.6291 3.41336 62.2325
    endloop
  endfacet
  facet normal 0 0 -1
    outer loop
      vertex 60 0 18.2325
      vertex 16.495 5.32783e-15 18.2325
      vertex 16.5285 1.708 18.2325
    endloop
  endfacet
  facet normal 0 0 1
    outer loop
      vertex 60 0 62.2325
      vertex 16.5285 1.708 62.2325
      vertex 16.495 5.32783e-15 62.2325
    endloop
  endfacet
  facet normal -0.999807 0.0196337 0
    outer loop
      vertex 16.5285 1.708 18.2325
      vertex 16.495 5.32783e-15 18.2325
      vertex 16.495 5.32783e-15 62.2325
    endloop
  endfacet
  facet normal -0.999807 0.0196337 0
    outer loop
      vertex 16.5285 1.708 18.2325
      vertex 16.495 5.32783e-15 62.2325
      vertex 16.5285 1.708 62.2325
    endloop
  endfacet
  facet normal 0 0 -1
    outer loop
      vertex 60 0 18.2325
      vertex 16.5285 -1.708 18.2325
      vertex 16.495 5.32783e-15 18.2325
    endloop
  endfacet
  facet normal 0 0 1
    outer loop
      vertex 60 0 62.2325
      vertex 16.495 5.32783e-15 62.2325
      vertex 16.5285 -1.708 62.2325
    endloop
  endfacet
  facet normal -0.999807 -0.0196337 0
    outer loop
      vertex 16.495 5.32783e-15 18.2325
      vertex 16.5285 -1.708 18.2325
      vertex 16.5285 -1.708 62.2325
    endloop
  endfacet
  facet normal -0.999807 -0.0196337 0
    outer loop
      vertex 16.495 5.32783e-15 18.2325
      vertex 16.5285 -1.708 62.2325
      vertex 16.495 5.32783e-15 62.2325
    endloop
  endfacet
  facet normal 0 0 -1
    outer loop
      vertex 60 0 18.2325
      vertex 16.6291 -3.41336 18.2325
      vertex 16.5285 -1.708 18.2325
    endloop
  endfacet
  facet normal 0 0 1
    outer loop
      vertex 60 0 62.2325
      vertex 16.5285 -1.708 62.2325
      vertex 16.6291 -3.41336 62.2325
    endloop
  endfacet
  facet normal -0.998266 -0.0588708 0
    outer loop
      vertex 16.5285 -1.708 18.2325
      vertex 16.6291 -3.41336 18.2325
      vertex 16.6291 -3.41336 62.2325
    endloop
  endfacet
  facet normal -0.998266 -0.0588708 0
    outer loop
      vertex 16.5285 -1.708 18.2325
      vertex 16.6291 -3.41336 62.2325
      vertex 16.5285 -1.708 62.2325
    endloop
  endfacet
  facet normal 0 0 -1
    outer loop
      vertex 60 0 18.2325
      vertex 16.7966 -5.11346 18.2325
      vertex 16.6291 -3.41336 18.2325
    endloop
  endfacet
  facet normal 0 0 1
    outer loop
      vertex 60 0 62.2325
      vertex 16.6291 -3.41336 62.2325
      vertex 16.7966 -5.11346 62.2325
    endloop
  endfacet
  facet normal -0.995185 -0.0980171 0
    outer loop
      vertex 16.6291 -3.41336 18.2325
      vertex 16.7966 -5.11346 18.2325
      vertex 16.7966 -5.11346 62.2325
    endloop
  endfacet
  facet normal -0.995185 -0.0980171 0
    outer loop
      vertex 16.6291 -3.41336 18.2325
      vertex 16.7966 -5.11346 62.2325
      vertex 16.6291 -3.41336 62.2325
    endloop
  endfacet
  facet normal 0 0 -1
    outer loop
      vertex 60 0 18.2325
      vertex 17.0306 -6.80568 18.2325
      vertex 16.7966 -5.11346 18.2325
    endloop
  endfacet
  facet normal 0 0 1
    outer loop
      vertex 60 0 62.2325
      vertex 16.7966 -5.11346 62.2325
      vertex 17.0306 -6.80568 62.2325
    endloop
  endfacet
  facet normal -0.990569 -0.137012 0
    outer loop
      vertex 16.7966 -5.11346 18.2325
      vertex 17.0306 -6.80568 18.2325
      vertex 17.0306 -6.80568 62.2325
    endloop
  endfacet
  facet normal -0.990569 -0.137012 0
    outer loop
      vertex 16.7966 -5.11346 18.2325
      vertex 17.0306 -6.80568 62.2325
      vertex 16.7966 -5.11346 62.2325
    endloop
  endfacet
  facet normal 0 0 -1
    outer loop
      vertex 60 0 18.2325
      vertex 17.3309 -8.4874 18.2325
      vertex 17.0306 -6.80568 18.2325
    endloop
  endfacet
  facet normal 0 0 1
    outer loop
      vertex 60 0 62.2325
      vertex 17.0306 -6.80568 62.2325
      vertex 17.3309 -8.4874 62.2325
    endloop
  endfacet
  facet normal -0.984427 -0.175796 0
    outer loop
      vertex 17.0306 -6.80568 18.2325
      vertex 17.3309 -8.4874 18.2325
      vertex 17.3309 -8.4874 62.2325
    endloop
  endfacet
  facet normal -0.984427 -0.175796 0
    outer loop
      vertex 17.0306 -6.80568 18.2325
      vertex 17.3309 -8.4874 62.2325
      vertex 17.0306 -6.80568 62.2325
    endloop
  endfacet
  facet normal 0 0 -1
    outer loop
      vertex 60 0 18.2325
      vertex 17.697 -10.156 18.2325
      vertex 17.3309 -8.4874 18.2325
    endloop
  endfacet
  facet normal 0 0 1
    outer loop
      vertex 60 0 62.2325
      vertex 17.3309 -8.4874 62.2325
      vertex 17.697 -10.156 62.2325
    endloop
  endfacet
  facet normal -0.976766 -0.214309 0
    outer loop
      vertex 17.3309 -8.4874 18.2325
      vertex 17.697 -10.156 18.2325
      vertex 17.697 -10.156 62.2325
    endloop
  endfacet
  facet normal -0.976766 -0.214309 0
    outer loop
      vertex 17.3309 -8.4874 18.2325
      vertex 17.697 -10.156 62.2325
      vertex 17.3309 -8.4874 62.2325
    endloop
  endfacet
  facet normal 0 0 -1
    outer loop
      vertex 60 0 18.2325
      vertex 18.1284 -11.809 18.2325
      vertex 17.697 -10.156 18.2325
    endloop
  endfacet
  facet normal 0 0 1
    outer loop
      vertex 60 0 62.2325
      vertex 17.697 -10.156 62.2325
      vertex 18.1284 -11.809 62.2325
    endloop
  endfacet
  facet normal -0.967599 -0.252492 0
    outer loop
      vertex 17.697 -10.156 18.2325
      vertex 18.1284 -11.809 18.2325
      vertex 18.1284 -11.809 62.2325
    endloop
  endfacet
  facet normal -0.967599 -0.252492 0
    outer loop
      vertex 17.697 -10.156 18.2325
      vertex 18.1284 -11.809 62.2325
      vertex 17.697 -10.156 62.2325
    endloop
  endfacet
  facet normal 0 0 -1
    outer loop
      vertex 60 0 18.2325
      vertex 18.6243 -13.4438 18.2325
      vertex 18.1284 -11.809 18.2325
    endloop
  endfacet
  facet normal 0 0 1
    outer loop
      vertex 60 0 62.2325
      vertex 18.1284 -11.809 62.2325
      vertex 18.6243 -13.4438 62.2325
    endloop
  endfacet
  facet normal -0.95694 -0.290285 0
    outer loop
      vertex 18.1284 -11.809 18.2325
      vertex 18.6243 -13.4438 18.2325
      vertex 18.6243 -13.4438 62.2325
    endloop
  endfacet
  facet normal -0.95694 -0.290285 0
    outer loop
      vertex 18.1284 -11.809 18.2325
      vertex 18.6243 -13.4438 62.2325
      vertex 18.1284 -11.809 62.2325
    endloop
  endfacet
  facet normal 0 0 -1
    outer loop
      vertex 60 0 18.2325
      vertex 19.184 -15.0578 18.2325
      vertex 18.6243 -13.4438 18.2325
    endloop
  endfacet
  facet normal 0 0 1
    outer loop
      vertex 60 0 62.2325
      vertex 18.6243 -13.4438 62.2325
      vertex 19.184 -15.0578 62.2325
    endloop
  endfacet
  facet normal -0.944806 -0.32763 0
    outer loop
      vertex 18.6243 -13.4438 18.2325
      vertex 19.184 -15.0578 18.2325
      vertex 19.184 -15.0578 62.2325
    endloop
  endfacet
  facet normal -0.944806 -0.32763 0
    outer loop
      vertex 18.6243 -13.4438 18.2325
      vertex 19.184 -15.0578 62.2325
      vertex 18.6243 -13.4438 62.2325
    endloop
  endfacet
  facet normal 0 0 -1
    outer loop
      vertex 60 0 18.2325
      vertex 19.8066 -16.6486 18.2325
      vertex 19.184 -15.0578 18.2325
    endloop
  endfacet
  facet normal 0 0 1
    outer loop
      vertex 60 0 62.2325
      vertex 19.184 -15.0578 62.2325
      vertex 19.8066 -16.6486 62.2325
    endloop
  endfacet
  facet normal -0.931215 -0.36447 0
    outer loop
      vertex 19.184 -15.0578 18.2325
      vertex 19.8066 -16.6486 18.2325
      vertex 19.8066 -16.6486 62.2325
    endloop
  endfacet
  facet normal -0.931215 -0.36447 0
    outer loop
      vertex 19.184 -15.0578 18.2325
      vertex 19.8066 -16.6486 62.2325
      vertex 19.184 -15.0578 62.2325
    endloop
  endfacet
  facet normal 0 0 -1
    outer loop
      vertex 60 0 18.2325
      vertex 20.4912 -18.2138 18.2325
      vertex 19.8066 -16.6486 18.2325
    endloop
  endfacet
  facet normal 0 0 1
    outer loop
      vertex 60 0 62.2325
      vertex 19.8066 -16.6486 62.2325
      vertex 20.4912 -18.2138 62.2325
    endloop
  endfacet
  facet normal -0.916188 -0.400749 0
    outer loop
      vertex 19.8066 -16.6486 18.2325
      vertex 20.4912 -18.2138 18.2325
      vertex 20.4912 -18.2138 62.2325
    endloop
  endfacet
  facet normal -0.916188 -0.400749 0
    outer loop
      vertex 19.8066 -16.6486 18.2325
      vertex 20.4912 -18.2138 62.2325
      vertex 19.8066 -16.6486 62.2325
    endloop
  endfacet
  facet normal 0 0 -1
    outer loop
      vertex 60 0 18.2325
      vertex 21.2368 -19.7509 18.2325
      vertex 20.4912 -18.2138 18.2325
    endloop
  endfacet
  facet normal 0 0 1
    outer loop
      vertex 60 0 62.2325
      vertex 20.4912 -18.2138 62.2325
      vertex 21.2368 -19.7509 62.2325
    endloop
  endfacet
  facet normal -0.899748 -0.436409 0
    outer loop
      vertex 20.4912 -18.2138 18.2325
      vertex 21.2368 -19.7509 18.2325
      vertex 21.2368 -19.7509 62.2325
    endloop
  endfacet
  facet normal -0.899748 -0.436409 0
    outer loop
      vertex 20.4912 -18.2138 18.2325
      vertex 21.2368 -19.7509 62.2325
      vertex 20.4912 -18.2138 62.2325
    endloop
  endfacet
  facet normal 0 0 -1
    outer loop
      vertex 60 0 18.2325
      vertex 22.0421 -21.2575 18.2325
      vertex 21.2368 -19.7509 18.2325
    endloop
  endfacet
  facet normal 0 0 1
    outer loop
      vertex 60 0 62.2325
      vertex 21.2368 -19.7509 62.2325
      vertex 22.0421 -21.2575 62.2325
    endloop
  endfacet
  facet normal -0.881921 -0.471397 0
    outer loop
      vertex 21.2368 -19.7509 18.2325
      vertex 22.0421 -21.2575 18.2325
      vertex 22.0421 -21.2575 62.2325
    endloop
  endfacet
  facet normal -0.881921 -0.471397 0
    outer loop
      vertex 21.2368 -19.7509 18.2325
      vertex 22.0421 -21.2575 62.2325
      vertex 21.2368 -19.7509 62.2325
    endloop
  endfacet
  facet normal 0 0 -1
    outer loop
      vertex 60 0 18.2325
      vertex 22.9059 -22.7313 18.2325
      vertex 22.0421 -21.2575 18.2325
    endloop
  endfacet
  facet normal 0 0 1
    outer loop
      vertex 60 0 62.2325
      vertex 22.0421 -21.2575 62.2325
      vertex 22.9059 -22.7313 62.2325
    endloop
  endfacet
  facet normal -0.862734 -0.505657 0
    outer loop
      vertex 22.0421 -21.2575 18.2325
      vertex 22.9059 -22.7313 18.2325
      vertex 22.9059 -22.7313 62.2325
    endloop
  endfacet
  facet normal -0.862734 -0.505657 0
    outer loop
      vertex 22.0421 -21.2575 18.2325
      vertex 22.9059 -22.7313 62.2325
      vertex 22.0421 -21.2575 62.2325
    endloop
  endfacet
  facet normal 0 0 -1
    outer loop
      vertex 60 0 18.2325
      vertex 23.8269 -24.1701 18.2325
      vertex 22.9059 -22.7313 18.2325
    endloop
  endfacet
  facet normal 0 0 1
    outer loop
      vertex 60 0 62.2325
      vertex 22.9059 -22.7313 62.2325
      vertex 23.8269 -24.1701 62.2325
    endloop
  endfacet
  facet normal -0.842217 -0.539138 0
    outer loop
      vertex 22.9059 -22.7313 18.2325
      vertex 23.8269 -24.1701 18.2325
      vertex 23.8269 -24.1701 62.2325
    endloop
  endfacet
  facet normal -0.842217 -0.539138 0
    outer loop
      vertex 22.9059 -22.7313 18.2325
      vertex 23.8269 -24.1701 62.2325
      vertex 22.9059 -22.7313 62.2325
    endloop
  endfacet
  facet normal 0 0 -1
    outer loop
      vertex 60 0 18.2325
      vertex 24.8037 -25.5716 18.2325
      vertex 23.8269 -24.1701 18.2325
    endloop
  endfacet
  facet normal 0 0 1
    outer loop
      vertex 60 0 62.2325
      vertex 23.8269 -24.1701 62.2325
      vertex 24.8037 -25.5716 62.2325
    endloop
  endfacet
  facet normal -0.820401 -0.571788 0
    outer loop
      vertex 23.8269 -24.1701 18.2325
      vertex 24.8037 -25.5716 18.2325
      vertex 24.8037 -25.5716 62.2325
    endloop
  endfacet
  facet normal -0.820401 -0.571788 0
    outer loop
      vertex 23.8269 -24.1701 18.2325
      vertex 24.8037 -25.5716 62.2325
      vertex 23.8269 -24.1701 62.2325
    endloop
  endfacet
  facet normal 0 0 -1
    outer loop
      vertex 60 0 18.2325
      vertex 25.8348 -26.9337 18.2325
      vertex 24.8037 -25.5716 18.2325
    endloop
  endfacet
  facet normal 0 0 1
    outer loop
      vertex 60 0 62.2325
      vertex 24.8037 -25.5716 62.2325
      vertex 25.8348 -26.9337 62.2325
    endloop
  endfacet
  facet normal -0.797321 -0.603556 0
    outer loop
      vertex 24.8037 -25.5716 18.2325
      vertex 25.8348 -26.9337 18.2325
      vertex 25.8348 -26.9337 62.2325
    endloop
  endfacet
  facet normal -0.797321 -0.603556 0
    outer loop
      vertex 24.8037 -25.5716 18.2325
      vertex 25.8348 -26.9337 62.2325
      vertex 24.8037 -25.5716 62.2325
    endloop
  endfacet
  facet normal 0 0 -1
    outer loop
      vertex 60 0 18.2325
      vertex 26.9185 -28.2542 18.2325
      vertex 25.8348 -26.9337 18.2325
    endloop
  endfacet
  facet normal 0 0 1
    outer loop
      vertex 60 0 62.2325
      vertex 25.8348 -26.9337 62.2325
      vertex 26.9185 -28.2542 62.2325
    endloop
  endfacet
  facet normal -0.77301 -0.634393 0
    outer loop
      vertex 25.8348 -26.9337 18.2325
      vertex 26.9185 -28.2542 18.2325
      vertex 26.9185 -28.2542 62.2325
    endloop
  endfacet
  facet normal -0.77301 -0.634393 0
    outer loop
      vertex 25.8348 -26.9337 18.2325
      vertex 26.9185 -28.2542 62.2325
      vertex 25.8348 -26.9337 62.2325
    endloop
  endfacet
  facet normal 0 0 -1
    outer loop
      vertex 60 0 18.2325
      vertex 28.0533 -29.5312 18.2325
      vertex 26.9185 -28.2542 18.2325
    endloop
  endfacet
  facet normal 0 0 1
    outer loop
      vertex 60 0 62.2325
      vertex 26.9185 -28.2542 62.2325
      vertex 28.0533 -29.5312 62.2325
    endloop
  endfacet
  facet normal -0.747508 -0.664252 0
    outer loop
      vertex 26.9185 -28.2542 18.2325
      vertex 28.0533 -29.5312 18.2325
      vertex 28.0533 -29.5312 62.2325
    endloop
  endfacet
  facet normal -0.747508 -0.664252 0
    outer loop
      vertex 26.9185 -28.2542 18.2325
      vertex 28.0533 -29.5312 62.2325
      vertex 26.9185 -28.2542 62.2325
    endloop
  endfacet
  facet normal 0 0 -1
    outer loop
      vertex 60 0 18.2325
      vertex 29.2373 -30.7627 18.2325
      vertex 28.0533 -29.5312 18.2325
    endloop
  endfacet
  facet normal 0 0 1
    outer loop
      vertex 60 0 62.2325
      vertex 28.0533 -29.5312 62.2325
      vertex 29.2373 -30.7627 62.2325
    endloop
  endfacet
  facet normal -0.720854 -0.693087 0
    outer loop
      vertex 28.0533 -29.5312 18.2325
      vertex 29.2373 -30.7627 18.2325
      vertex 29.2373 -30.7627 62.2325
    endloop
  endfacet
  facet normal -0.720854 -0.693087 0
    outer loop
      vertex 28.0533 -29.5312 18.2325
      vertex 29.2373 -30.7627 62.2325
      vertex 28.0533 -29.5312 62.2325
    endloop
  endfacet
  facet normal 0 0 -1
    outer loop
      vertex 60 0 18.2325
      vertex 30.4688 -31.9467 18.2325
      vertex 29.2373 -30.7627 18.2325
    endloop
  endfacet
  facet normal 0 0 1
    outer loop
      vertex 60 0 62.2325
      vertex 29.2373 -30.7627 62.2325
      vertex 30.4688 -31.9467 62.2325
    endloop
  endfacet
  facet normal -0.693087 -0.720854 0
    outer loop
      vertex 29.2373 -30.7627 18.2325
      vertex 30.4688 -31.9467 18.2325
      vertex 30.4688 -31.9467 62.2325
    endloop
  endfacet
  facet normal -0.693087 -0.720854 0
    outer loop
      vertex 29.2373 -30.7627 18.2325
      vertex 30.4688 -31.9467 62.2325
      vertex 29.2373 -30.7627 62.2325
    endloop
  endfacet
  facet normal 0 0 -1
    outer loop
      vertex 60 0 18.2325
      vertex 31.7458 -33.0815 18.2325
      vertex 30.4688 -31.9467 18.2325
    endloop
  endfacet
  facet normal 0 0 1
    outer loop
      vertex 60 0 62.2325
      vertex 30.4688 -31.9467 62.2325
      vertex 31.7458 -33.0815 62.2325
    endloop
  endfacet
  facet normal -0.664252 -0.747508 0
    outer loop
      vertex 30.4688 -31.9467 18.2325
      vertex 31.7458 -33.0815 18.2325
      vertex 31.7458 -33.0815 62.2325
    endloop
  endfacet
  facet normal -0.664252 -0.747508 0
    outer loop
      vertex 30.4688 -31.9467 18.2325
      vertex 31.7458 -33.0815 62.2325
      vertex 30.4688 -31.9467 62.2325
    endloop
  endfacet
  facet normal 0 0 -1
    outer loop
      vertex 60 0 18.2325
      vertex 33.0663 -34.1652 18.2325
      vertex 31.7458 -33.0815 18.2325
    endloop
  endfacet
  facet normal 0 0 1
    outer loop
      vertex 60 0 62.2325
      vertex 31.7458 -33.0815 62.2325
      vertex 33.0663 -34.1652 62.2325
    endloop
  endfacet
  facet normal -0.634393 -0.77301 0
    outer loop
      vertex 31.7458 -33.0815 18.2325
      vertex 33.0663 -34.1652 18.2325
      vertex 33.0663 -34.1652 62.2325
    endloop
  endfacet
  facet normal -0.634393 -0.77301 0
    outer loop
      vertex 31.7458 -33.0815 18.2325
      vertex 33.0663 -34.1652 62.2325
      vertex 31.7458 -33.0815 62.2325
    endloop
  endfacet
  facet normal 0 0 -1
    outer loop
      vertex 60 0 18.2325
      vertex 34.4284 -35.1963 18.2325
      vertex 33.0663 -34.1652 18.2325
    endloop
  endfacet
  facet normal 0 0 1
    outer loop
      vertex 60 0 62.2325
      vertex 33.0663 -34.1652 62.2325
      vertex 34.4284 -35.1963 62.2325
    endloop
  endfacet
  facet normal -0.603556 -0.797321 0
    outer loop
      vertex 33.0663 -34.1652 18.2325
      vertex 34.4284 -35.1963 18.2325
      vertex 34.4284 -35.1963 62.2325
    endloop
  endfacet
  facet normal -0.603556 -0.797321 0
    outer loop
      vertex 33.0663 -34.1652 18.2325
      vertex 34.4284 -35.1963 62.2325
      vertex 33.0663 -34.1652 62.2325
    endloop
  endfacet
  facet normal 0 0 -1
    outer loop
      vertex 60 0 18.2325
      vertex 35.8299 -36.1731 18.2325
      vertex 34.4284 -35.1963 18.2325
    endloop
  endfacet
  facet normal 0 0 1
    outer loop
      vertex 60 0 62.2325
      vertex 34.4284 -35.1963 62.2325
      vertex 35.8299 -36.1731 62.2325
    endloop
  endfacet
  facet normal -0.571788 -0.820401 0
    outer loop
      vertex 34.4284 -35.1963 18.2325
      vertex 35.8299 -36.1731 18.2325
      vertex 35.8299 -36.1731 62.2325
    endloop
  endfacet
  facet normal -0.571788 -0.820401 0
    outer loop
      vertex 34.4284 -35.1963 18.2325
      vertex 35.8299 -36.1731 62.2325
      vertex 34.4284 -35.1963 62.2325
    endloop
  endfacet
  facet normal 0 0 -1
    outer loop
      vertex 60 0 18.2325
      vertex 37.2687 -37.0941 18.2325
      vertex 35.8299 -36.1731 18.2325
    endloop
  endfacet
  facet normal 0 0 1
    outer loop
      vertex 60 0 62.2325
      vertex 35.8299 -36.1731 62.2325
      vertex 37.2687 -37.0941 62.2325
    endloop
  endfacet
  facet normal -0.539138 -0.842217 0
    outer loop
      vertex 35.8299 -36.1731 18.2325
      vertex 37.2687 -37.0941 18.2325
      vertex 37.2687 -37.0941 62.2325
    endloop
  endfacet
  facet normal -0.539138 -0.842217 0
    outer loop
      vertex 35.8299 -36.1731 18.2325
      vertex 37.2687 -37.0941 62.2325
      vertex 35.8299 -36.1731 62.2325
    endloop
  endfacet
  facet normal 0 0 -1
    outer loop
      vertex 60 0 18.2325
      vertex 38.7425 -37.9579 18.2325
      vertex 37.2687 -37.0941 18.2325
    endloop
  endfacet
  facet normal 0 0 1
    outer loop
      vertex 60 0 62.2325
      vertex 37.2687 -37.0941 62.2325
      vertex 38.7425 -37.9579 62.2325
    endloop
  endfacet
  facet normal -0.505657 -0.862734 0
    outer loop
      vertex 37.2687 -37.0941 18.2325
      vertex 38.7425 -37.9579 18.2325
      vertex 38.7425 -37.9579 62.2325
    endloop
  endfacet
  facet normal -0.505657 -0.862734 0
    outer loop
      vertex 37.2687 -37.0941 18.2325
      vertex 38.7425 -37.9579 62.2325
      vertex 37.2687 -37.0941 62.2325
    endloop
  endfacet
  facet normal 0 0 -1
    outer loop
      vertex 60 0 18.2325
      vertex 40.2491 -38.7632 18.2325
      vertex 38.7425 -37.9579 18.2325
    endloop
  endfacet
  facet normal 0 0 1
    outer loop
      vertex 60 0 62.2325
      vertex 38.7425 -37.9579 62.2325
      vertex 40.2491 -38.7632 62.2325
    endloop
  endfacet
  facet normal -0.471397 -0.881921 0
    outer loop
      vertex 38.7425 -37.9579 18.2325
      vertex 40.2491 -38.7632 18.2325
      vertex 40.2491 -38.7632 62.2325
    endloop
  endfacet
  facet normal -0.471397 -0.881921 0
    outer loop
      vertex 38.7425 -37.9579 18.2325
      vertex 40.2491 -38.7632 62.2325
      vertex 38.7425 -37.9579 62.2325
    endloop
  endfacet
  facet normal 0 0 -1
    outer loop
      vertex 60 0 18.2325
      vertex 41.7862 -39.5088 18.2325
      vertex 40.2491 -38.7632 18.2325
    endloop
  endfacet
  facet normal 0 0 1
    outer loop
      vertex 60 0 62.2325
      vertex 40.2491 -38.7632 62.2325
      vertex 41.7862 -39.5088 62.2325
    endloop
  endfacet
  facet normal -0.436409 -0.899748 0
    outer loop
      vertex 40.2491 -38.7632 18.2325
      vertex 41.7862 -39.5088 18.2325
      vertex 41.7862 -39.5088 62.2325
    endloop
  endfacet
  facet normal -0.436409 -0.899748 0
    outer loop
      vertex 40.2491 -38.7632 18.2325
      vertex 41.7862 -39.5088 62.2325
      vertex 40.2491 -38.7632 62.2325
    endloop
  endfacet
  facet normal 0 0 -1
    outer loop
      vertex 60 0 18.2325
      vertex 43.3514 -40.1934 18.2325
      vertex 41.7862 -39.5088 18.2325
    endloop
  endfacet
  facet normal 0 0 1
    outer loop
      vertex 60 0 62.2325
      vertex 41.7862 -39.5088 62.2325
      vertex 43.3514 -40.1934 62.2325
    endloop
  endfacet
  facet normal -0.400749 -0.916188 0
    outer loop
      vertex 41.7862 -39.5088 18.2325
      vertex 43.3514 -40.1934 18.2325
      vertex 43.3514 -40.1934 62.2325
    endloop
  endfacet
  facet normal -0.400749 -0.916188 0
    outer loop
      vertex 41.7862 -39.5088 18.2325
      vertex 43.3514 -40.1934 62.2325
      vertex 41.7862 -39.5088 62.2325
    endloop
  endfacet
  facet normal 0 0 -1
    outer loop
      vertex 60 0 18.2325
      vertex 44.9422 -40.816 18.2325
      vertex 43.3514 -40.1934 18.2325
    endloop
  endfacet
  facet normal 0 0 1
    outer loop
      vertex 60 0 62.2325
      vertex 43.3514 -40.1934 62.2325
      vertex 44.9422 -40.816 62.2325
    endloop
  endfacet
  facet normal -0.36447 -0.931215 0
    outer loop
      vertex 43.3514 -40.1934 18.2325
      vertex 44.9422 -40.816 18.2325
      vertex 44.9422 -40.816 62.2325
    endloop
  endfacet
  facet normal -0.36447 -0.931215 0
    outer loop
      vertex 43.3514 -40.1934 18.2325
      vertex 44.9422 -40.816 62.2325
      vertex 43.3514 -40.1934 62.2325
    endloop
  endfacet
  facet normal 0 0 -1
    outer loop
      vertex 60 0 18.2325
      vertex 46.5562 -41.3757 18.2325
      vertex 44.9422 -40.816 18.2325
    endloop
  endfacet
  facet normal 0 0 1
    outer loop
      vertex 60 0 62.2325
      vertex 44.9422 -40.816 62.2325
      vertex 46.5562 -41.3757 62.2325
    endloop
  endfacet
  facet normal -0.32763 -0.944806 0
    outer loop
      vertex 44.9422 -40.816 18.2325
      vertex 46.5562 -41.3757 18.2325
      vertex 46.5562 -41.3757 62.2325
    endloop
  endfacet
  facet normal -0.32763 -0.944806 0
    outer loop
      vertex 44.9422 -40.816 18.2325
      vertex 46.5562 -41.3757 62.2325
      vertex 44.9422 -40.816 62.2325
    endloop
  endfacet
  facet normal 0 0 -1
    outer loop
      vertex 60 0 18.2325
      vertex 48.191 -41.8716 18.2325
      vertex 46.5562 -41.3757 18.2325
    endloop
  endfacet
  facet normal 0 0 1
    outer loop
      vertex 60 0 62.2325
      vertex 46.5562 -41.3757 62.2325
      vertex 48.191 -41.8716 62.2325
    endloop
  endfacet
  facet normal -0.290285 -0.95694 0
    outer loop
      vertex 46.5562 -41.3757 18.2325
      vertex 48.191 -41.8716 18.2325
      vertex 48.191 -41.8716 62.2325
    endloop
  endfacet
  facet normal -0.290285 -0.95694 0
    outer loop
      vertex 46.5562 -41.3757 18.2325
      vertex 48.191 -41.8716 62.2325
      vertex 46.5562 -41.3757 62.2325
    endloop
  endfacet
  facet normal 0 0 -1
    outer loop
      vertex 60 0 18.2325
      vertex 49.844 -42.303 18.2325
      vertex 48.191 -41.8716 18.2325
    endloop
  endfacet
  facet normal 0 0 1
    outer loop
      vertex 60 0 62.2325
      vertex 48.191 -41.8716 62.2325
      vertex 49.844 -42.303 62.2325
    endloop
  endfacet
  facet normal -0.252492 -0.967599 0
    outer loop
      vertex 48.191 -41.8716 18.2325
      vertex 49.844 -42.303 18.2325
      vertex 49.844 -42.303 62.2325
    endloop
  endfacet
  facet normal -0.252492 -0.967599 0
    outer loop
      vertex 48.191 -41.8716 18.2325
      vertex 49.844 -42.303 62.2325
      vertex 48.191 -41.8716 62.2325
    endloop
  endfacet
  facet normal 0 0 -1
    outer loop
      vertex 60 0 18.2325
      vertex 51.5126 -42.6691 18.2325
      vertex 49.844 -42.303 18.2325
    endloop
  endfacet
  facet normal 0 0 1
    outer loop
      vertex 60 0 62.2325
      vertex 49.844 -42.303 62.2325
      vertex 51.5126 -42.6691 62.2325
    endloop
  endfacet
  facet normal -0.214309 -0.976766 0
    outer loop
      vertex 49.844 -42.303 18.2325
      vertex 51.5126 -42.6691 18.2325
      vertex 51.5126 -42.6691 62.2325
    endloop
  endfacet
  facet normal -0.214309 -0.976766 0
    outer loop
      vertex 49.844 -42.303 18.2325
      vertex 51.5126 -42.6691 62.2325
      vertex 49.844 -42.303 62.2325
    endloop
  endfacet
  facet normal 0 0 -1
    outer loop
      vertex 60 0 18.2325
      vertex 53.1943 -42.9694 18.2325
      vertex 51.5126 -42.6691 18.2325
    endloop
  endfacet
  facet normal 0 0 1
    outer loop
      vertex 60 0 62.2325
      vertex 51.5126 -42.6691 62.2325
      vertex 53.1943 -42.9694 62.2325
    endloop
  endfacet
  facet normal -0.175796 -0.984427 0
    outer loop
      vertex 51.5126 -42.6691 18.2325
      vertex 53.1943 -42.9694 18.2325
      vertex 53.1943 -42.9694 62.2325
    endloop
  endfacet
  facet normal -0.175796 -0.984427 0
    outer loop
      vertex 51.5126 -42.6691 18.2325
      vertex 53.1943 -42.9694 62.2325
      vertex 51.5126 -42.6691 62.2325
    endloop
  endfacet
  facet normal 0 0 -1
    outer loop
      vertex 60 0 18.2325
      vertex 54.8865 -43.2034 18.2325
      vertex 53.1943 -42.9694 18.2325
    endloop
  endfacet
  facet normal 0 0 1
    outer loop
      vertex 60 0 62.2325
      vertex 53.1943 -42.9694 62.2325
      vertex 54.8865 -43.2034 62.2325
    endloop
  endfacet
  facet normal -0.137012 -0.990569 0
    outer loop
      vertex 53.1943 -42.9694 18.2325
      vertex 54.8865 -43.2034 18.2325
      vertex 54.8865 -43.2034 62.2325
    endloop
  endfacet
  facet normal -0.137012 -0.990569 0
    outer loop
      vertex 53.1943 -42.9694 18.2325
      vertex 54.8865 -43.2034 62.2325
      vertex 53.1943 -42.9694 62.2325
    endloop
  endfacet
  facet normal 0 0 -1
    outer loop
      vertex 60 0 18.2325
      vertex 56.5866 -43.3709 18.2325
      vertex 54.8865 -43.2034 18.2325
    endloop
  endfacet
  facet normal 0 0 1
    outer loop
      vertex 60 0 62.2325
      vertex 54.8865 -43.2034 62.2325
      vertex 56.5866 -43.3709 62.2325
    endloop
  endfacet
  facet normal -0.0980171 -0.995185 0
    outer loop
      vertex 54.8865 -43.2034 18.2325
      vertex 56.5866 -43.3709 18.2325
      vertex 56.5866 -43.3709 62.2325
    endloop
  endfacet
  facet normal -0.0980171 -0.995185 0
    outer loop
      vertex 54.8865 -43.2034 18.2325
      vertex 56.5866 -43.3709 62.2325
      vertex 54.8865 -43.2034 62.2325
    endloop
  endfacet
  facet normal 0 0 -1
    outer loop
      vertex 60 0 18.2325
      vertex 58.292 -43.4715 18.2325
      vertex 56.5866 -43.3709 18.2325
    endloop
  endfacet
  facet normal 0 0 1
    outer loop
      vertex 60 0 62.2325
      vertex 56.5866 -43.3709 62.2325
      vertex 58.292 -43.4715 62.2325
    endloop
  endfacet
  facet normal -0.0588708 -0.998266 0
    outer loop
      vertex 56.5866 -43.3709 18.2325
      vertex 58.292 -43.4715 18.2325
      vertex 58.292 -43.4715 62.2325
    endloop
  endfacet
  facet normal -0.0588708 -0.998266 0
    outer loop
      vertex 56.5866 -43.3709 18.2325
      vertex 58.292 -43.4715 62.2325
      vertex 56.5866 -43.3709 62.2325
    endloop
  endfacet
  facet normal 0 0 -1
    outer loop
      vertex 60 0 18.2325
      vertex 60 -43.505 18.2325
      vertex 58.292 -43.4715 18.2325
    endloop
  endfacet
  facet normal 0 0 1
    outer loop
      vertex 60 0 62.2325
      vertex 58.292 -43.4715 62.2325
      vertex 60 -43.505 62.2325
    endloop
  endfacet
  facet normal -0.0196337 -0.999807 0
    outer loop
      vertex 58.292 -43.4715 18.2325
      vertex 60 -43.505 18.2325
      vertex 60 -43.505 62.2325
    endloop
  endfacet
  facet normal -0.0196337 -0.999807 0
    outer loop
      vertex 58.292 -43.4715 18.2325
      vertex 60 -43.505 62.2325
      vertex 58.292 -43.4715 62.2325
    endloop
  endfacet
  facet normal 0 0 -1
    outer loop
      vertex 60 0 18.2325
      vertex 61.708 -43.4715 18.2325
      vertex 60 -43.505 18.2325
    endloop
  endfacet
  facet normal 0 0 1
    outer loop
      vertex 60 0 62.2325
      vertex 60 -43.505 62.2325
      vertex 61.708 -43.4715 62.2325
    endloop
  endfacet
  facet normal 0.0196337 -0.999807 0
    outer loop
      vertex 60 -43.505 18.2325
      vertex 61.708 -43.4715 18.2325
      vertex 61.708 -43.4715 62.2325
    endloop
  endfacet
  facet normal 0.0196337 -0.999807 0
    outer loop
      vertex 60 -43.505 18.2325
      vertex 61.708 -43.4715 62.2325
      vertex 60 -43.505 62.2325
    endloop
  endfacet
  facet normal 0 0 -1
    outer loop
      vertex 60 0 18.2325
      vertex 63.4134 -43.3709 18.2325
      vertex 61.708 -43.4715 18.2325
    endloop
  endfacet
  facet normal 0 0 1
    outer loop
      vertex 60 0 62.2325
      vertex 61.708 -43.4715 62.2325
      vertex 63.4134 -43.3709 62.2325
    endloop
  endfacet
  facet normal 0.0588708 -0.998266 0
    outer loop
      vertex 61.708 -43.4715 18.2325
      vertex 63.4134 -43.3709 18.2325
      vertex 63.4134 -43.3709 62.2325
    endloop
  endfacet
  facet normal 0.0588708 -0.998266 0
    outer loop
      vertex 61.708 -43.4715 18.2325
      vertex 63.4134 -43.3709 62.2325
      vertex 61.708 -43.4715 62.2325
    endloop
  endfacet
  facet normal 0 0 -1
    outer loop
      vertex 60 0 18.2325
      vertex 65.1135 -43.2034 18.2325
      vertex 63.4134 -43.3709 18.2325
    endloop
  endfacet
  facet normal 0 0 1
    outer loop
      vertex 60 0 62.2325
      vertex 63.4134 -43.3709 62.2325
      vertex 65.1135 -43.2034 62.2325
    endloop
  endfacet
  facet normal 0.0980171 -0.995185 0
    outer loop
      vertex 63.4134 -43.3709 18.2325
      vertex 65.1135 -43.2034 18.2325
      vertex 65.1135 -43.2034 62.2325
    endloop
  endfacet
  facet normal 0.0980171 -0.995185 0
    outer loop
      vertex 63.4134 -43.3709 18.2325
      vertex 65.1135 -43.2034 62.2325
      vertex 63.4134 -43.3709 62.2325
    endloop
  endfacet
  facet normal 0 0 -1
    outer loop
      vertex 60 0 18.2325
      vertex 66.8057 -42.9694 18.2325
      vertex 65.1135 -43.2034 18.2325
    endloop
  endfacet
  facet normal 0 0 1
    outer loop
      vertex 60 0 62.2325
      vertex 65.1135 -43.2034 62.2325
      vertex 66.8057 -42.9694 62.2325
    endloop
  endfacet
  facet normal 0.137012 -0.990569 0
    outer loop
      vertex 65.1135 -43.2034 18.2325
      vertex 66.8057 -42.9694 18.2325
      vertex 66.8057 -42.9694 62.2325
    endloop
  endfacet
  facet normal 0.137012 -0.990569 0
    outer loop
      vertex 65.1135 -43.2034 18.2325
      vertex 66.8057 -42.9694 62.2325
      vertex 65.1135 -43.2034 62.2325
    endloop
  endfacet
  facet normal 0 0 -1
    outer loop
      vertex 60 0 18.2325
      vertex 68.4874 -42.6691 18.2325
      vertex 66.8057 -42.9694 18.2325
    endloop
  endfacet
  facet normal 0 0 1
    outer loop
      vertex 60 0 62.2325
      vertex 66.8057 -42.9694 62.2325
      vertex 68.4874 -42.6691 62.2325
    endloop
  endfacet
  facet normal 0.175796 -0.984427 0
    outer loop
      vertex 66.8057 -42.9694 18.2325
      vertex 68.4874 -42.6691 18.2325
      vertex 68.4874 -42.6691 62.2325
    endloop
  endfacet
  facet normal 0.175796 -0.984427 0
    outer loop
      vertex 66.8057 -42.9694 18.2325
      vertex 68.4874 -42.6691 62.2325
      vertex 66.8057 -42.9694 62.2325
    endloop
  endfacet
  facet normal 0 0 -1
    outer loop
      vertex 60 0 18.2325
      vertex 70.156 -42.303 18.2325
      vertex 68.4874 -42.6691 18.2325
    endloop
  endfacet
  facet normal 0 0 1
    outer loop
      vertex 60 0 62.2325
      vertex 68.4874 -42.6691 62.2325
      vertex 70.156 -42.303 62.2325
    endloop
  endfacet
  facet normal 0.214309 -0.976766 0
    outer loop
      vertex 68.4874 -42.6691 18.2325
      vertex 70.156 -42.303 18.2325
      vertex 70.156 -42.303 62.2325
    endloop
  endfacet
  facet normal 0.214309 -0.976766 0
    outer loop
      vertex 68.4874 -42.6691 18.2325
      vertex 70.156 -42.303 62.2325
      vertex 68.4874 -42.6691 62.2325
    endloop
  endfacet
  facet normal 0 0 -1
    outer loop
      vertex 60 0 18.2325
      vertex 71.809 -41.8716 18.2325
      vertex 70.156 -42.303 18.2325
    endloop
  endfacet
  facet normal 0 0 1
    outer loop
      vertex 60 0 62.2325
      vertex 70.156 -42.303 62.2325
      vertex 71.809 -41.8716 62.2325
    endloop
  endfacet
  facet normal 0.252492 -0.967599 0
    outer loop
      vertex 70.156 -42.303 18.2325
      vertex 71.809 -41.8716 18.2325
      vertex 71.809 -41.8716 62.2325
    endloop
  endfacet
  facet normal 0.252492 -0.967599 0
    outer loop
      vertex 70.156 -42.303 18.2325
      vertex 71.809 -41.8716 62.2325
      vertex 70.156 -42.303 62.2325
    endloop
  endfacet
  facet normal 0 0 -1
    outer loop
      vertex 60 0 18.2325
      vertex 73.4438 -41.3757 18.2325
      vertex 71.809 -41.8716 18.2325
    endloop
  endfacet
  facet normal 0 0 1
    outer loop
      vertex 60 0 62.2325
      vertex 71.809 -41.8716 62.2325
      vertex 73.4438 -41.3757 62.2325
    endloop
  endfacet
  facet normal 0.290285 -0.95694 0
    outer loop
      vertex 71.809 -41.8716 18.2325
      vertex 73.4438 -41.3757 18.2325
      vertex 73.4438 -41.3757 62.2325
    endloop
  endfacet
  facet normal 0.290285 -0.95694 0
    outer loop
      vertex 71.809 -41.8716 18.2325
      vertex 73.4438 -41.3757 62.2325
      vertex 71.809 -41.8716 62.2325
    endloop
  endfacet
  facet normal 0 0 -1
    outer loop
      vertex 60 0 18.2325
      vertex 75.0578 -40.816 18.2325
      vertex 73.4438 -41.3757 18.2325
    endloop
  endfacet
  facet normal 0 0 1
    outer loop
      vertex 60 0 62.2325
      vertex 73.4438 -41.3757 62.2325
      vertex 75.0578 -40.816 62.2325
    endloop
  endfacet
  facet normal 0.32763 -0.944806 0
    outer loop
      vertex 73.4438 -41.3757 18.2325
      vertex 75.0578 -40.816 18.2325
      vertex 75.0578 -40.816 62.2325
    endloop
  endfacet
  facet normal 0.32763 -0.944806 0
    outer loop
      vertex 73.4438 -41.3757 18.2325
      vertex 75.0578 -40.816 62.2325
      vertex 73.4438 -41.3757 62.2325
    endloop
  endfacet
  facet normal 0 0 -1
    outer loop
      vertex 60 0 18.2325
      vertex 76.6486 -40.1934 18.2325
      vertex 75.0578 -40.816 18.2325
    endloop
  endfacet
  facet normal 0 0 1
    outer loop
      vertex 60 0 62.2325
      vertex 75.0578 -40.816 62.2325
      vertex 76.6486 -40.1934 62.2325
    endloop
  endfacet
  facet normal 0.36447 -0.931215 0
    outer loop
      vertex 75.0578 -40.816 18.2325
      vertex 76.6486 -40.1934 18.2325
      vertex 76.6486 -40.1934 62.2325
    endloop
  endfacet
  facet normal 0.36447 -0.931215 0
    outer loop
      vertex 75.0578 -40.816 18.2325
      vertex 76.6486 -40.1934 62.2325
      vertex 75.0578 -40.816 62.2325
    endloop
  endfacet
  facet normal 0 0 -1
    outer loop
      vertex 60 0 18.2325
      vertex 78.2138 -39.5088 18.2325
      vertex 76.6486 -40.1934 18.2325
    endloop
  endfacet
  facet normal 0 0 1
    outer loop
      vertex 60 0 62.2325
      vertex 76.6486 -40.1934 62.2325
      vertex 78.2138 -39.5088 62.2325
    endloop
  endfacet
  facet normal 0.400749 -0.916188 0
    outer loop
      vertex 76.6486 -40.1934 18.2325
      vertex 78.2138 -39.5088 18.2325
      vertex 78.2138 -39.5088 62.2325
    endloop
  endfacet
  facet normal 0.400749 -0.916188 0
    outer loop
      vertex 76.6486 -40.1934 18.2325
      vertex 78.2138 -39.5088 62.2325
      vertex 76.6486 -40.1934 62.2325
    endloop
  endfacet
  facet normal 0 0 -1
    outer loop
      vertex 60 0 18.2325
      vertex 79.7509 -38.7632 18.2325
      vertex 78.2138 -39.5088 18.2325
    endloop
  endfacet
  facet normal 0 0 1
    outer loop
      vertex 60 0 62.2325
      vertex 78.2138 -39.5088 62.2325
      vertex 79.7509 -38.7632 62.2325
    endloop
  endfacet
  facet normal 0.436409 -0.899748 0
    outer loop
      vertex 78.2138 -39.5088 18.2325
      vertex 79.7509 -38.7632 18.2325
      vertex 79.7509 -38.7632 62.2325
    endloop
  endfacet
  facet normal 0.436409 -0.899748 0
    outer loop
      vertex 78.2138 -39.5088 18.2325
      vertex 79.7509 -38.7632 62.2325
      vertex 78.2138 -39.5088 62.2325
    endloop
  endfacet
  facet normal 0 0 -1
    outer loop
      vertex 60 0 18.2325
      vertex 81.2575 -37.9579 18.2325
      vertex 79.7509 -38.7632 18.2325
    endloop
  endfacet
  facet normal 0 0 1
    outer loop
      vertex 60 0 62.2325
      vertex 79.7509 -38.7632 62.2325
      vertex 81.2575 -37.9579 62.2325
    endloop
  endfacet
  facet normal 0.471397 -0.881921 0
    outer loop
      vertex 79.7509 -38.7632 18.2325
      vertex 81.2575 -37.9579 18.2325
      vertex 81.2575 -37.9579 62.2325
    endloop
  endfacet
  facet normal 0.471397 -0.881921 0
    outer loop
      vertex 79.7509 -38.7632 18.2325
      vertex 81.2575 -37.9579 62.2325
      vertex 79.7509 -38.7632 62.2325
    endloop
  endfacet
  facet normal 0 0 -1
    outer loop
      vertex 60 0 18.2325
      vertex 82.7313 -37.0941 18.2325
      vertex 81.2575 -37.9579 18.2325
    endloop
  endfacet
  facet normal 0 0 1
    outer loop
      vertex 60 0 62.2325
      vertex 81.2575 -37.9579 62.2325
      vertex 82.7313 -37.0941 62.2325
    endloop
  endfacet
  facet normal 0.505657 -0.862734 0
    outer loop
      vertex 81.2575 -37.9579 18.2325
      vertex 82.7313 -37.0941 18.2325
      vertex 82.7313 -37.0941 62.2325
    endloop
  endfacet
  facet normal 0.505657 -0.862734 0
    outer loop
      vertex 81.2575 -37.9579 18.2325
      vertex 82.7313 -37.0941 62.2325
      vertex 81.2575 -37.9579 62.2325
    endloop
  endfacet
  facet normal 0 0 -1
    outer loop
      vertex 60 0 18.2325
      vertex 84.1701 -36.1731 18.2325
      vertex 82.7313 -37.0941 18.2325
    endloop
  endfacet
  facet normal 0 0 1
    outer loop
      vertex 60 0 62.2325
      vertex 82.7313 -37.0941 62.2325
      vertex 84.1701 -36.1731 62.2325
    endloop
  endfacet
  facet normal 0.539138 -0.842217 0
    outer loop
      vertex 82.7313 -37.0941 18.2325
      vertex 84.1701 -36.1731 18.2325
      vertex 84.1701 -36.1731 62.2325
    endloop
  endfacet
  facet normal 0.539138 -0.842217 0
    outer loop
      vertex 82.7313 -37.0941 18.2325
      vertex 84.1701 -36.1731 62.2325
      vertex 82.7313 -37.0941 62.2325
    endloop
  endfacet
  facet normal 0 0 -1
    outer loop
      vertex 60 0 18.2325
      vertex 85.5716 -35.1963 18.2325
      vertex 84.1701 -36.1731 18.2325
    endloop
  endfacet
  facet normal 0 0 1
    outer loop
      vertex 60 0 62.2325
      vertex 84.1701 -36.1731 62.2325
      vertex 85.5716 -35.1963 62.2325
    endloop
  endfacet
  facet normal 0.571788 -0.820401 0
    outer loop
      vertex 84.1701 -36.1731 18.2325
      vertex 85.5716 -35.1963 18.2325
      vertex 85.5716 -35.1963 62.2325
    endloop
  endfacet
  facet normal 0.571788 -0.820401 0
    outer loop
      vertex 84.1701 -36.1731 18.2325
      vertex 85.5716 -35.1963 62.2325
      vertex 84.1701 -36.1731 62.2325
    endloop
  endfacet
  facet normal 0 0 -1
    outer loop
      vertex 60 0 18.2325
      vertex 86.9337 -34.1652 18.2325
      vertex 85.5716 -35.1963 18.2325
    endloop
  endfacet
  facet normal 0 0 1
    outer loop
      vertex 60 0 62.2325
      vertex 85.5716 -35.1963 62.2325
      vertex 86.9337 -34.1652 62.2325
    endloop
  endfacet
  facet normal 0.603556 -0.797321 0
    outer loop
      vertex 85.5716 -35.1963 18.2325
      vertex 86.9337 -34.1652 18.2325
      vertex 86.9337 -34.1652 62.2325
    endloop
  endfacet
  facet normal 0.603556 -0.797321 0
    outer loop
      vertex 85.5716 -35.1963 18.2325
      vertex 86.9337 -34.1652 62.2325
      vertex 85.5716 -35.1963 62.2325
    endloop
  endfacet
  facet normal 0 0 -1
    outer loop
      vertex 60 0 18.2325
      vertex 88.2542 -33.0815 18.2325
      vertex 86.9337 -34.1652 18.2325
    endloop
  endfacet
  facet normal 0 0 1
    outer loop
      vertex 60 0 62.2325
      vertex 86.9337 -34.1652 62.2325
      vertex 88.2542 -33.0815 62.2325
    endloop
  endfacet
  facet normal 0.634393 -0.77301 0
    outer loop
      vertex 86.9337 -34.1652 18.2325
      vertex 88.2542 -33.0815 18.2325
      vertex 88.2542 -33.0815 62.2325
    endloop
  endfacet
  facet normal 0.634393 -0.77301 0
    outer loop
      vertex 86.9337 -34.1652 18.2325
      vertex 88.2542 -33.0815 62.2325
      vertex 86.9337 -34.1652 62.2325
    endloop
  endfacet
  facet normal 0 0 -1
    outer loop
      vertex 60 0 18.2325
      vertex 89.5312 -31.9467 18.2325
      vertex 88.2542 -33.0815 18.2325
    endloop
  endfacet
  facet normal 0 0 1
    outer loop
      vertex 60 0 62.2325
      vertex 88.2542 -33.0815 62.2325
      vertex 89.5312 -31.9467 62.2325
    endloop
  endfacet
  facet normal 0.664252 -0.747508 0
    outer loop
      vertex 88.2542 -33.0815 18.2325
      vertex 89.5312 -31.9467 18.2325
      vertex 89.5312 -31.9467 62.2325
    endloop
  endfacet
  facet normal 0.664252 -0.747508 0
    outer loop
      vertex 88.2542 -33.0815 18.2325
      vertex 89.5312 -31.9467 62.2325
      vertex 88.2542 -33.0815 62.2325
    endloop
  endfacet
  facet normal 0 0 -1
    outer loop
      vertex 60 0 18.2325
      vertex 90.7627 -30.7627 18.2325
      vertex 89.5312 -31.9467 18.2325
    endloop
  endfacet
  facet normal 0 0 1
    outer loop
      vertex 60 0 62.2325
      vertex 89.5312 -31.9467 62.2325
      vertex 90.7627 -30.7627 62.2325
    endloop
  endfacet
  facet normal 0.693087 -0.720854 0
    outer loop
      vertex 89.5312 -31.9467 18.2325
      vertex 90.7627 -30.7627 18.2325
      vertex 90.7627 -30.7627 62.2325
    endloop
  endfacet
  facet normal 0.693087 -0.720854 0
    outer loop
      vertex 89.5312 -31.9467 18.2325
      vertex 90.7627 -30.7627 62.2325
      vertex 89.5312 -31.9467 62.2325
    endloop
  endfacet
  facet normal 0 0 -1
    outer loop
      vertex 60 0 18.2325
      vertex 91.9467 -29.5312 18.2325
      vertex 90.7627 -30.7627 18.2325
    endloop
  endfacet
  facet normal 0 0 1
    outer loop
      vertex 60 0 62.2325
      vertex 90.7627 -30.7627 62.2325
      vertex 91.9467 -29.5312 62.2325
    endloop
  endfacet
  facet normal 0.720854 -0.693087 0
    outer loop
      vertex 90.7627 -30.7627 18.2325
      vertex 91.9467 -29.5312 18.2325
      vertex 91.9467 -29.5312 62.2325
    endloop
  endfacet
  facet normal 0.720854 -0.693087 0
    outer loop
      vertex 90.7627 -30.7627 18.2325
      vertex 91.9467 -29.5312 62.2325
      vertex 90.7627 -30.7627 62.2325
    endloop
  endfacet
  facet normal 0 0 -1
    outer loop
      vertex 60 0 18.2325
      vertex 93.0815 -28.2542 18.2325
      vertex 91.9467 -29.5312 18.2325
    endloop
  endfacet
  facet normal 0 0 1
    outer loop
      vertex 60 0 62.2325
      vertex 91.9467 -29.5312 62.2325
      vertex 93.0815 -28.2542 62.2325
    endloop
  endfacet
  facet normal 0.747508 -0.664252 0
    outer loop
      vertex 91.9467 -29.5312 18.2325
      vertex 93.0815 -28.2542 18.2325
      vertex 93.0815 -28.2542 62.2325
    endloop
  endfacet
  facet normal 0.747508 -0.664252 0
    outer loop
      vertex 91.9467 -29.5312 18.2325
      vertex 93.0815 -28.2542 62.2325
      vertex 91.9467 -29.5312 62.2325
    endloop
  endfacet
  facet normal 0 0 -1
    outer loop
      vertex 60 0 18.2325
      vertex 94.1652 -26.9337 18.2325
      vertex 93.0815 -28.2542 18.2325
    endloop
  endfacet
  facet normal 0 0 1
    outer loop
      vertex 60 0 62.2325
      vertex 93.0815 -28.2542 62.2325
      vertex 94.1652 -26.9337 62.2325
    endloop
  endfacet
  facet normal 0.77301 -0.634393 0
    outer loop
      vertex 93.0815 -28.2542 18.2325
      vertex 94.1652 -26.9337 18.2325
      vertex 94.1652 -26.9337 62.2325
    endloop
  endfacet
  facet normal 0.77301 -0.634393 0
    outer loop
      vertex 93.0815 -28.2542 18.2325
      vertex 94.1652 -26.9337 62.2325
      vertex 93.0815 -28.2542 62.2325
    endloop
  endfacet
  facet normal 0 0 -1
    outer loop
      vertex 60 0 18.2325
      vertex 95.1963 -25.5716 18.2325
      vertex 94.1652 -26.9337 18.2325
    endloop
  endfacet
  facet normal 0 0 1
    outer loop
      vertex 60 0 62.2325
      vertex 94.1652 -26.9337 62.2325
      vertex 95.1963 -25.5716 62.2325
    endloop
  endfacet
  facet normal 0.797321 -0.603556 0
    outer loop
      vertex 94.1652 -26.9337 18.2325
      vertex 95.1963 -25.5716 18.2325
      vertex 95.1963 -25.5716 62.2325
    endloop
  endfacet
  facet normal 0.797321 -0.603556 0
    outer loop
      vertex 94.1652 -26.9337 18.2325
      vertex 95.1963 -25.5716 62.2325
      vertex 94.1652 -26.9337 62.2325
    endloop
  endfacet
  facet normal 0 0 -1
    outer loop
      vertex 60 0 18.2325
      vertex 96.1731 -24.1701 18.2325
      vertex 95.1963 -25.5716 18.2325
    endloop
  endfacet
  facet normal 0 0 1
    outer loop
      vertex 60 0 62.2325
      vertex 95.1963 -25.5716 62.2325
      vertex 96.1731 -24.1701 62.2325
    endloop
  endfacet
  facet normal 0.820401 -0.571788 0
    outer loop
      vertex 95.1963 -25.5716 18.2325
      vertex 96.1731 -24.1701 18.2325
      vertex 96.1731 -24.1701 62.2325
    endloop
  endfacet
  facet normal 0.820401 -0.571788 0
    outer loop
      vertex 95.1963 -25.5716 18.2325
      vertex 96.1731 -24.1701 62.2325
      vertex 95.1963 -25.5716 62.2325
    endloop
  endfacet
  facet normal 0 0 -1
    outer loop
      vertex 60 0 18.2325
      vertex 97.0941 -22.7313 18.2325
      vertex 96.1731 -24.1701 18.2325
    endloop
  endfacet
  facet normal 0 0 1
    outer loop
      vertex 60 0 62.2325
      vertex 96.1731 -24.1701 62.2325
      vertex 97.0941 -22.7313 62.2325
    endloop
  endfacet
  facet normal 0.842217 -0.539138 0
    outer loop
      vertex 96.1731 -24.1701 18.2325
      vertex 97.0941 -22.7313 18.2325
      vertex 97.0941 -22.7313 62.2325
    endloop
  endfacet
  facet normal 0.842217 -0.539138 0
    outer loop
      vertex 96.1731 -24.1701 18.2325
      vertex 97.0941 -22.7313 62.2325
      vertex 96.1731 -24.1701 62.2325
    endloop
  endfacet
  facet normal 0 0 -1
    outer loop
      vertex 60 0 18.2325
      vertex 97.9579 -21.2575 18.2325
      vertex 97.0941 -22.7313 18.2325
    endloop
  endfacet
  facet normal 0 0 1
    outer loop
      vertex 60 0 62.2325
      vertex 97.0941 -22.7313 62.2325
      vertex 97.9579 -21.2575 62.2325
    endloop
  endfacet
  facet normal 0.862734 -0.505657 0
    outer loop
      vertex 97.0941 -22.7313 18.2325
      vertex 97.9579 -21.2575 18.2325
      vertex 97.9579 -21.2575 62.2325
    endloop
  endfacet
  facet normal 0.862734 -0.505657 0
    outer loop
      vertex 97.0941 -22.7313 18.2325
      vertex 97.9579 -21.2575 62.2325
      vertex 97.0941 -22.7313 62.2325
    endloop
  endfacet
  facet normal 0 0 -1
    outer loop
      vertex 60 0 18.2325
      vertex 98.7632 -19.7509 18.2325
      vertex 97.9579 -21.2575 18.2325
    endloop
  endfacet
  facet normal 0 0 1
    outer loop
      vertex 60 0 62.2325
      vertex 97.9579 -21.2575 62.2325
      vertex 98.7632 -19.7509 62.2325
    endloop
  endfacet
  facet normal 0.881921 -0.471397 0
    outer loop
      vertex 97.9579 -21.2575 18.2325
      vertex 98.7632 -19.7509 18.2325
      vertex 98.7632 -19.7509 62.2325
    endloop
  endfacet
  facet normal 0.881921 -0.471397 0
    outer loop
      vertex 97.9579 -21.2575 18.2325
      vertex 98.7632 -19.7509 62.2325
      vertex 97.9579 -21.2575 62.2325
    endloop
  endfacet
  facet normal 0 0 -1
    outer loop
      vertex 60 0 18.2325
      vertex 99.5088 -18.2138 18.2325
      vertex 98.7632 -19.7509 18.2325
    endloop
  endfacet
  facet normal 0 0 1
    outer loop
      vertex 60 0 62.2325
      vertex 98.7632 -19.7509 62.2325
      vertex 99.5088 -18.2138 62.2325
    endloop
  endfacet
  facet normal 0.899748 -0.436409 0
    outer loop
      vertex 98.7632 -19.7509 18.2325
      vertex 99.5088 -18.2138 18.2325
      vertex 99.5088 -18.2138 62.2325
    endloop
  endfacet
  facet normal 0.899748 -0.436409 0
    outer loop
      vertex 98.7632 -19.7509 18.2325
      vertex 99.5088 -18.2138 62.2325
      vertex 98.7632 -19.7509 62.2325
    endloop
  endfacet
  facet normal 0 0 -1
    outer loop
      vertex 60 0 18.2325
      vertex 100.193 -16.6486 18.2325
      vertex 99.5088 -18.2138 18.2325
    endloop
  endfacet
  facet normal 0 0 1
    outer loop
      vertex 60 0 62.2325
      vertex 99.5088 -18.2138 62.2325
      vertex 100.193 -16.6486 62.2325
    endloop
  endfacet
  facet normal 0.916188 -0.400749 0
    outer loop
      vertex 99.5088 -18.2138 18.2325
      vertex 100.193 -16.6486 18.2325
      vertex 100.193 -16.6486 62.2325
    endloop
  endfacet
  facet normal 0.916188 -0.400749 0
    outer loop
      vertex 99.5088 -18.2138 18.2325
      vertex 100.193 -16.6486 62.2325
      vertex 99.5088 -18.2138 62.2325
    endloop
  endfacet
  facet normal 0 0 -1
    outer loop
      vertex 60 0 18.2325
      vertex 100.816 -15.0578 18.2325
      vertex 100.193 -16.6486 18.2325
    endloop
  endfacet
  facet normal 0 0 1
    outer loop
      vertex 60 0 62.2325
      vertex 100.193 -16.6486 62.2325
      vertex 100.816 -15.0578 62.2325
    endloop
  endfacet
  facet normal 0.931215 -0.36447 0
    outer loop
      vertex 100.193 -16.6486 18.2325
      vertex 100.816 -15.0578 18.2325
      vertex 100.816 -15.0578 62.2325
    endloop
  endfacet
  facet normal 0.931215 -0.36447 0
    outer loop
      vertex 100.193 -16.6486 18.2325
      vertex 100.816 -15.0578 62.2325
      vertex 100.193 -16.6486 62.2325
    endloop
  endfacet
  facet normal 0 0 -1
    outer loop
      vertex 60 0 18.2325
      vertex 101.376 -13.4438 18.2325
      vertex 100.816 -15.0578 18.2325
    endloop
  endfacet
  facet normal 0 0 1
    outer loop
      vertex 60 0 62.2325
      vertex 100.816 -15.0578 62.2325
      vertex 101.376 -13.4438 62.2325
    endloop
  endfacet
  facet normal 0.944806 -0.32763 0
    outer loop
      vertex 100.816 -15.0578 18.2325
      vertex 101.376 -13.4438 18.2325
      vertex 101.376 -13.4438 62.2325
    endloop
  endfacet
  facet normal 0.944806 -0.32763 0
    outer loop
      vertex 100.816 -15.0578 18.2325
      vertex 101.376 -13.4438 62.2325
      vertex 100.816 -15.0578 62.2325
    endloop
  endfacet
  facet normal 0 0 -1
    outer loop
      vertex 60 0 18.2325
      vertex 101.872 -11.809 18.2325
      vertex 101.376 -13.4438 18.2325
    endloop
  endfacet
  facet normal 0 0 1
    outer loop
      vertex 60 0 62.2325
      vertex 101.376 -13.4438 62.2325
      vertex 101.872 -11.809 62.2325
    endloop
  endfacet
  facet normal 0.95694 -0.290285 0
    outer loop
      vertex 101.376 -13.4438 18.2325
      vertex 101.872 -11.809 18.2325
      vertex 101.872 -11.809 62.2325
    endloop
  endfacet
  facet normal 0.95694 -0.290285 0
    outer loop
      vertex 101.376 -13.4438 18.2325
      vertex 101.872 -11.809 62.2325
      vertex 101.376 -13.4438 62.2325
    endloop
  endfacet
  facet normal 0 0 -1
    outer loop
      vertex 60 0 18.2325
      vertex 102.303 -10.156 18.2325
      vertex 101.872 -11.809 18.2325
    endloop
  endfacet
  facet normal 0 0 1
    outer loop
      vertex 60 0 62.2325
      vertex 101.872 -11.809 62.2325
      vertex 102.303 -10.156 62.2325
    endloop
  endfacet
  facet normal 0.967599 -0.252492 0
    outer loop
      vertex 101.872 -11.809 18.2325
      vertex 102.303 -10.156 18.2325
      vertex 102.303 -10.156 62.2325
    endloop
  endfacet
  facet normal 0.967599 -0.252492 0
    outer loop
      vertex 101.872 -11.809 18.2325
      vertex 102.303 -10.156 62.2325
      vertex 101.872 -11.809 62.2325
    endloop
  endfacet
  facet normal 0 0 -1
    outer loop
      vertex 60 0 18.2325
      vertex 102.669 -8.4874 18.2325
      vertex 102.303 -10.156 18.2325
    endloop
  endfacet
  facet normal 0 0 1
    outer loop
      vertex 60 0 62.2325
      vertex 102.303 -10.156 62.2325
      vertex 102.669 -8.4874 62.2325
    endloop
  endfacet
  facet normal 0.976766 -0.214309 0
    outer loop
      vertex 102.303 -10.156 18.2325
      vertex 102.669 -8.4874 18.2325
      vertex 102.669 -8.4874 62.2325
    endloop
  endfacet
  facet normal 0.976766 -0.214309 0
    outer loop
      vertex 102.303 -10.156 18.2325
      vertex 102.669 -8.4874 62.2325
      vertex 102.303 -10.156 62.2325
    endloop
  endfacet
  facet normal 0 0 -1
    outer loop
      vertex 60 0 18.2325
      vertex 102.969 -6.80568 18.2325
      vertex 102.669 -8.4874 18.2325
    endloop
  endfacet
  facet normal 0 0 1
    outer loop
      vertex 60 0 62.2325
      vertex 102.669 -8.4874 62.2325
      vertex 102.969 -6.80568 62.2325
    endloop
  endfacet
  facet normal 0.984427 -0.175796 0
    outer loop
      vertex 102.669 -8.4874 18.2325
      vertex 102.969 -6.80568 18.2325
      vertex 102.969 -6.80568 62.2325
    endloop
  endfacet
  facet normal 0.984427 -0.175796 0
    outer loop
      vertex 102.669 -8.4874 18.2325
      vertex 102.969 -6.80568 62.2325
      vertex 102.669 -8.4874 62.2325
    endloop
  endfacet
  facet normal 0 0 -1
    outer loop
      vertex 60 0 18.2325
      vertex 103.203 -5.11346 18.2325
      vertex 102.969 -6.80568 18.2325
    endloop
  endfacet
  facet normal 0 0 1
    outer loop
      vertex 60 0 62.2325
      vertex 102.969 -6.80568 62.2325
      vertex 103.203 -5.11346 62.2325
    endloop
  endfacet
  facet normal 0.990569 -0.137012 0
    outer loop
      vertex 102.969 -6.80568 18.2325
      vertex 103.203 -5.11346 18.2325
      vertex 103.203 -5.11346 62.2325
    endloop
  endfacet
  facet normal 0.990569 -0.137012 0
    outer loop
      vertex 102.969 -6.80568 18.2325
      vertex 103.203 -5.11346 62.2325
      vertex 102.969 -6.80568 62.2325
    endloop
  endfacet
  facet normal 0 0 -1
    outer loop
      vertex 60 0 18.2325
      vertex 103.371 -3.41336 18.2325
      vertex 103.203 -5.11346 18.2325
    endloop
  endfacet
  facet normal 0 0 1
    outer loop
      vertex 60 0 62.2325
      vertex 103.203 -5.11346 62.2325
      vertex 103.371 -3.41336 62.2325
    endloop
  endfacet
  facet normal 0.995185 -0.0980171 0
    outer loop
      vertex 103.203 -5.11346 18.2325
      vertex 103.371 -3.41336 18.2325
      vertex 103.371 -3.41336 62.2325
    endloop
  endfacet
  facet normal 0.995185 -0.0980171 0
    outer loop
      vertex 103.203 -5.11346 18.2325
      vertex 103.371 -3.41336 62.2325
      vertex 103.203 -5.11346 62.2325
    endloop
  endfacet
  facet normal 0 0 -1
    outer loop
      vertex 60 0 18.2325
      vertex 103.471 -1.708 18.2325
      vertex 103.371 -3.41336 18.2325
    endloop
  endfacet
  facet normal 0 0 1
    outer loop
      vertex 60 0 62.2325
      vertex 103.371 -3.41336 62.2325
      vertex 103.471 -1.708 62.2325
    endloop
  endfacet
  facet normal 0.998266 -0.0588708 0
    outer loop
      vertex 103.371 -3.41336 18.2325
      vertex 103.471 -1.708 18.2325
      vertex 103.471 -1.708 62.2325
    endloop
  endfacet
  facet normal 0.998266 -0.0588708 0
    outer loop
      vertex 103.371 -3.41336 18.2325
      vertex 103.471 -1.708 62.2325
      vertex 103.371 -3.41336 62.2325
    endloop
  endfacet
  facet normal 0 0 -1
    outer loop
      vertex 60 0 18.2325
      vertex 103.505 -1.06557e-14 18.2325
      vertex 103.471 -1.708 18.2325
    endloop
  endfacet
  facet normal 0 0 1
    outer loop
      vertex 60 0 62.2325
      vertex 103.471 -1.708 62.2325
      vertex 103.505 -1.06557e-14 62.2325
    endloop
  endfacet
  facet normal 0.999807 -0.0196337 0
    outer loop
      vertex 103.471 -1.708 18.2325
      vertex 103.505 -1.06557e-14 18.2325
      vertex 103.505 -1.06557e-14 62.2325
    endloop
  endfacet
  facet normal 0.999807 -0.0196337 0
    outer loop
      vertex 103.471 -1.708 18.2325
      vertex 103.505 -1.06557e-14 62.2325
      vertex 103.471 -1.708 62.2325
    endloop
  endfacet
endsolid crank_fullsupport_mm
