alpha_deg,P_gas_N,F_in_N,F_sum_N,beta_rad,K_N,N_N,Z_N,T_N,M_Nm,a_p_mps2
0,950.332,-13949,-12998.7,0,-12998.7,-0,-12998.7,-0,-0,13343.7
0.5,950.332,-13948.1,-12997.8,0.00290885,-12997.8,-37.8086,-12996.9,-151.233,-9.07395,13342.8
1,950.332,-13945.3,-12994.9,0.0058175,-12995.1,-75.5988,-12991.6,-302.38,-18.1428,13340.1
1.5,950.332,-13940.5,-12990.2,0.00872575,-12990.7,-113.352,-12982.8,-453.357,-27.2014,13335.6
2,950.332,-13933.9,-12983.6,0.0116334,-12984.5,-151.05,-12970.4,-604.079,-36.2448,13329.2
2.5,950.332,-13925.4,-12975.1,0.0145403,-12976.5,-188.675,-12954.5,-754.462,-45.2677,13321.1
3,950.332,-13915.1,-12964.7,0.0174462,-12966.7,-226.208,-12935.1,-904.419,-54.2652,13311.2
3.5,950.332,-13902.8,-12952.5,0.0203509,-12955.2,-263.631,-12912.2,-1053.87,-63.2321,13299.5
4,950.332,-13888.7,-12938.3,0.0232542,-12941.8,-300.925,-12885.8,-1202.72,-72.1635,13285.9
4.5,950.332,-13872.7,-12922.3,0.026156,-12926.7,-338.073,-12856,-1350.9,-81.0543,13270.6
5,950.332,-13854.8,-12904.4,0.029056,-12909.9,-375.057,-12822.6,-1498.33,-89.8995,13253.5
5.5,950.332,-13835,-12884.7,0.031954,-12891.3,-411.857,-12785.9,-1644.9,-98.6942,13234.6
6,950.332,-13813.4,-12863.1,0.0348498,-12870.9,-448.457,-12745.7,-1790.56,-107.433,13213.9
6.5,950.332,-13789.9,-12839.6,0.0377433,-12848.7,-484.839,-12702.2,-1935.2,-116.112,13191.5
7,950.332,-13764.6,-12814.2,0.0406343,-12824.8,-520.984,-12655.2,-2078.76,-124.726,13167.2
7.5,950.332,-13737.4,-12787.1,0.0435224,-12799.2,-556.875,-12605,-2221.16,-133.269,13141.2
8,950.332,-13708.4,-12758,0.0464076,-12771.8,-592.495,-12551.4,-2362.3,-141.738,13113.5
8.5,950.332,-13677.5,-12727.2,0.0492897,-12742.6,-627.826,-12494.6,-2502.12,-150.127,13083.9
9,950.332,-13644.8,-12694.5,0.0521684,-12711.7,-662.851,-12434.5,-2640.54,-158.432,13052.6
9.5,950.332,-13610.3,-12659.9,0.0550436,-12679.1,-697.552,-12371.2,-2777.48,-166.649,13019.6
10,950.332,-13573.9,-12623.6,0.057915,-12644.8,-731.913,-12304.7,-2912.85,-174.771,12984.8
10.5,950.332,-13535.7,-12585.4,0.0607825,-12608.7,-765.916,-12235.1,-3046.6,-182.796,12948.3
11,950.332,-13495.8,-12545.4,0.0636459,-12570.9,-799.546,-12162.4,-3178.64,-190.718,12910.1
11.5,950.332,-13454,-12503.7,0.0665049,-12531.4,-832.785,-12086.6,-3308.9,-198.534,12870.2
12,950.332,-13410.5,-12460.1,0.0693594,-12490.2,-865.616,-12007.9,-3437.31,-206.238,12828.5
12.5,950.332,-13365.1,-12414.8,0.0722092,-12447.2,-898.025,-11926.2,-3563.79,-213.828,12785.1
13,950.332,-13318,-12367.7,0.0750541,-12402.6,-929.994,-11841.5,-3688.29,-221.297,12740.1
13.5,950.332,-13269.2,-12318.9,0.0778938,-12356.3,-961.508,-11754,-3810.72,-228.643,12693.4
14,950.332,-13218.6,-12268.2,0.0807282,-12308.3,-992.551,-11663.7,-3931.03,-235.862,12644.9
14.5,950.332,-13166.2,-12215.9,0.0835571,-12258.7,-1023.11,-11570.6,-4049.14,-242.948,12594.9
15,950.332,-13112.2,-12161.8,0.0863803,-12207.3,-1053.16,-11474.8,-4164.99,-249.9,12543.1
15.5,950.332,-13056.4,-12106,0.0891976,-12154.4,-1082.7,-11376.4,-4278.52,-256.711,12489.8
16,950.332,-12998.9,-12048.5,0.0920088,-12099.7,-1111.71,-11275.4,-4389.67,-263.38,12434.8
16.5,950.332,-12939.7,-11989.4,0.0948137,-12043.4,-1140.17,-11171.8,-4498.38,-269.903,12378.2
17,950.332,-12878.8,-11928.5,0.0976121,-11985.5,-1168.08,-11065.8,-4604.59,-276.275,12319.9
17.5,950.332,-12816.3,-11865.9,0.100404,-11926,-1195.4,-10957.3,-4708.23,-282.494,12260.1
18,950.332,-12752.1,-11801.7,0.103189,-11864.8,-1222.15,-10846.5,-4809.27,-288.556,12198.7
18.5,950.332,-12686.2,-11735.9,0.105966,-11802.1,-1248.29,-10733.3,-4907.63,-294.458,12135.7
19,950.332,-12618.8,-11668.4,0.108737,-11737.7,-1273.81,-10618,-5003.28,-300.197,12071.1
19.5,950.332,-12549.7,-11599.3,0.1115,-11671.8,-1298.71,-10500.5,-5096.15,-305.769,12005
20,950.332,-12479,-11528.6,0.114255,-11604.3,-1322.97,-10380.9,-5186.2,-311.172,11937.4
20.5,950.332,-12406.7,-11456.3,0.117002,-11535.2,-1346.57,-10259.3,-5273.39,-316.404,11868.3
21,950.332,-12332.8,-11382.5,0.119742,-11464.6,-1369.51,-10135.7,-5357.67,-321.46,11797.6
21.5,950.332,-12257.4,-11307.1,0.122473,-11392.4,-1391.78,-10010.2,-5438.99,-326.339,11725.5
22,950.332,-12180.4,-11230.1,0.125196,-11318.7,-1413.35,-9882.93,-5517.31,-331.039,11651.9
22.5,950.332,-12102,-11151.6,0.12791,-11243.5,-1434.23,-9753.9,-5592.6,-335.556,11576.8
23,950.332,-12022,-11071.6,0.130615,-11166.7,-1454.4,-9623.2,-5664.81,-339.888,11500.2
23.5,950.332,-11940.5,-10990.1,0.133311,-11088.5,-1473.84,-9490.91,-5733.9,-344.034,11422.3
24,950.332,-11857.5,-10907.1,0.135998,-11008.8,-1492.56,-9357.1,-5799.86,-347.991,11342.9
24.5,950.332,-11773,-10822.7,0.138675,-10927.6,-1510.53,-9221.84,-5862.63,-351.758,11262.1
25,950.332,-11687.2,-10736.8,0.141343,-10845,-1527.76,-9085.21,-5922.2,-355.332,11180
25.5,950.332,-11599.8,-10649.5,0.144001,-10760.9,-1544.23,-8947.28,-5978.53,-358.712,11096.5
26,950.332,-11511.1,-10560.8,0.146649,-10675.4,-1559.92,-8808.14,-6031.59,-361.896,11011.6
26.5,950.332,-11421,-10470.7,0.149286,-10588.4,-1574.84,-8667.87,-6081.37,-364.882,10925.4
27,950.332,-11329.5,-10379.2,0.151914,-10500.1,-1588.98,-8526.53,-6127.84,-367.67,10837.8
27.5,950.332,-11236.7,-10286.3,0.15453,-10410.4,-1602.32,-8384.21,-6170.98,-370.259,10749
28,950.332,-11142.5,-10192.1,0.157136,-10319.3,-1614.87,-8240.99,-6210.77,-372.646,10658.9
28.5,950.332,-11047,-10096.6,0.159731,-10226.8,-1626.6,-8096.95,-6247.19,-374.831,10567.6
29,950.332,-10950.2,-9999.84,0.162315,-10133,-1637.53,-7952.16,-6280.23,-376.814,10475
29.5,950.332,-10852.1,-9901.75,0.164887,-10037.9,-1647.63,-7806.71,-6309.88,-378.593,10381.1
30,950.332,-10752.7,-9802.41,0.167448,-9941.46,-1656.91,-7660.68,-6336.13,-380.168,10286.1
30.5,950.332,-10652.2,-9701.82,0.169997,-9843.72,-1665.35,-7514.14,-6358.96,-381.538,10189.9
31,950.332,-10550.4,-9600.02,0.172534,-9744.7,-1672.96,-7367.18,-6378.38,-382.703,10092.5
31.5,950.332,-10447.3,-9497.01,0.175059,-9644.42,-1679.73,-7219.88,-6394.38,-383.663,9993.97
32,950.332,-10343.2,-9392.83,0.177571,-9542.89,-1685.65,-7072.31,-6406.95,-384.417,9894.31
32.5,950.332,-10237.8,-9287.49,0.180071,-9440.12,-1690.72,-6924.56,-6416.1,-384.966,9793.54
33,950.332,-10131.3,-9181.01,0.182559,-9336.15,-1694.94,-6776.71,-6421.83,-385.31,9691.68
33.5,950.332,-10023.7,-9073.41,0.185033,-9230.98,-1698.3,-6628.83,-6424.14,-385.449,9588.75
34,950.332,-9915.05,-8964.72,0.187494,-9124.63,-1700.81,-6481.01,-6423.04,-385.382,9484.77
34.5,950.332,-9805.28,-8854.95,0.189942,-9017.12,-1702.45,-6333.32,-6418.53,-385.112,9379.77
35,950.332,-9694.46,-8744.13,0.192376,-8908.47,-1703.23,-6185.84,-6410.63,-384.638,9273.76
35.5,950.332,-9582.62,-8632.28,0.194797,-8798.69,-1703.14,-6038.66,-6399.35,-383.961,9166.77
36,950.332,-9469.76,-8519.43,0.197204,-8687.81,-1702.19,-5891.84,-6384.69,-383.082,9058.81
36.5,950.332,-9355.92,-8405.59,0.199597,-8575.85,-1700.37,-5745.47,-6366.69,-382.001,8949.91
37,950.332,-9241.11,-8290.78,0.201975,-8462.81,-1697.68,-5599.62,-6345.35,-380.721,8840.08
37.5,950.332,-9125.37,-8175.04,0.204339,-8348.73,-1694.13,-5454.37,-6320.69,-379.241,8729.36
38,950.332,-9008.71,-8058.37,0.206689,-8233.62,-1689.71,-5309.8,-6292.74,-377.564,8617.76
38.5,950.332,-8891.15,-7940.81,0.209023,-8117.5,-1684.42,-5165.97,-6261.51,-375.691,8505.3
39,950.332,-8772.72,-7822.38,0.211343,-8000.39,-1678.27,-5022.97,-6227.05,-373.623,8392.01
39.5,950.332,-8653.44,-7703.11,0.213647,-7882.32,-1671.26,-4880.86,-6189.36,-371.362,8277.91
40,950.332,-8533.33,-7583,0.215937,-7763.29,-1663.38,-4739.71,-6148.48,-368.909,8163.02
40.5,950.332,-8412.42,-7462.09,0.21821,-7643.34,-1654.65,-4599.61,-6104.45,-366.267,8047.36
41,950.332,-8290.74,-7340.41,0.220468,-7522.49,-1645.06,-4460.62,-6057.28,-363.437,7930.95
41.5,950.332,-8168.3,-7217.96,0.22271,-7400.74,-1634.63,-4322.8,-6007.03,-360.422,7813.82
42,950.332,-8045.12,-7094.79,0.224935,-7278.14,-1623.34,-4186.23,-5953.72,-357.223,7695.99
42.5,950.332,-7921.24,-6970.91,0.227145,-7154.69,-1611.21,-4050.98,-5897.39,-353.843,7577.49
43,950.332,-7796.68,-6846.35,0.229338,-7030.42,-1598.24,-3917.1,-5838.08,-350.285,7458.33
43.5,950.332,-7671.45,-6721.12,0.231514,-6905.35,-1584.44,-3784.67,-5775.83,-346.55,7338.54
44,950.332,-7545.59,-6595.26,0.233673,-6779.51,-1569.81,-3653.75,-5710.68,-342.641,7218.14
44.5,950.332,-7419.12,-6468.78,0.235816,-6652.91,-1554.36,-3524.4,-5642.68,-338.561,7097.15
45,950.332,-7292.06,-6341.72,0.237941,-6525.58,-1538.09,-3396.68,-5571.87,-334.312,6975.61
45.5,950.332,-7164.43,-6214.1,0.240049,-6397.54,-1521.01,-3270.65,-5498.3,-329.898,6853.52
46,950.332,-7036.27,-6085.93,0.242139,-6268.81,-1503.13,-3146.38,-5422.02,-325.321,6730.92
46.5,950.332,-6907.59,-5957.25,0.244211,-6139.42,-1484.46,-3023.92,-5343.07,-320.584,6607.82
47,950.332,-6778.41,-5828.08,0.246266,-6009.39,-1464.99,-2903.31,-5261.51,-315.691,6484.26
47.5,950.332,-6648.78,-5698.44,0.248302,-5878.74,-1444.75,-2784.63,-5177.39,-310.644,6360.24
48,950.332,-6518.7,-5568.36,0.250321,-5747.5,-1423.74,-2667.92,-5090.77,-305.446,6235.81
48.5,950.332,-6388.2,-5437.87,0.252321,-5615.68,-1401.96,-2553.23,-5001.69,-300.101,6110.97
49,950.332,-6257.31,-5306.97,0.254302,-5483.32,-1379.44,-2440.61,-4910.22,-294.613,5985.76
49.5,950.332,-6126.04,-5175.71,0.256264,-5350.44,-1356.17,-2330.12,-4816.4,-288.984,5860.2
50,950.332,-5994.44,-5044.11,0.258208,-5217.06,-1332.16,-2221.79,-4720.31,-283.218,5734.3
50.5,950.332,-5862.51,-4912.18,0.260132,-5083.2,-1307.44,-2115.68,-4621.99,-277.319,5608.1
51,950.332,-5730.29,-4779.96,0.262037,-4948.89,-1282,-2011.82,-4521.51,-271.291,5481.61
51.5,950.332,-5597.79,-4647.46,0.263922,-4814.15,-1255.86,-1910.26,-4418.93,-265.136,5354.87
52,950.332,-5465.05,-4514.72,0.265788,-4679.02,-1229.04,-1811.04,-4314.32,-258.859,5227.88
52.5,950.332,-5332.08,-4381.75,0.267634,-4543.5,-1201.53,-1714.2,-4207.72,-252.463,5100.69
53,950.332,-5198.91,-4248.58,0.269461,-4407.63,-1173.36,-1619.77,-4099.21,-245.953,4973.3
53.5,950.332,-5065.57,-4115.24,0.271267,-4271.43,-1144.54,-1527.79,-3988.86,-239.332,4845.74
54,950.332,-4932.07,-3981.74,0.273052,-4134.93,-1115.08,-1438.29,-3876.72,-232.603,4718.04
54.5,950.332,-4798.45,-3848.12,0.274818,-3998.15,-1084.99,-1351.31,-3762.87,-225.772,4590.22
55,950.332,-4664.73,-3714.4,0.276563,-3861.12,-1054.28,-1266.87,-3647.36,-218.842,4462.3
55.5,950.332,-4530.92,-3580.59,0.278286,-3723.86,-1022.97,-1185.01,-3530.28,-211.817,4334.3
56,950.332,-4397.06,-3446.73,0.27999,-3586.39,-991.082,-1105.74,-3411.67,-204.7,4206.24
56.5,950.332,-4263.16,-3312.83,0.281671,-3448.74,-958.618,-1029.1,-3291.62,-197.497,4078.16
57,950.332,-4129.26,-3178.93,0.283332,-3310.94,-925.595,-955.1,-3170.19,-190.211,3950.07
57.5,950.332,-3995.37,-3045.04,0.284972,-3173.01,-892.028,-883.77,-3047.45,-182.847,3821.99
58,950.332,-3861.52,-2911.19,0.286589,-3034.97,-857.934,-815.126,-2923.46,-175.408,3693.94
58.5,950.332,-3727.73,-2777.4,0.288186,-2896.86,-823.326,-749.186,-2798.31,-167.898,3565.96
59,950.332,-3594.02,-2643.69,0.28976,-2758.69,-788.22,-685.965,-2672.05,-160.323,3438.05
59.5,950.332,-3460.42,-2510.09,0.291312,-2620.5,-752.632,-625.478,-2544.76,-152.685,3310.25
60,950.332,-3326.95,-2376.62,0.292842,-2482.3,-716.577,-567.736,-2416.5,-144.99,3182.57
60.5,950.332,-3193.63,-2243.3,0.29435,-2344.12,-680.072,-512.75,-2287.35,-137.241,3055.04
61,950.332,-3060.49,-2110.16,0.295836,-2205.99,-643.133,-460.528,-2157.38,-129.443,2927.68
61.5,950.332,-2927.54,-1977.21,0.297299,-2067.93,-605.777,-411.077,-2026.66,-121.6,2800.5
62,950.332,-2794.82,-1844.49,0.298739,-1929.97,-568.019,-364.402,-1895.25,-113.715,2673.53
62.5,950.332,-2662.33,-1712,0.300157,-1792.13,-529.878,-320.506,-1763.23,-105.794,2546.8
63,950.332,-2530.11,-1579.78,0.301551,-1654.43,-491.369,-279.391,-1630.67,-97.8402,2420.31
63.5,950.332,-2398.17,-1447.84,0.302923,-1516.91,-452.511,-241.056,-1497.63,-89.8579,2294.1
64,950.332,-2266.54,-1316.21,0.304271,-1379.58,-413.319,-205.5,-1364.19,-81.8514,2168.18
64.5,950.332,-2135.24,-1184.91,0.305596,-1242.48,-373.813,-172.718,-1230.41,-73.8247,2042.58
65,950.332,-2004.29,-1053.96,0.306897,-1105.61,-334.009,-142.706,-1096.37,-65.782,1917.31
65.5,950.332,-1873.7,-923.372,0.308175,-969.024,-293.924,-115.456,-962.121,-57.7273,1792.39
66,950.332,-1743.51,-793.18,0.309429,-832.728,-253.578,-90.9602,-827.745,-49.6647,1667.85
66.5,950.332,-1613.73,-663.398,0.310659,-696.75,-212.987,-69.2076,-693.305,-41.5983,1543.7
67,950.332,-1484.38,-534.049,0.311865,-561.116,-172.17,-50.1865,-558.867,-33.532,1419.96
67.5,950.332,-1355.48,-405.152,0.313048,-425.848,-131.144,-33.8836,-424.498,-25.4699,1296.66
68,950.332,-1227.06,-276.726,0.314206,-290.971,-89.9278,-20.2837,-290.263,-17.4158,1173.81
68.5,950.332,-1099.12,-148.792,0.315339,-156.509,-48.5395,-9.37033,-156.228,-9.37369,1051.43
69,950.332,-971.7,-21.3686,0.316448,-22.4851,-6.9972,-1.12538,-22.4569,-1.34741,929.532
69.5,950.332,-844.808,105.524,0.317533,111.077,34.6809,4.47071,110.987,6.65923,808.146
70,950.332,-718.464,231.868,0.318593,244.154,76.4766,7.43896,244.041,14.6425,687.285
70.5,950.332,-592.688,357.643,0.319628,376.723,118.372,7.8018,376.643,22.5986,566.968
71,950.332,-467.5,482.832,0.320638,508.761,160.348,5.58309,508.731,30.5238,447.212
71.5,950.332,-342.916,607.416,0.321624,640.246,202.386,0.808024,640.245,38.4147,328.035
72,950.332,-218.955,731.377,0.322584,771.153,244.47,-6.49684,771.126,46.2676,209.453
72.5,950.332,-95.6348,854.697,0.323519,901.463,286.58,-16.3037,901.315,54.0789,91.4847
73,950.332,27.0269,977.359,0.324429,1031.15,328.698,-28.5833,1030.75,61.8453,-25.854
73.5,950.332,149.013,1099.34,0.325314,1160.2,370.806,-43.3054,1159.39,69.5633,-142.546
74,950.332,270.306,1220.64,0.326173,1288.58,412.886,-60.4384,1287.16,77.2296,-258.576
74.5,950.332,390.89,1341.22,0.327007,1416.27,454.921,-79.9496,1414.01,84.8409,-373.927
75,950.332,510.748,1461.08,0.327815,1543.26,496.892,-101.805,1539.9,92.394,-488.584
75.5,950.332,629.864,1580.2,0.328597,1669.52,538.781,-125.97,1664.76,99.8858,-602.53
76,950.332,748.222,1698.55,0.329354,1795.03,580.571,-152.408,1788.55,107.313,-715.752
76.5,950.332,865.806,1816.14,0.330085,1919.78,622.244,-181.082,1911.22,114.673,-828.233
77,950.332,982.6,1932.93,0.330789,2043.73,663.783,-211.955,2032.71,121.963,-939.959
77.5,950.332,1098.59,2048.92,0.331468,2166.88,705.17,-244.986,2152.98,129.179,-1050.92
78,950.332,1213.76,2164.09,0.332121,2289.19,746.388,-280.138,2271.99,136.319,-1161.09
78.5,950.332,1328.1,2278.43,0.332748,2410.66,787.421,-317.367,2389.68,143.381,-1270.47
79,950.332,1441.59,2391.92,0.333348,2531.26,828.251,-356.634,2506.01,150.361,-1379.03
79.5,950.332,1554.22,2504.55,0.333922,2650.98,868.862,-397.895,2620.95,157.257,-1486.77
80,950.332,1665.97,2616.3,0.33447,2769.79,909.236,-441.107,2734.44,164.066,-1593.67
80.5,950.332,1776.83,2727.16,0.334992,2887.68,949.359,-486.227,2846.45,170.787,-1699.72
81,950.332,1886.79,2837.13,0.335487,3004.63,989.213,-533.21,2956.94,177.417,-1804.91
81.5,950.332,1995.84,2946.17,0.335956,3120.63,1028.78,-582.011,3065.88,183.953,-1909.23
82,950.332,2103.96,3054.29,0.336398,3235.65,1068.05,-632.583,3173.21,190.393,-2012.66
82.5,950.332,2211.14,3161.47,0.336813,3349.68,1107.01,-684.882,3278.92,196.735,-2115.18
83,950.332,2317.37,3267.7,0.337202,3462.71,1145.63,-738.859,3382.96,202.978,-2216.8
83.5,950.332,2422.63,3372.97,0.337565,3574.71,1183.91,-794.468,3485.31,209.118,-2317.5
84,950.332,2526.93,3477.26,0.3379,3685.67,1221.83,-851.661,3585.93,215.156,-2417.27
84.5,950.332,2630.23,3580.57,0.338209,3795.58,1259.37,-910.389,3684.79,221.087,-2516.09
85,950.332,2732.54,3682.88,0.338491,3904.43,1296.52,-970.604,3781.86,226.912,-2613.96
85.5,950.332,2833.85,3784.18,0.338747,4012.19,1333.27,-1032.26,3877.12,232.627,-2710.87
86,950.332,2934.14,3884.47,0.338975,4118.85,1369.6,-1095.3,3970.55,238.233,-2806.81
86.5,950.332,3033.4,3983.74,0.339177,4224.41,1405.51,-1159.68,4062.11,243.727,-2901.77
87,950.332,3131.63,4081.96,0.339352,4328.84,1440.97,-1225.36,4151.78,249.107,-2995.73
87.5,950.332,3228.82,4179.15,0.3395,4432.13,1475.97,-1292.27,4239.55,254.373,-3088.7
88,950.332,3324.95,4275.28,0.339621,4534.28,1510.5,-1360.38,4325.39,259.524,-3180.66
88.5,950.332,3420.02,4370.35,0.339715,4635.26,1544.56,-1429.62,4409.29,264.557,-3271.61
89,950.332,3514.02,4464.36,0.339783,4735.07,1578.12,-1499.96,4491.22,269.473,-3361.53
89.5,950.332,3606.95,4557.28,0.339823,4833.7,1611.17,-1571.34,4571.17,274.27,-3450.42
90,950.332,3698.79,4649.12,0.339837,4931.14,1643.71,-1643.71,4649.12,278.947,-3538.28
90.5,950.332,3789.54,4739.87,0.339823,5027.37,1675.72,-1717.02,4725.07,283.504,-3625.09
91,950.332,3879.19,4829.52,0.339783,5122.38,1707.2,-1791.23,4798.99,287.939,-3710.85
91.5,950.332,3967.74,4918.07,0.339715,5216.17,1738.13,-1866.27,4870.88,292.253,-3795.55
92,950.332,4055.17,5005.5,0.339621,5308.73,1768.5,-1942.11,4940.73,296.444,-3879.19
92.5,950.332,4141.49,5091.82,0.3395,5400.05,1798.3,-2018.69,5008.54,300.512,-3961.77
93,950.332,4226.69,5177.02,0.339352,5490.12,1827.53,-2095.97,5074.28,304.457,-4043.26
93.5,950.332,4310.76,5261.09,0.339177,5578.93,1856.17,-2173.89,5137.96,308.278,-4123.69
94,950.332,4393.69,5344.03,0.338975,5666.47,1884.22,-2252.41,5199.57,311.974,-4203.02
94.5,950.332,4475.49,5425.83,0.338747,5752.74,1911.67,-2331.48,5259.11,315.547,-4281.27
95,950.332,4556.15,5506.48,0.338491,5837.74,1938.51,-2411.05,5316.58,318.995,-4358.43
95.5,950.332,4635.67,5586,0.338209,5921.45,1964.73,-2491.08,5371.97,322.318,-4434.5
96,950.332,4714.03,5664.37,0.3379,6003.87,1990.32,-2571.51,5425.29,325.517,-4509.46
96.5,950.332,4791.25,5741.58,0.337565,6084.99,2015.29,-2652.3,5476.54,328.592,-4583.33
97,950.332,4867.31,5817.64,0.337202,6164.82,2039.62,-2733.41,5525.71,331.543,-4656.09
97.5,950.332,4942.21,5892.54,0.336813,6243.34,2063.31,-2814.79,5572.82,334.369,-4727.74
98,950.332,5015.96,5966.29,0.336398,6320.56,2086.35,-2896.39,5617.86,337.072,-4798.28
98.5,950.332,5088.54,6038.87,0.335956,6396.46,2108.73,-2978.17,5660.85,339.651,-4867.72
99,950.332,5159.96,6110.29,0.335487,6471.05,2130.46,-3060.09,5701.79,342.107,-4936.04
99.5,950.332,5230.22,6180.55,0.334992,6544.33,2151.52,-3142.1,5740.68,344.441,-5003.24
100,950.332,5299.31,6249.64,0.33447,6616.29,2171.92,-3224.16,5777.54,346.653,-5069.34
100.5,950.332,5367.23,6317.56,0.333922,6686.92,2191.65,-3306.23,5812.38,348.743,-5134.31
101,950.332,5433.99,6384.32,0.333348,6756.24,2210.7,-3388.27,5845.2,350.712,-5198.18
101.5,950.332,5499.59,6449.92,0.332748,6824.24,2229.08,-3470.24,5876.03,352.562,-5260.92
102,950.332,5564.01,6514.35,0.332121,6890.91,2246.77,-3552.09,5904.86,354.292,-5322.56
102.5,950.332,5627.28,6577.61,0.331468,6956.27,2263.79,-3633.79,5931.72,355.903,-5383.07
103,950.332,5689.38,6639.71,0.330789,7020.31,2280.12,-3715.29,5956.62,357.397,-5442.48
103.5,950.332,5750.31,6700.65,0.330085,7083.02,2295.77,-3796.57,5979.57,358.774,-5500.77
104,950.332,5810.09,6760.42,0.329354,7144.42,2310.73,-3877.59,6000.59,360.035,-5557.95
104.5,950.332,5868.7,6819.04,0.328597,7204.51,2325.01,-3958.3,6019.7,361.182,-5614.02
105,950.332,5926.16,6876.5,0.327815,7263.28,2338.59,-4038.68,6036.91,362.215,-5668.99
105.5,950.332,5982.47,6932.8,0.327007,7320.74,2351.49,-4118.68,6052.25,363.135,-5722.85
106,950.332,6037.62,6987.95,0.326173,7376.9,2363.71,-4198.28,6065.73,363.944,-5775.61
106.5,950.332,6091.62,7041.96,0.325314,7431.75,2375.23,-4277.44,6077.36,364.642,-5827.27
107,950.332,6144.48,7094.81,0.324429,7485.3,2386.07,-4356.14,6087.18,365.231,-5877.84
107.5,950.332,6196.2,7146.53,0.323519,7537.56,2396.23,-4434.33,6095.21,365.712,-5927.31
108,950.332,6246.78,7197.11,0.322584,7588.53,2405.71,-4511.99,6101.46,366.087,-5975.69
108.5,950.332,6296.23,7246.56,0.321624,7638.22,2414.5,-4589.09,6105.95,366.357,-6022.99
109,950.332,6344.54,7294.88,0.320638,7686.63,2422.61,-4665.61,6108.71,366.523,-6069.21
109.5,950.332,6391.74,7342.07,0.319628,7733.77,2430.05,-4741.5,6109.77,366.586,-6114.36
110,950.332,6437.81,7388.15,0.318593,7779.64,2436.82,-4816.76,6109.14,366.549,-6158.44
110.5,950.332,6482.78,7433.11,0.317533,7824.25,2442.92,-4891.34,6106.86,366.411,-6201.45
111,950.332,6526.63,7476.96,0.316448,7867.62,2448.35,-4965.23,6102.94,366.176,-6243.4
111.5,950.332,6569.39,7519.72,0.315339,7909.74,2453.12,-5038.41,6097.41,365.844,-6284.3
112,950.332,6611.05,7561.38,0.314206,7950.62,2457.23,-5110.84,6090.29,365.418,-6324.15
112.5,950.332,6651.62,7601.95,0.313048,7990.28,2460.68,-5182.51,6081.62,364.897,-6362.96
113,950.332,6691.1,7641.44,0.311865,8028.72,2463.49,-5253.4,6071.42,364.285,-6400.74
113.5,950.332,6729.52,7679.85,0.310659,8065.95,2465.65,-5323.48,6059.71,363.583,-6437.48
114,950.332,6766.87,7717.2,0.309429,8101.98,2467.17,-5392.74,6046.52,362.791,-6473.21
114.5,950.332,6803.15,7753.49,0.308175,8136.82,2468.06,-5461.16,6031.88,361.913,-6507.92
115,950.332,6838.39,7788.72,0.306897,8170.48,2468.32,-5528.72,6015.82,360.949,-6541.63
115.5,950.332,6872.58,7822.92,0.305596,8202.98,2467.96,-5595.4,5998.36,359.902,-6574.34
116,950.332,6905.74,7856.07,0.304271,8234.31,2466.98,-5661.18,5979.54,358.772,-6606.06
116.5,950.332,6937.87,7888.2,0.302923,8264.5,2465.39,-5726.06,5959.37,357.562,-6636.79
117,950.332,6968.99,7919.32,0.301551,8293.55,2463.2,-5790.02,5937.89,356.274,-6666.56
117.5,950.332,6999.09,7949.42,0.300157,8321.48,2460.41,-5853.05,5915.13,354.908,-6695.36
118,950.332,7028.2,7978.53,0.298739,8348.29,2457.03,-5915.12,5891.12,353.467,-6723.2
118.5,950.332,7056.31,8006.65,0.297299,8374,2453.07,-5976.24,5865.87,351.952,-6750.1
119,950.332,7083.45,8033.78,0.295836,8398.63,2448.53,-6036.39,5839.43,350.366,-6776.06
119.5,950.332,7109.62,8059.95,0.29435,8422.18,2443.43,-6095.56,5811.82,348.709,-6801.09
120,950.332,7134.83,8085.16,0.292842,8444.67,2437.76,-6153.75,5783.07,346.984,-6825.2
120.5,950.332,7159.09,8109.42,0.291312,8466.11,2431.55,-6210.93,5753.21,345.192,-6848.41
121,950.332,7182.41,8132.74,0.28976,8486.52,2424.79,-6267.12,5722.26,343.336,-6870.72
121.5,950.332,7204.8,8155.13,0.288186,8505.91,2417.49,-6322.29,5690.26,341.415,-6892.14
122,950.332,7226.28,8176.61,0.286589,8524.28,2409.67,-6376.45,5657.23,339.434,-6912.68
122.5,950.332,7246.85,8197.18,0.284972,8541.67,2401.32,-6429.59,5623.2,337.392,-6932.36
123,950.332,7266.53,8216.86,0.283332,8558.07,2392.47,-6481.71,5588.21,335.292,-6951.19
123.5,950.332,7285.32,8235.65,0.281671,8573.52,2383.11,-6532.8,5552.27,333.136,-6969.17
124,950.332,7303.25,8253.58,0.27999,8588.01,2373.26,-6582.86,5515.42,330.925,-6986.31
124.5,950.332,7320.31,8270.64,0.278286,8601.57,2362.92,-6631.89,5477.68,328.661,-7002.64
125,950.332,7336.53,8286.86,0.276563,8614.21,2352.11,-6679.89,5439.09,326.345,-7018.15
125.5,950.332,7351.92,8302.25,0.274818,8625.94,2340.84,-6726.85,5399.66,323.98,-7032.87
126,950.332,7366.48,8316.82,0.273052,8636.79,2329.1,-6772.78,5359.43,321.566,-7046.81
126.5,950.332,7380.24,8330.57,0.271267,8646.76,2316.92,-6817.68,5318.43,319.106,-7059.96
127,950.332,7393.2,8343.53,0.269461,8655.88,2304.3,-6861.55,5276.68,316.601,-7072.36
127.5,950.332,7405.38,8355.71,0.267634,8664.16,2291.24,-6904.4,5234.21,314.052,-7084.01
128,950.332,7416.78,8367.11,0.265788,8671.61,2277.77,-6946.22,5191.04,311.462,-7094.92
128.5,950.332,7427.43,8377.76,0.263922,8678.25,2263.89,-6987.02,5147.2,308.832,-7105.11
129,950.332,7437.33,8387.67,0.262037,8684.1,2249.6,-7026.8,5102.72,306.163,-7114.58
129.5,950.332,7446.51,8396.84,0.260132,8689.18,2234.93,-7065.57,5057.62,303.457,-7123.36
130,950.332,7454.97,8405.3,0.258208,8693.49,2219.87,-7103.34,5011.93,300.716,-7131.45
130.5,950.332,7462.72,8413.05,0.256264,8697.07,2204.43,-7140.1,4965.67,297.94,-7138.86
131,950.332,7469.78,8420.11,0.254302,8699.91,2188.63,-7175.87,4918.87,295.132,-7145.62
131.5,950.332,7476.17,8426.5,0.252321,8702.05,2172.48,-7210.66,4871.55,292.293,-7151.73
132,950.332,7481.9,8432.23,0.250321,8703.49,2155.98,-7244.47,4823.73,289.424,-7157.21
132.5,950.332,7486.97,8437.31,0.248302,8704.26,2139.15,-7277.31,4775.45,286.527,-7162.07
133,950.332,7491.42,8441.75,0.246266,8704.36,2121.99,-7309.18,4726.71,283.603,-7166.32
133.5,950.332,7495.24,8445.57,0.244211,8703.83,2104.51,-7340.11,4677.55,280.653,-7169.98
134,950.332,7498.46,8448.79,0.242139,8702.67,2086.72,-7370.09,4627.99,277.679,-7173.05
134.5,950.332,7501.09,8451.42,0.240049,8700.9,2068.64,-7399.13,4578.05,274.683,-7175.57
135,950.332,7503.13,8453.47,0.237941,8698.54,2050.26,-7427.26,4527.75,271.665,-7177.53
135.5,950.332,7504.62,8454.95,0.235816,8695.61,2031.61,-7454.47,4477.11,268.626,-7178.95
136,950.332,7505.56,8455.89,0.233673,8692.12,2012.68,-7480.78,4426.15,265.569,-7179.84
136.5,950.332,7505.96,8456.29,0.231514,8688.09,1993.49,-7506.21,4374.9,262.494,-7180.23
137,950.332,7505.84,8456.18,0.229338,8683.54,1974.05,-7530.76,4323.37,259.402,-7180.12
137.5,950.332,7505.22,8455.55,0.227145,8678.48,1954.36,-7554.44,4271.58,256.295,-7179.52
138,950.332,7504.11,8454.44,0.224935,8672.93,1934.44,-7577.27,4219.56,253.174,-7178.46
138.5,950.332,7502.52,8452.85,0.22271,8666.9,1914.29,-7599.26,4167.31,250.039,-7176.94
139,950.332,7500.47,8450.8,0.220468,8660.43,1893.92,-7620.42,4114.87,246.892,-7174.98
139.5,950.332,7497.97,8448.31,0.21821,8653.51,1873.33,-7640.77,4062.24,243.735,-7172.59
140,950.332,7495.04,8445.38,0.215937,8646.17,1852.55,-7660.33,4009.45,240.567,-7169.79
140.5,950.332,7491.69,8442.03,0.213647,8638.43,1831.57,-7679.1,3956.5,237.39,-7166.58
141,950.332,7487.94,8438.27,0.211343,8630.3,1810.41,-7697.1,3903.43,234.206,-7162.99
141.5,950.332,7483.8,8434.13,0.209023,8621.79,1789.06,-7714.34,3850.24,231.014,-7159.03
142,950.332,7479.28,8429.62,0.206689,8612.93,1767.55,-7730.84,3796.94,227.817,-7154.71
142.5,950.332,7474.41,8424.74,0.204339,8603.74,1745.87,-7746.61,3743.56,224.614,-7150.04
143,950.332,7469.18,8419.51,0.201975,8594.22,1724.04,-7761.68,3690.11,221.407,-7145.05
143.5,950.332,7463.63,8413.96,0.199597,8584.39,1702.06,-7776.04,3636.6,218.196,-7139.73
144,950.332,7457.75,8408.09,0.197204,8574.27,1679.94,-7789.73,3583.05,214.983,-7134.12
144.5,950.332,7451.58,8401.91,0.194797,8563.88,1657.69,-7802.75,3529.46,211.768,-7128.21
145,950.332,7445.11,8395.44,0.192376,8553.23,1635.31,-7815.12,3475.86,208.552,-7122.02
145.5,950.332,7438.37,8388.7,0.189942,8542.33,1612.81,-7826.85,3422.26,205.335,-7115.57
146,950.332,7431.37,8381.7,0.187494,8531.21,1590.2,-7837.97,3368.65,202.119,-7108.87
146.5,950.332,7424.12,8374.45,0.185033,8519.88,1567.48,-7848.48,3315.07,198.904,-7101.94
147,950.332,7416.63,8366.97,0.182559,8508.35,1544.66,-7858.41,3261.52,195.691,-7094.78
147.5,950.332,7408.93,8359.26,0.180071,8496.65,1521.75,-7867.77,3208,192.48,-7087.41
148,950.332,7401.02,8351.35,0.177571,8484.77,1498.75,-7876.56,3154.53,189.272,-7079.85
148.5,950.332,7392.92,8343.25,0.175059,8472.75,1475.66,-7884.82,3101.13,186.068,-7072.1
149,950.332,7384.64,8334.97,0.172534,8460.59,1452.51,-7892.56,3047.79,182.867,-7064.17
149.5,950.332,7376.19,8326.52,0.169997,8448.3,1429.28,-7899.79,2994.52,179.671,-7056.09
150,950.332,7367.59,8317.93,0.167448,8435.92,1405.98,-7906.53,2941.34,176.481,-7047.87
150.5,950.332,7358.85,8309.19,0.164887,8423.43,1382.63,-7912.79,2888.26,173.295,-7039.51
151,950.332,7349.99,8300.32,0.162315,8410.87,1359.22,-7918.59,2835.27,170.116,-7031.03
151.5,950.332,7341.01,8291.34,0.159731,8398.25,1335.77,-7923.95,2782.39,166.944,-7022.44
152,950.332,7331.93,8282.26,0.157136,8385.58,1312.26,-7928.87,2729.63,163.778,-7013.75
152.5,950.332,7322.76,8273.09,0.15453,8372.87,1288.72,-7933.39,2676.98,160.619,-7004.98
153,950.332,7313.52,8263.85,0.151914,8360.13,1265.14,-7937.51,2624.46,157.468,-6996.14
153.5,950.332,7304.21,8254.54,0.149286,8347.39,1241.53,-7941.24,2572.07,154.324,-6987.24
154,950.332,7294.85,8245.18,0.146649,8334.65,1217.89,-7944.61,2519.82,151.189,-6978.28
154.5,950.332,7285.46,8235.79,0.144001,8321.92,1194.23,-7947.63,2467.71,148.062,-6969.29
155,950.332,7276.03,8226.36,0.141343,8309.22,1170.54,-7950.31,2415.74,144.944,-6960.28
155.5,950.332,7266.59,8216.92,0.138675,8296.57,1146.84,-7952.67,2363.92,141.835,-6951.25
156,950.332,7257.14,8207.47,0.135998,8283.96,1123.13,-7954.72,2312.25,138.735,-6942.21
156.5,950.332,7247.7,8198.04,0.133311,8271.43,1099.41,-7956.48,2260.74,135.644,-6933.18
157,950.332,7238.28,8188.62,0.130615,8258.97,1075.68,-7957.96,2209.38,132.563,-6924.17
157.5,950.332,7228.89,8179.23,0.12791,8246.59,1051.94,-7959.18,2158.18,129.491,-6915.19
158,950.332,7219.54,8169.87,0.125196,8234.32,1028.21,-7960.15,2107.15,126.429,-6906.24
158.5,950.332,7210.24,8160.57,0.122473,8222.16,1004.48,-7960.88,2056.28,123.377,-6897.35
159,950.332,7201,8151.34,0.119742,8210.12,980.748,-7961.4,2005.57,120.334,-6888.51
159.5,950.332,7191.84,8142.17,0.117002,8198.22,957.025,-7961.7,1955.03,117.302,-6879.74
160,950.332,7182.75,8133.08,0.114255,8186.46,933.31,-7961.81,1904.65,114.279,-6871.05
160.5,950.332,7173.76,8124.09,0.1115,8174.85,909.606,-7961.74,1854.44,111.267,-6862.44
161,950.332,7164.86,8115.19,0.108737,8163.41,885.914,-7961.49,1804.4,108.264,-6853.93
161.5,950.332,7156.08,8106.41,0.105966,8152.14,862.236,-7961.09,1754.52,105.271,-6845.53
162,950.332,7147.42,8097.75,0.103189,8141.05,838.574,-7960.55,1704.81,102.289,-6837.24
162.5,950.332,7138.88,8089.21,0.100404,8130.16,814.928,-7959.87,1655.26,99.3158,-6829.08
163,950.332,7130.48,8080.82,0.0976121,8119.47,791.3,-7959.08,1605.88,96.3527,-6821.05
163.5,950.332,7122.23,8072.57,0.0948137,8108.99,767.691,-7958.17,1556.65,93.3993,-6813.16
164,950.332,7114.14,8064.47,0.0920088,8098.73,744.103,-7957.17,1507.59,90.4555,-6805.41
164.5,950.332,7106.2,8056.54,0.0891976,8088.69,720.536,-7956.08,1458.69,87.5211,-6797.82
165,950.332,7098.44,8048.77,0.0863803,8078.89,696.99,-7954.91,1409.94,84.5961,-6790.39
165.5,950.332,7090.86,8041.19,0.0835571,8069.34,673.467,-7953.68,1361.34,81.6803,-6783.14
166,950.332,7083.46,8033.79,0.0807282,8060.04,649.966,-7952.39,1312.89,78.7734,-6776.06
166.5,950.332,7076.25,8026.58,0.0778938,8051,626.489,-7951.06,1264.59,75.8754,-6769.17
167,950.332,7069.25,8019.58,0.0750541,8042.22,603.035,-7949.69,1216.43,72.986,-6762.47
167.5,950.332,7062.45,8012.78,0.0722092,8033.72,579.604,-7948.29,1168.42,70.1051,-6755.96
168,950.332,7055.86,8006.2,0.0693594,8025.49,556.197,-7946.88,1120.54,67.2323,-6749.67
168.5,950.332,7049.5,7999.83,0.0665049,8017.55,532.814,-7945.46,1072.79,64.3675,-6743.58
169,950.332,7043.36,7993.69,0.0636459,8009.91,509.454,-7944.03,1025.17,61.5105,-6737.7
169.5,950.332,7037.45,7987.78,0.0607825,8002.56,486.116,-7942.61,977.681,58.6609,-6732.05
170,950.332,7031.78,7982.11,0.057915,7995.52,462.802,-7941.21,930.308,55.8185,-6726.63
170.5,950.332,7026.35,7976.68,0.0550436,7988.78,439.509,-7939.83,883.051,52.9831,-6721.44
171,950.332,7021.17,7971.5,0.0521684,7982.36,416.239,-7938.48,835.904,50.1542,-6716.48
171.5,950.332,7016.24,7966.58,0.0492897,7976.26,392.989,-7937.16,788.863,47.3318,-6711.77
172,950.332,7011.57,7961.91,0.0464076,7970.49,369.759,-7935.88,741.923,44.5154,-6707.3
172.5,950.332,7007.16,7957.5,0.0435224,7965.04,346.548,-7934.65,695.078,41.7047,-6703.08
173,950.332,7003.02,7953.35,0.0406343,7959.92,323.357,-7933.48,648.324,38.8994,-6699.12
173.5,950.332,6999.15,7949.48,0.0377433,7955.14,300.182,-7932.36,601.654,36.0992,-6695.41
174,950.332,6995.54,7945.87,0.0348498,7950.7,277.025,-7931.3,555.063,33.3038,-6691.96
174.5,950.332,6992.22,7942.55,0.031954,7946.61,253.883,-7930.32,508.546,30.5128,-6688.78
175,950.332,6989.17,7939.5,0.029056,7942.85,230.755,-7929.4,462.096,27.7258,-6685.87
175.5,950.332,6986.4,7936.74,0.026156,7939.45,207.641,-7928.56,415.709,24.9425,-6683.22
176,950.332,6983.92,7934.26,0.0232542,7936.4,184.538,-7927.8,369.377,22.1626,-6680.85
176.5,950.332,6981.73,7932.06,0.0203509,7933.7,161.447,-7927.12,323.095,19.3857,-6678.75
177,950.332,6979.82,7930.16,0.0174462,7931.36,138.365,-7926.53,276.857,16.6114,-6676.92
177.5,950.332,6978.21,7928.54,0.0145403,7929.38,115.291,-7926.02,230.656,13.8394,-6675.38
178,950.332,6976.88,7927.22,0.0116334,7927.75,92.2248,-7925.61,184.487,11.0692,-6674.11
178.5,950.332,6975.85,7926.19,0.00872575,7926.49,69.1637,-7925.28,138.343,8.3006,-6673.13
179,950.332,6975.12,7925.45,0.0058175,7925.58,46.1068,-7925.05,92.2184,5.5331,-6672.42
179.5,950.332,6974.67,7925.01,0.00290885,7925.04,23.0527,-7924.91,46.106,2.76636,-6672
180,950.332,6974.53,7924.86,4.08215e-17,7924.86,3.23505e-13,-7924.86,9.70515e-13,5.82309e-14,-6671.86
180.5,950.347,6974.67,7925.02,-0.00290885,7925.05,-23.0527,-7924.92,-46.1061,-2.76637,-6672
181,950.394,6975.12,7925.51,-0.0058175,7925.64,-46.1071,-7925.11,-92.2191,-5.53315,-6672.42
181.5,950.471,6975.85,7926.32,-0.00872575,7926.63,-69.1649,-7925.42,-138.346,-8.30075,-6673.13
182,950.58,6976.88,7927.46,-0.0116334,7928,-92.2276,-7925.85,-184.493,-11.0696,-6674.11
182.5,950.719,6978.21,7928.93,-0.0145403,7929.77,-115.297,-7926.41,-230.668,-13.8401,-6675.38
183,950.889,6979.82,7930.71,-0.0174462,7931.92,-138.375,-7927.09,-276.876,-16.6126,-6676.92
183.5,951.091,6981.73,7932.82,-0.0203509,7934.46,-161.462,-7927.88,-323.126,-19.3876,-6678.75
184,951.323,6983.92,7935.25,-0.0232542,7937.39,-184.561,-7928.79,-369.423,-22.1654,-6680.85
184.5,951.587,6986.4,7937.99,-0.026156,7940.71,-207.673,-7929.82,-415.774,-24.9465,-6683.22
185,951.882,6989.17,7941.05,-0.029056,7944.41,-230.8,-7930.95,-462.187,-27.7312,-6685.87
185.5,952.208,6992.22,7944.43,-0.031954,7948.48,-253.943,-7932.19,-508.666,-30.52,-6688.78
186,952.566,6995.54,7948.11,-0.0348498,7952.94,-277.103,-7933.53,-555.219,-33.3131,-6691.96
186.5,952.955,6999.15,7952.1,-0.0377433,7957.77,-300.281,-7934.98,-601.852,-36.1111,-6695.41
187,953.375,7003.02,7956.4,-0.0406343,7962.97,-323.48,-7936.51,-648.572,-38.9143,-6699.12
187.5,953.827,7007.16,7960.99,-0.0435224,7968.54,-346.701,-7938.14,-695.383,-41.723,-6703.08
188,954.311,7011.57,7965.88,-0.0464076,7974.47,-369.944,-7939.85,-742.294,-44.5376,-6707.3
188.5,954.826,7016.24,7971.07,-0.0492897,7980.76,-393.21,-7941.64,-789.308,-47.3585,-6711.77
189,955.373,7021.17,7976.55,-0.0521684,7987.41,-416.502,-7943.5,-836.433,-50.186,-6716.48
189.5,955.952,7026.35,7982.31,-0.0550436,7994.41,-439.819,-7945.42,-883.673,-53.0204,-6721.44
190,956.564,7031.78,7988.34,-0.057915,8001.76,-463.163,-7947.41,-931.035,-55.8621,-6726.63
190.5,957.207,7037.45,7994.66,-0.0607825,8009.45,-486.535,-7949.45,-978.523,-58.7114,-6732.05
191,957.883,7043.36,8001.24,-0.0636459,8017.47,-509.935,-7951.54,-1026.14,-61.5686,-6737.7
191.5,958.591,7049.5,8008.09,-0.0665049,8025.83,-533.364,-7953.66,-1073.9,-64.434,-6743.58
192,959.331,7055.86,8015.19,-0.0693594,8034.51,-556.822,-7955.81,-1121.8,-67.3079,-6749.67
192.5,960.104,7062.45,8022.55,-0.0722092,8043.51,-580.311,-7957.99,-1169.84,-70.1906,-6755.96
193,960.911,7069.25,8030.16,-0.0750541,8052.83,-603.83,-7960.18,-1218.04,-73.0823,-6762.47
193.5,961.75,7076.25,8038,-0.0778938,8062.45,-627.38,-7962.37,-1266.39,-75.9833,-6769.17
194,962.622,7083.46,8046.08,-0.0807282,8072.37,-650.96,-7964.56,-1314.9,-78.8939,-6776.06
194.5,963.528,7090.86,8054.38,-0.0835571,8082.58,-674.572,-7966.73,-1363.57,-81.8143,-6783.14
195,964.467,7098.44,8062.91,-0.0863803,8093.08,-698.214,-7968.88,-1412.41,-84.7447,-6790.39
195.5,965.44,7106.2,8071.64,-0.0891976,8103.86,-721.887,-7971,-1461.42,-87.6853,-6797.82
196,966.447,7114.14,8080.58,-0.0920088,8114.91,-745.59,-7973.07,-1510.6,-90.6362,-6805.41
196.5,967.488,7122.23,8089.72,-0.0948137,8126.22,-769.323,-7975.08,-1559.96,-93.5978,-6813.16
197,968.563,7130.48,8099.05,-0.0976121,8137.79,-793.085,-7977.03,-1609.5,-96.5701,-6821.05
197.5,969.673,7138.88,8108.55,-0.100404,8149.6,-816.876,-7978.91,-1659.22,-99.5532,-6829.08
198,970.818,7147.42,8118.23,-0.103189,8161.65,-840.695,-7980.69,-1709.12,-102.547,-6837.24
198.5,971.997,7156.08,8128.08,-0.105966,8173.93,-864.541,-7982.37,-1759.21,-105.553,-6845.53
199,973.212,7164.86,8138.07,-0.108737,8186.42,-888.412,-7983.94,-1809.49,-108.569,-6853.93
199.5,974.462,7173.76,8148.22,-0.1115,8199.13,-912.308,-7985.38,-1859.95,-111.597,-6862.44
200,975.748,7182.75,8158.5,-0.114255,8212.04,-936.227,-7986.69,-1910.61,-114.636,-6871.05
200.5,977.07,7191.84,8168.91,-0.117002,8225.14,-960.168,-7987.85,-1961.45,-117.687,-6879.74
201,978.428,7201,8179.43,-0.119742,8238.42,-984.128,-7988.84,-2012.48,-120.749,-6888.51
201.5,979.823,7210.24,8190.07,-0.122473,8251.88,-1008.11,-7989.65,-2063.71,-123.823,-6897.35
202,981.254,7219.54,8200.8,-0.125196,8265.49,-1032.1,-7990.28,-2115.13,-126.908,-6906.24
202.5,982.723,7228.89,8211.62,-0.12791,8279.25,-1056.11,-7990.7,-2166.73,-130.004,-6915.19
203,984.229,7238.28,8222.51,-0.130615,8293.15,-1080.13,-7990.9,-2218.53,-133.112,-6924.17
203.5,985.773,7247.7,8233.48,-0.133311,8307.18,-1104.16,-7990.88,-2270.51,-136.231,-6933.18
204,987.354,7257.14,8244.5,-0.135998,8321.33,-1128.2,-7990.6,-2322.68,-139.361,-6942.21
204.5,988.974,7266.59,8255.56,-0.138675,8335.58,-1152.24,-7990.07,-2375.04,-142.502,-6951.25
205,990.633,7276.03,8266.66,-0.141343,8349.93,-1176.28,-7989.26,-2427.57,-145.654,-6960.28
205.5,992.33,7285.46,8277.79,-0.144001,8364.36,-1200.32,-7988.16,-2480.29,-148.818,-6969.29
206,994.067,7294.85,8288.92,-0.146649,8378.86,-1224.35,-7986.75,-2533.19,-151.991,-6978.28
206.5,995.844,7304.21,8300.06,-0.149286,8393.41,-1248.37,-7985.03,-2586.25,-155.175,-6987.24
207,997.66,7313.52,8311.18,-0.151914,8408.01,-1272.38,-7982.97,-2639.49,-158.37,-6996.14
207.5,999.518,7322.76,8322.28,-0.15453,8422.65,-1296.38,-7980.55,-2692.9,-161.574,-7004.98
208,1001.42,7331.93,8333.35,-0.157136,8437.3,-1320.36,-7977.78,-2746.46,-164.788,-7013.75
208.5,1003.35,7341.01,8344.37,-0.159731,8451.96,-1344.31,-7974.62,-2800.19,-168.011,-7022.44
209,1005.34,7349.99,8355.32,-0.162315,8466.61,-1368.23,-7971.06,-2854.06,-171.244,-7031.03
209.5,1007.36,7358.85,8366.21,-0.164887,8481.25,-1392.12,-7967.09,-2908.08,-174.485,-7039.51
210,1009.42,7367.59,8377.02,-0.167448,8495.85,-1415.97,-7962.7,-2962.24,-177.734,-7047.87
210.5,1011.53,7376.19,8387.72,-0.169997,8510.4,-1439.78,-7957.85,-3016.53,-180.992,-7056.09
211,1013.68,7384.64,8398.32,-0.172534,8524.89,-1463.55,-7952.55,-3070.95,-184.257,-7064.17
211.5,1015.88,7392.92,8408.8,-0.175059,8539.31,-1487.26,-7946.77,-3125.49,-187.529,-7072.1
212,1018.12,7401.02,8419.14,-0.177571,8553.64,-1510.91,-7940.5,-3180.14,-190.808,-7079.85
212.5,1020.4,7408.93,8429.34,-0.180071,8567.87,-1534.5,-7933.72,-3234.89,-194.094,-7087.41
213,1022.73,7416.63,8439.37,-0.182559,8581.98,-1558.03,-7926.41,-3289.74,-197.384,-7094.78
213.5,1025.11,7424.12,8449.23,-0.185033,8595.96,-1581.47,-7918.56,-3344.67,-200.68,-7101.94
214,1027.53,7431.37,8458.9,-0.187494,8609.79,-1604.84,-7910.16,-3399.68,-203.981,-7108.87
214.5,1030,7438.37,8468.37,-0.189942,8623.46,-1628.13,-7901.19,-3454.76,-207.285,-7115.57
215,1032.52,7445.11,8477.63,-0.192376,8636.96,-1651.32,-7891.62,-3509.89,-210.593,-7122.02
215.5,1035.08,7451.58,8486.66,-0.194797,8650.26,-1674.41,-7881.45,-3565.06,-213.904,-7128.21
216,1037.69,7457.75,8495.45,-0.197204,8663.36,-1697.4,-7870.66,-3620.28,-217.217,-7134.12
216.5,1040.35,7463.63,8503.98,-0.199597,8676.23,-1720.27,-7859.24,-3675.51,-220.531,-7139.73
217,1043.06,7469.18,8512.25,-0.201975,8688.87,-1743.03,-7847.16,-3730.75,-223.845,-7145.05
217.5,1045.82,7474.41,8520.23,-0.204339,8701.26,-1765.66,-7834.42,-3785.99,-227.16,-7150.04
218,1048.64,7479.28,8527.92,-0.206689,8713.38,-1788.16,-7821,-3841.22,-230.473,-7154.71
218.5,1051.5,7483.8,8535.3,-0.209023,8725.21,-1810.52,-7806.87,-3896.42,-233.785,-7159.03
219,1054.42,7487.94,8542.36,-0.211343,8736.75,-1832.74,-7792.04,-3951.58,-237.095,-7162.99
219.5,1057.38,7491.69,8549.08,-0.213647,8747.97,-1854.8,-7776.47,-4006.68,-240.401,-7166.58
220,1060.41,7495.04,8555.45,-0.215937,8758.86,-1876.69,-7760.17,-4061.71,-243.702,-7169.79
220.5,1063.48,7497.97,8561.46,-0.21821,8769.41,-1898.42,-7743.11,-4116.65,-246.999,-7172.59
221,1066.61,7500.47,8567.08,-0.220468,8779.59,-1919.97,-7725.28,-4171.49,-250.289,-7174.98
221.5,1069.8,7502.52,8572.32,-0.22271,8789.4,-1941.34,-7706.66,-4226.21,-253.573,-7176.94
222,1073.04,7504.11,8577.15,-0.224935,8798.81,-1962.51,-7687.24,-4280.8,-256.848,-7178.46
222.5,1076.34,7505.22,8581.56,-0.227145,8807.81,-1983.49,-7667.02,-4335.24,-260.114,-7179.52
223,1079.7,7505.84,8585.54,-0.229338,8816.38,-2004.25,-7645.96,-4389.51,-263.371,-7180.12
223.5,1083.11,7505.96,8589.07,-0.231514,8824.51,-2024.8,-7624.07,-4443.59,-266.616,-7180.23
224,1086.59,7505.56,8592.14,-0.233673,8832.18,-2045.11,-7601.33,-4497.47,-269.848,-7179.84
224.5,1090.12,7504.62,8594.74,-0.235816,8839.38,-2065.2,-7577.72,-4551.13,-273.068,-7178.95
225,1093.72,7503.13,8596.85,-0.237941,8846.09,-2085.04,-7553.24,-4604.55,-276.273,-7177.53
225.5,1097.37,7501.09,8598.46,-0.240049,8852.29,-2104.63,-7527.87,-4657.7,-279.462,-7175.57
226,1101.1,7498.46,8599.55,-0.242139,8857.96,-2123.96,-7501.6,-4710.58,-282.635,-7173.05
226.5,1104.88,7495.24,8600.12,-0.244211,8863.1,-2143.02,-7474.42,-4763.15,-285.789,-7169.98
227,1108.73,7491.42,8600.15,-0.246266,8867.69,-2161.8,-7446.33,-4815.4,-288.924,-7166.32
227.5,1112.64,7486.97,8599.62,-0.248302,8871.7,-2180.3,-7417.3,-4867.31,-292.039,-7162.07
228,1116.62,7481.9,8598.52,-0.250321,8875.13,-2198.5,-7387.34,-4918.86,-295.132,-7157.21
228.5,1120.67,7476.17,8596.84,-0.252321,8877.95,-2216.4,-7356.42,-4970.02,-298.201,-7151.73
229,1124.78,7469.78,8594.57,-0.254302,8880.16,-2233.98,-7324.55,-5020.78,-301.247,-7145.62
229.5,1128.97,7462.72,8591.69,-0.256264,8881.73,-2251.24,-7291.71,-5071.11,-304.267,-7138.86
230,1133.22,7454.97,8588.19,-0.258208,8882.66,-2268.17,-7257.9,-5120.98,-307.259,-7131.45
230.5,1137.55,7446.51,8584.06,-0.260132,8882.92,-2284.76,-7223.11,-5170.39,-310.223,-7123.36
231,1141.95,7437.33,8579.28,-0.262037,8882.49,-2301,-7187.33,-5219.29,-313.158,-7114.58
231.5,1146.42,7427.43,8573.85,-0.263922,8881.38,-2316.88,-7150.56,-5267.68,-316.061,-7105.11
232,1150.97,7416.78,8567.75,-0.265788,8879.55,-2332.39,-7112.78,-5315.52,-318.931,-7094.92
232.5,1155.59,7405.38,8560.97,-0.267634,8877,-2347.53,-7074.01,-5362.79,-321.767,-7084.01
233,1160.29,7393.2,8553.49,-0.269461,8873.7,-2362.28,-7034.22,-5409.46,-324.568,-7072.36
233.5,1165.07,7380.24,8545.31,-0.271267,8869.65,-2376.64,-6993.42,-5455.53,-327.332,-7059.96
234,1169.93,7366.48,8536.41,-0.273052,8864.83,-2390.6,-6951.61,-5500.94,-330.057,-7046.81
234.5,1174.86,7351.92,8526.78,-0.274818,8859.23,-2404.14,-6908.78,-5545.69,-332.742,-7032.87
235,1179.88,7336.53,8516.42,-0.276563,8852.83,-2417.27,-6864.93,-5589.75,-335.385,-7018.15
235.5,1184.99,7320.31,8505.3,-0.278286,8845.61,-2429.96,-6820.05,-5633.09,-337.986,-7002.64
236,1190.18,7303.25,8493.42,-0.27999,8837.57,-2442.22,-6774.16,-5675.69,-340.541,-6986.31
236.5,1195.45,7285.32,8480.77,-0.281671,8828.69,-2454.04,-6727.24,-5717.52,-343.051,-6969.17
237,1200.81,7266.53,8467.33,-0.283332,8818.95,-2465.4,-6679.3,-5758.55,-345.513,-6951.19
237.5,1206.26,7246.85,8453.11,-0.284972,8808.35,-2476.29,-6630.34,-5798.77,-347.926,-6932.36
238,1211.8,7226.28,8438.07,-0.286589,8796.87,-2486.72,-6580.36,-5838.13,-350.288,-6912.68
238.5,1217.43,7204.8,8422.23,-0.288186,8784.49,-2496.67,-6529.36,-5876.63,-352.598,-6892.14
239,1223.15,7182.41,8405.56,-0.28976,8771.21,-2506.13,-6477.35,-5914.22,-354.853,-6870.72
239.5,1228.97,7159.09,8388.06,-0.291312,8757.01,-2515.1,-6424.34,-5950.89,-357.053,-6848.41
240,1234.89,7134.83,8369.71,-0.292842,8741.88,-2523.56,-6370.32,-5986.6,-359.196,-6825.2
240.5,1240.9,7109.62,8350.52,-0.29435,8725.81,-2531.52,-6315.31,-6021.34,-361.281,-6801.09
241,1247.01,7083.45,8330.46,-0.295836,8708.78,-2538.96,-6259.31,-6055.08,-363.305,-6776.06
241.5,1253.22,7056.31,8309.54,-0.297299,8690.79,-2545.87,-6202.32,-6087.78,-365.267,-6750.1
242,1259.54,7028.2,8287.74,-0.298739,8671.83,-2552.25,-6144.36,-6119.43,-367.166,-6723.2
242.5,1265.96,6999.09,8265.05,-0.300157,8651.88,-2558.1,-6085.44,-6149.99,-369,-6695.36
243,1272.49,6968.99,8241.48,-0.301551,8630.93,-2563.4,-6025.56,-6179.45,-370.767,-6666.56
243.5,1279.13,6937.87,8217,-0.302923,8608.98,-2568.15,-5964.74,-6207.77,-372.466,-6636.79
244,1285.87,6905.74,8191.61,-0.304271,8586.01,-2572.35,-5902.98,-6234.93,-374.096,-6606.06
244.5,1292.73,6872.58,8165.31,-0.305596,8562.01,-2575.98,-5840.3,-6260.9,-375.654,-6574.34
245,1299.7,6838.39,8138.09,-0.306897,8536.98,-2579.04,-5776.71,-6285.67,-377.14,-6541.63
245.5,1306.79,6803.15,8109.94,-0.308175,8510.9,-2581.53,-5712.23,-6309.19,-378.552,-6507.92
246,1314,6766.87,8080.86,-0.309429,8483.78,-2583.44,-5646.87,-6331.46,-379.887,-6473.21
246.5,1321.32,6729.52,8050.84,-0.310659,8455.59,-2584.76,-5580.65,-6352.44,-381.146,-6437.48
247,1328.77,6691.1,8019.88,-0.311865,8426.34,-2585.49,-5513.57,-6372.1,-382.326,-6400.74
247.5,1336.35,6651.62,7987.96,-0.313048,8396.01,-2585.63,-5445.67,-6390.44,-383.426,-6362.96
248,1344.05,6611.05,7955.09,-0.314206,8364.6,-2585.17,-5376.96,-6407.41,-384.445,-6324.15
248.5,1351.88,6569.39,7921.26,-0.315339,8332.11,-2584.11,-5307.45,-6423,-385.38,-6284.3
249,1359.84,6526.63,7886.47,-0.316448,8298.52,-2582.44,-5237.18,-6437.19,-386.231,-6243.4
249.5,1367.93,6482.78,7850.71,-0.317533,8263.83,-2580.16,-5166.14,-6449.95,-386.997,-6201.45
250,1376.17,6437.81,7813.98,-0.318593,8228.04,-2577.27,-5094.38,-6461.26,-387.676,-6158.44
250.5,1384.54,6391.74,7776.27,-0.319628,8191.14,-2573.77,-5021.91,-6471.1,-388.266,-6114.36
251,1393.05,6344.54,7737.59,-0.320638,8153.12,-2569.64,-4948.76,-6479.44,-388.767,-6069.21
251.5,1401.7,6296.23,7697.93,-0.321624,8113.99,-2564.89,-4874.94,-6486.28,-389.177,-6022.99
252,1410.51,6246.78,7657.29,-0.322584,8073.74,-2559.52,-4800.48,-6491.58,-389.495,-5975.69
252.5,1419.46,6196.2,7615.66,-0.323519,8032.36,-2553.53,-4725.42,-6495.32,-389.719,-5927.31
253,1428.57,6144.48,7573.05,-0.324429,7989.86,-2546.91,-4649.77,-6497.5,-389.85,-5877.84
253.5,1437.83,6091.62,7529.45,-0.325314,7946.23,-2539.66,-4573.56,-6498.08,-389.885,-5827.27
254,1447.25,6037.62,7484.87,-0.326173,7901.47,-2531.79,-4496.82,-6497.06,-389.824,-5775.61
254.5,1456.83,5982.47,7439.3,-0.327007,7855.58,-2523.29,-4419.58,-6494.41,-389.665,-5722.85
255,1466.57,5926.16,7392.74,-0.327815,7808.56,-2514.16,-4341.87,-6490.12,-389.407,-5668.99
255.5,1476.49,5868.7,7345.19,-0.328597,7760.4,-2504.4,-4263.72,-6484.18,-389.051,-5614.02
256,1486.57,5810.09,7296.66,-0.329354,7711.12,-2494.02,-4185.16,-6476.56,-388.594,-5557.95
256.5,1496.83,5750.31,7247.14,-0.330085,7660.71,-2483.01,-4106.22,-6467.26,-388.035,-5500.77
257,1507.27,5689.38,7196.64,-0.330789,7609.16,-2471.38,-4026.93,-6456.25,-387.375,-5442.48
257.5,1517.88,5627.28,7145.16,-0.331468,7556.5,-2459.12,-3947.33,-6443.54,-386.612,-5383.07
258,1528.69,5564.01,7092.7,-0.332121,7502.7,-2446.25,-3867.45,-6429.11,-385.746,-5322.56
258.5,1539.68,5499.59,7039.26,-0.332748,7447.79,-2432.75,-3787.32,-6412.94,-384.776,-5260.92
259,1550.86,5433.99,6984.85,-0.333348,7391.75,-2418.65,-3706.98,-6395.02,-383.701,-5198.18
259.5,1562.24,5367.23,6929.47,-0.333922,7334.61,-2403.93,-3626.47,-6375.36,-382.521,-5134.31
260,1573.82,5299.31,6873.13,-0.33447,7276.35,-2388.6,-3545.82,-6353.93,-381.236,-5069.34
260.5,1585.6,5230.22,6815.82,-0.334992,7216.99,-2372.67,-3465.06,-6330.74,-379.845,-5003.24
261,1597.6,5159.96,6757.56,-0.335487,7156.53,-2356.14,-3384.25,-6305.78,-378.347,-4936.04
261.5,1609.8,5088.54,6698.34,-0.335956,7094.98,-2339.01,-3303.4,-6279.04,-376.742,-4867.72
262,1622.22,5015.96,6638.18,-0.336398,7032.34,-2321.3,-3222.57,-6250.52,-375.031,-4798.28
262.5,1634.87,4942.21,6577.08,-0.336813,6968.63,-2303,-3141.78,-6220.21,-373.213,-4727.74
263,1647.74,4867.31,6515.05,-0.337202,6903.84,-2284.13,-3061.08,-6188.12,-371.287,-4656.09
263.5,1660.84,4791.25,6452.09,-0.337565,6837.99,-2264.68,-2980.52,-6154.24,-369.255,-4583.33
264,1674.17,4714.03,6388.21,-0.3379,6771.09,-2244.66,-2900.12,-6118.58,-367.115,-4509.46
264.5,1687.75,4635.67,6323.42,-0.338209,6703.15,-2224.09,-2819.93,-6081.13,-364.868,-4434.5
265,1701.57,4556.15,6257.72,-0.338491,6634.17,-2202.97,-2739.99,-6041.91,-362.515,-4358.43
265.5,1715.64,4475.49,6191.14,-0.338747,6564.17,-2181.31,-2660.33,-6000.91,-360.054,-4281.27
266,1729.97,4393.69,6123.67,-0.338975,6493.15,-2159.11,-2581.02,-5958.14,-357.488,-4203.02
266.5,1744.56,4310.76,6055.32,-0.339177,6421.14,-2136.39,-2502.07,-5913.6,-354.816,-4123.69
267,1759.42,4226.69,5986.11,-0.339352,6348.14,-2113.14,-2423.54,-5867.31,-352.039,-4043.26
267.5,1774.55,4141.49,5916.04,-0.3395,6274.16,-2089.39,-2345.46,-5819.27,-349.156,-3961.77
268,1789.96,4055.17,5845.13,-0.339621,6199.23,-2065.15,-2267.88,-5769.5,-346.17,-3879.19
268.5,1805.65,3967.74,5773.39,-0.339715,6123.34,-2040.41,-2190.84,-5718,-343.08,-3795.55
269,1821.64,3879.19,5700.83,-0.339783,6046.53,-2015.2,-2114.39,-5664.79,-339.887,-3710.85
269.5,1837.92,3789.54,5627.46,-0.339823,5968.79,-1989.52,-2038.55,-5609.88,-336.593,-3625.09
270,1854.51,3698.79,5553.3,-0.339837,5890.16,-1963.39,-1963.39,-5553.3,-333.198,-3538.28
270.5,1871.41,3606.95,5478.35,-0.339823,5810.64,-1936.81,-1888.92,-5495.05,-329.703,-3450.42
271,1888.62,3514.02,5402.64,-0.339783,5730.26,-1909.79,-1815.21,-5435.15,-326.109,-3361.53
271.5,1906.16,3420.02,5326.18,-0.339715,5649.03,-1882.36,-1742.29,-5373.63,-322.418,-3271.61
272,1924.03,3324.95,5248.98,-0.339621,5566.96,-1854.52,-1670.21,-5310.51,-318.63,-3180.66
272.5,1942.24,3228.82,5171.06,-0.3395,5484.09,-1826.29,-1598.99,-5245.8,-314.748,-3088.7
273,1960.8,3131.63,5092.43,-0.339352,5400.42,-1797.67,-1528.69,-5179.54,-310.772,-2995.73
273.5,1979.72,3033.4,5013.12,-0.339177,5315.98,-1768.69,-1459.34,-5111.74,-306.705,-2901.77
274,1998.99,2934.14,4933.13,-0.338975,5230.78,-1739.35,-1390.99,-5042.44,-302.547,-2806.81
274.5,2018.64,2833.85,4852.49,-0.338747,5144.86,-1709.67,-1323.67,-4971.67,-298.3,-2710.87
275,2038.67,2732.54,4771.21,-0.338491,5058.23,-1679.66,-1257.43,-4899.45,-293.967,-2613.96
275.5,2059.08,2630.23,4689.32,-0.338209,4970.92,-1649.34,-1192.3,-4825.81,-289.549,-2516.09
276,2079.9,2526.93,4606.82,-0.3379,4882.94,-1618.73,-1128.32,-4750.79,-285.047,-2417.27
276.5,2101.12,2422.63,4523.75,-0.337565,4794.32,-1587.83,-1065.52,-4674.42,-280.465,-2317.5
277,2122.75,2317.37,4440.12,-0.337202,4705.09,-1556.67,-1003.95,-4596.74,-275.804,-2216.8
277.5,2144.82,2211.14,4355.96,-0.336813,4615.28,-1525.26,-943.647,-4517.78,-271.067,-2115.18
278,2167.31,2103.96,4271.28,-0.336398,4524.9,-1493.62,-884.636,-4437.58,-266.255,-2012.66
278.5,2190.26,1995.84,4186.1,-0.335956,4433.98,-1461.76,-826.956,-4356.18,-261.371,-1909.23
279,2213.66,1886.79,4100.46,-0.335487,4342.55,-1429.7,-770.64,-4273.63,-256.418,-1804.91
279.5,2237.53,1776.83,4014.37,-0.334992,4250.65,-1397.45,-715.722,-4189.96,-251.397,-1699.72
280,2261.88,1665.97,3927.85,-0.33447,4158.29,-1365.04,-662.234,-4105.21,-246.313,-1593.67
280.5,2286.72,1554.22,3840.94,-0.333922,4065.5,-1332.47,-610.205,-4019.45,-241.167,-1486.77
281,2312.06,1441.59,3753.65,-0.333348,3972.32,-1299.78,-559.667,-3932.7,-235.962,-1379.03
281.5,2337.92,1328.1,3666.02,-0.332748,3878.78,-1266.97,-510.647,-3845.02,-230.701,-1270.47
282,2364.3,1213.76,3578.07,-0.332121,3784.9,-1234.06,-463.173,-3756.45,-225.387,-1161.09
282.5,2391.23,1098.59,3489.82,-0.331468,3690.72,-1201.08,-417.272,-3667.06,-220.023,-1050.92
283,2418.71,982.6,3401.31,-0.330789,3596.27,-1168.03,-372.969,-3576.88,-214.613,-939.959
283.5,2446.75,865.806,3312.55,-0.330085,3501.59,-1134.95,-330.286,-3485.98,-209.159,-828.233
284,2475.37,748.222,3223.6,-0.329354,3406.7,-1101.83,-289.247,-3394.4,-203.664,-715.752
284.5,2504.59,629.864,3134.46,-0.328597,3311.64,-1068.72,-249.872,-3302.2,-198.132,-602.53
285,2534.42,510.748,3045.17,-0.327815,3216.45,-1035.62,-212.181,-3209.45,-192.567,-488.584
285.5,2564.88,390.89,2955.77,-0.327007,3121.17,-1002.55,-176.192,-3116.19,-186.971,-373.927
286,2595.97,270.306,2866.28,-0.326173,3025.82,-969.533,-141.92,-3022.49,-181.349,-258.576
286.5,2627.73,149.013,2776.74,-0.325314,2930.44,-936.588,-109.381,-2928.4,-175.704,-142.546
287,2660.16,27.0269,2687.18,-0.324429,2835.08,-903.733,-78.5879,-2833.99,-170.039,-25.854
287.5,2693.27,-95.6348,2597.64,-0.323519,2739.77,-870.988,-49.5509,-2739.32,-164.359,91.4847
288,2727.1,-218.955,2508.15,-0.322584,2644.55,-838.372,-22.2799,-2644.46,-158.668,209.453
288.5,2761.65,-342.916,2418.74,-0.321624,2549.47,-805.906,3.21756,-2549.46,-152.968,328.035
289,2796.95,-467.5,2329.45,-0.320638,2454.55,-773.607,26.9359,-2454.4,-147.264,447.212
289.5,2833.02,-592.688,2240.33,-0.319628,2359.85,-741.496,48.8716,-2359.34,-141.561,566.968
290,2869.86,-718.464,2151.4,-0.318593,2265.4,-709.593,69.0228,-2264.35,-135.861,687.285
290.5,2907.52,-844.808,2062.71,-0.317533,2171.25,-677.917,87.3901,-2169.49,-130.17,808.146
291,2945.99,-971.7,1974.29,-0.316448,2077.45,-646.487,103.976,-2074.84,-124.491,929.532
291.5,2985.32,-1099.12,1886.2,-0.315339,1984.03,-615.324,118.785,-1980.47,-118.828,1051.43
292,3025.52,-1227.06,1798.46,-0.314206,1891.04,-584.446,131.825,-1886.44,-113.186,1173.81
292.5,3066.6,-1355.48,1711.12,-0.313048,1798.53,-553.874,143.104,-1792.83,-107.57,1296.66
293,3108.61,-1484.38,1624.23,-0.311865,1706.55,-523.627,152.634,-1699.71,-101.982,1419.96
293.5,3151.55,-1613.73,1537.82,-0.310659,1615.14,-493.725,160.43,-1607.15,-96.4289,1543.7
294,3195.46,-1743.51,1451.95,-0.309429,1524.35,-464.186,166.507,-1515.23,-90.9135,1667.85
294.5,3240.36,-1873.7,1366.66,-0.308175,1434.23,-435.031,170.884,-1424.01,-85.4408,1792.39
295,3286.28,-2004.29,1282,-0.306897,1344.83,-406.278,173.583,-1333.58,-80.0151,1917.31
295.5,3333.25,-2135.24,1198.01,-0.305596,1256.21,-377.946,174.628,-1244.02,-74.641,2042.58
296,3381.29,-2266.54,1114.75,-0.304271,1168.42,-350.055,174.045,-1155.38,-69.3229,2168.18
296.5,3430.43,-2398.17,1032.26,-0.302923,1081.5,-322.624,171.864,-1067.76,-64.0654,2294.1
297,3480.71,-2530.11,950.596,-0.301551,995.517,-295.67,168.117,-981.219,-58.8731,2420.31
297.5,3532.14,-2662.33,869.812,-0.300157,910.522,-269.214,162.839,-895.842,-53.7505,2546.8
298,3584.78,-2794.82,789.961,-0.298739,826.571,-243.273,156.067,-811.704,-48.7022,2673.53
298.5,3638.64,-2927.54,711.097,-0.297299,743.723,-217.865,147.842,-728.88,-43.7328,2800.5
299,3693.77,-3060.49,633.275,-0.295836,662.034,-193.009,138.208,-647.447,-38.8468,2927.68
299.5,3750.19,-3193.63,556.553,-0.29435,581.566,-168.723,127.211,-567.482,-34.0489,3055.04
300,3807.94,-3326.95,480.989,-0.292842,502.376,-145.023,114.9,-489.06,-29.3436,3182.57
300.5,3867.06,-3460.42,406.642,-0.291312,424.529,-121.929,101.329,-412.258,-24.7355,3310.25
301,3927.6,-3594.02,333.574,-0.28976,348.085,-99.4555,86.5533,-337.152,-20.2291,3438.05
301.5,3989.58,-3727.73,261.846,-0.288186,273.109,-77.6211,70.6313,-263.817,-15.829,3565.96
302,4053.04,-3861.52,191.522,-0.286589,199.665,-56.4419,53.6256,-192.329,-11.5398,3693.94
302.5,4118.04,-3995.37,122.666,-0.284972,127.821,-35.9343,35.6016,-122.763,-7.36576,3821.99
303,4184.61,-4129.26,55.3444,-0.283332,57.6426,-16.1144,16.628,-55.1922,-3.31153,3950.07
303.5,4252.79,-4263.16,-10.375,-0.281671,-10.8006,3.00215,-3.22287,10.3085,0.618511,4078.16
304,4322.64,-4397.06,-74.4232,-0.27999,-77.4388,21.3999,-23.8756,73.6663,4.41998,4206.24
304.5,4394.19,-4530.92,-136.73,-0.278286,-142.201,39.0638,-45.2512,134.809,8.08852,4334.3
305,4467.5,-4664.73,-197.223,-0.276563,-205.014,55.9791,-67.2672,193.664,11.6198,4462.3
305.5,4542.62,-4798.45,-255.83,-0.274818,-265.804,72.1316,-89.8375,250.162,15.0097,4590.22
306,4619.6,-4932.07,-312.474,-0.273052,-324.496,87.5074,-112.873,304.232,18.2539,4718.04
306.5,4698.49,-5065.57,-367.08,-0.271267,-381.012,102.093,-136.279,355.807,21.3484,4845.74
307,4779.34,-5198.91,-419.568,-0.269461,-435.275,115.875,-159.96,404.817,24.289,4973.3
307.5,4862.22,-5332.08,-469.86,-0.267634,-487.205,128.842,-183.815,451.199,27.0719,5100.69
308,4947.17,-5465.05,-517.873,-0.265788,-536.719,140.98,-207.74,494.885,29.6931,5227.88
308.5,5034.27,-5597.79,-563.524,-0.263922,-583.736,152.279,-231.627,535.814,32.1488,5354.87
309,5123.56,-5730.29,-606.727,-0.262037,-628.17,162.727,-255.364,573.923,34.4354,5481.61
309.5,5215.11,-5862.51,-647.397,-0.260132,-669.936,172.313,-278.834,609.152,36.5491,5608.1
310,5308.99,-5994.44,-685.443,-0.258208,-708.945,181.028,-301.919,641.442,38.4865,5734.3
310.5,5405.27,-6126.04,-720.776,-0.256264,-745.109,188.862,-324.495,670.738,40.2443,5860.2
311,5504,-6257.31,-753.303,-0.254302,-778.335,195.805,-346.435,696.985,41.8191,5985.76
311.5,5605.27,-6388.2,-782.93,-0.252321,-808.531,201.851,-367.607,720.13,43.2078,6110.97
312,5709.14,-6518.7,-809.559,-0.250321,-835.603,206.991,-387.877,740.124,44.4074,6235.81
312.5,5815.68,-6648.78,-833.094,-0.248302,-859.452,211.218,-407.104,756.918,45.4151,6360.24
313,5924.98,-6778.41,-853.433,-0.246266,-879.983,214.526,-425.146,770.468,46.2281,6484.26
313.5,6037.11,-6907.59,-870.474,-0.244211,-897.093,216.909,-441.855,780.73,46.8438,6607.82
314,6152.15,-7036.27,-884.114,-0.242139,-910.681,218.363,-457.08,787.666,47.26,6730.92
314.5,6270.18,-7164.43,-894.246,-0.240049,-920.644,218.883,-470.667,791.238,47.4743,6853.52
315,6391.29,-7292.06,-900.761,-0.237941,-926.875,218.466,-482.455,791.413,47.4848,6975.61
315.5,6515.57,-7419.12,-903.549,-0.235816,-929.267,217.11,-492.282,788.16,47.2896,7097.15
316,6643.09,-7545.59,-902.498,-0.233673,-927.711,214.814,-499.981,781.452,46.8871,7218.14
316.5,6773.96,-7671.45,-897.494,-0.231514,-922.096,211.576,-505.38,771.266,46.276,7338.54
317,6908.26,-7796.68,-888.421,-0.229338,-912.307,207.397,-508.305,757.582,45.4549,7458.33
317.5,7046.08,-7921.24,-875.159,-0.227145,-898.232,202.279,-508.578,740.384,44.4231,7577.49
318,7187.53,-8045.12,-857.59,-0.224935,-879.752,196.223,-506.015,719.662,43.1797,7695.99
318.5,7332.71,-8168.3,-835.59,-0.22271,-856.75,189.233,-500.431,695.406,41.7244,7813.82
319,7481.7,-8290.74,-809.037,-0.220468,-829.105,181.314,-491.635,667.615,40.0569,7930.95
319.5,7634.62,-8412.42,-777.804,-0.21821,-796.696,172.471,-479.436,636.291,38.1775,8047.36
320,7791.57,-8533.33,-741.764,-0.215937,-759.4,162.711,-463.636,601.441,36.0864,8163.02
320.5,7952.65,-8653.44,-700.789,-0.213647,-717.092,152.042,-444.035,563.076,33.7846,8277.91
321,8117.97,-8772.72,-654.747,-0.211343,-669.647,140.474,-420.431,521.214,31.2729,8392.01
321.5,8287.64,-8891.15,-603.508,-0.209023,-616.936,128.017,-392.618,475.88,28.5528,8505.3
322,8461.77,-9008.71,-546.938,-0.206689,-558.832,114.684,-360.386,427.1,25.626,8617.76
322.5,8640.47,-9125.37,-484.903,-0.204339,-495.205,100.487,-323.526,374.912,22.4947,8729.36
323,8823.85,-9241.11,-417.268,-0.201975,-425.926,85.4429,-281.824,319.356,19.1614,8840.08
323.5,9012.02,-9355.92,-343.899,-0.199597,-350.865,69.5674,-235.065,260.481,15.6289,8949.91
324,9205.1,-9469.76,-264.659,-0.197204,-269.889,52.879,-183.032,198.342,11.9005,9058.81
324.5,9403.2,-9582.62,-179.411,-0.194797,-182.87,35.3976,-125.506,133.002,7.98014,9166.77
325,9606.44,-9694.46,-88.021,-0.192376,-89.6752,17.1452,-62.2685,64.5313,3.87188,9273.76
325.5,9814.93,-9805.28,9.6476,-0.189942,9.82429,-1.85484,6.90025,-6.99309,-0.419585,9379.77
326,10028.8,-9915.05,113.729,-0.187494,115.758,-21.577,82.22,-81.4846,-4.88908,9484.77
326.5,10248.1,-10023.7,224.357,-0.185033,228.253,-41.9938,163.91,-158.849,-9.53094,9588.75
327,10473,-10131.3,341.663,-0.182559,347.437,-63.0758,252.189,-238.983,-14.339,9691.68
327.5,10703.6,-10237.8,465.777,-0.180071,473.432,-84.7915,347.274,-321.774,-19.3064,9793.54
328,10940,-10343.2,596.825,-0.177571,606.36,-107.107,449.378,-407.101,-24.4261,9894.31
328.5,11182.3,-10447.3,734.932,-0.175059,746.339,-129.987,558.715,-494.833,-29.69,9993.97
329,11430.6,-10550.4,880.217,-0.172534,893.483,-153.392,675.49,-584.828,-35.0897,10092.5
329.5,11685,-10652.2,1032.8,-0.169997,1047.9,-177.283,799.909,-676.936,-40.6161,10189.9
330,11945.5,-10752.7,1192.78,-0.167448,1209.7,-201.616,932.168,-770.994,-46.2596,10286.1
330.5,12212.4,-10852.1,1360.27,-0.164887,1378.97,-226.346,1072.46,-866.829,-52.0098,10381.1
331,12485.5,-10950.2,1535.36,-0.162315,1555.81,-251.424,1220.97,-964.259,-57.8555,10475
331.5,12765.1,-11047,1718.15,-0.159731,1740.31,-276.8,1377.86,-1063.09,-63.7853,10567.6
332,13051.2,-11142.5,1908.71,-0.157136,1932.52,-302.421,1543.32,-1163.11,-69.7866,10658.9
332.5,13343.8,-11236.7,2107.12,-0.15453,2132.53,-328.231,1717.48,-1264.11,-75.8464,10749
333,13642.9,-11329.5,2313.44,-0.151914,2340.39,-354.171,1900.5,-1365.85,-81.9508,10837.8
333.5,13948.7,-11421,2527.7,-0.149286,2556.13,-380.18,2092.49,-1468.09,-88.0855,10925.4
334,14261.1,-11511.1,2749.95,-0.146649,2779.79,-406.193,2293.58,-1570.58,-94.2351,11011.6
334.5,14580.1,-11599.8,2980.21,-0.144001,3011.38,-432.144,2503.85,-1673.06,-100.384,11096.5
335,14905.6,-11687.2,3218.48,-0.141343,3250.9,-457.963,2723.39,-1775.24,-106.515,11180
335.5,15237.8,-11773,3464.74,-0.138675,3498.33,-483.577,2952.24,-1876.84,-112.61,11262.1
336,15576.4,-11857.5,3718.96,-0.135998,3753.62,-508.912,3190.45,-1977.55,-118.653,11342.9
336.5,15921.6,-11940.5,3981.1,-0.133311,4016.74,-533.889,3438.02,-2077.07,-124.624,11422.3
337,16273,-12022,4251.06,-0.130615,4287.58,-558.43,3694.92,-2175.06,-130.503,11500.2
337.5,16630.7,-12102,4528.75,-0.12791,4566.05,-582.45,3961.13,-2271.19,-136.271,11576.8
338,16994.5,-12180.4,4814.05,-0.125196,4852.02,-605.866,4236.55,-2365.12,-141.907,11651.9
338.5,17364.2,-12257.4,5106.79,-0.122473,5145.34,-628.59,4521.07,-2456.5,-147.39,11725.5
339,17739.6,-12332.8,5406.81,-0.119742,5445.81,-650.533,4814.56,-2544.95,-152.697,11797.6
339.5,18120.6,-12406.7,5713.88,-0.117002,5753.22,-671.606,5116.83,-2630.12,-157.807,11868.3
340,18506.7,-12479,6027.76,-0.114255,6067.32,-691.714,5427.66,-2711.61,-162.697,11937.4
340.5,18897.8,-12549.7,6348.17,-0.1115,6387.83,-710.767,5746.79,-2789.06,-167.344,12005
341,19293.5,-12618.8,6674.78,-0.108737,6714.44,-728.668,6073.9,-2862.07,-171.724,12071.1
341.5,19693.5,-12686.2,7007.25,-0.105966,7046.78,-745.325,6408.65,-2930.24,-175.815,12135.7
342,20097.3,-12752.1,7345.19,-0.103189,7384.47,-760.641,6750.64,-2993.2,-179.592,12198.7
342.5,20504.4,-12816.3,7688.15,-0.100404,7727.06,-774.523,7099.41,-3050.55,-183.033,12260.1
343,20914.5,-12878.8,8035.66,-0.0976121,8074.1,-786.878,7454.48,-3101.9,-186.114,12319.9
343.5,21326.9,-12939.7,8387.2,-0.0948137,8425.05,-797.613,7815.28,-3146.86,-188.812,12378.2
344,21741.1,-12998.9,8742.22,-0.0920088,8779.35,-806.639,8181.22,-3185.07,-191.104,12434.8
344.5,22156.5,-13056.4,9100.1,-0.0891976,9136.42,-813.867,8551.64,-3216.16,-192.97,12489.8
345,22572.4,-13112.2,9460.19,-0.0863803,9495.59,-819.213,8925.81,-3239.78,-194.387,12543.1
345.5,22988,-13166.2,9821.8,-0.0835571,9856.19,-822.597,9302.99,-3255.58,-195.335,12594.9
346,23402.8,-13218.6,10184.2,-0.0807282,10217.5,-823.942,9682.35,-3263.25,-195.795,12644.9
346.5,23815.8,-13269.2,10546.6,-0.0778938,10578.7,-823.178,10063,-3262.48,-195.749,12693.4
347,24226.2,-13318,10908.1,-0.0750541,10938.9,-820.241,10444,-3253.02,-195.181,12740.1
347.5,24633.1,-13365.1,11268,-0.0722092,11297.5,-815.071,10824.5,-3234.59,-194.076,12785.1
348,25035.8,-13410.5,11625.3,-0.0693594,11653.3,-807.619,11203.3,-3207.01,-192.42,12828.5
348.5,25433.1,-13454,11979.1,-0.0665049,12005.6,-797.843,11579.5,-3170.06,-190.204,12870.2
349,25824.1,-13495.8,12328.3,-0.0636459,12353.3,-785.708,11951.9,-3123.63,-187.418,12910.1
349.5,26207.8,-13535.7,12672.1,-0.0607825,12695.5,-771.192,12319.4,-3067.58,-184.055,12948.3
350,26583.3,-13573.9,13009.4,-0.057915,13031.2,-754.281,12680.7,-3001.87,-180.112,12984.8
350.5,26949.3,-13610.3,13339.1,-0.0550436,13359.3,-734.973,13034.8,-2926.47,-175.588,13019.6
351,27305,-13644.8,13660.2,-0.0521684,13678.8,-713.278,13380.4,-2841.42,-170.485,13052.6
351.5,27649.1,-13677.5,13971.6,-0.0492897,13988.6,-689.216,13716.3,-2746.79,-164.807,13083.9
352,27980.7,-13708.4,14272.4,-0.0464076,14287.8,-662.823,14041.2,-2642.7,-158.562,13113.5
352.5,28298.7,-13737.4,14561.3,-0.0435224,14575.1,-634.144,14354,-2529.35,-151.761,13141.2
353,28602,-13764.6,14837.4,-0.0406343,14849.7,-603.241,14653.3,-2406.97,-144.418,13167.2
353.5,28889.6,-13789.9,15099.7,-0.0377433,15110.5,-570.185,14938.1,-2275.86,-136.551,13191.5
354,29160.5,-13813.4,15347.2,-0.0348498,15356.5,-535.062,15207.1,-2136.35,-128.181,13213.9
354.5,29413.8,-13835,15578.8,-0.031954,15586.7,-497.973,15459.3,-1988.84,-119.33,13234.6
355,29648.4,-13854.8,15793.6,-0.029056,15800.3,-459.029,15693.5,-1833.79,-110.027,13253.5
355.5,29863.6,-13872.7,15990.9,-0.026156,15996.4,-418.354,15908.8,-1671.7,-100.302,13270.6
356,30058.4,-13888.7,16169.8,-0.0232542,16174.1,-376.083,16104.2,-1503.11,-90.1868,13285.9
356.5,30232.3,-13902.8,16329.5,-0.0203509,16332.8,-332.365,16278.7,-1328.63,-79.7181,13299.5
357,30384.3,-13915.1,16469.3,-0.0174462,16471.8,-287.355,16431.7,-1148.9,-68.9338,13311.2
357.5,30514.1,-13925.4,16588.7,-0.0145403,16590.4,-241.221,16562.3,-964.578,-57.8747,13321.1
358,30621,-13933.9,16687.1,-0.0116334,16688.2,-194.136,16670.1,-776.388,-46.5833,13329.2
358.5,30704.6,-13940.5,16764,-0.00872575,16764.7,-146.283,16754.5,-585.064,-35.1038,13335.6
359,30764.5,-13945.3,16819.3,-0.0058175,16819.6,-97.8472,16815,-391.369,-23.4821,13340.1
359.5,30800.6,-13948.1,16852.5,-0.00290885,16852.6,-49.0215,16851.4,-196.084,-11.765,13342.8
360,61625.3,-13949,47676.3,0,47676.3,0,47676.3,0,0,13343.7
360.5,61625.3,-13948.1,47677.2,0.00290885,47677.4,138.686,47674.2,554.738,33.2843,13342.8
361,61625.3,-13945.3,47680,0.0058175,47680.8,277.382,47667.9,1109.47,66.5682,13340.1
361.5,61625.3,-13940.5,47684.8,0.00872575,47686.6,416.096,47657.5,1664.19,99.8517,13335.6
362,61625.3,-13933.9,47691.4,0.0116334,47694.6,554.839,47642.9,2218.91,133.134,13329.2
362.5,61625.3,-13925.4,47699.9,0.0145403,47704.9,693.619,47624.2,2773.6,166.416,13321.1
363,61625.3,-13915.1,47710.2,0.0174462,47717.5,832.446,47601.3,3328.27,199.696,13311.2
363.5,61625.3,-13902.8,47722.5,0.0203509,47732.4,971.33,47574.2,3882.91,232.974,13299.5
364,61625.3,-13888.7,47736.6,0.0232542,47749.5,1110.28,47542.9,4437.51,266.251,13285.9
364.5,61625.3,-13872.7,47752.6,0.026156,47769,1249.3,47507.4,4992.08,299.525,13270.6
365,61625.3,-13854.8,47770.5,0.029056,47790.7,1388.41,47467.7,5546.6,332.796,13253.5
365.5,61625.3,-13835,47790.3,0.031954,47814.7,1527.61,47423.8,6101.07,366.064,13234.6
366,61625.3,-13813.4,47811.9,0.0348498,47840.9,1666.91,47375.7,6655.48,399.329,13213.9
366.5,61625.3,-13789.9,47835.4,0.0377433,47869.5,1806.32,47323.4,7209.83,432.59,13191.5
367,61625.3,-13764.6,47860.7,0.0406343,47900.3,1945.86,47266.8,7764.11,465.846,13167.2
367.5,61625.3,-13737.4,47887.9,0.0435224,47933.3,2085.51,47206,8318.3,499.098,13141.2
368,61625.3,-13708.4,47916.9,0.0464076,47968.6,2225.31,47140.9,8872.4,532.344,13113.5
368.5,61625.3,-13677.5,47947.8,0.0492897,48006.1,2365.25,47071.5,9426.41,565.584,13083.9
369,61625.3,-13644.8,47980.5,0.0521684,48045.9,2505.34,46997.9,9980.3,598.818,13052.6
369.5,61625.3,-13610.3,48015,0.0550436,48087.9,2645.59,46919.9,10534.1,632.045,13019.6
370,61625.3,-13573.9,48051.4,0.057915,48132.1,2786.01,46837.6,11087.7,665.263,12984.8
370.5,61625.3,-13535.7,48089.6,0.0607825,48178.5,2926.61,46751,11641.2,698.474,12948.3
371,61625.3,-13495.8,48129.5,0.0636459,48227.2,3067.39,46660,12194.6,731.675,12910.1
371.5,61625.3,-13454,48171.3,0.0665049,48278,3208.36,46564.6,12747.8,764.866,12870.2
372,61625.3,-13410.5,48214.8,0.0693594,48331,3349.53,46464.8,13300.8,798.045,12828.5
372.5,61625.3,-13365.1,48260.2,0.0722092,48386.2,3490.9,46360.6,13853.6,831.213,12785.1
373,61625.3,-13318,48307.3,0.0750541,48443.6,3632.48,46252,14406.1,864.369,12740.1
373.5,61625.3,-13269.2,48356.1,0.0778938,48503.2,3774.28,46138.9,14958.5,897.51,12693.4
374,61625.3,-13218.6,48406.7,0.0807282,48564.9,3916.3,46021.4,15510.6,930.637,12644.9
374.5,61625.3,-13166.2,48459.1,0.0835571,48628.7,4058.55,45899.3,16062.5,963.747,12594.9
375,61625.3,-13112.2,48513.1,0.0863803,48694.7,4201.03,45772.8,16614,996.84,12543.1
375.5,61625.3,-13056.4,48568.9,0.0891976,48762.8,4343.76,45641.7,17165.3,1029.92,12489.8
376,61625.3,-12998.9,48626.4,0.0920088,48833,4486.73,45506,17716.2,1062.97,12434.8
376.5,61625.3,-12939.7,48685.6,0.0948137,48905.3,4629.94,45365.7,18266.7,1096,12378.2
377,61625.3,-12878.8,48746.5,0.0976121,48979.6,4773.42,45220.9,18816.9,1129.02,12319.9
377.5,61625.3,-12816.3,48809,0.100404,49056.1,4917.14,45071.4,19366.7,1162,12260.1
378,61625.3,-12752.1,48873.2,0.103189,49134.6,5061.14,44917.2,19916.1,1194.96,12198.7
378.5,61625.3,-12686.2,48939.1,0.105966,49215.1,5205.39,44758.4,20465,1227.9,12135.7
379,61625.3,-12618.8,49006.5,0.108737,49297.7,5349.91,44594.8,21013.4,1260.8,12071.1
379.5,60614.1,-12549.7,48064.5,0.1115,48364.8,5381.49,43511.2,21117.1,1267.02,12005
380,59448.4,-12479,46969.4,0.114255,47277.7,5389.97,42293.4,21129.4,1267.76,11937.4
380.5,58295.7,-12406.7,45889,0.117002,46204.9,5393.76,41094,21122.9,1267.37,11868.3
381,57156.9,-12332.8,44824.1,0.119742,45147.3,5393.11,39914.1,21098.4,1265.9,11797.6
381.5,56032.8,-12257.4,43775.4,0.122473,44105.8,5388.27,38754.6,21057.1,1263.42,11725.5
382,54924.1,-12180.4,42743.7,0.125196,43080.9,5379.45,37616.1,20999.8,1259.99,11651.9
382.5,53831.6,-12102,41729.6,0.12791,42073.3,5366.91,36499.3,20927.6,1255.66,11576.8
383,52755.6,-12022,40733.7,0.130615,41083.6,5350.88,35404.8,20841.4,1250.49,11500.2
383.5,51696.8,-11940.5,39756.3,0.133311,40112.2,5331.57,34333,20742.2,1244.53,11422.3
384,50655.5,-11857.5,38798,0.135998,39159.6,5309.2,33284.3,20630.8,1237.85,11342.9
384.5,49632,-11773,37858.9,0.138675,38225.9,5284,32258.9,20508.1,1230.48,11262.1
385,48626.6,-11687.2,36939.4,0.141343,37311.5,5256.17,31257.2,20375,1222.5,11180
385.5,47639.6,-11599.8,36039.7,0.144001,36416.6,5225.92,30279.1,20232.3,1213.94,11096.5
386,46671,-11511.1,35159.9,0.146649,35541.4,5193.43,29324.8,20080.9,1204.85,11011.6
386.5,45721,-11421,34300,0.149286,34685.8,5158.9,28394.3,19921.5,1195.29,10925.4
387,44789.6,-11329.5,33460.1,0.151914,33850,5122.52,27487.6,19754.8,1185.29,10837.8
387.5,43876.9,-11236.7,32640.3,0.15453,33033.9,5084.45,26604.5,19581.6,1174.89,10749
388,42982.8,-11142.5,31840.4,0.157136,32237.5,5044.86,25744.9,19402.5,1164.15,10658.9
388.5,42107.3,-11047,31060.3,0.159731,31460.8,5003.93,24908.7,19218.2,1153.09,10567.6
389,41250.2,-10950.2,30300.1,0.162315,30703.6,4961.8,24095.5,19029.5,1141.77,10475
389.5,40411.5,-10852.1,29559.4,0.164887,29965.8,4918.63,23305.2,18836.7,1130.2,10381.1
390,39591,-10752.7,28838.2,0.167448,29247.3,4874.54,22537.4,18640.6,1118.44,10286.1
390.5,38788.4,-10652.2,28136.3,0.169997,28547.8,4829.69,21791.8,18441.6,1106.5,10189.9
391,38003.7,-10550.4,27453.3,0.172534,27867.1,4784.2,21068.1,18240.4,1094.42,10092.5
391.5,37236.6,-10447.3,26789.2,0.175059,27205,4738.19,20365.9,18037.3,1082.24,9993.97
392,36486.8,-10343.2,26143.6,0.177571,26561.3,4691.77,19684.8,17832.9,1069.97,9894.31
392.5,35754.1,-10237.8,25516.3,0.180071,25935.7,4645.07,19024.4,17627.5,1057.65,9793.54
393,35038.3,-10131.3,24907,0.182559,25327.9,4598.18,18384.4,17421.7,1045.3,9691.68
393.5,34339.1,-10023.7,24315.3,0.185033,24737.6,4551.2,17764.2,17215.7,1032.94,9588.75
394,33656.2,-9915.05,23741.1,0.187494,24164.6,4504.22,17163.5,17010,1020.6,9484.77
394.5,32989.2,-9805.28,23184,0.189942,23608.6,4457.34,16581.8,16804.9,1008.3,9379.77
395,32338,-9694.46,22643.6,0.192376,23069.1,4410.64,16018.7,16600.8,996.048,9273.76
395.5,31702.3,-9582.62,22119.7,0.194797,22546.1,4364.19,15473.7,16397.9,983.874,9166.77
396,31081.6,-9469.76,21611.9,0.197204,22039,4318.06,14946.3,16196.5,971.791,9058.81
396.5,30475.8,-9355.92,21119.9,0.199597,21547.7,4272.34,14436.1,15996.9,959.815,8949.91
397,29884.4,-9241.11,20643.3,0.201975,21071.7,4227.08,13942.6,15799.4,947.961,8840.08
397.5,29307.3,-9125.37,20181.9,0.204339,20610.7,4182.34,13465.4,15604.1,936.243,8729.36
398,28744.1,-9008.71,19735.4,0.206689,20164.5,4138.17,13004,15411.2,924.673,8617.76
398.5,28194.4,-8891.15,19303.3,0.209023,19732.8,4094.64,12557.9,15221.1,913.263,8505.3
399,27658,-8772.72,18885.3,0.211343,19315.1,4051.78,12126.8,15033.7,902.024,8392.01
399.5,27134.6,-8653.44,18481.2,0.213647,18911.1,4009.65,11710.1,14849.4,890.965,8277.91
400,26623.9,-8533.33,18090.6,0.215937,18520.7,3968.28,11307.4,14668.3,880.096,8163.02
400.5,26125.5,-8412.42,17713.1,0.21821,18143.4,3927.72,10918.3,14490.4,869.425,8047.36
401,25639.3,-8290.74,17348.6,0.220468,17778.9,3888,10542.4,14316,858.959,7930.95
401.5,25164.8,-8168.3,16996.5,0.22271,17426.9,3849.14,10179.1,14145.1,848.705,7813.82
402,24701.9,-8045.12,16656.7,0.224935,17087.2,3811.19,9828.19,13977.8,838.668,7695.99
402.5,24250.1,-7921.24,16328.9,0.227145,16759.4,3774.16,9489.14,13814.2,828.855,7577.49
403,23809.4,-7796.68,16012.7,0.229338,16443.2,3738.08,9161.57,13654.5,819.269,7458.33
403.5,23379.3,-7671.45,15707.8,0.231514,16138.4,3702.97,8845.09,13498.6,809.915,7338.54
404,22959.6,-7545.59,15414,0.233673,15844.6,3668.86,8539.29,13346.6,800.796,7218.14
404.5,22550,-7419.12,15130.9,0.235816,15561.6,3635.75,8243.8,13198.6,791.916,7097.15
405,22150.4,-7292.06,14858.3,0.237941,15289.1,3603.67,7958.24,13054.6,783.276,6975.61
405.5,21760.4,-7164.43,14595.9,0.240049,15026.8,3572.62,7682.25,12914.6,774.878,6853.52
406,21379.7,-7036.27,14343.5,0.242139,14774.5,3542.62,7415.46,12778.7,766.724,6730.92
406.5,21008.2,-6907.59,14100.7,0.244211,14531.8,3513.67,7157.53,12646.9,758.815,6607.82
407,20645.7,-6778.41,13867.3,0.246266,14298.7,3485.79,6908.11,12519.2,751.151,6484.26
407.5,20291.8,-6648.78,13643,0.248302,14074.7,3458.98,6666.87,12395.5,743.733,6360.24
408,19946.4,-6518.7,13427.7,0.250321,13859.6,3433.24,6433.48,12276,736.56,6235.81
408.5,19609.2,-6388.2,13221,0.252321,13653.3,3408.57,6207.62,12160.5,729.631,6110.97
409,19280,-6257.31,13022.7,0.254302,13455.4,3384.98,5988.99,12049.1,722.946,5985.76
409.5,18958.6,-6126.04,12832.6,0.256264,13265.8,3362.47,5777.27,11941.7,716.504,5860.2
410,18644.9,-5994.44,12650.5,0.258208,13084.2,3341.02,5572.18,11838.4,710.303,5734.3
410.5,18338.5,-5862.51,12476,0.260132,12910.4,3320.66,5373.44,11739,704.341,5608.1
411,18039.4,-5730.29,12309.1,0.262037,12744.2,3301.35,5180.75,11643.6,698.616,5481.61
411.5,17747.3,-5597.79,12149.5,0.263922,12585.3,3283.11,4993.86,11552.1,693.125,5354.87
412,17462,-5465.05,11997,0.265788,12433.6,3265.93,4812.49,11464.4,687.867,5227.88
412.5,17183.4,-5332.08,11851.3,0.267634,12288.8,3249.79,4636.4,11380.6,682.838,5100.69
413,16911.3,-5198.91,11712.4,0.269461,12150.8,3234.69,4465.33,11300.6,678.035,4973.3
413.5,16645.4,-5065.57,11579.9,0.271267,12019.4,3220.62,4299.06,11224.3,673.456,4845.74
414,16385.8,-4932.07,11453.7,0.273052,11894.4,3207.58,4137.33,11151.6,669.096,4718.04
414.5,16132.1,-4798.45,11333.6,0.274818,11775.5,3195.54,3979.94,11082.5,664.953,4590.22
415,15884.2,-4664.73,11219.5,0.276563,11662.7,3184.5,3826.65,11017,661.022,4462.3
415.5,15642,-4530.92,11111.1,0.278286,11555.7,3174.45,3677.26,10955,657.299,4334.3
416,15405.4,-4397.06,11008.3,0.27999,11454.4,3165.36,3531.57,10896.4,653.781,4206.24
416.5,15174.1,-4263.16,10910.9,0.281671,11358.5,3157.24,3389.37,10841.1,650.464,4078.16
417,14948.1,-4129.26,10818.8,0.283332,11268.1,3150.06,3250.48,10789.1,647.343,3950.07
417.5,14727.1,-3995.37,10731.8,0.284972,11182.8,3143.81,3114.7,10740.2,644.414,3821.99
418,14511.2,-3861.52,10649.6,0.286589,11102.5,3138.48,2981.88,10694.6,641.673,3693.94
418.5,14300,-3727.73,10572.3,0.288186,11027.1,3134.04,2851.82,10651.9,639.115,3565.96
419,14093.6,-3594.02,10499.6,0.28976,10956.4,3130.48,2724.36,10612.3,636.735,3438.05
419.5,13891.8,-3460.42,10431.4,0.291312,10890.2,3127.78,2599.36,10575.5,634.529,3310.25
420,13694.5,-3326.95,10367.6,0.292842,10828.6,3125.93,2476.64,10541.5,632.492,3182.57
420.5,13501.5,-3193.63,10307.9,0.29435,10771.2,3124.91,2356.07,10510.3,630.62,3055.04
421,13312.8,-3060.49,10252.3,0.295836,10717.9,3124.7,2237.5,10481.8,628.906,2927.68
421.5,13128.2,-2927.54,10200.7,0.297299,10668.7,3125.28,2120.8,10455.8,627.348,2800.5
422,12947.7,-2794.82,10152.9,0.298739,10623.4,3126.63,2005.83,10432.3,625.939,2673.53
422.5,12771.1,-2662.33,10108.7,0.300157,10581.8,3128.73,1892.47,10411.2,624.675,2546.8
423,12598.3,-2530.11,10068.2,0.301551,10543.9,3131.57,1780.6,10392.5,623.55,2420.31
423.5,12429.2,-2398.17,10031,0.302923,10509.6,3135.12,1670.1,10376,622.56,2294.1
424,12263.8,-2266.54,9997.25,0.304271,10478.6,3139.36,1560.87,10361.7,621.701,2168.18
424.5,12101.9,-2135.24,9966.68,0.305596,10450.9,3144.27,1452.79,10349.4,620.966,2042.58
425,11943.5,-2004.29,9939.22,0.306897,10426.4,3149.84,1345.78,10339.2,620.35,1917.31
425.5,11788.5,-1873.7,9914.76,0.308175,10404.9,3156.03,1239.72,10330.8,619.85,1792.39
426,11636.7,-1743.51,9893.19,0.309429,10386.5,3162.83,1134.53,10324.3,619.459,1667.85
426.5,11488.1,-1613.73,9874.41,0.310659,10370.8,3170.23,1030.13,10319.6,619.173,1543.7
427,11342.7,-1484.38,9858.33,0.311865,10358,3178.18,926.423,10316.5,618.987,1419.96
427.5,11200.3,-1355.48,9844.84,0.313048,10347.7,3186.69,823.342,10314.9,618.896,1296.66
428,11060.9,-1227.06,9833.85,0.314206,10340.1,3195.71,720.81,10314.9,618.895,1173.81
428.5,10924.4,-1099.12,9825.27,0.315339,10334.9,3205.24,618.757,10316.3,618.98,1051.43
429,10790.7,-971.7,9819,0.316448,10332,3215.25,517.117,10319.1,619.144,929.532
429.5,10659.8,-844.808,9814.96,0.317533,10331.4,3225.72,415.827,10323.1,619.384,808.146
430,10531.5,-718.464,9813.06,0.318593,10333,3236.63,314.83,10328.2,619.695,687.285
430.5,10405.9,-592.688,9813.21,0.319628,10336.7,3247.95,214.07,10334.5,620.072,566.968
431,10282.8,-467.5,9815.34,0.320638,10342.5,3259.66,113.497,10341.8,620.51,447.212
431.5,10162.3,-342.916,9819.37,0.321624,10350.1,3271.74,13.0624,10350.1,621.005,328.035
432,10044.2,-218.955,9825.21,0.322584,10359.6,3284.17,-87.2776,10359.2,621.552,209.453
432.5,9928.43,-95.6348,9832.79,0.323519,10370.8,3296.93,-187.564,10369.1,622.146,91.4847
433,9815.01,27.0269,9842.04,0.324429,10383.7,3310,-287.835,10379.7,622.784,-25.854
433.5,9703.86,149.013,9852.88,0.325314,10398.3,3323.35,-388.125,10391,623.461,-142.546
434,9594.93,270.306,9865.24,0.326173,10414.3,3336.96,-488.465,10402.9,624.172,-258.576
434.5,9488.16,390.89,9879.05,0.327007,10431.9,3350.81,-588.885,10415.2,624.913,-373.927
435,9383.5,510.748,9894.25,0.327815,10450.8,3364.89,-689.411,10428,625.68,-488.584
435.5,9280.9,629.864,9910.77,0.328597,10471,3379.16,-790.065,10441.2,626.47,-602.53
436,9180.32,748.222,9928.54,0.329354,10492.5,3393.6,-890.869,10454.6,627.277,-715.752
436.5,9081.7,865.806,9947.51,0.330085,10515.2,3408.21,-991.84,10468.3,628.097,-828.233
437,8985.01,982.6,9967.61,0.330789,10539,3422.95,-1092.99,10482.1,628.928,-939.959
437.5,8890.19,1098.59,9988.78,0.331468,10563.8,3437.8,-1194.34,10496.1,629.765,-1050.92
438,8797.2,1213.76,10011,0.332121,10589.7,3452.75,-1295.9,10510.1,630.604,-1161.09
438.5,8706.01,1328.1,10034.1,0.332748,10616.4,3467.77,-1397.67,10524,631.442,-1270.47
439,8616.56,1441.59,10058.2,0.333348,10644.1,3482.84,-1499.66,10537.9,632.275,-1379.03
439.5,8528.83,1554.22,10083,0.333922,10672.6,3497.94,-1601.88,10551.7,633.099,-1486.77
440,8442.77,1665.97,10108.7,0.33447,10701.8,3513.06,-1704.33,10565.2,633.912,-1593.67
440.5,8358.34,1776.83,10135.2,0.334992,10731.7,3528.18,-1807,10578.5,634.71,-1699.72
441,8275.51,1886.79,10162.3,0.335487,10762.3,3543.26,-1909.91,10591.5,635.489,-1804.91
441.5,8194.24,1995.84,10190.1,0.335956,10793.5,3558.31,-2013.03,10604.1,636.246,-1909.23
442,8114.5,2103.96,10218.5,0.336398,10825.2,3573.29,-2116.38,10616.3,636.979,-2012.66
442.5,8036.25,2211.14,10247.4,0.336813,10857.4,3588.18,-2219.93,10628.1,637.685,-2115.18
443,7959.46,2317.37,10276.8,0.337202,10890.1,3602.98,-2323.69,10639.3,638.359,-2216.8
443.5,7884.1,2422.63,10306.7,0.337565,10923.2,3617.66,-2427.65,10650,639.001,-2317.5
444,7810.14,2526.93,10337.1,0.3379,10956.6,3632.2,-2531.78,10660.1,639.606,-2417.27
444.5,7737.54,2630.23,10367.8,0.338209,10990.4,3646.59,-2636.09,10669.5,640.173,-2516.09
445,7666.27,2732.54,10398.8,0.338491,11024.4,3660.81,-2740.56,10678.3,640.698,-2613.96
445.5,7596.32,2833.85,10430.2,0.338747,11058.6,3674.84,-2845.17,10686.3,641.18,-2710.87
446,7527.64,2934.14,10461.8,0.338975,11093,3688.66,-2949.9,10693.6,641.616,-2806.81
446.5,7460.21,3033.4,10493.6,0.339177,11127.6,3702.27,-3054.74,10700.1,642.004,-2901.77
447,7394.01,3131.63,10525.6,0.339352,11162.2,3715.64,-3159.67,10705.7,642.341,-2995.73
447.5,7329,3228.82,10557.8,0.3395,11196.9,3728.75,-3264.68,10710.4,642.625,-3088.7
448,7265.17,3324.95,10590.1,0.339621,11231.7,3741.6,-3369.73,10714.2,642.855,-3180.66
448.5,7202.48,3420.02,10622.5,0.339715,11266.4,3754.17,-3474.82,10717.1,643.028,-3271.61
449,7140.92,3514.02,10654.9,0.339783,11301.1,3766.44,-3579.91,10719.1,643.143,-3361.53
449.5,7080.46,3606.95,10687.4,0.339823,11335.7,3778.4,-3685,10720,643.199,-3450.42
450,7021.08,3698.79,10719.9,0.339837,11370.1,3790.04,-3790.04,10719.9,643.192,-3538.28
450.5,6962.75,3789.54,10752.3,0.339823,11404.5,3801.34,-3895.03,10718.7,643.122,-3625.09
451,6905.45,3879.19,10784.6,0.339783,11438.6,3812.29,-3999.93,10716.5,642.988,-3710.85
451.5,6849.16,3967.74,10816.9,0.339715,11472.6,3822.87,-4104.72,10713.1,642.787,-3795.55
452,6793.87,4055.17,10849,0.339621,11506.3,3833.08,-4209.37,10708.7,642.52,-3879.19
452.5,6739.54,4141.49,10881,0.3395,11539.7,3842.9,-4313.87,10703.1,642.183,-3961.77
453,6686.17,4226.69,10912.9,0.339352,11572.8,3852.33,-4418.18,10696.3,641.777,-4043.26
453.5,6633.72,4310.76,10944.5,0.339177,11605.7,3861.34,-4522.28,10688.3,641.3,-4123.69
454,6582.19,4393.69,10975.9,0.338975,11638.1,3869.93,-4626.14,10679.2,640.752,-4203.02
454.5,6531.55,4475.49,11007,0.338747,11670.2,3878.09,-4729.73,10668.8,640.131,-4281.27
455,6481.79,4556.15,11037.9,0.338491,11701.9,3885.8,-4833.04,10657.3,639.436,-4358.43
455.5,6432.88,4635.67,11068.6,0.338209,11733.2,3893.07,-4936.02,10644.5,638.668,-4434.5
456,6384.82,4714.03,11098.9,0.3379,11764.1,3899.87,-5038.66,10630.4,637.824,-4509.46
456.5,6337.58,4791.25,11128.8,0.337565,11794.5,3906.21,-5140.92,10615.1,636.906,-4583.33
457,6291.15,4867.31,11158.5,0.337202,11824.4,3912.07,-5242.78,10598.5,635.911,-4656.09
457.5,6245.51,4942.21,11187.7,0.336813,11853.8,3917.44,-5344.22,10580.7,634.841,-4727.74
458,6200.65,5015.96,11216.6,0.336398,11882.6,3922.33,-5445.2,10561.6,633.694,-4798.28
458.5,6156.55,5088.54,11245.1,0.335956,11911,3926.71,-5545.7,10541.2,632.47,-4867.72
459,6113.19,5159.96,11273.2,0.335487,11938.7,3930.58,-5645.7,10519.5,631.169,-4936.04
459.5,6070.57,5230.22,11300.8,0.334992,11965.9,3933.94,-5745.16,10496.5,629.791,-5003.24
460,6028.67,5299.31,11328,0.33447,11992.5,3936.78,-5844.05,10472.3,628.336,-5069.34
460.5,5987.47,5367.23,11354.7,0.333922,12018.6,3939.1,-5942.37,10446.7,626.803,-5134.31
461,5946.96,5433.99,11380.9,0.333348,12043.9,3940.88,-6040.07,10419.9,625.194,-5198.18
461.5,5907.13,5499.59,11406.7,0.332748,12068.7,3942.14,-6137.13,10391.8,623.507,-5260.92
462,5867.96,5564.01,11432,0.332121,12092.8,3942.85,-6233.53,10362.4,621.744,-5322.56
462.5,5829.45,5627.28,11456.7,0.331468,12116.3,3943.02,-6329.24,10331.7,619.904,-5383.07
463,5791.57,5689.38,11480.9,0.330789,12139.1,3942.64,-6424.24,10299.8,617.988,-5442.48
463.5,5754.33,5750.31,11504.6,0.330085,12161.2,3941.71,-6518.51,10266.6,615.995,-5500.77
464,5717.7,5810.09,11527.8,0.329354,12182.6,3940.23,-6612.01,10232.1,613.928,-5557.95
464.5,5681.67,5868.7,11550.4,0.328597,12203.3,3938.2,-6704.74,10196.4,611.785,-5614.02
465,5646.24,5926.16,11572.4,0.327815,12223.3,3935.6,-6796.66,10159.5,609.569,-5668.99
465.5,5611.39,5982.47,11593.9,0.327007,12242.6,3932.45,-6887.75,10121.3,607.278,-5722.85
466,5577.12,6037.62,11614.7,0.326173,12261.2,3928.74,-6978,10081.9,604.914,-5775.61
466.5,5543.4,6091.62,11635,0.325314,12279.1,3924.46,-7067.38,10041.3,602.477,-5827.27
467,5510.24,6144.48,11654.7,0.324429,12296.2,3919.63,-7155.87,9999.48,599.969,-5877.84
467.5,5477.62,6196.2,11673.8,0.323519,12312.6,3914.23,-7243.45,9956.49,597.389,-5927.31
468,5445.53,6246.78,11692.3,0.322584,12328.2,3908.27,-7330.11,9912.33,594.74,-5975.69
468.5,5413.96,6296.23,11710.2,0.321624,12343.1,3901.75,-7415.82,9867.01,592.02,-6022.99
469,5382.91,6344.54,11727.5,0.320638,12357.2,3894.67,-7500.56,9820.55,589.233,-6069.21
469.5,5352.36,6391.74,11744.1,0.319628,12370.6,3887.02,-7584.33,9772.96,586.378,-6114.36
470,5322.3,6437.81,11760.1,0.318593,12383.3,3878.82,-7667.1,9724.26,583.456,-6158.44
470.5,5292.74,6482.78,11775.5,0.317533,12395.2,3870.06,-7748.85,9674.47,580.468,-6201.45
471,5263.64,6526.63,11790.3,0.316448,12406.3,3860.75,-7829.58,9623.6,577.416,-6243.4
471.5,5235.02,6569.39,11804.4,0.315339,12416.7,3850.89,-7909.26,9571.67,574.3,-6284.3
472,5206.86,6611.05,11817.9,0.314206,12426.3,3840.48,-7987.89,9518.71,571.122,-6324.15
472.5,5179.15,6651.62,11830.8,0.313048,12435.1,3829.52,-8065.45,9464.71,567.883,-6362.96
473,5151.89,6691.1,11843,0.311865,12443.2,3818.01,-8141.93,9409.72,564.583,-6400.74
473.5,5125.07,6729.52,11854.6,0.310659,12450.6,3805.97,-8217.31,9353.74,561.225,-6437.48
474,5098.67,6766.87,11865.5,0.309429,12457.2,3793.39,-8291.59,9296.8,557.808,-6473.21
474.5,5072.7,6803.15,11875.9,0.308175,12463,3780.28,-8364.75,9238.91,554.335,-6507.92
475,5047.15,6838.39,11885.5,0.306897,12468.1,3766.64,-8436.78,9180.1,550.806,-6541.63
475.5,5022,6872.58,11894.6,0.305596,12472.5,3752.48,-8507.69,9120.39,547.224,-6574.34
476,4997.26,6905.74,11903,0.304271,12476.1,3737.81,-8577.45,9059.8,543.588,-6606.06
476.5,4972.91,6937.87,11910.8,0.302923,12479,3722.61,-8646.06,8998.35,539.901,-6636.79
477,4948.95,6968.99,11917.9,0.301551,12481.1,3706.92,-8713.52,8936.05,536.163,-6666.56
477.5,4925.37,6999.09,11924.5,0.300157,12482.6,3690.72,-8779.81,8872.95,532.377,-6695.36
478,4902.17,7028.2,11930.4,0.298739,12483.3,3674.02,-8844.94,8809.04,528.543,-6723.2
478.5,4879.34,7056.31,11935.7,0.297299,12483.3,3656.84,-8908.89,8744.37,524.662,-6750.1
479,4856.87,7083.45,11940.3,0.295836,12482.6,3639.17,-8971.67,8678.94,520.736,-6776.06
479.5,4834.76,7109.62,11944.4,0.29435,12481.2,3621.02,-9033.27,8612.79,516.767,-6801.09
480,4813.01,7134.83,11947.8,0.292842,12479.1,3602.4,-9093.69,8545.93,512.756,-6825.2
480.5,4791.6,7159.09,11950.7,0.291312,12476.3,3583.32,-9152.92,8478.38,508.703,-6848.41
481,4770.53,7182.41,11952.9,0.28976,12472.9,3563.78,-9210.97,8410.18,504.611,-6870.72
481.5,4749.79,7204.8,11954.6,0.288186,12468.8,3543.79,-9267.84,8341.34,500.48,-6892.14
482,4729.39,7226.28,11955.7,0.286589,12464,3523.36,-9323.52,8271.88,496.313,-6912.68
482.5,4709.31,7246.85,11956.2,0.284972,12458.6,3502.49,-9378.01,8201.83,492.11,-6932.36
483,4689.55,7266.53,11956.1,0.283332,12452.6,3481.2,-9431.33,8131.21,487.873,-6951.19
483.5,4670.11,7285.32,11955.4,0.281671,12445.9,3459.48,-9483.46,8060.05,483.603,-6969.17
484,4650.98,7303.25,11954.2,0.27999,12438.6,3437.35,-9534.41,7988.36,479.301,-6986.31
484.5,4632.15,7320.31,11952.5,0.278286,12430.7,3414.82,-9584.19,7916.16,474.97,-7002.64
485,4613.63,7336.53,11950.2,0.276563,12422.2,3391.89,-9632.8,7843.49,470.609,-7018.15
485.5,4595.4,7351.92,11947.3,0.274818,12413.1,3368.57,-9680.25,7770.36,466.221,-7032.87
486,4577.46,7366.48,11943.9,0.273052,12403.5,3344.87,-9726.53,7696.79,461.807,-7046.81
486.5,4559.81,7380.24,11940,0.271267,12393.2,3320.79,-9771.66,7622.81,457.368,-7059.96
487,4542.44,7393.2,11935.6,0.269461,12382.5,3296.36,-9815.64,7548.43,452.906,-7072.36
487.5,4525.36,7405.38,11930.7,0.267634,12371.2,3271.56,-9858.47,7473.68,448.421,-7084.01
488,4508.54,7416.78,11925.3,0.265788,12359.3,3246.42,-9900.18,7398.59,443.915,-7094.92
488.5,4492,7427.43,11919.4,0.263922,12347,3220.94,-9940.75,7323.16,439.39,-7105.11
489,4475.73,7437.33,11913.1,0.262037,12334.1,3195.13,-9980.21,7247.43,434.846,-7114.58
489.5,4459.71,7446.51,11906.2,0.260132,12320.7,3168.99,-10018.6,7171.41,430.284,-7123.36
490,4443.96,7454.97,11898.9,0.258208,12306.9,3142.54,-10055.8,7095.12,425.707,-7131.45
490.5,4428.46,7462.72,11891.2,0.256264,12292.6,3115.79,-10092,7018.58,421.115,-7138.86
491,4413.22,7469.78,11883,0.254302,12277.9,3088.74,-10127.1,6941.82,416.509,-7145.62
491.5,4398.22,7476.17,11874.4,0.252321,12262.7,3061.4,-10161.1,6864.85,411.891,-7151.73
492,4383.47,7481.9,11865.4,0.250321,12247.1,3033.78,-10194,6787.69,407.262,-7157.21
492.5,4368.96,7486.97,11855.9,0.248302,12231.1,3005.89,-10225.9,6710.36,402.622,-7162.07
493,4354.69,7491.42,11846.1,0.246266,12214.6,2977.74,-10256.8,6632.88,397.973,-7166.32
493.5,4340.65,7495.24,11835.9,0.244211,12197.8,2949.33,-10286.7,6555.27,393.316,-7169.98
494,4326.85,7498.46,11825.3,0.242139,12180.6,2920.67,-10315.5,6477.54,388.653,-7173.05
494.5,4313.27,7501.09,11814.4,0.240049,12163.1,2891.78,-10343.4,6399.72,383.983,-7175.57
495,4299.92,7503.13,11803.1,0.237941,12145.2,2862.66,-10370.2,6321.81,379.309,-7177.53
495.5,4286.79,7504.62,11791.4,0.235816,12127,2833.31,-10396.1,6243.85,374.631,-7178.95
496,4273.88,7505.56,11779.4,0.233673,12108.5,2803.76,-10421.1,6165.83,369.95,-7179.84
496.5,4261.19,7505.96,11767.1,0.231514,12089.7,2774,-10445.1,6087.78,365.267,-7180.23
497,4248.71,7505.84,11754.6,0.229338,12070.6,2744.04,-10468.2,6009.72,360.583,-7180.12
497.5,4236.44,7505.22,11741.7,0.227145,12051.2,2713.89,-10490.3,5931.66,355.9,-7179.52
498,4224.38,7504.11,11728.5,0.224935,12031.6,2683.56,-10511.6,5853.62,351.217,-7178.46
498.5,4212.53,7502.52,11715.1,0.22271,12011.7,2653.06,-10532,5775.6,346.536,-7176.94
499,4200.88,7500.47,11701.4,0.220468,11991.6,2622.4,-10551.6,5697.63,341.858,-7174.98
499.5,4189.43,7497.97,11687.4,0.21821,11971.3,2591.57,-10570.3,5619.71,337.183,-7172.59
500,4178.18,7495.04,11673.2,0.215937,11950.8,2560.6,-10588.1,5541.87,332.512,-7169.79
500.5,4167.12,7491.69,11658.8,0.213647,11930.1,2529.48,-10605.2,5464.11,327.847,-7166.58
501,4156.26,7487.94,11644.2,0.211343,11909.2,2498.23,-10621.4,5386.45,323.187,-7162.99
501.5,4145.58,7483.8,11629.4,0.209023,11888.1,2466.85,-10636.9,5308.89,318.533,-7159.03
502,4135.1,7479.28,11614.4,0.206689,11867,2435.34,-10651.6,5231.45,313.887,-7154.71
502.5,4124.8,7474.41,11599.2,0.204339,11845.7,2403.72,-10665.6,5154.15,309.249,-7150.04
503,4114.69,7469.18,11583.9,0.201975,11824.2,2372,-10678.8,5076.99,304.619,-7145.05
503.5,4104.76,7463.63,11568.4,0.199597,11802.7,2340.17,-10691.3,4999.98,299.999,-7139.73
504,4095.01,7457.75,11552.8,0.197204,11781.1,2308.25,-10703.1,4923.13,295.388,-7134.12
504.5,4085.43,7451.58,11537,0.194797,11759.4,2276.24,-10714.3,4846.45,290.787,-7128.21
505,4076.04,7445.11,11521.1,0.192376,11737.7,2244.15,-10724.8,4769.96,286.198,-7122.02
505.5,4066.81,7438.37,11505.2,0.189942,11715.9,2211.98,-10734.6,4693.66,281.619,-7115.57
506,4057.76,7431.37,11489.1,0.187494,11694.1,2179.75,-10743.8,4617.55,277.053,-7108.87
506.5,4048.88,7424.12,11473,0.185033,11672.2,2147.45,-10752.4,4541.65,272.499,-7101.94
507,4040.17,7416.63,11456.8,0.182559,11650.4,2115.09,-10760.4,4465.96,267.958,-7094.78
507.5,4031.62,7408.93,11440.6,0.180071,11628.6,2082.67,-10767.9,4390.49,263.43,-7087.41
508,4023.24,7401.02,11424.3,0.177571,11606.8,2050.21,-10774.8,4315.25,258.915,-7079.85
508.5,4015.02,7392.92,11407.9,0.175059,11585,2017.71,-10781.1,4240.25,254.415,-7072.1
509,4006.96,7384.64,11391.6,0.172534,11563.3,1985.17,-10786.9,4165.48,249.929,-7064.17
509.5,3999.06,7376.19,11375.3,0.169997,11541.6,1952.6,-10792.3,4090.96,245.457,-7056.09
510,3991.32,7367.59,11358.9,0.167448,11520,1920.01,-10797.1,4016.68,241.001,-7047.87
510.5,3983.74,7358.85,11342.6,0.164887,11498.5,1887.38,-10801.5,3942.66,236.56,-7039.51
511,3976.31,7349.99,11326.3,0.162315,11477.2,1854.74,-10805.4,3868.9,232.134,-7031.03
511.5,3969.03,7341.01,11310,0.159731,11455.9,1822.09,-10808.9,3795.4,227.724,-7022.44
512,3961.91,7331.93,11293.8,0.157136,11434.7,1789.42,-10812,3722.17,223.33,-7013.75
512.5,3954.94,7322.76,11277.7,0.15453,11413.7,1756.75,-10814.6,3649.2,218.952,-7004.98
513,3948.11,7313.52,11261.6,0.151914,11392.8,1724.08,-10816.9,3576.51,214.591,-6996.14
513.5,3941.44,7304.21,11245.6,0.149286,11372.1,1691.41,-10818.8,3504.09,210.245,-6987.24
514,3934.91,7294.85,11229.8,0.146649,11351.6,1658.74,-10820.4,3431.94,205.916,-6978.28
514.5,3928.52,7285.46,11214,0.144001,11331.3,1626.08,-10821.6,3360.07,201.604,-6969.29
515,3922.28,7276.03,11198.3,0.141343,11311.1,1593.43,-10822.5,3288.48,197.309,-6960.28
515.5,3916.18,7266.59,11182.8,0.138675,11291.2,1560.79,-10823.1,3217.16,193.03,-6951.25
516,3910.23,7257.14,11167.4,0.135998,11271.4,1528.17,-10823.5,3146.13,188.768,-6942.21
516.5,3904.41,7247.7,11152.1,0.133311,11252,1495.57,-10823.5,3075.37,184.522,-6933.18
517,3898.73,7238.28,11137,0.130615,11232.7,1462.99,-10823.3,3004.89,180.294,-6924.17
517.5,3893.19,7228.89,11122.1,0.12791,11213.7,1430.43,-10822.9,2934.69,176.082,-6915.19
518,3887.79,7219.54,11107.3,0.125196,11195,1397.9,-10822.2,2864.77,171.886,-6906.24
518.5,3882.52,7210.24,11092.8,0.122473,11176.5,1365.4,-10821.3,2795.12,167.707,-6897.35
519,3877.39,7201,11078.4,0.119742,11158.3,1332.92,-10820.3,2725.75,163.545,-6888.51
519.5,3872.39,7191.84,11064.2,0.117002,11140.4,1300.48,-10819,2656.65,159.399,-6879.74
520,3867.53,7182.75,11050.3,0.114255,11122.8,1268.07,-10817.6,2587.82,155.269,-6871.05
520.5,3862.8,7173.76,11036.6,0.1115,11105.5,1235.7,-10816,2519.26,151.155,-6862.44
521,3858.19,7164.86,11023.1,0.108737,11088.5,1203.36,-10814.3,2450.96,147.058,-6853.93
521.5,3853.72,7156.08,11009.8,0.105966,11071.9,1171.05,-10812.4,2382.92,142.975,-6845.53
522,3849.38,7147.42,10996.8,0.103189,11055.6,1138.79,-10810.5,2315.14,138.909,-6837.24
522.5,3845.16,7138.88,10984,0.100404,11039.6,1106.56,-10808.4,2247.62,134.857,-6829.08
523,3841.08,7130.48,10971.6,0.0976121,11024,1074.37,-10806.3,2180.35,130.821,-6821.05
523.5,3837.12,7122.23,10959.4,0.0948137,11008.8,1042.22,-10804,2113.32,126.799,-6813.16
524,3833.28,7114.14,10947.4,0.0920088,10993.9,1010.11,-10801.8,2046.54,122.792,-6805.41
524.5,3829.58,7106.2,10935.8,0.0891976,10979.4,978.04,-10799.4,1979.99,118.799,-6797.82
525,3825.99,7098.44,10924.4,0.0863803,10965.3,946.01,-10797,1913.68,114.821,-6790.39
525.5,3822.53,7090.86,10913.4,0.0835571,10951.6,914.019,-10794.6,1847.59,110.855,-6783.14
526,3819.19,7083.46,10902.7,0.0807282,10938.3,882.069,-10792.2,1781.72,106.903,-6776.06
526.5,3815.98,7076.25,10892.2,0.0778938,10925.4,850.157,-10789.7,1716.07,102.964,-6769.17
527,3812.89,7069.25,10882.1,0.0750541,10912.9,818.285,-10787.3,1650.63,99.0381,-6762.47
527.5,3809.92,7062.45,10872.4,0.0722092,10900.8,786.452,-10784.9,1585.4,95.124,-6755.96
528,3807.07,7055.86,10862.9,0.0693594,10889.1,754.657,-10782.5,1520.36,91.2219,-6749.67
528.5,3804.34,7049.5,10853.8,0.0665049,10877.9,722.9,-10780.1,1455.52,87.3312,-6743.58
529,3801.73,7043.36,10845.1,0.0636459,10867.1,691.179,-10777.7,1390.86,83.4516,-6737.7
529.5,3799.24,7037.45,10836.7,0.0607825,10856.7,659.494,-10775.4,1326.38,79.5828,-6732.05
530,3796.87,7031.78,10828.7,0.057915,10846.8,627.844,-10773.2,1262.07,75.7242,-6726.63
530.5,3794.62,7026.35,10821,0.0550436,10837.4,596.227,-10771,1197.92,71.8755,-6721.44
531,3792.48,7021.17,10813.7,0.0521684,10828.4,564.644,-10768.9,1133.94,68.0362,-6716.48
531.5,3790.47,7016.24,10806.7,0.0492897,10819.9,533.091,-10766.8,1070.1,64.2059,-6711.77
532,3788.57,7011.57,10800.1,0.0464076,10811.8,501.569,-10764.8,1006.4,60.3841,-6707.3
532.5,3786.78,7007.16,10793.9,0.0435224,10804.2,470.076,-10763,942.839,56.5703,-6703.08
533,3785.12,7003.02,10788.1,0.0406343,10797,438.609,-10761.2,879.403,52.7642,-6699.12
533.5,3783.57,6999.15,10782.7,0.0377433,10790.4,407.169,-10759.5,816.086,48.9652,-6695.41
534,3782.13,6995.54,10777.7,0.0348498,10784.2,375.752,-10757.9,752.88,45.1728,-6691.96
534.5,3780.81,6992.22,10773,0.031954,10778.5,344.359,-10756.4,689.776,41.3866,-6688.78
535,3779.61,6989.17,10768.8,0.029056,10773.3,312.986,-10755.1,626.767,37.606,-6685.87
535.5,3778.52,6986.4,10764.9,0.026156,10768.6,281.632,-10753.8,563.843,33.8306,-6683.22
536,3777.55,6983.92,10761.5,0.0232542,10764.4,250.295,-10752.7,500.997,30.0598,-6680.85
536.5,3776.69,6981.73,10758.4,0.0203509,10760.7,218.974,-10751.7,438.221,26.2932,-6678.75
537,3775.95,6979.82,10755.8,0.0174462,10757.4,187.666,-10750.9,375.505,22.5303,-6676.92
537.5,3775.32,6978.21,10753.5,0.0145403,10754.7,156.371,-10750.1,312.841,18.7704,-6675.38
538,3774.81,6976.88,10751.7,0.0116334,10752.4,125.085,-10749.5,250.22,15.0132,-6674.11
538.5,3774.41,6975.85,10750.3,0.00872575,10750.7,93.8065,-10749,187.635,11.2581,-6673.13
539,3774.12,6975.12,10749.2,0.0058175,10749.4,62.5344,-10748.7,125.075,7.50452,-6672.42
539.5,3773.95,6974.67,10748.6,0.00290885,10748.7,31.2662,-10748.5,62.5333,3.752,-6672
540,1425.5,6974.53,8400.02,4.08215e-17,8400.02,3.42902e-13,-8400.02,1.02871e-12,6.17224e-14,-6671.86
540.5,1425.5,6974.67,8400.17,-0.00290885,8400.21,-24.4349,-8400.06,-48.8704,-2.93223,-6672
541,1425.5,6975.12,8400.61,-0.0058175,8400.76,-48.8711,-8400.19,-97.7473,-5.86484,-6672.42
541.5,1425.5,6975.85,8401.35,-0.00872575,8401.67,-73.31,-8400.39,-146.637,-8.79821,-6673.13
542,1425.5,6976.88,8402.38,-0.0116334,8402.95,-97.7528,-8400.67,-195.546,-11.7327,-6674.11
542.5,1425.5,6978.21,8403.71,-0.0145403,8404.59,-122.201,-8401.04,-244.48,-14.6688,-6675.38
543,1425.5,6979.82,8405.32,-0.0174462,8406.6,-146.656,-8401.48,-293.446,-17.6067,-6676.92
543.5,1425.5,6981.73,8407.23,-0.0203509,8408.97,-171.118,-8401.99,-342.45,-20.547,-6678.75
544,1425.5,6983.92,8409.42,-0.0232542,8411.7,-195.59,-8402.58,-391.498,-23.4899,-6680.85
544.5,1425.5,6986.4,8411.9,-0.026156,8414.78,-220.072,-8403.24,-440.597,-26.4358,-6683.22
545,1425.5,6989.17,8414.67,-0.029056,8418.22,-244.565,-8403.96,-489.752,-29.3851,-6685.87
545.5,1425.5,6992.22,8417.71,-0.031954,8422.01,-269.071,-8404.75,-538.97,-32.3382,-6688.78
546,1425.5,6995.54,8421.04,-0.0348498,8426.16,-293.591,-8405.6,-588.256,-35.2954,-6691.96
546.5,1425.5,6999.15,8424.64,-0.0377433,8430.65,-318.125,-8406.5,-637.616,-38.257,-6695.41
547,1425.5,7003.02,8428.52,-0.0406343,8435.48,-342.675,-8407.45,-687.057,-41.2234,-6699.12
547.5,1425.5,7007.16,8432.66,-0.0435224,8440.65,-367.242,-8408.45,-736.583,-44.195,-6703.08
548,1425.5,7011.57,8437.07,-0.0464076,8446.16,-391.826,-8409.49,-786.201,-47.172,-6707.3
548.5,1425.5,7016.24,8441.74,-0.0492897,8452.01,-416.428,-8410.57,-835.915,-50.1549,-6711.77
549,1425.5,7021.17,8446.67,-0.0521684,8458.18,-441.05,-8411.67,-885.731,-53.1438,-6716.48
549.5,1425.5,7026.35,8451.85,-0.0550436,8464.67,-465.691,-8412.8,-935.654,-56.1392,-6721.44
550,1425.5,7031.78,8457.28,-0.057915,8471.48,-490.352,-8413.94,-985.689,-59.1413,-6726.63
550.5,1425.5,7037.45,8462.95,-0.0607825,8478.61,-515.034,-8415.09,-1035.84,-62.1504,-6732.05
551,1425.5,7043.36,8468.86,-0.0636459,8486.04,-539.737,-8416.25,-1086.11,-65.1668,-6737.7
551.5,1425.5,7049.5,8475,-0.0665049,8493.77,-564.461,-8417.39,-1136.51,-68.1908,-6743.58
552,1425.5,7055.86,8481.36,-0.0693594,8501.8,-589.207,-8418.53,-1187.04,-71.2225,-6749.67
552.5,1425.5,7062.45,8487.95,-0.0722092,8510.12,-613.975,-8419.64,-1237.71,-74.2624,-6755.96
553,1425.5,7069.25,8494.74,-0.0750541,8518.73,-638.765,-8420.72,-1288.51,-77.3105,-6762.47
553.5,1425.5,7076.25,8501.75,-0.0778938,8527.61,-663.576,-8421.75,-1339.45,-80.3672,-6769.17
554,1425.5,7083.46,8508.96,-0.0807282,8536.76,-688.409,-8422.74,-1390.54,-83.4325,-6776.06
554.5,1425.5,7090.86,8516.35,-0.0835571,8546.17,-713.263,-8423.67,-1441.78,-86.5069,-6783.14
555,1425.5,7098.44,8523.94,-0.0863803,8555.84,-738.137,-8424.54,-1493.17,-89.5903,-6790.39
555.5,1425.5,7106.2,8531.7,-0.0891976,8565.75,-763.032,-8425.32,-1544.72,-92.683,-6797.82
556,1425.5,7114.14,8539.63,-0.0920088,8575.91,-787.946,-8426.01,-1596.42,-95.7852,-6805.41
556.5,1425.5,7122.23,8547.73,-0.0948137,8586.3,-812.879,-8426.6,-1648.28,-98.8969,-6813.16
557,1425.5,7130.48,8555.98,-0.0976121,8596.91,-837.83,-8427.08,-1700.31,-102.018,-6821.05
557.5,1425.5,7138.88,8564.38,-0.100404,8607.73,-862.797,-8427.44,-1752.49,-105.15,-6829.08
558,1425.5,7147.42,8572.91,-0.103189,8618.76,-887.78,-8427.66,-1804.85,-108.291,-6837.24
558.5,1425.5,7156.08,8581.58,-0.105966,8629.98,-912.777,-8427.74,-1857.37,-111.442,-6845.53
559,1425.5,7164.86,8590.36,-0.108737,8641.4,-937.787,-8427.66,-1910.05,-114.603,-6853.93
559.5,1425.5,7173.76,8599.25,-0.1115,8652.99,-962.808,-8427.41,-1962.91,-117.774,-6862.44
560,1425.5,7182.75,8608.25,-0.114255,8664.74,-987.838,-8426.97,-2015.93,-120.956,-6871.05
560.5,1425.5,7191.84,8617.33,-0.117002,8676.66,-1012.88,-8426.33,-2069.12,-124.147,-6879.74
561,1425.5,7201,8626.5,-0.119742,8688.72,-1037.92,-8425.49,-2122.48,-127.349,-6888.51
561.5,1425.5,7210.24,8635.74,-0.122473,8700.91,-1062.96,-8424.42,-2176.01,-130.561,-6897.35
562,1425.5,7219.54,8645.04,-0.125196,8713.24,-1088.01,-8423.12,-2229.7,-133.782,-6906.24
562.5,1425.5,7228.89,8654.39,-0.12791,8725.67,-1113.06,-8421.56,-2283.56,-137.014,-6915.19
563,1425.5,7238.28,8663.78,-0.130615,8738.21,-1138.1,-8419.74,-2337.59,-140.255,-6924.17
563.5,1425.5,7247.7,8673.2,-0.133311,8750.85,-1163.13,-8417.64,-2391.77,-143.506,-6933.18
564,1425.5,7257.14,8682.64,-0.135998,8763.56,-1188.15,-8415.25,-2446.12,-146.767,-6942.21
564.5,1425.5,7266.59,8692.09,-0.138675,8776.34,-1213.16,-8412.55,-2500.62,-150.037,-6951.25
565,1425.5,7276.03,8701.53,-0.141343,8789.18,-1238.15,-8409.53,-2555.28,-153.317,-6960.28
565.5,1425.5,7285.46,8710.95,-0.144001,8802.06,-1263.13,-8406.17,-2610.08,-156.605,-6969.29
566,1425.5,7294.85,8720.35,-0.146649,8814.97,-1288.07,-8402.45,-2665.04,-159.902,-6978.28
566.5,1425.5,7304.21,8729.71,-0.149286,8827.9,-1312.99,-8398.37,-2720.13,-163.208,-6987.24
567,1425.5,7313.52,8739.02,-0.151914,8840.83,-1337.88,-8393.91,-2775.37,-166.522,-6996.14
567.5,1425.5,7322.76,8748.26,-0.15453,8853.76,-1362.74,-8389.04,-2830.74,-169.844,-7004.98
568,1425.5,7331.93,8757.43,-0.157136,8866.67,-1387.55,-8383.76,-2886.23,-173.174,-7013.75
568.5,1425.5,7341.01,8766.51,-0.159731,8879.54,-1412.32,-8378.06,-2941.85,-176.511,-7022.44
569,1425.5,7349.99,8775.49,-0.162315,8892.37,-1437.03,-8371.9,-2997.58,-179.855,-7031.03
569.5,1425.5,7358.85,8784.35,-0.164887,8905.13,-1461.7,-8365.29,-3053.43,-183.206,-7039.51
570,1425.5,7367.59,8793.09,-0.167448,8917.82,-1486.3,-8358.19,-3109.37,-186.562,-7047.87
570.5,1425.5,7376.19,8801.69,-0.169997,8930.42,-1510.84,-8350.6,-3165.41,-189.925,-7056.09
571,1425.5,7384.64,8810.14,-0.172534,8942.91,-1535.31,-8342.51,-3221.54,-193.292,-7064.17
571.5,1425.5,7392.92,8818.42,-0.175059,8955.29,-1559.71,-8333.88,-3277.74,-196.665,-7072.1
572,1425.5,7401.02,8826.52,-0.177571,8967.53,-1584.02,-8324.72,-3334.02,-200.041,-7079.85
572.5,1425.5,7408.93,8834.43,-0.180071,8979.62,-1608.25,-8314.99,-3390.35,-203.421,-7087.41
573,1425.5,7416.63,8842.13,-0.182559,8991.55,-1632.38,-8304.69,-3446.74,-206.804,-7094.78
573.5,1425.5,7424.12,8849.62,-0.185033,9003.3,-1656.42,-8293.81,-3503.17,-210.19,-7101.94
574,1425.5,7431.37,8856.87,-0.187494,9014.86,-1680.35,-8282.31,-3559.63,-213.578,-7108.87
574.5,1425.5,7438.37,8863.87,-0.189942,9026.2,-1704.16,-8270.19,-3616.1,-216.966,-7115.57
575,1425.5,7445.11,8870.61,-0.192376,9037.32,-1727.86,-8257.44,-3672.59,-220.355,-7122.02
575.5,1425.5,7451.58,8877.08,-0.194797,9048.2,-1751.44,-8244.03,-3729.07,-223.744,-7128.21
576,1425.5,7457.75,8883.25,-0.197204,9058.83,-1774.88,-8229.95,-3785.54,-227.132,-7134.12
576.5,1425.5,7463.63,8889.12,-0.199597,9069.18,-1798.18,-8215.18,-3841.97,-230.518,-7139.73
577,1425.5,7469.18,8894.68,-0.201975,9079.24,-1821.34,-8199.72,-3898.37,-233.902,-7145.05
577.5,1425.5,7474.41,8899.9,-0.204339,9089,-1844.34,-8183.53,-3954.7,-237.282,-7150.04
578,1425.5,7479.28,8904.78,-0.206689,9098.43,-1867.18,-8166.62,-4010.97,-240.658,-7154.71
578.5,1425.5,7483.8,8909.3,-0.209023,9107.53,-1889.86,-8148.95,-4067.15,-244.029,-7159.03
579,1425.5,7487.94,8913.44,-0.211343,9116.28,-1912.35,-8130.53,-4123.23,-247.394,-7162.99
579.5,1425.5,7491.69,8917.19,-0.213647,9124.65,-1934.66,-8111.32,-4179.2,-250.752,-7166.58
580,1425.5,7495.04,8920.54,-0.215937,9132.64,-1956.78,-8091.32,-4235.03,-254.102,-7169.79
580.5,1425.5,7497.97,8923.47,-0.21821,9140.22,-1978.7,-8070.52,-4290.72,-257.443,-7172.59
581,1425.5,7500.47,8925.97,-0.220468,9147.38,-2000.4,-8048.9,-4346.24,-260.774,-7174.98
581.5,1425.5,7502.52,8928.02,-0.22271,9154.1,-2021.9,-8026.44,-4401.57,-264.094,-7176.94
582,1425.5,7504.11,8929.61,-0.224935,9160.37,-2043.16,-8003.13,-4456.71,-267.403,-7178.46
582.5,1425.5,7505.22,8930.72,-0.227145,9166.17,-2064.19,-7978.96,-4511.63,-270.698,-7179.52
583,1425.5,7505.84,8931.34,-0.229338,9171.48,-2084.98,-7953.92,-4566.31,-273.978,-7180.12
583.5,1425.5,7505.96,8931.46,-0.231514,9176.28,-2105.51,-7927.99,-4620.73,-277.244,-7180.23
584,1425.5,7505.56,8931.06,-0.233673,9180.56,-2125.78,-7901.16,-4674.87,-280.492,-7179.84
584.5,1425.5,7504.62,8930.12,-0.235816,9184.3,-2145.79,-7873.41,-4728.72,-283.723,-7178.95
585,1425.5,7503.13,8928.63,-0.237941,9187.49,-2165.51,-7844.74,-4782.25,-286.935,-7177.53
585.5,1425.5,7501.09,8926.58,-0.240049,9190.1,-2184.94,-7815.14,-4835.44,-290.126,-7175.57
586,1425.5,7498.46,8923.96,-0.242139,9192.12,-2204.08,-7784.59,-4888.27,-293.296,-7173.05
586.5,1425.5,7495.24,8920.74,-0.244211,9193.53,-2222.91,-7753.08,-4940.72,-296.443,-7169.98
587,1425.5,7491.42,8916.92,-0.246266,9194.31,-2241.43,-7720.6,-4992.77,-299.566,-7166.32
587.5,1425.5,7486.97,8912.47,-0.248302,9194.46,-2259.62,-7687.14,-5044.39,-302.663,-7162.07
588,1425.5,7481.9,8907.39,-0.250321,9193.94,-2277.47,-7652.7,-5095.56,-305.733,-7157.21
588.5,1425.5,7476.17,8901.67,-0.252321,9192.75,-2294.99,-7617.27,-5146.25,-308.775,-7151.73
589,1425.5,7469.78,8895.28,-0.254302,9190.87,-2312.14,-7580.83,-5196.45,-311.787,-7145.62
589.5,1425.5,7462.72,8888.22,-0.256264,9188.27,-2328.94,-7543.37,-5246.13,-314.768,-7138.86
590,1425.5,7454.97,8880.46,-0.258208,9184.95,-2345.36,-7504.9,-5295.26,-317.716,-7131.45
590.5,1425.5,7446.51,8872.01,-0.260132,9180.89,-2361.4,-7465.4,-5343.82,-320.629,-7123.36
591,1425.5,7437.33,8862.83,-0.262037,9176.06,-2377.04,-7424.87,-5391.79,-323.508,-7114.58
591.5,1425.5,7427.43,8852.93,-0.263922,9170.46,-2392.29,-7383.3,-5439.14,-326.348,-7105.11
592,1425.5,7416.78,8842.28,-0.265788,9164.07,-2407.13,-7340.69,-5485.84,-329.15,-7094.92
592.5,1425.5,7405.38,8830.87,-0.267634,9156.87,-2421.54,-7297.03,-5531.86,-331.912,-7084.01
593,1425.5,7393.2,8818.7,-0.269461,9148.84,-2435.53,-7252.32,-5577.19,-334.631,-7072.36
593.5,1425.5,7380.24,8805.74,-0.271267,9139.97,-2449.07,-7206.56,-5621.79,-337.307,-7059.96
594,1425.5,7366.48,8791.98,-0.273052,9130.24,-2462.17,-7159.73,-5665.64,-339.938,-7046.81
594.5,1425.5,7351.92,8777.42,-0.274818,9119.63,-2474.81,-7111.85,-5708.7,-342.522,-7032.87
595,1425.5,7336.53,8762.03,-0.276563,9108.14,-2486.98,-7062.91,-5750.96,-345.058,-7018.15
595.5,1425.5,7320.31,8745.81,-0.278286,9095.75,-2498.68,-7012.91,-5792.38,-347.543,-7002.64
596,1425.5,7303.25,8728.74,-0.27999,9082.43,-2509.89,-6961.84,-5832.94,-349.977,-6986.31
596.5,1425.5,7285.32,8710.82,-0.281671,9068.18,-2520.61,-6909.72,-5872.61,-352.357,-6969.17
597,1425.5,7266.53,8692.02,-0.283332,9052.97,-2530.82,-6856.54,-5911.36,-354.682,-6951.19
597.5,1425.5,7246.85,8672.35,-0.284972,9036.8,-2540.52,-6802.3,-5949.16,-356.95,-6932.36
598,1425.5,7226.28,8651.77,-0.286589,9019.65,-2549.7,-6747.01,-5985.99,-359.159,-6912.68
598.5,1425.5,7204.8,8630.3,-0.288186,9001.51,-2558.35,-6690.67,-6021.81,-361.308,-6892.14
599,1425.5,7182.41,8607.9,-0.28976,8982.36,-2566.46,-6633.28,-6056.59,-363.395,-6870.72
599.5,1425.5,7159.09,8584.58,-0.291312,8962.18,-2574.02,-6574.86,-6090.31,-365.419,-6848.41
600,1425.5,7134.83,8560.33,-0.292842,8940.97,-2581.03,-6515.4,-6122.94,-367.377,-6825.2
600.5,1425.5,7109.62,8535.12,-0.29435,8918.7,-2587.48,-6454.92,-6154.45,-369.267,-6801.09
601,1425.5,7083.45,8508.95,-0.295836,8895.38,-2593.35,-6393.42,-6184.81,-371.089,-6776.06
601.5,1425.5,7056.31,8481.81,-0.297299,8870.97,-2598.65,-6330.91,-6213.99,-372.84,-6750.1
602,1425.5,7028.2,8453.7,-0.298739,8845.48,-2603.36,-6267.4,-6241.97,-374.518,-6723.2
602.5,1425.5,6999.09,8424.59,-0.300157,8818.88,-2607.48,-6202.9,-6268.7,-376.122,-6695.36
603,1425.5,6968.99,8394.48,-0.301551,8791.17,-2610.99,-6137.43,-6294.17,-377.65,-6666.56
603.5,1425.5,6937.87,8363.37,-0.302923,8762.33,-2613.9,-6070.99,-6318.35,-379.101,-6636.79
604,1425.5,6905.74,8331.24,-0.304271,8732.35,-2616.19,-6003.59,-6341.2,-380.472,-6606.06
604.5,1425.5,6872.58,8298.08,-0.305596,8701.23,-2617.86,-5935.26,-6362.71,-381.762,-6574.34
605,1425.5,6838.39,8263.89,-0.306897,8668.94,-2618.91,-5866.01,-6382.83,-382.97,-6541.63
605.5,1425.5,6803.15,8228.65,-0.308175,8635.48,-2619.32,-5795.84,-6401.54,-384.093,-6507.92
606,1425.5,6766.87,8192.36,-0.309429,8600.84,-2619.08,-5724.79,-6418.82,-385.129,-6473.21
606.5,1425.5,6729.52,8155.02,-0.310659,8565,-2618.21,-5652.86,-6434.63,-386.078,-6437.48
607,1425.5,6691.1,8116.6,-0.311865,8527.97,-2616.68,-5580.07,-6448.96,-386.937,-6400.74
607.5,1425.5,6651.62,8077.11,-0.313048,8489.72,-2614.49,-5506.45,-6461.76,-387.705,-6362.96
608,1425.5,6611.05,8036.54,-0.314206,8450.25,-2611.64,-5432.01,-6473.01,-388.381,-6324.15
608.5,1425.5,6569.39,7994.88,-0.315339,8409.55,-2608.13,-5356.78,-6482.7,-388.962,-6284.3
609,1425.5,6526.63,7952.13,-0.316448,8367.61,-2603.94,-5280.78,-6490.78,-389.447,-6243.4
609.5,1425.5,6482.78,7908.27,-0.317533,8324.42,-2599.08,-5204.02,-6497.24,-389.835,-6201.45
610,1425.5,6437.81,7863.31,-0.318593,8279.98,-2593.54,-5126.55,-6502.05,-390.123,-6158.44
610.5,1425.5,6391.74,7817.24,-0.319628,8234.28,-2587.32,-5048.37,-6505.19,-390.311,-6114.36
611,1425.5,6344.54,7770.04,-0.320638,8187.31,-2580.42,-4969.51,-6506.62,-390.397,-6069.21
611.5,1425.5,6296.23,7721.72,-0.321624,8139.07,-2572.82,-4890.01,-6506.33,-390.38,-6022.99
612,1425.5,6246.78,7672.28,-0.322584,8089.54,-2564.53,-4809.88,-6504.29,-390.257,-5975.69
612.5,1425.5,6196.2,7621.7,-0.323519,8038.73,-2555.55,-4729.16,-6500.47,-390.028,-5927.31
613,1425.5,6144.48,7569.98,-0.324429,7986.62,-2545.88,-4647.88,-6494.87,-389.692,-5877.84
613.5,1425.5,6091.62,7517.12,-0.325314,7933.22,-2535.51,-4566.07,-6487.44,-389.247,-5827.27
614,1425.5,6037.62,7463.12,-0.326173,7878.51,-2524.43,-4483.76,-6478.18,-388.691,-5775.61
614.5,1425.5,5982.47,7407.97,-0.327007,7822.49,-2512.66,-4400.97,-6467.06,-388.024,-5722.85
615,1425.5,5926.16,7351.66,-0.327815,7765.17,-2500.19,-4317.75,-6454.06,-387.244,-5668.99
615.5,1425.5,5868.7,7294.2,-0.328597,7706.53,-2487.02,-4234.12,-6439.17,-386.35,-5614.02
616,1425.5,5810.09,7235.59,-0.329354,7646.58,-2473.14,-4150.13,-6422.35,-385.341,-5557.95
616.5,1425.5,5750.31,7175.81,-0.330085,7585.3,-2458.57,-4065.8,-6403.6,-384.216,-5500.77
617,1425.5,5689.38,7114.87,-0.330789,7522.71,-2443.3,-3981.18,-6382.9,-382.974,-5442.48
617.5,1425.5,5627.28,7052.78,-0.331468,7458.79,-2427.33,-3896.29,-6360.23,-381.614,-5383.07
618,1425.5,5564.01,6989.51,-0.332121,7393.55,-2410.66,-3811.18,-6335.57,-380.134,-5322.56
618.5,1425.5,5499.59,6925.08,-0.332748,7326.98,-2393.29,-3725.89,-6308.91,-378.535,-5260.92
619,1425.5,5433.99,6859.49,-0.333348,7259.09,-2375.24,-3640.45,-6280.25,-376.815,-5198.18
619.5,1425.5,5367.23,6792.73,-0.333922,7189.87,-2356.49,-3554.91,-6249.55,-374.973,-5134.31
620,1425.5,5299.31,6724.8,-0.33447,7119.33,-2337.05,-3469.3,-6216.81,-373.009,-5069.34
620.5,1425.5,5230.22,6655.71,-0.334992,7047.46,-2316.93,-3383.67,-6182.03,-370.922,-5003.24
621,1425.5,5159.96,6585.46,-0.335487,6974.27,-2296.13,-3298.06,-6145.19,-368.711,-4936.04
621.5,1425.5,5088.54,6514.04,-0.335956,6899.76,-2274.66,-3212.51,-6106.27,-366.376,-4867.72
622,1425.5,5015.96,6441.45,-0.336398,6823.94,-2252.51,-3127.06,-6065.28,-363.917,-4798.28
622.5,1425.5,4942.21,6367.71,-0.336813,6746.8,-2229.69,-3041.77,-6022.2,-361.332,-4727.74
623,1425.5,4867.31,6292.81,-0.337202,6668.34,-2206.21,-2956.67,-5977.03,-358.622,-4656.09
623.5,1425.5,4791.25,6216.75,-0.337565,6588.58,-2182.07,-2871.8,-5929.77,-355.786,-4583.33
624,1425.5,4714.03,6139.53,-0.3379,6507.51,-2157.29,-2787.22,-5880.4,-352.824,-4509.46
624.5,1425.5,4635.67,6061.17,-0.338209,6425.15,-2131.85,-2702.98,-5828.93,-349.736,-4434.5
625,1425.5,4556.15,5981.65,-0.338491,6341.49,-2105.78,-2619.11,-5775.36,-346.521,-4358.43
625.5,1425.5,4475.49,5900.99,-0.338747,6256.54,-2079.08,-2535.66,-5719.68,-343.181,-4281.27
626,1425.5,4393.69,5819.19,-0.338975,6170.31,-2051.76,-2452.69,-5661.89,-339.714,-4203.02
626.5,1425.5,4310.76,5736.25,-0.339177,6082.8,-2023.82,-2370.23,-5602,-336.12,-4123.69
627,1425.5,4226.69,5652.18,-0.339352,5994.02,-1995.27,-2288.34,-5540.01,-332.401,-4043.26
627.5,1425.5,4141.49,5566.99,-0.3395,5903.98,-1966.12,-2207.08,-5475.93,-328.556,-3961.77
628,1425.5,4055.17,5480.67,-0.339621,5812.68,-1936.38,-2126.47,-5409.75,-324.585,-3879.19
628.5,1425.5,3967.74,5393.23,-0.339715,5720.14,-1906.06,-2046.58,-5341.49,-320.489,-3795.55
629,1425.5,3879.19,5304.69,-0.339783,5626.36,-1875.17,-1967.46,-5271.15,-316.269,-3710.85
629.5,1425.5,3789.54,5215.04,-0.339823,5531.35,-1843.71,-1889.15,-5198.75,-311.925,-3625.09
630,1425.5,3698.79,5124.29,-0.339837,5435.13,-1811.71,-1811.71,-5124.29,-307.457,-3538.28
630.5,1425.5,3606.95,5032.45,-0.339823,5337.69,-1779.16,-1735.18,-5047.78,-302.867,-3450.42
631,1425.5,3514.02,4939.52,-0.339783,5239.05,-1746.08,-1659.61,-4969.24,-298.155,-3361.53
631.5,1425.5,3420.02,4845.52,-0.339715,5139.23,-1712.49,-1585.06,-4888.69,-293.321,-3271.61
632,1425.5,3324.95,4750.45,-0.339621,5038.23,-1678.38,-1511.57,-4806.13,-288.368,-3180.66
632.5,1425.5,3228.82,4654.32,-0.3395,4936.06,-1643.79,-1439.2,-4721.59,-283.295,-3088.7
633,1425.5,3131.63,4557.13,-0.339352,4832.74,-1608.7,-1368,-4635.08,-278.105,-2995.73
633.5,1425.5,3033.4,4458.9,-0.339177,4728.28,-1573.15,-1298.01,-4546.62,-272.797,-2901.77
634,1425.5,2934.14,4359.64,-0.338975,4622.69,-1537.14,-1229.28,-4456.24,-267.375,-2806.81
634.5,1425.5,2833.85,4259.35,-0.338747,4515.98,-1500.69,-1161.88,-4363.96,-261.838,-2710.87
635,1425.5,2732.54,4158.04,-0.338491,4408.18,-1463.8,-1095.83,-4269.8,-256.188,-2613.96
635.5,1425.5,2630.23,4055.73,-0.338209,4299.28,-1426.5,-1031.2,-4173.78,-250.427,-2516.09
636,1425.5,2526.93,3952.42,-0.3379,4189.32,-1388.79,-968.04,-4075.94,-244.556,-2417.27
636.5,1425.5,2422.63,3848.13,-0.337565,4078.3,-1350.69,-906.388,-3976.3,-238.578,-2317.5
637,1425.5,2317.37,3742.87,-0.337202,3966.23,-1312.22,-846.299,-3874.89,-232.493,-2216.8
637.5,1425.5,2211.14,3636.64,-0.336813,3853.14,-1273.39,-787.819,-3771.74,-226.304,-2115.18
638,1425.5,2103.96,3529.46,-0.336398,3739.03,-1234.21,-730.996,-3666.88,-220.013,-2012.66
638.5,1425.5,1995.84,3421.34,-0.335956,3623.93,-1194.71,-675.879,-3560.35,-213.621,-1909.23
639,1425.5,1886.79,3312.29,-0.335487,3507.85,-1154.89,-622.513,-3452.18,-207.131,-1804.91
639.5,1425.5,1776.83,3202.33,-0.334992,3390.82,-1114.77,-570.944,-3342.4,-200.544,-1699.72
640,1425.5,1665.97,3091.47,-0.33447,3272.83,-1074.37,-521.22,-3231.06,-193.864,-1593.67
640.5,1425.5,1554.22,2979.71,-0.333922,3153.93,-1033.7,-473.384,-3118.2,-187.092,-1486.77
641,1425.5,1441.59,2867.09,-0.333348,3034.11,-992.787,-427.48,-3003.84,-180.231,-1379.03
641.5,1425.5,1328.1,2753.6,-0.332748,2913.4,-951.637,-383.554,-2888.04,-173.283,-1270.47
642,1425.5,1213.76,2639.26,-0.332121,2791.82,-910.271,-341.647,-2770.84,-166.251,-1161.09
642.5,1425.5,1098.59,2524.09,-0.331468,2669.4,-868.706,-301.801,-2652.28,-159.137,-1050.92
643,1425.5,982.6,2408.1,-0.330789,2546.13,-826.958,-264.059,-2532.4,-151.944,-939.959
643.5,1425.5,865.806,2291.3,-0.330085,2422.06,-785.045,-228.46,-2411.26,-144.676,-828.233
644,1425.5,748.222,2173.72,-0.329354,2297.19,-742.984,-195.044,-2288.89,-137.334,-715.752
644.5,1425.5,629.864,2055.36,-0.328597,2171.55,-700.792,-163.849,-2165.36,-129.921,-602.53
645,1425.5,510.748,1936.25,-0.327815,2045.15,-658.488,-134.914,-2040.7,-122.442,-488.584
645.5,1425.5,390.89,1816.39,-0.327007,1918.03,-616.089,-108.274,-1914.97,-114.898,-373.927
646,1425.5,270.306,1695.8,-0.326173,1790.19,-573.613,-83.9657,-1788.22,-107.293,-258.576
646.5,1425.5,149.013,1574.51,-0.325314,1661.66,-531.078,-62.0231,-1660.51,-99.6304,-142.546
647,1425.5,27.0269,1452.52,-0.324429,1532.47,-488.502,-42.4797,-1531.88,-91.9128,-25.854
647.5,1425.5,-95.6348,1329.86,-0.323519,1402.63,-445.903,-25.3676,-1402.4,-84.1439,91.4847
648,1425.5,-218.955,1206.54,-0.322584,1272.16,-403.299,-10.7178,-1272.12,-76.327,209.453
648.5,1425.5,-342.916,1082.58,-0.321624,1141.09,-360.708,1.44012,-1141.09,-68.4655,328.035
649,1425.5,-467.5,957.998,-0.320638,1009.44,-318.149,11.0775,-1009.38,-60.5631,447.212
649.5,1425.5,-592.688,832.809,-0.319628,877.239,-275.64,18.1673,-877.051,-52.6231,566.968
650,1425.5,-718.464,707.034,-0.318593,744.499,-233.2,22.6836,-744.153,-44.6492,687.285
650.5,1425.5,-844.808,580.69,-0.317533,611.247,-190.846,24.6019,-610.752,-36.6451,808.146
651,1425.5,-971.7,453.797,-0.316448,477.507,-148.597,23.8992,-476.909,-28.6145,929.532
651.5,1425.5,-1099.12,326.374,-0.315339,343.302,-106.471,20.5538,-342.686,-20.5612,1051.43
652,1425.5,-1227.06,198.44,-0.314206,208.655,-64.4872,14.5454,-208.148,-12.4889,1173.81
652.5,1425.5,-1355.48,70.0143,-0.313048,73.5909,-22.663,5.85543,-73.3576,-4.40145,1296.66
653,1425.5,-1484.38,-58.8832,-0.311865,-61.8675,18.9831,-5.53346,61.6195,3.69717,1419.96
653.5,1425.5,-1613.73,-188.233,-0.310659,-197.696,60.4329,-19.6369,196.718,11.8031,1543.7
654,1425.5,-1743.51,-318.014,-0.309429,-333.87,101.668,-36.4691,331.872,19.9123,1667.85
654.5,1425.5,-1873.7,-448.206,-0.308175,-470.366,142.671,-56.0426,467.015,28.0209,1792.39
655,1425.5,-2004.29,-578.789,-0.306897,-607.159,183.424,-78.3684,602.08,36.1248,1917.31
655.5,1425.5,-2135.24,-709.743,-0.305596,-744.224,223.908,-103.456,736.998,44.2199,2042.58
656,1425.5,-2266.54,-841.045,-0.304271,-881.538,264.107,-131.312,871.703,52.3022,2168.18
656.5,1425.5,-2398.17,-972.676,-0.302923,-1019.08,304.002,-161.944,1006.13,60.3675,2294.1
657,1425.5,-2530.11,-1104.61,-0.301551,-1156.81,343.575,-195.356,1140.2,68.4118,2420.31
657.5,1425.5,-2662.33,-1236.83,-0.300157,-1294.72,382.81,-231.55,1273.85,76.4309,2546.8
658,1425.5,-2794.82,-1369.32,-0.298739,-1432.78,421.689,-270.527,1407.01,84.4205,2673.53
658.5,1425.5,-2927.54,-1502.05,-0.297299,-1570.96,460.196,-312.287,1539.61,92.3766,2800.5
659,1425.5,-3060.49,-1634.99,-0.295836,-1709.24,498.312,-356.826,1671.58,100.295,2927.68
659.5,1425.5,-3193.63,-1768.14,-0.29435,-1847.6,536.022,-404.142,1802.86,108.171,3055.04
660,1425.5,-3326.95,-1901.45,-0.292842,-1986,573.309,-454.227,1933.36,116.002,3182.57
660.5,1425.5,-3460.42,-2034.92,-0.291312,-2124.43,610.157,-507.073,2063.03,123.782,3310.25
661,1425.5,-3594.02,-2168.52,-0.28976,-2262.86,646.548,-562.672,2191.79,131.507,3438.05
661.5,1425.5,-3727.73,-2302.23,-0.288186,-2401.26,682.469,-621.013,2319.56,139.174,3565.96
662,1425.5,-3861.52,-2436.02,-0.286589,-2539.6,717.901,-682.08,2446.29,146.778,3693.94
662.5,1425.5,-3995.37,-2569.87,-0.284972,-2677.87,752.831,-745.861,2571.91,154.314,3821.99
663,1425.5,-4129.26,-2703.76,-0.283332,-2816.04,787.243,-812.338,2696.33,161.78,3950.07
663.5,1425.5,-4263.16,-2837.67,-0.281671,-2954.08,821.121,-881.492,2819.5,169.17,4078.16
664,1425.5,-4397.06,-2971.56,-0.27999,-3091.97,854.452,-953.304,2941.34,176.48,4206.24
664.5,1425.5,-4530.92,-3105.42,-0.278286,-3229.68,887.22,-1027.75,3061.79,183.707,4334.3
665,1425.5,-4664.73,-3239.23,-0.276563,-3367.18,919.411,-1104.81,3180.77,190.846,4462.3
665.5,1425.5,-4798.45,-3372.96,-0.274818,-3504.46,951.011,-1184.45,3298.23,197.894,4590.22
666,1425.5,-4932.07,-3506.58,-0.273052,-3641.49,982.007,-1266.65,3414.09,204.845,4718.04
666.5,1425.5,-5065.57,-3640.07,-0.271267,-3778.23,1012.39,-1351.38,3528.29,211.697,4845.74
667,1425.5,-5198.91,-3773.41,-0.269461,-3914.68,1042.13,-1438.61,3640.75,218.445,4973.3
667.5,1425.5,-5332.08,-3906.58,-0.267634,-4050.79,1071.24,-1528.31,3751.43,225.086,5100.69
668,1425.5,-5465.05,-4039.55,-0.265788,-4186.56,1099.68,-1620.43,3860.24,231.614,5227.88
668.5,1425.5,-5597.79,-4172.29,-0.263922,-4321.94,1127.46,-1714.95,3967.13,238.028,5354.87
669,1425.5,-5730.29,-4304.79,-0.262037,-4456.93,1154.56,-1811.83,4072.04,244.322,5481.61
669.5,1425.5,-5862.51,-4437.01,-0.260132,-4591.49,1180.97,-1911.02,4174.9,250.494,5608.1
670,1425.5,-5994.44,-4568.94,-0.258208,-4725.6,1206.67,-2012.49,4275.64,256.539,5734.3
670.5,1425.5,-6126.04,-4700.55,-0.256264,-4859.23,1231.66,-2116.2,4374.22,262.453,5860.2
671,1425.5,-6257.31,-4831.81,-0.254302,-4992.37,1255.93,-2222.09,4470.57,268.234,5985.76
671.5,1425.5,-6388.2,-4962.7,-0.252321,-5124.98,1279.46,-2330.13,4564.64,273.878,6110.97
672,1425.5,-6518.7,-5093.2,-0.250321,-5257.04,1302.25,-2440.26,4656.36,279.381,6235.81
672.5,1425.5,-6648.78,-5223.28,-0.248302,-5388.54,1324.28,-2552.43,4745.68,284.741,6360.24
673,1425.5,-6778.41,-5352.92,-0.246266,-5519.44,1345.55,-2666.61,4832.54,289.952,6484.26
673.5,1425.5,-6907.59,-5482.09,-0.244211,-5649.72,1366.05,-2782.72,4916.9,295.014,6607.82
674,1425.5,-7036.27,-5610.77,-0.242139,-5779.37,1385.77,-2900.72,4998.69,299.921,6730.92
674.5,1425.5,-7164.43,-5738.93,-0.240049,-5908.35,1404.71,-3020.56,5077.87,304.672,6853.52
675,1425.5,-7292.06,-5866.56,-0.237941,-6036.64,1422.85,-3142.18,5154.39,309.263,6975.61
675.5,1425.5,-7419.12,-5993.62,-0.235816,-6164.22,1440.18,-3265.51,5228.2,313.692,7097.15
676,1425.5,-7545.59,-6120.09,-0.233673,-6291.07,1456.71,-3390.51,5299.25,317.955,7218.14
676.5,1425.5,-7671.45,-6245.95,-0.231514,-6417.16,1472.43,-3517.1,5367.49,322.049,7338.54
677,1425.5,-7796.68,-6371.18,-0.229338,-6542.48,1487.32,-3645.24,5432.89,325.973,7458.33
677.5,1425.5,-7921.24,-6495.74,-0.227145,-6667,1501.38,-3774.84,5495.4,329.724,7577.49
678,1425.5,-8045.12,-6619.63,-0.224935,-6790.69,1514.62,-3905.86,5554.97,333.298,7695.99
678.5,1425.5,-8168.3,-6742.8,-0.22271,-6913.55,1527.02,-4038.23,5611.58,336.695,7813.82
679,1425.5,-8290.74,-6865.24,-0.220468,-7035.53,1538.57,-4171.87,5665.18,339.911,7930.95
679.5,1425.5,-8412.42,-6986.93,-0.21821,-7156.64,1549.29,-4306.72,5715.73,342.944,8047.36
680,1425.5,-8533.33,-7107.83,-0.215937,-7276.83,1559.15,-4442.71,5763.21,345.792,8163.02
680.5,1425.5,-8653.44,-7227.94,-0.213647,-7396.1,1568.16,-4579.78,5807.57,348.454,8277.91
681,1425.5,-8772.72,-7347.22,-0.211343,-7514.41,1576.32,-4717.85,5848.79,350.927,8392.01
681.5,1425.5,-8891.15,-7465.65,-0.209023,-7631.76,1583.63,-4856.85,5886.83,353.21,8505.3
682,1425.5,-9008.71,-7583.21,-0.206689,-7748.12,1590.07,-4996.7,5921.68,355.301,8617.76
682.5,1425.5,-9125.37,-7699.87,-0.204339,-7863.47,1595.66,-5137.34,5953.3,357.198,8729.36
683,1425.5,-9241.11,-7815.62,-0.201975,-7977.79,1600.38,-5278.69,5981.68,358.901,8840.08
683.5,1425.5,-9355.92,-7930.42,-0.199597,-8091.06,1604.25,-5420.68,6006.78,360.407,8949.91
684,1425.5,-9469.76,-8044.26,-0.197204,-8203.26,1607.25,-5563.23,6028.59,361.715,9058.81
684.5,1425.5,-9582.62,-8157.12,-0.194797,-8314.37,1609.39,-5706.26,6047.09,362.826,9166.77
685,1425.5,-9694.46,-8268.97,-0.192376,-8424.37,1610.67,-5849.7,6062.27,363.736,9273.76
685.5,1425.5,-9805.28,-8379.78,-0.189942,-8533.25,1611.09,-5993.47,6074.11,364.446,9379.77
686,1425.5,-9915.05,-8489.55,-0.187494,-8640.99,1610.66,-6137.49,6082.59,364.956,9484.77
686.5,1425.5,-10023.7,-8598.24,-0.185033,-8747.56,1609.37,-6281.68,6087.72,365.263,9588.75
687,1425.5,-10131.3,-8705.84,-0.182559,-8852.95,1607.22,-6425.98,6089.47,365.368,9691.68
687.5,1425.5,-10237.8,-8812.32,-0.180071,-8957.15,1604.22,-6570.29,6087.84,365.271,9793.54
688,1425.5,-10343.2,-8917.66,-0.177571,-9060.13,1600.38,-6714.54,6082.84,364.97,9894.31
688.5,1425.5,-10447.3,-9021.85,-0.175059,-9161.88,1595.69,-6858.65,6074.45,364.467,9993.97
689,1425.5,-10550.4,-9124.85,-0.172534,-9262.37,1590.16,-7002.53,6062.68,363.761,10092.5
689.5,1425.5,-10652.2,-9226.66,-0.169997,-9361.6,1583.79,-7146.12,6047.52,362.851,10189.9
690,1425.5,-10752.7,-9327.24,-0.167448,-9459.55,1576.59,-7289.33,6028.99,361.739,10286.1
690.5,1425.5,-10852.1,-9426.59,-0.164887,-9556.2,1568.56,-7432.08,6007.08,360.425,10381.1
691,1425.5,-10950.2,-9524.67,-0.162315,-9651.53,1559.72,-7574.3,5981.81,358.909,10475
691.5,1425.5,-11047,-9621.47,-0.159731,-9745.53,1550.05,-7715.89,5953.18,357.191,10567.6
692,1425.5,-11142.5,-9716.98,-0.157136,-9838.19,1539.58,-7856.79,5921.21,355.273,10658.9
692.5,1425.5,-11236.7,-9811.16,-0.15453,-9929.48,1528.31,-7996.91,5885.92,353.155,10749
693,1425.5,-11329.5,-9904.01,-0.151914,-10019.4,1516.24,-8136.18,5847.3,350.838,10837.8
693.5,1425.5,-11421,-9995.5,-0.149286,-10107.9,1503.38,-8274.51,5805.39,348.324,10925.4
694,1425.5,-11511.1,-10085.6,-0.146649,-10195,1489.74,-8411.84,5760.21,345.613,11011.6
694.5,1425.5,-11599.8,-10174.3,-0.144001,-10280.8,1475.32,-8548.07,5711.77,342.706,11096.5
695,1425.5,-11687.2,-10261.7,-0.141343,-10365,1460.15,-8683.13,5660.11,339.606,11180
695.5,1425.5,-11773,-10347.5,-0.138675,-10447.8,1444.21,-8816.96,5605.23,336.314,11262.1
696,1425.5,-11857.5,-10432,-0.135998,-10529.2,1427.54,-8949.46,5547.19,332.831,11342.9
696.5,1425.5,-11940.5,-10515,-0.133311,-10609.1,1410.12,-9080.56,5485.99,329.16,11422.3
697,1425.5,-12022,-10596.5,-0.130615,-10687.5,1391.98,-9210.2,5421.69,325.301,11500.2
697.5,1425.5,-12102,-10676.5,-0.12791,-10764.4,1373.12,-9338.29,5354.3,321.258,11576.8
698,1425.5,-12180.4,-10754.9,-0.125196,-10839.8,1353.55,-9464.76,5283.86,317.032,11651.9
698.5,1425.5,-12257.4,-10831.9,-0.122473,-10913.7,1333.29,-9589.54,5210.42,312.625,11725.5
699,1425.5,-12332.8,-10907.3,-0.119742,-10986,1312.34,-9712.56,5134.01,308.041,11797.6
699.5,1425.5,-12406.7,-10981.2,-0.117002,-11056.8,1290.72,-9833.75,5054.67,303.28,11868.3
700,1425.5,-12479,-11053.5,-0.114255,-11126,1268.44,-9953.03,4972.45,298.347,11937.4
700.5,1425.5,-12549.7,-11124.2,-0.1115,-11193.7,1245.51,-10070.3,4887.39,293.243,12005
701,1425.5,-12618.8,-11193.3,-0.108737,-11259.8,1221.94,-10185.6,4799.53,287.972,12071.1
701.5,1425.5,-12686.2,-11260.7,-0.105966,-11324.2,1197.74,-10298.8,4708.93,282.536,12135.7
702,1425.5,-12752.1,-11326.6,-0.103189,-11387.1,1172.94,-10409.8,4615.63,276.938,12198.7
702.5,1425.5,-12816.3,-11390.8,-0.100404,-11448.4,1147.54,-10518.5,4519.7,271.182,12260.1
703,1425.5,-12878.8,-11453.3,-0.0976121,-11508.1,1121.55,-10625,4421.17,265.27,12319.9
703.5,1425.5,-12939.7,-11514.2,-0.0948137,-11566.1,1094.99,-10729,4320.1,259.206,12378.2
704,1425.5,-12998.9,-11573.4,-0.0920088,-11622.5,1067.87,-10830.7,4216.56,252.993,12434.8
704.5,1425.5,-13056.4,-11630.9,-0.0891976,-11677.3,1040.21,-10929.9,4110.59,246.635,12489.8
705,1425.5,-13112.2,-11686.7,-0.0863803,-11730.4,1012.02,-11026.5,4002.26,240.136,12543.1
705.5,1425.5,-13166.2,-11740.7,-0.0835571,-11781.8,983.312,-11120.6,3891.64,233.498,12594.9
706,1425.5,-13218.6,-11793.1,-0.0807282,-11831.6,954.108,-11212,3778.77,226.726,12644.9
706.5,1425.5,-13269.2,-11843.7,-0.0778938,-11879.7,924.42,-11300.6,3663.73,219.824,12693.4
707,1425.5,-13318,-11892.5,-0.0750541,-11926.1,894.263,-11386.6,3546.58,212.795,12740.1
707.5,1425.5,-13365.1,-11939.6,-0.0722092,-11970.8,863.653,-11469.7,3427.39,205.644,12785.1
708,1425.5,-13410.5,-11985,-0.0693594,-12013.9,832.606,-11550,3306.23,198.374,12828.5
708.5,1425.5,-13454,-12028.5,-0.0665049,-12055.2,801.137,-11627.3,3183.15,190.989,12870.2
709,1425.5,-13495.8,-12070.3,-0.0636459,-12094.8,769.263,-11701.7,3058.25,183.495,12910.1
709.5,1425.5,-13535.7,-12110.2,-0.0607825,-12132.6,736.999,-11773.1,2931.57,175.894,12948.3
710,1425.5,-13573.9,-12148.4,-0.057915,-12168.8,704.363,-11841.5,2803.21,168.193,12984.8
710.5,1425.5,-13610.3,-12184.8,-0.0550436,-12203.2,671.371,-11906.8,2673.23,160.394,13019.6
711,1425.5,-13644.8,-12219.3,-0.0521684,-12235.9,638.04,-11969,2541.7,152.502,13052.6
711.5,1425.5,-13677.5,-12252,-0.0492897,-12266.9,604.386,-12028.1,2408.71,144.522,13083.9
712,1425.5,-13708.4,-12282.9,-0.0464076,-12296.1,570.428,-12083.9,2274.32,136.459,13113.5
712.5,1425.5,-13737.4,-12311.9,-0.0435224,-12323.6,536.182,-12136.6,2138.62,128.317,13141.2
713,1425.5,-13764.6,-12339.1,-0.0406343,-12349.3,501.665,-12186,2001.68,120.101,13167.2
713.5,1425.5,-13789.9,-12364.4,-0.0377433,-12373.2,466.896,-12232.1,1863.59,111.815,13191.5
714,1425.5,-13813.4,-12387.9,-0.0348498,-12395.4,431.891,-12274.9,1724.41,103.465,13213.9
714.5,1425.5,-13835,-12409.5,-0.031954,-12415.9,396.669,-12314.4,1584.24,95.0545,13234.6
715,1425.5,-13854.8,-12429.3,-0.029056,-12434.5,361.246,-12350.5,1443.15,86.5892,13253.5
715.5,1425.5,-13872.7,-12447.2,-0.026156,-12451.4,325.642,-12383.2,1301.23,78.0738,13270.6
716,1425.5,-13888.7,-12463.2,-0.0232542,-12466.5,289.874,-12412.6,1158.55,69.5133,13285.9
716.5,1425.5,-13902.8,-12477.3,-0.0203509,-12479.9,253.959,-12438.5,1015.21,60.9124,13299.5
717,1425.5,-13915.1,-12489.6,-0.0174462,-12491.5,217.917,-12461,871.272,52.2763,13311.2
717.5,1425.5,-13925.4,-12499.9,-0.0145403,-12501.3,181.766,-12480.1,726.832,43.6099,13321.1
718,1425.5,-13933.9,-12508.4,-0.0116334,-12509.3,145.522,-12495.7,581.972,34.9183,13329.2
718.5,1425.5,-13940.5,-12515,-0.00872575,-12515.5,109.206,-12507.9,436.774,26.2064,13335.6
719,1425.5,-13945.3,-12519.8,-0.0058175,-12520,72.8345,-12516.6,291.323,17.4794,13340.1
719.5,1425.5,-13948.1,-12522.6,-0.00290885,-12522.6,36.4264,-12521.8,145.704,8.74223,13342.8
720,1425.5,-13949,-12523.5,0,-12523.5,-0,-12523.5,-0,-0,13343.7
