alpha_deg,P_gas_N,F_in_N,F_sum_N,beta_rad,K_N,N_N,Z_N,T_N,M_Nm,a_p_mps2
0,855.299,-13949,-13093.7,0,-13093.7,-0,-13093.7,-0,-0,13343.7
0.5,855.299,-13948.1,-13092.8,0.00290885,-13092.9,-38.0851,-13092,-152.338,-9.1403,13342.8
1,855.299,-13945.3,-13090,0.0058175,-13090.2,-76.1517,-13086.6,-304.591,-18.2755,13340.1
1.5,855.299,-13940.5,-13085.2,0.00872576,-13085.7,-114.182,-13077.8,-456.674,-27.4004,13335.6
2,855.299,-13933.9,-13078.6,0.0116334,-13079.5,-152.156,-13065.4,-608.501,-36.5101,13329.3
2.5,855.299,-13925.4,-13070.1,0.0145403,-13071.5,-190.057,-13049.4,-759.988,-45.5993,13321.1
3,855.299,-13915.1,-13059.8,0.0174462,-13061.8,-227.866,-13029.9,-911.05,-54.663,13311.2
3.5,855.299,-13902.8,-13047.5,0.0203509,-13050.2,-265.565,-13007,-1061.6,-63.6961,13299.5
4,855.299,-13888.7,-13033.4,0.0232543,-13036.9,-303.136,-12980.5,-1211.56,-72.6936,13286
4.5,855.299,-13872.7,-13017.4,0.026156,-13021.8,-340.56,-12950.5,-1360.84,-81.6504,13270.6
5,855.299,-13854.8,-12999.5,0.029056,-13005,-377.819,-12917.1,-1509.36,-90.5616,13253.5
5.5,855.299,-13835,-12979.7,0.031954,-12986.4,-414.895,-12880.2,-1657.04,-99.4222,13234.6
6,855.299,-13813.4,-12958.1,0.0348499,-12966,-451.771,-12839.9,-1803.79,-108.227,13213.9
6.5,855.299,-13789.9,-12934.6,0.0377434,-12943.8,-488.428,-12796.2,-1949.53,-116.972,13191.5
7,855.299,-13764.6,-12909.3,0.0406343,-12919.9,-524.849,-12749.1,-2094.18,-125.651,13167.3
7.5,855.299,-13737.4,-12882.1,0.0435225,-12894.3,-561.015,-12698.7,-2237.67,-134.26,13141.2
8,855.299,-13708.4,-12853.1,0.0464077,-12866.9,-596.91,-12644.9,-2379.9,-142.794,13113.5
8.5,855.299,-13677.5,-12822.2,0.0492898,-12837.8,-632.515,-12587.9,-2520.81,-151.249,13083.9
9,855.299,-13644.8,-12789.5,0.0521685,-12806.9,-667.814,-12527.6,-2660.31,-159.619,13052.7
9.5,855.299,-13610.3,-12755,0.0550437,-12774.3,-702.789,-12464,-2798.33,-167.9,13019.6
10,855.299,-13573.9,-12718.6,0.0579151,-12740,-737.424,-12397.3,-2934.78,-176.087,12984.9
10.5,855.299,-13535.7,-12680.4,0.0607826,-12703.9,-771.701,-12327.5,-3069.61,-184.176,12948.3
11,855.299,-13495.8,-12640.5,0.063646,-12666.1,-805.604,-12254.5,-3202.72,-192.163,12910.1
11.5,855.299,-13454,-12598.7,0.066505,-12626.6,-839.115,-12178.5,-3334.05,-200.043,12870.2
12,855.299,-13410.5,-12555.2,0.0693595,-12585.4,-872.219,-12099.5,-3463.53,-207.812,12828.5
12.5,855.299,-13365.1,-12509.8,0.0722093,-12542.5,-904.9,-12017.5,-3591.08,-215.465,12785.1
13,855.299,-13318,-12462.7,0.0750541,-12497.9,-937.141,-11932.5,-3716.63,-222.998,12740.1
13.5,855.299,-13269.2,-12413.9,0.0778939,-12451.6,-968.926,-11844.7,-3840.12,-230.407,12693.4
14,855.299,-13218.6,-12363.3,0.0807283,-12403.7,-1000.24,-11754.1,-3961.48,-237.689,12644.9
14.5,855.299,-13166.2,-12310.9,0.0835572,-12354,-1031.07,-11660.7,-4080.64,-244.838,12594.9
15,855.299,-13112.2,-12256.9,0.0863804,-12302.7,-1061.39,-11564.5,-4197.54,-251.852,12543.2
15.5,855.299,-13056.4,-12201.1,0.0891977,-12249.8,-1091.2,-11465.7,-4312.11,-258.727,12489.8
16,855.299,-12998.9,-12143.6,0.0920089,-12195.2,-1120.48,-11364.3,-4424.3,-265.458,12434.8
16.5,855.299,-12939.7,-12084.4,0.0948138,-12138.9,-1149.21,-11260.4,-4534.04,-272.042,12378.2
17,855.299,-12878.8,-12023.5,0.0976122,-12081,-1177.38,-11153.9,-4641.27,-278.476,12319.9
17.5,855.299,-12816.3,-11961,0.100404,-12021.5,-1204.98,-11045,-4745.95,-284.757,12260.1
18,855.299,-12752.1,-11896.8,0.103189,-11960.4,-1231.99,-10933.8,-4848,-290.88,12198.7
18.5,855.299,-12686.2,-11830.9,0.105966,-11897.7,-1258.4,-10820.3,-4947.38,-296.843,12135.7
19,855.299,-12618.8,-11763.5,0.108737,-11833.3,-1284.19,-10704.5,-5044.03,-302.642,12071.1
19.5,855.299,-12549.7,-11694.4,0.1115,-11767.4,-1309.35,-10586.5,-5137.91,-308.274,12005.1
20,855.299,-12479,-11623.7,0.114255,-11700,-1333.87,-10466.5,-5228.96,-313.738,11937.4
20.5,855.299,-12406.7,-11551.4,0.117003,-11630.9,-1357.74,-10344.4,-5317.14,-319.028,11868.3
21,855.299,-12332.8,-11477.5,0.119742,-11560.3,-1380.95,-10220.3,-5402.4,-324.144,11797.6
21.5,855.299,-12257.4,-11402.1,0.122473,-11488.2,-1403.47,-10094.3,-5484.7,-329.082,11725.5
22,855.299,-12180.4,-11325.1,0.125196,-11414.5,-1425.31,-9966.56,-5564,-333.84,11651.9
22.5,855.299,-12102,-11246.7,0.12791,-11339.3,-1446.45,-9837.02,-5640.26,-338.416,11576.8
23,855.299,-12022,-11166.7,0.130615,-11262.6,-1466.88,-9705.81,-5713.43,-342.806,11500.2
23.5,855.299,-11940.5,-11085.2,0.133311,-11184.4,-1486.59,-9572.98,-5783.49,-347.009,11422.3
24,855.299,-11857.5,-11002.2,0.135998,-11104.7,-1505.57,-9438.63,-5850.39,-351.024,11342.9
24.5,855.299,-11773,-10917.7,0.138675,-11023.6,-1523.8,-9302.81,-5914.11,-354.847,11262.1
25,855.299,-11687.2,-10831.9,0.141343,-10941,-1541.28,-9165.62,-5974.62,-358.477,11180
25.5,855.299,-11599.8,-10744.5,0.144001,-10856.9,-1558.01,-9027.13,-6031.88,-361.913,11096.5
26,855.299,-11511.1,-10655.8,0.146649,-10771.4,-1573.96,-8887.41,-6085.87,-365.152,11011.6
26.5,855.299,-11421,-10565.7,0.149286,-10684.5,-1589.14,-8746.54,-6136.57,-368.194,10925.4
27,855.299,-11329.5,-10474.2,0.151914,-10596.2,-1603.53,-8604.6,-6183.95,-371.037,10837.9
27.5,855.299,-11236.7,-10381.4,0.15453,-10506.6,-1617.13,-8461.68,-6227.99,-373.68,10749
28,855.299,-11142.5,-10287.2,0.157136,-10415.5,-1629.93,-8317.84,-6268.68,-376.121,10658.9
28.5,855.299,-11047,-10191.7,0.159731,-10323.1,-1641.92,-8173.16,-6305.99,-378.36,10567.6
29,855.299,-10950.2,-10094.9,0.162315,-10229.3,-1653.09,-8027.74,-6339.92,-380.395,10475
29.5,855.299,-10852.1,-9996.79,0.164887,-10134.2,-1663.45,-7881.64,-6370.44,-382.227,10381.1
30,855.299,-10752.7,-9897.44,0.167448,-10037.8,-1672.97,-7734.95,-6397.56,-383.854,10286.1
30.5,855.299,-10652.2,-9796.86,0.169997,-9940.14,-1681.67,-7587.75,-6421.26,-385.275,10189.9
31,855.299,-10550.4,-9695.05,0.172534,-9841.17,-1689.53,-7440.11,-6441.53,-386.492,10092.5
31.5,855.299,-10447.3,-9592.05,0.175059,-9740.93,-1696.54,-7292.13,-6458.37,-387.502,9993.97
32,855.299,-10343.2,-9487.87,0.177571,-9639.44,-1702.71,-7143.87,-6471.78,-388.307,9894.31
32.5,855.299,-10237.8,-9382.52,0.180071,-9536.72,-1708.03,-6995.42,-6481.76,-388.906,9793.54
33,855.299,-10131.3,-9276.04,0.182559,-9432.79,-1712.49,-6846.85,-6488.31,-389.298,9691.68
33.5,855.299,-10023.7,-9168.44,0.185033,-9327.67,-1716.09,-6698.26,-6491.43,-389.486,9588.75
34,855.299,-9915.05,-9059.75,0.187494,-9221.36,-1718.84,-6549.71,-6491.13,-389.468,9484.77
34.5,855.299,-9805.28,-8949.99,0.189942,-9113.9,-1720.72,-6401.29,-6487.42,-389.245,9379.77
35,855.299,-9694.47,-8839.17,0.192377,-9005.29,-1721.74,-6253.07,-6480.31,-388.818,9273.76
35.5,855.299,-9582.62,-8727.32,0.194797,-8895.56,-1721.89,-6105.14,-6469.8,-388.188,9166.77
36,855.299,-9469.76,-8614.46,0.197204,-8784.73,-1721.18,-5957.56,-6455.92,-387.355,9058.81
36.5,855.299,-9355.92,-8500.62,0.199597,-8672.81,-1719.59,-5810.43,-6438.67,-386.32,8949.91
37,855.299,-9241.12,-8385.82,0.201975,-8559.82,-1717.14,-5663.81,-6418.08,-385.085,8840.09
37.5,855.299,-9125.37,-8270.07,0.20434,-8445.78,-1713.82,-5517.78,-6394.17,-383.65,8729.36
38,855.299,-9008.71,-8153.41,0.206689,-8330.72,-1709.63,-5372.42,-6366.95,-382.017,8617.76
38.5,855.299,-8891.15,-8035.85,0.209024,-8214.65,-1704.58,-5227.8,-6336.45,-380.187,8505.31
39,855.299,-8772.72,-7917.42,0.211343,-8097.59,-1698.66,-5083.99,-6302.7,-378.162,8392.01
39.5,855.299,-8653.44,-7798.14,0.213648,-7979.56,-1691.88,-4941.07,-6265.72,-375.943,8277.91
40,855.299,-8533.33,-7678.03,0.215937,-7860.59,-1684.23,-4799.11,-6225.54,-373.532,8163.02
40.5,855.299,-8412.42,-7557.13,0.21821,-7740.69,-1675.72,-4658.19,-6182.19,-370.931,8047.36
41,855.299,-8290.74,-7435.44,0.220468,-7619.88,-1666.36,-4518.37,-6135.71,-368.142,7930.95
41.5,855.299,-8168.3,-7313,0.22271,-7498.18,-1656.15,-4379.71,-6086.12,-365.167,7813.82
42,855.299,-8045.12,-7189.82,0.224936,-7375.63,-1645.09,-4242.3,-6033.47,-362.008,7695.99
42.5,855.299,-7921.24,-7065.94,0.227145,-7252.23,-1633.18,-4106.2,-5977.79,-358.667,7577.49
43,855.299,-7796.68,-6941.38,0.229338,-7128.01,-1620.43,-3971.47,-5919.12,-355.147,7458.33
43.5,855.299,-7671.45,-6816.15,0.231514,-7002.99,-1606.85,-3838.18,-5857.5,-351.45,7338.54
44,855.299,-7545.59,-6690.29,0.233674,-6877.2,-1592.43,-3706.4,-5792.97,-347.578,7218.14
44.5,855.299,-7419.12,-6563.82,0.235816,-6750.65,-1577.2,-3576.17,-5725.58,-343.535,7097.15
45,855.299,-7292.05,-6436.76,0.237941,-6623.37,-1561.14,-3447.58,-5655.37,-339.322,6975.61
45.5,855.299,-7164.43,-6309.13,0.240049,-6495.38,-1544.28,-3320.67,-5582.39,-334.943,6853.52
46,855.299,-7036.26,-6180.97,0.242139,-6366.7,-1526.61,-3195.51,-5506.69,-330.401,6730.92
46.5,855.299,-6907.58,-6052.29,0.244212,-6237.36,-1508.14,-3072.15,-5428.31,-325.698,6607.82
47,855.299,-6778.41,-5923.11,0.246266,-6107.38,-1488.88,-2950.65,-5347.31,-320.839,6484.26
47.5,855.299,-6648.78,-5793.48,0.248303,-5976.78,-1468.85,-2831.07,-5263.74,-315.824,6360.24
48,855.299,-6518.7,-5663.4,0.250321,-5845.59,-1448.04,-2713.45,-5177.65,-310.659,6235.81
48.5,855.299,-6388.2,-5532.9,0.252321,-5713.82,-1426.47,-2597.85,-5089.1,-305.346,6110.97
49,855.299,-6257.3,-5402.01,0.254302,-5581.51,-1404.14,-2484.32,-4998.14,-299.889,5985.76
49.5,855.299,-6126.04,-5270.74,0.256264,-5448.68,-1381.07,-2372.9,-4904.84,-294.29,5860.2
50,855.299,-5994.44,-5139.14,0.258208,-5315.35,-1357.26,-2263.65,-4809.24,-288.554,5734.3
50.5,855.299,-5862.51,-5007.21,0.260132,-5181.54,-1332.73,-2156.61,-4711.41,-282.685,5608.1
51,855.299,-5730.29,-4874.99,0.262037,-5047.28,-1307.49,-2051.82,-4611.41,-276.684,5481.61
51.5,855.299,-5597.79,-4742.49,0.263923,-4912.59,-1281.55,-1949.32,-4509.29,-270.558,5354.87
52,855.299,-5465.05,-4609.75,0.265789,-4777.51,-1254.91,-1849.16,-4405.13,-264.308,5227.88
52.5,855.299,-5332.08,-4476.78,0.267635,-4642.04,-1227.59,-1751.38,-4298.98,-257.939,5100.69
53,855.299,-5198.91,-4343.61,0.269461,-4506.22,-1199.61,-1656,-4190.91,-251.454,4973.3
53.5,855.299,-5065.57,-4210.27,0.271267,-4370.07,-1170.97,-1563.07,-4080.97,-244.858,4845.74
54,855.299,-4932.07,-4076.77,0.273053,-4233.62,-1141.69,-1472.62,-3969.25,-238.155,4718.04
54.5,855.299,-4798.45,-3943.15,0.274818,-4096.89,-1111.78,-1384.68,-3855.79,-231.348,4590.22
55,855.299,-4664.72,-3809.43,0.276563,-3959.9,-1081.25,-1299.29,-3740.68,-224.441,4462.29
55.5,855.299,-4530.92,-3675.62,0.278287,-3822.69,-1050.13,-1216.46,-3623.97,-217.438,4334.29
56,855.299,-4397.06,-3541.76,0.27999,-3685.27,-1018.41,-1136.23,-3505.74,-210.344,4206.24
56.5,855.299,-4263.16,-3407.86,0.281672,-3547.67,-986.117,-1058.62,-3386.04,-203.163,4078.16
57,855.299,-4129.26,-3273.96,0.283333,-3409.92,-953.265,-983.651,-3264.96,-195.898,3950.06
57.5,855.299,-3995.37,-3140.07,0.284972,-3272.03,-919.868,-911.35,-3142.55,-188.553,3821.98
58,855.299,-3861.52,-3006.22,0.28659,-3134.04,-885.94,-841.733,-3018.89,-181.134,3693.94
58.5,855.299,-3727.73,-2872.43,0.288186,-2995.98,-851.497,-774.818,-2894.05,-173.643,3565.96
59,855.299,-3594.02,-2738.72,0.28976,-2857.86,-816.554,-710.622,-2768.1,-166.086,3438.05
59.5,855.299,-3460.42,-2605.12,0.291313,-2719.71,-781.126,-649.157,-2641.1,-158.466,3310.25
60,855.299,-3326.95,-2471.65,0.292843,-2581.55,-745.23,-590.436,-2513.13,-150.788,3182.57
60.5,855.299,-3193.63,-2338.33,0.294351,-2443.42,-708.882,-534.47,-2384.25,-143.055,3055.04
61,855.299,-3060.49,-2205.19,0.295836,-2305.33,-672.097,-481.267,-2254.54,-135.272,2927.67
61.5,855.299,-2927.54,-2072.24,0.297299,-2167.32,-634.892,-430.834,-2124.07,-127.444,2800.5
62,855.299,-2794.81,-1939.51,0.29874,-2029.4,-597.285,-383.176,-1992.9,-119.574,2673.53
62.5,855.299,-2662.33,-1807.03,0.300157,-1891.6,-559.291,-338.296,-1861.11,-111.666,2546.79
63,855.299,-2530.11,-1674.81,0.301552,-1753.95,-520.927,-296.197,-1728.76,-103.726,2420.31
63.5,855.299,-2398.17,-1542.87,0.302923,-1616.47,-482.212,-256.878,-1595.93,-95.7558,2294.1
64,855.299,-2266.54,-1411.24,0.304271,-1479.19,-443.161,-220.336,-1462.68,-87.761,2168.18
64.5,855.299,-2135.24,-1279.94,0.305596,-1342.12,-403.793,-186.57,-1329.09,-79.7454,2042.57
65,855.299,-2004.28,-1148.98,0.306898,-1205.3,-364.125,-155.573,-1195.22,-71.7131,1917.3
65.5,855.299,-1873.7,-1018.4,0.308175,-1068.75,-324.174,-127.338,-1061.14,-63.6683,1792.39
66,855.299,-1743.51,-888.208,0.309429,-932.494,-283.959,-101.858,-926.915,-55.6149,1667.84
66.5,855.299,-1613.73,-758.427,0.31066,-796.556,-243.497,-79.1209,-792.617,-47.557,1543.7
67,855.299,-1484.38,-629.077,0.311866,-660.96,-202.806,-59.1165,-658.311,-39.4987,1419.96
67.5,855.299,-1355.48,-500.18,0.313048,-525.73,-161.904,-41.8308,-524.064,-31.4438,1296.66
68,855.299,-1227.05,-371.754,0.314206,-390.891,-120.809,-27.249,-389.94,-23.3964,1173.8
68.5,855.299,-1099.12,-243.82,0.315339,-256.466,-79.54,-15.3547,-256.006,-15.3603,1051.42
69,855.299,-971.695,-116.396,0.316449,-122.478,-38.1143,-6.12997,-122.324,-7.33946,929.527
69.5,855.299,-844.802,10.4965,0.317533,11.0489,3.44972,0.4447,11.0399,0.662395,808.141
70,855.299,-718.458,136.84,0.318593,144.091,45.1338,4.39017,144.024,8.64146,687.28
70.5,855.299,-592.683,262.616,0.319628,276.626,86.9198,5.72874,276.567,16.594,566.963
71,855.299,-467.494,387.805,0.320639,408.631,128.789,4.48414,408.606,24.5164,447.207
71.5,855.299,-342.91,512.389,0.321624,540.082,170.724,0.68145,540.082,32.4049,328.029
72,855.299,-218.949,636.349,0.322585,670.958,212.706,-5.65291,670.934,40.2561,209.448
72.5,855.299,-95.629,759.67,0.32352,801.236,254.717,-14.4912,801.105,48.0663,91.479
73,855.299,27.0328,882.331,0.32443,930.894,296.739,-25.8045,930.536,55.8322,-25.8597
73.5,855.299,149.019,1004.32,0.325314,1059.91,338.754,-39.5624,1059.17,63.5502,-142.552
74,855.299,270.312,1125.61,0.326173,1188.26,380.743,-55.7336,1186.95,71.2172,-258.582
74.5,855.299,390.896,1246.19,0.327007,1315.93,422.69,-74.2855,1313.83,78.8298,-373.933
75,855.299,510.754,1366.05,0.327815,1442.89,464.575,-95.1842,1439.75,86.3848,-488.59
75.5,855.299,629.87,1485.17,0.328597,1569.12,506.381,-118.395,1564.65,93.879,-602.536
76,855.299,748.228,1603.53,0.329354,1694.61,548.091,-143.882,1688.49,101.309,-715.758
76.5,855.299,865.812,1721.11,0.330085,1819.33,589.686,-171.608,1811.22,108.673,-828.239
77,855.299,982.607,1837.91,0.33079,1943.26,631.15,-201.535,1932.78,115.967,-939.965
77.5,855.299,1098.6,1953.9,0.331469,2066.38,672.466,-233.625,2053.13,123.188,-1050.92
78,855.299,1213.77,2069.07,0.332121,2188.67,713.615,-267.837,2172.22,130.333,-1161.1
78.5,855.299,1328.11,2183.4,0.332748,2310.12,754.581,-304.131,2290.01,137.401,-1270.47
79,855.299,1441.6,2296.89,0.333348,2430.7,795.347,-342.466,2406.45,144.387,-1379.04
79.5,855.299,1554.22,2409.52,0.333923,2550.4,835.897,-382.799,2521.5,151.29,-1486.78
80,855.299,1665.98,2521.27,0.334471,2669.19,876.213,-425.087,2635.12,158.107,-1593.68
80.5,855.299,1776.84,2632.14,0.334992,2787.06,916.28,-469.286,2747.27,164.836,-1699.73
81,855.299,1886.8,2742.1,0.335487,2904,956.081,-515.352,2857.9,171.474,-1804.92
81.5,855.299,1995.85,2851.15,0.335956,3019.98,995.601,-563.239,2966.99,178.019,-1909.24
82,855.299,2103.97,2959.27,0.336398,3134.98,1034.82,-612.903,3074.49,184.469,-2012.66
82.5,855.299,2211.15,3066.45,0.336814,3249,1073.73,-664.297,3180.36,190.822,-2115.19
83,855.299,2317.38,3172.67,0.337203,3362.01,1112.32,-717.374,3284.58,197.075,-2216.81
83.5,855.299,2422.64,3277.94,0.337565,3474,1150.56,-772.087,3387.12,203.227,-2317.51
84,855.299,2526.93,3382.23,0.337901,3584.95,1188.44,-828.388,3487.93,209.276,-2417.27
84.5,855.299,2630.24,3485.54,0.33821,3694.85,1225.95,-886.229,3586.99,215.22,-2516.1
85,855.299,2732.55,3587.85,0.338492,3803.68,1263.07,-945.562,3684.28,221.057,-2613.97
85.5,855.299,2833.86,3689.16,0.338747,3911.44,1299.79,-1006.34,3779.76,226.786,-2710.88
86,855.299,2934.15,3789.45,0.338976,4018.09,1336.1,-1068.51,3873.42,232.405,-2806.82
86.5,855.299,3033.41,3888.71,0.339178,4123.64,1371.98,-1132.02,3965.21,237.913,-2901.77
87,855.299,3131.64,3986.94,0.339352,4228.06,1407.42,-1196.83,4055.13,243.308,-2995.74
87.5,855.299,3228.82,4084.12,0.3395,4331.35,1442.41,-1262.89,4143.15,248.589,-3088.71
88,855.299,3324.96,4180.26,0.339622,4433.49,1476.93,-1330.14,4229.25,253.755,-3180.67
88.5,855.299,3420.03,4275.33,0.339716,4534.47,1510.97,-1398.54,4313.41,258.805,-3271.61
89,855.299,3514.03,4369.33,0.339783,4634.29,1544.53,-1468.04,4395.62,263.737,-3361.53
89.5,855.299,3606.96,4462.25,0.339823,4732.91,1577.58,-1538.58,4475.85,268.551,-3450.43
90,855.299,3698.8,4554.1,0.339837,4830.35,1610.12,-1610.12,4554.1,273.246,-3538.28
90.5,855.299,3789.55,4644.84,0.339823,4926.58,1642.13,-1682.6,4630.34,277.82,-3625.09
91,855.299,3879.2,4734.5,0.339783,5021.6,1673.61,-1755.98,4704.57,282.274,-3710.85
91.5,855.299,3967.74,4823.04,0.339716,5115.39,1704.55,-1830.21,4776.77,286.606,-3795.56
92,855.299,4055.18,4910.48,0.339622,5207.95,1734.93,-1905.24,4846.94,290.816,-3879.2
92.5,855.299,4141.5,4996.8,0.3395,5299.27,1764.74,-1981.02,4915.06,294.904,-3961.77
93,855.299,4226.69,5081.99,0.339352,5389.34,1793.99,-2057.5,4981.14,298.868,-4043.27
93.5,855.299,4310.76,5166.06,0.339178,5478.16,1822.65,-2134.63,5045.16,302.709,-4123.69
94,855.299,4393.7,5249,0.338976,5565.71,1850.72,-2212.36,5107.11,306.427,-4203.03
94.5,855.299,4475.5,5330.8,0.338747,5651.99,1878.19,-2290.65,5167.01,310.02,-4281.28
95,855.299,4556.16,5411.46,0.338492,5737,1905.05,-2369.45,5224.83,313.49,-4358.44
95.5,855.299,4635.67,5490.97,0.33821,5820.72,1931.31,-2448.7,5280.59,316.835,-4434.5
96,855.299,4714.04,5569.34,0.337901,5903.15,1956.94,-2528.37,5334.27,320.056,-4509.47
96.5,855.299,4791.26,5646.55,0.337565,5984.28,1981.94,-2608.41,5385.9,323.154,-4583.33
97,855.299,4867.32,5722.61,0.337203,6064.12,2006.31,-2688.76,5435.45,326.127,-4656.09
97.5,855.299,4942.22,5797.52,0.336814,6142.66,2030.04,-2769.4,5482.95,328.977,-4727.75
98,855.299,5015.96,5871.26,0.336398,6219.89,2053.12,-2850.26,5528.38,331.703,-4798.29
98.5,855.299,5088.55,5943.84,0.335956,6295.81,2075.55,-2931.31,5571.77,334.306,-4867.72
99,855.299,5159.97,6015.27,0.335487,6370.42,2097.33,-3012.5,5613.11,336.787,-4936.04
99.5,855.299,5230.22,6085.52,0.334992,6443.71,2118.45,-3093.79,5652.42,339.145,-5003.25
100,855.299,5299.31,6154.61,0.334471,6515.68,2138.9,-3175.14,5689.69,341.382,-5069.34
100.5,855.299,5367.24,6222.54,0.333923,6586.34,2158.68,-3256.5,5724.95,343.497,-5134.32
101,855.299,5434,6289.3,0.333348,6655.68,2177.8,-3337.84,5758.2,345.492,-5198.18
101.5,855.299,5499.59,6354.89,0.332748,6723.7,2196.24,-3419.11,5789.46,347.367,-5260.93
102,855.299,5564.02,6419.32,0.332121,6790.4,2214,-3500.27,5818.72,349.123,-5322.56
102.5,855.299,5627.28,6482.58,0.331469,6855.77,2231.09,-3581.29,5846.02,350.761,-5383.08
103,855.299,5689.38,6544.68,0.33079,6919.83,2247.49,-3662.12,5871.37,352.282,-5442.49
103.5,855.299,5750.32,6605.62,0.330085,6982.57,2263.21,-3742.73,5894.77,353.686,-5500.78
104,855.299,5810.09,6665.39,0.329354,7044,2278.25,-3823.08,5916.24,354.975,-5557.96
104.5,855.299,5868.71,6724.01,0.328597,7104.11,2292.61,-3903.14,5935.81,356.149,-5614.03
105,855.299,5926.17,6781.47,0.327815,7162.91,2306.28,-3982.87,5953.49,357.209,-5669
105.5,855.299,5982.47,6837.77,0.327007,7220.4,2319.26,-4062.23,5969.29,358.157,-5722.86
106,855.299,6037.63,6892.93,0.326173,7276.58,2331.57,-4141.19,5983.24,358.994,-5775.62
106.5,855.299,6091.63,6946.93,0.325314,7331.46,2343.18,-4219.72,5995.35,359.721,-5827.28
107,855.299,6144.49,6999.79,0.32443,7385.05,2354.12,-4297.79,6005.65,360.339,-5877.84
107.5,855.299,6196.21,7051.5,0.32352,7437.34,2364.37,-4375.37,6014.16,360.85,-5927.31
108,855.299,6246.79,7102.08,0.322585,7488.34,2373.94,-4452.42,6020.89,361.254,-5975.7
108.5,855.299,6296.23,7151.53,0.321624,7538.06,2382.84,-4528.92,6025.88,361.553,-6023
109,855.299,6344.55,7199.85,0.320639,7586.5,2391.06,-4604.83,6029.14,361.748,-6069.22
109.5,855.299,6391.74,7247.04,0.319628,7633.67,2398.6,-4680.14,6030.69,361.842,-6114.37
110,855.299,6437.82,7293.12,0.318593,7679.58,2405.48,-4754.81,6030.57,361.834,-6158.44
110.5,855.299,6482.78,7338.08,0.317533,7724.23,2411.69,-4828.81,6028.79,361.727,-6201.45
111,855.299,6526.64,7381.94,0.316449,7767.63,2417.23,-4902.13,6025.37,361.522,-6243.41
111.5,855.299,6569.39,7424.69,0.315339,7809.78,2422.12,-4974.74,6020.35,361.221,-6284.3
112,855.299,6611.05,7466.35,0.314206,7850.7,2426.35,-5046.61,6013.75,360.825,-6324.16
112.5,855.299,6651.62,7506.92,0.313048,7890.4,2429.93,-5117.73,6005.6,360.336,-6362.97
113,855.299,6691.11,7546.41,0.311866,7928.88,2432.86,-5188.07,5995.91,359.755,-6400.74
113.5,855.299,6729.52,7584.82,0.31066,7966.14,2435.14,-5257.61,5984.73,359.084,-6437.49
114,855.299,6766.87,7622.17,0.309429,8002.22,2436.8,-5326.34,5972.06,358.324,-6473.21
114.5,855.299,6803.16,7658.46,0.308175,8037.1,2437.82,-5394.23,5957.95,357.477,-6507.93
115,855.299,6838.4,7693.69,0.306898,8070.8,2438.21,-5461.26,5942.42,356.545,-6541.63
115.5,855.299,6872.59,7727.89,0.305596,8103.33,2437.98,-5527.43,5925.5,355.53,-6574.34
116,855.299,6905.75,7761.04,0.304271,8134.71,2437.14,-5592.71,5907.21,354.432,-6606.06
116.5,855.299,6937.88,7793.18,0.302923,8164.94,2435.69,-5657.08,5887.58,353.255,-6636.8
117,855.299,6968.99,7824.29,0.301552,8194.03,2433.64,-5720.55,5866.64,351.998,-6666.56
117.5,855.299,6999.1,7854.39,0.300157,8222,2431,-5783.08,5844.42,350.665,-6695.36
118,855.299,7028.2,7883.5,0.29874,8248.86,2427.77,-5844.67,5820.95,349.257,-6723.2
118.5,855.299,7056.32,7911.62,0.297299,8274.62,2423.96,-5905.31,5796.25,347.775,-6750.1
119,855.299,7083.46,7938.75,0.295836,8299.29,2419.57,-5964.99,5770.36,346.222,-6776.06
119.5,855.299,7109.62,7964.92,0.294351,8322.88,2414.62,-6023.7,5743.3,344.598,-6801.09
120,855.299,7134.83,7990.13,0.292843,8345.42,2409.11,-6081.42,5715.1,342.906,-6825.21
120.5,855.299,7159.09,8014.39,0.291313,8366.91,2403.06,-6138.15,5685.79,341.147,-6848.41
121,855.299,7182.41,8037.71,0.28976,8387.36,2396.46,-6193.89,5655.4,339.324,-6870.72
121.5,855.299,7204.8,8060.1,0.288186,8406.79,2389.32,-6248.62,5623.95,337.437,-6892.14
122,855.299,7226.28,8081.58,0.28659,8425.21,2381.66,-6302.35,5591.48,335.489,-6912.69
122.5,855.299,7246.85,8102.15,0.284972,8442.65,2373.48,-6355.06,5558.01,333.481,-6932.36
123,855.299,7266.53,8121.83,0.283333,8459.1,2364.8,-6406.75,5523.58,331.415,-6951.19
123.5,855.299,7285.32,8140.62,0.281672,8474.59,2355.61,-6457.42,5488.2,329.292,-6969.17
124,855.299,7303.25,8158.55,0.27999,8489.13,2345.94,-6507.07,5451.91,327.115,-6986.32
124.5,855.299,7320.32,8175.61,0.278287,8502.74,2335.78,-6555.69,5414.74,324.884,-7002.64
125,855.299,7336.54,8191.83,0.276563,8515.42,2325.14,-6603.29,5376.71,322.603,-7018.16
125.5,855.299,7351.92,8207.22,0.274818,8527.21,2314.04,-6649.86,5337.85,320.271,-7032.88
126,855.299,7366.49,8221.78,0.273053,8538.1,2302.49,-6695.4,5298.19,317.892,-7046.81
126.5,855.299,7380.24,8235.54,0.271267,8548.13,2290.49,-6739.91,5257.76,315.466,-7059.97
127,855.299,7393.2,8248.5,0.269461,8557.29,2278.05,-6783.4,5216.58,312.995,-7072.36
127.5,855.299,7405.38,8260.68,0.267635,8565.62,2265.19,-6825.88,5174.68,310.481,-7084.01
128,855.299,7416.78,8272.08,0.265789,8573.12,2251.9,-6867.33,5132.08,307.925,-7094.92
128.5,855.299,7427.43,8282.73,0.263923,8579.81,2238.21,-6907.76,5088.81,305.329,-7105.11
129,855.299,7437.34,8292.63,0.262037,8585.71,2224.12,-6947.19,5044.91,302.694,-7114.58
129.5,855.299,7446.51,8301.81,0.260132,8590.84,2209.63,-6985.61,5000.38,300.023,-7123.36
130,855.299,7454.97,8310.27,0.258208,8595.2,2194.77,-7023.03,4955.26,297.316,-7131.45
130.5,855.299,7462.72,8318.02,0.256264,8598.83,2179.53,-7059.45,4909.58,294.575,-7138.87
131,855.299,7469.78,8325.08,0.254302,8601.72,2163.93,-7094.89,4863.35,291.801,-7145.62
131.5,855.299,7476.17,8331.47,0.252321,8603.91,2147.98,-7129.34,4816.61,288.996,-7151.73
132,855.299,7481.9,8337.2,0.250321,8605.4,2131.69,-7162.82,4769.37,286.162,-7157.21
132.5,855.299,7486.98,8342.27,0.248303,8606.22,2115.06,-7195.34,4721.66,283.299,-7162.07
133,855.299,7491.42,8346.72,0.246266,8606.38,2098.1,-7226.9,4673.5,280.41,-7166.32
133.5,855.299,7495.24,8350.54,0.244212,8605.89,2080.83,-7257.51,4624.92,277.495,-7169.98
134,855.299,7498.46,8353.76,0.242139,8604.78,2063.25,-7287.19,4575.93,274.556,-7173.05
134.5,855.299,7501.09,8356.38,0.240049,8603.07,2045.38,-7315.94,4526.57,271.594,-7175.57
135,855.299,7503.13,8358.43,0.237941,8600.76,2027.22,-7343.76,4476.85,268.611,-7177.53
135.5,855.299,7504.62,8359.92,0.235816,8597.87,2008.78,-7370.69,4426.78,265.607,-7178.95
136,855.299,7505.56,8360.86,0.233674,8594.43,1990.06,-7396.71,4376.41,262.584,-7179.84
136.5,855.299,7505.96,8361.26,0.231514,8590.45,1971.09,-7421.85,4325.73,259.544,-7180.23
137,855.299,7505.84,8361.14,0.229338,8585.95,1951.87,-7446.12,4274.78,256.487,-7180.12
137.5,855.299,7505.22,8360.52,0.227145,8580.94,1932.4,-7469.53,4223.57,253.414,-7179.52
138,855.299,7504.11,8359.41,0.224936,8575.44,1912.7,-7492.09,4172.13,250.328,-7178.46
138.5,855.299,7502.52,8357.82,0.22271,8569.46,1892.77,-7513.82,4120.46,247.228,-7176.94
139,855.299,7500.47,8355.77,0.220468,8563.04,1872.62,-7534.73,4068.59,244.116,-7174.98
139.5,855.299,7497.97,8353.27,0.21821,8556.17,1852.26,-7554.83,4016.54,240.993,-7172.59
140,855.299,7495.04,8350.34,0.215937,8548.88,1831.7,-7574.13,3964.33,237.86,-7169.79
140.5,855.299,7491.69,8346.99,0.213648,8541.18,1810.95,-7592.65,3911.96,234.718,-7166.58
141,855.299,7487.94,8343.24,0.211343,8533.1,1790.02,-7610.41,3859.47,231.568,-7162.99
141.5,855.299,7483.8,8339.1,0.209024,8524.65,1768.91,-7627.42,3806.85,228.411,-7159.03
142,855.299,7479.28,8334.58,0.206689,8515.83,1747.62,-7643.68,3754.13,225.248,-7154.71
142.5,855.299,7474.4,8329.7,0.20434,8506.68,1726.18,-7659.23,3701.33,222.08,-7150.04
143,855.299,7469.18,8324.48,0.201975,8497.21,1704.58,-7674.07,3648.46,218.907,-7145.05
143.5,855.299,7463.63,8318.92,0.199597,8487.43,1682.84,-7688.22,3595.52,215.731,-7139.73
144,855.299,7457.75,8313.05,0.197204,8477.36,1660.96,-7701.68,3542.55,212.553,-7134.11
144.5,855.299,7451.58,8306.87,0.194797,8467.01,1638.94,-7714.49,3489.54,209.372,-7128.21
145,855.299,7445.11,8300.41,0.192377,8456.41,1616.8,-7726.65,3436.51,206.191,-7122.02
145.5,855.299,7438.37,8293.67,0.189942,8445.56,1594.54,-7738.18,3383.48,203.009,-7115.57
146,855.299,7431.37,8286.66,0.187494,8434.48,1572.17,-7749.1,3330.46,199.827,-7108.87
146.5,855.299,7424.12,8279.41,0.185033,8423.2,1549.69,-7759.42,3277.45,196.647,-7101.94
147,855.299,7416.63,8271.93,0.182559,8411.71,1527.12,-7769.15,3224.47,193.468,-7094.78
147.5,855.299,7408.93,8264.23,0.180071,8400.05,1504.45,-7778.32,3171.53,190.292,-7087.41
148,855.299,7401.02,8256.32,0.177571,8388.22,1481.69,-7786.93,3118.64,187.118,-7079.84
148.5,855.299,7392.92,8248.22,0.175059,8376.24,1458.86,-7795.01,3065.8,183.948,-7072.09
149,855.299,7384.64,8239.94,0.172534,8364.12,1435.95,-7802.57,3013.03,180.782,-7064.17
149.5,855.299,7376.19,8231.49,0.169997,8351.88,1412.97,-7809.62,2960.34,177.621,-7056.09
150,855.299,7367.59,8222.89,0.167448,8339.53,1389.92,-7816.19,2907.74,174.464,-7047.86
150.5,855.299,7358.85,8214.15,0.164887,8327.09,1366.82,-7822.29,2855.22,171.313,-7039.5
151,855.299,7349.99,8205.28,0.162315,8314.57,1343.66,-7827.92,2802.81,168.168,-7031.02
151.5,855.299,7341.01,8196.31,0.159731,8301.99,1320.46,-7833.12,2750.5,165.03,-7022.43
152,855.299,7331.93,8187.23,0.157136,8289.36,1297.21,-7837.89,2698.31,161.898,-7013.75
152.5,855.299,7322.76,8178.06,0.15453,8276.68,1273.92,-7842.25,2646.23,158.774,-7004.98
153,855.299,7313.52,8168.81,0.151914,8263.99,1250.59,-7846.22,2594.28,155.657,-6996.14
153.5,855.299,7304.21,8159.51,0.149286,8251.28,1227.23,-7849.81,2542.46,152.548,-6987.23
154,855.299,7294.85,8150.15,0.146649,8238.58,1203.85,-7853.04,2490.78,149.447,-6978.28
154.5,855.299,7285.45,8140.75,0.144001,8225.89,1180.45,-7855.92,2439.23,146.354,-6969.29
155,855.299,7276.03,8131.32,0.141343,8213.23,1157.02,-7858.46,2387.83,143.27,-6960.27
155.5,855.299,7266.58,8121.88,0.138675,8200.61,1133.58,-7860.69,2336.58,140.195,-6951.24
156,855.299,7257.14,8112.44,0.135998,8188.04,1110.13,-7862.61,2285.48,137.129,-6942.21
156.5,855.299,7247.7,8103,0.133311,8175.54,1086.66,-7864.24,2234.53,134.072,-6933.18
157,855.299,7238.28,8093.58,0.130615,8163.11,1063.19,-7865.6,2183.74,131.024,-6924.17
157.5,855.299,7228.89,8084.19,0.12791,8150.77,1039.72,-7866.7,2133.11,127.986,-6915.18
158,855.299,7219.54,8074.84,0.125196,8138.54,1016.25,-7867.55,2082.64,124.958,-6906.24
158.5,855.299,7210.24,8065.54,0.122473,8126.41,992.779,-7868.17,2032.33,121.94,-6897.34
159,855.299,7201,8056.3,0.119742,8114.4,969.314,-7868.57,1982.19,118.931,-6888.5
159.5,855.299,7191.83,8047.13,0.117003,8102.53,945.855,-7868.77,1932.21,115.933,-6879.73
160,855.299,7182.75,8038.04,0.114255,8090.8,922.405,-7868.77,1882.4,112.944,-6871.04
160.5,855.299,7173.75,8029.05,0.1115,8079.22,898.966,-7868.6,1832.75,109.965,-6862.44
161,855.299,7164.86,8020.16,0.108737,8067.81,875.54,-7868.25,1783.27,106.996,-6853.93
161.5,855.299,7156.07,8011.37,0.105966,8056.56,852.128,-7867.76,1733.95,104.037,-6845.53
162,855.299,7147.41,8002.71,0.103189,8045.51,828.733,-7867.12,1684.8,101.088,-6837.24
162.5,855.299,7138.88,7994.18,0.100404,8034.64,805.354,-7866.35,1635.81,98.1489,-6829.08
163,855.299,7130.48,7985.78,0.0976122,8023.97,781.994,-7865.47,1586.99,95.2194,-6821.04
163.5,855.299,7122.23,7977.53,0.0948138,8013.52,758.654,-7864.48,1538.33,92.2997,-6813.15
164,855.299,7114.13,7969.43,0.0920089,8003.28,735.335,-7863.39,1489.82,89.3894,-6805.41
164.5,855.299,7106.2,7961.5,0.0891977,7993.27,712.036,-7862.22,1441.48,86.4886,-6797.82
165,855.299,7098.44,7953.73,0.0863804,7983.5,688.761,-7860.98,1393.29,83.5972,-6790.39
165.5,855.299,7090.85,7946.15,0.0835572,7973.97,665.507,-7859.68,1345.25,80.7148,-6783.13
166,855.299,7083.45,7938.75,0.0807283,7964.69,642.278,-7858.32,1297.36,77.8415,-6776.06
166.5,855.299,7076.25,7931.55,0.0778939,7955.67,619.071,-7856.92,1249.62,74.977,-6769.16
167,855.299,7069.24,7924.54,0.0750541,7946.91,595.889,-7855.48,1202.02,72.121,-6762.46
167.5,855.299,7062.44,7917.74,0.0722093,7938.43,572.73,-7854.02,1154.56,69.2735,-6755.96
168,855.299,7055.86,7911.16,0.0693595,7930.22,549.595,-7852.55,1107.24,66.4342,-6749.66
168.5,855.299,7049.49,7904.79,0.066505,7922.3,526.484,-7851.06,1060.05,63.6028,-6743.57
169,855.299,7043.35,7898.65,0.063646,7914.68,503.397,-7849.58,1012.99,60.7791,-6737.7
169.5,855.299,7037.45,7892.74,0.0607826,7907.35,480.333,-7848.11,966.048,57.9629,-6732.05
170,855.299,7031.77,7887.07,0.0579151,7900.32,457.292,-7846.66,919.231,55.1539,-6726.62
170.5,855.299,7026.35,7881.65,0.0550437,7893.6,434.273,-7845.23,872.529,52.3518,-6721.43
171,855.299,7021.17,7876.47,0.0521685,7887.2,411.276,-7843.83,825.938,49.5563,-6716.47
171.5,855.299,7016.24,7871.54,0.0492898,7881.11,388.301,-7842.47,779.452,46.7671,-6711.76
172,855.299,7011.57,7866.87,0.0464077,7875.35,365.345,-7841.15,733.066,43.984,-6707.29
172.5,855.299,7007.16,7862.46,0.0435225,7869.91,342.41,-7839.89,686.776,41.2066,-6703.07
173,855.299,7003.01,7858.31,0.0406343,7864.8,319.493,-7838.67,640.576,38.4346,-6699.11
173.5,855.299,6999.14,7854.44,0.0377434,7860.04,296.594,-7837.52,594.46,35.6676,-6695.4
174,855.299,6995.54,7850.84,0.0348499,7855.61,273.711,-7836.44,548.424,32.9054,-6691.96
174.5,855.299,6992.21,7847.51,0.031954,7851.52,250.845,-7835.42,502.46,30.1476,-6688.77
175,855.299,6989.16,7844.46,0.029056,7847.77,227.993,-7834.48,456.565,27.3939,-6685.86
175.5,855.299,6986.4,7841.7,0.026156,7844.38,205.154,-7833.62,410.731,24.6438,-6683.21
176,855.299,6983.92,7839.22,0.0232543,7841.34,182.328,-7832.84,364.952,21.8971,-6680.84
176.5,855.299,6981.72,7837.02,0.0203509,7838.64,159.513,-7832.14,319.224,19.1534,-6678.74
177,855.299,6979.82,7835.12,0.0174462,7836.31,136.707,-7831.53,273.539,16.4123,-6676.92
177.5,855.299,6978.2,7833.5,0.0145403,7834.33,113.91,-7831.01,227.891,13.6735,-6675.37
178,855.299,6976.88,7832.18,0.0116334,7832.71,91.1192,-7830.59,182.275,10.9365,-6674.11
178.5,855.299,6975.85,7831.15,0.00872576,7831.44,68.3344,-7830.25,136.684,8.20107,-6673.12
179,855.299,6975.11,7830.41,0.0058175,7830.54,45.5539,-7830.01,91.1125,5.46675,-6672.42
179.5,855.299,6974.67,7829.97,0.00290885,7830,22.7763,-7829.87,45.5531,2.73319,-6671.99
180,855.299,6974.52,7829.82,4.08216e-17,7829.82,3.19625e-13,-7829.82,9.58876e-13,5.75326e-14,-6671.85
180.5,855.312,6974.67,7829.98,-0.00290885,7830.01,-22.7763,-7829.88,-45.5532,-2.73319,-6671.99
181,855.354,6975.11,7830.46,-0.0058175,7830.6,-45.5542,-7830.07,-91.1131,-5.46679,-6672.42
181.5,855.422,6975.85,7831.27,-0.00872576,7831.57,-68.3355,-7830.37,-136.687,-8.2012,-6673.12
182,855.518,6976.88,7832.4,-0.0116334,7832.93,-91.1217,-7830.81,-182.28,-10.9368,-6674.11
182.5,855.642,6978.2,7833.84,-0.0145403,7834.67,-113.915,-7831.36,-227.901,-13.6741,-6675.37
183,855.793,6979.82,7835.61,-0.0174462,7836.8,-136.716,-7832.03,-273.556,-16.4134,-6676.92
183.5,855.972,6981.72,7837.69,-0.0203509,7839.32,-159.526,-7832.81,-319.251,-19.1551,-6678.74
184,856.178,6983.92,7840.1,-0.0232543,7842.22,-182.348,-7833.72,-364.993,-21.8996,-6680.84
184.5,856.412,6986.4,7842.81,-0.026156,7845.49,-205.183,-7834.73,-410.789,-24.6473,-6683.21
185,856.674,6989.16,7845.84,-0.029056,7849.15,-228.033,-7835.86,-456.645,-27.3987,-6685.86
185.5,856.963,6992.21,7849.17,-0.031954,7853.18,-250.898,-7837.09,-502.567,-30.154,-6688.77
186,857.281,6995.54,7852.82,-0.0348499,7857.59,-273.781,-7838.42,-548.562,-32.9137,-6691.96
186.5,857.626,6999.14,7856.76,-0.0377434,7862.36,-296.682,-7839.85,-594.637,-35.6782,-6695.4
187,857.999,7003.01,7861.01,-0.0406343,7867.51,-319.603,-7841.37,-640.796,-38.4478,-6699.11
187.5,858.4,7007.16,7865.56,-0.0435225,7873.01,-342.545,-7842.98,-687.047,-41.2228,-6703.07
188,858.829,7011.57,7870.4,-0.0464077,7878.88,-365.509,-7844.67,-733.395,-44.0037,-6707.29
188.5,859.286,7016.24,7875.52,-0.0492898,7885.1,-388.497,-7846.44,-779.847,-46.7908,-6711.76
189,859.771,7021.17,7880.94,-0.0521685,7891.67,-411.51,-7848.28,-826.407,-49.5844,-6716.47
189.5,860.285,7026.35,7886.63,-0.0550437,7898.59,-434.548,-7850.19,-873.081,-52.3849,-6721.43
190,860.827,7031.77,7892.6,-0.0579151,7905.86,-457.612,-7852.16,-919.876,-55.1925,-6726.62
190.5,861.398,7037.45,7898.84,-0.0607826,7913.46,-480.704,-7854.18,-966.795,-58.0077,-6732.05
191,861.997,7043.35,7905.35,-0.063646,7921.39,-503.824,-7856.24,-1013.84,-60.8307,-6737.7
191.5,862.625,7049.49,7912.12,-0.066505,7929.65,-526.972,-7858.34,-1061.03,-63.6618,-6743.57
192,863.282,7055.86,7919.14,-0.0693595,7938.23,-550.15,-7860.47,-1108.35,-66.5012,-6749.66
192.5,863.968,7062.44,7926.41,-0.0722093,7947.12,-573.357,-7862.62,-1155.82,-69.3494,-6755.96
193,864.683,7069.24,7933.92,-0.0750541,7956.32,-596.594,-7864.78,-1203.44,-72.2065,-6762.46
193.5,865.427,7076.25,7941.67,-0.0778939,7965.83,-619.862,-7866.95,-1251.21,-75.0727,-6769.16
194,866.201,7083.45,7949.65,-0.0807283,7975.63,-643.16,-7869.11,-1299.14,-77.9484,-6776.06
194.5,867.004,7090.85,7957.86,-0.0835572,7985.72,-666.488,-7871.25,-1347.23,-80.8337,-6783.13
195,867.837,7098.44,7966.27,-0.0863804,7996.09,-689.846,-7873.37,-1395.48,-83.729,-6790.39
195.5,868.7,7106.2,7974.9,-0.0891977,8006.73,-713.235,-7875.46,-1443.9,-86.6342,-6797.82
196,869.593,7114.13,7983.73,-0.0920089,8017.64,-736.653,-7877.5,-1492.5,-89.5498,-6805.41
196.5,870.517,7122.23,7992.74,-0.0948138,8028.81,-760.101,-7879.48,-1541.26,-92.4757,-6813.15
197,871.47,7130.48,8001.95,-0.0976122,8040.22,-783.578,-7881.4,-1590.2,-95.4123,-6821.04
197.5,872.455,7138.88,8011.33,-0.100404,8051.88,-807.082,-7883.24,-1639.33,-98.3595,-6829.08
198,873.47,7147.41,8020.88,-0.103189,8063.77,-830.614,-7884.98,-1688.63,-101.318,-6837.24
198.5,874.516,7156.07,8030.59,-0.105966,8075.89,-854.172,-7886.63,-1738.11,-104.287,-6845.53
199,875.593,7164.86,8040.45,-0.108737,8088.22,-877.756,-7888.17,-1787.78,-107.267,-6853.93
199.5,876.702,7173.75,8050.45,-0.1115,8100.76,-901.363,-7889.57,-1837.63,-110.258,-6862.44
200,877.842,7182.75,8060.59,-0.114255,8113.49,-924.992,-7890.84,-1887.68,-113.261,-6871.04
200.5,879.015,7191.83,8070.85,-0.117003,8126.41,-948.642,-7891.96,-1937.9,-116.274,-6879.73
201,880.219,7201,8081.22,-0.119742,8139.5,-972.312,-7892.91,-1988.32,-119.299,-6888.5
201.5,881.456,7210.24,8091.69,-0.122473,8152.76,-995.999,-7893.69,-2038.92,-122.335,-6897.34
202,882.725,7219.54,8102.26,-0.125196,8166.18,-1019.7,-7894.28,-2089.71,-125.383,-6906.24
202.5,884.027,7228.89,8112.92,-0.12791,8179.74,-1043.42,-7894.66,-2140.69,-128.441,-6915.18
203,885.363,7238.28,8123.64,-0.130615,8193.43,-1067.14,-7894.82,-2191.85,-131.511,-6924.17
203.5,886.731,7247.7,8134.43,-0.133311,8207.25,-1090.88,-7894.75,-2243.2,-134.592,-6933.18
204,888.134,7257.14,8145.27,-0.135998,8221.18,-1114.62,-7894.43,-2294.73,-137.684,-6942.21
204.5,889.57,7266.58,8156.15,-0.138675,8235.21,-1138.36,-7893.86,-2346.44,-140.786,-6951.24
205,891.04,7276.03,8167.07,-0.141343,8249.33,-1162.11,-7893,-2398.33,-143.9,-6960.27
205.5,892.546,7285.45,8178,-0.144001,8263.53,-1185.85,-7891.86,-2450.39,-147.023,-6969.29
206,894.085,7294.85,8188.93,-0.146649,8277.79,-1209.58,-7890.41,-2502.63,-150.158,-6978.28
206.5,895.661,7304.21,8199.87,-0.149286,8292.1,-1233.31,-7888.64,-2555.04,-153.302,-6987.23
207,897.271,7313.52,8210.79,-0.151914,8306.45,-1257.02,-7886.54,-2607.61,-156.457,-6996.14
207.5,898.917,7322.76,8221.68,-0.15453,8320.83,-1280.71,-7884.08,-2660.34,-159.621,-7004.98
208,900.6,7331.93,8232.53,-0.157136,8335.22,-1304.38,-7881.26,-2713.24,-162.794,-7013.75
208.5,902.319,7341.01,8243.33,-0.159731,8349.62,-1328.03,-7878.06,-2766.28,-165.977,-7022.43
209,904.075,7349.99,8254.06,-0.162315,8364,-1351.65,-7874.46,-2819.47,-169.168,-7031.02
209.5,905.868,7358.85,8264.72,-0.164887,8378.36,-1375.23,-7870.44,-2872.8,-172.368,-7039.5
210,907.699,7367.59,8275.29,-0.167448,8392.67,-1398.78,-7866,-2926.27,-175.576,-7047.86
210.5,909.568,7376.19,8285.76,-0.169997,8406.94,-1422.28,-7861.11,-2979.86,-178.792,-7056.09
211,911.475,7384.64,8296.11,-0.172534,8421.14,-1445.74,-7855.76,-3033.58,-182.015,-7064.17
211.5,913.421,7392.92,8306.34,-0.175059,8435.26,-1469.14,-7849.94,-3087.4,-185.244,-7072.09
212,915.406,7401.02,8316.43,-0.177571,8449.29,-1492.48,-7843.62,-3141.34,-188.48,-7079.84
212.5,917.43,7408.93,8326.36,-0.180071,8463.2,-1515.76,-7836.8,-3195.37,-191.722,-7087.41
213,919.495,7416.63,8336.13,-0.182559,8476.99,-1538.97,-7829.45,-3249.49,-194.97,-7094.78
213.5,921.6,7424.12,8345.72,-0.185033,8490.65,-1562.1,-7821.56,-3303.7,-198.222,-7101.94
214,923.746,7431.37,8355.11,-0.187494,8504.15,-1585.15,-7813.11,-3357.97,-201.478,-7108.87
214.5,925.934,7438.37,8364.3,-0.189942,8517.49,-1608.12,-7804.09,-3412.3,-204.738,-7115.57
215,928.163,7445.11,8373.27,-0.192377,8530.64,-1630.99,-7794.48,-3466.68,-208.001,-7122.02
215.5,930.435,7451.58,8382.01,-0.194797,8543.6,-1653.76,-7784.27,-3521.1,-211.266,-7128.21
216,932.75,7457.75,8390.5,-0.197204,8556.34,-1676.43,-7773.44,-3575.55,-214.533,-7134.11
216.5,935.108,7463.63,8398.73,-0.199597,8568.85,-1698.98,-7761.97,-3630.02,-217.801,-7139.73
217,937.51,7469.18,8406.69,-0.201975,8581.13,-1721.42,-7749.86,-3684.49,-221.069,-7145.05
217.5,939.956,7474.4,8414.36,-0.20434,8593.14,-1743.72,-7737.07,-3738.95,-224.337,-7150.04
218,942.447,7479.28,8421.73,-0.206689,8604.88,-1765.9,-7723.61,-3793.39,-227.603,-7154.71
218.5,944.983,7483.8,8428.78,-0.209024,8616.33,-1787.93,-7709.45,-3847.79,-230.868,-7159.03
219,947.566,7487.94,8435.51,-0.211343,8627.47,-1809.81,-7694.57,-3902.15,-234.129,-7162.99
219.5,950.195,7491.69,8441.89,-0.213648,8638.29,-1831.54,-7678.97,-3956.44,-237.386,-7166.58
220,952.872,7495.04,8447.91,-0.215937,8648.77,-1853.11,-7662.63,-4010.65,-240.639,-7169.79
220.5,955.596,7497.97,8453.57,-0.21821,8658.9,-1874.5,-7645.54,-4064.77,-243.886,-7172.59
221,958.369,7500.47,8458.84,-0.220468,8668.66,-1895.72,-7627.67,-4118.78,-247.127,-7174.98
221.5,961.19,7502.52,8463.71,-0.22271,8678.04,-1916.75,-7609.02,-4172.67,-250.36,-7176.94
222,964.062,7504.11,8468.17,-0.224936,8687.01,-1937.58,-7589.57,-4226.41,-253.585,-7178.46
222.5,966.984,7505.22,8472.21,-0.227145,8695.57,-1958.21,-7569.32,-4279.99,-256.8,-7179.52
223,969.956,7505.84,8475.8,-0.229338,8703.69,-1978.63,-7548.23,-4333.4,-260.004,-7180.12
223.5,972.981,7505.96,8478.94,-0.231514,8711.36,-1998.83,-7526.31,-4386.62,-263.197,-7180.23
224,976.058,7505.56,8481.62,-0.233674,8718.57,-2018.81,-7503.55,-4439.62,-266.377,-7179.84
224.5,979.187,7504.62,8483.81,-0.235816,8725.29,-2038.55,-7479.92,-4492.39,-269.543,-7178.95
225,982.371,7503.13,8485.51,-0.237941,8731.51,-2058.04,-7455.41,-4544.91,-272.694,-7177.53
225.5,985.609,7501.09,8486.7,-0.240049,8737.22,-2077.28,-7430.02,-4597.16,-275.829,-7175.57
226,988.903,7498.46,8487.36,-0.242139,8742.4,-2096.25,-7403.74,-4649.12,-278.947,-7173.05
226.5,992.253,7495.24,8487.5,-0.244212,8747.03,-2114.96,-7376.54,-4700.77,-282.046,-7169.98
227,995.659,7491.42,8487.08,-0.246266,8751.1,-2133.38,-7348.43,-4752.09,-285.126,-7166.32
227.5,999.124,7486.98,8486.1,-0.248303,8754.59,-2151.52,-7319.39,-4803.06,-288.184,-7162.07
228,1002.65,7481.9,8484.54,-0.250321,8757.49,-2169.36,-7289.42,-4853.66,-291.22,-7157.21
228.5,1006.23,7476.17,8482.4,-0.252321,8759.77,-2186.89,-7258.5,-4903.86,-294.232,-7151.73
229,1009.87,7469.78,8479.66,-0.254302,8761.43,-2204.11,-7226.62,-4953.65,-297.219,-7145.62
229.5,1013.57,7462.72,8476.3,-0.256264,8762.45,-2221,-7193.78,-5003,-300.18,-7138.87
230,1017.34,7454.97,8472.31,-0.258208,8762.8,-2237.56,-7159.97,-5051.89,-303.113,-7131.45
230.5,1021.17,7446.51,8467.68,-0.260132,8762.48,-2253.78,-7125.18,-5100.29,-306.017,-7123.36
231,1025.06,7437.34,8462.4,-0.262037,8761.48,-2269.65,-7089.41,-5148.18,-308.891,-7114.58
231.5,1029.02,7427.43,8456.45,-0.263923,8759.76,-2285.15,-7052.64,-5195.54,-311.733,-7105.11
232,1033.04,7416.78,8449.82,-0.265789,8757.33,-2300.29,-7014.89,-5242.35,-314.541,-7094.92
232.5,1037.13,7405.38,8442.51,-0.267635,8754.16,-2315.05,-6976.12,-5288.58,-317.315,-7084.01
233,1041.29,7393.2,8434.49,-0.269461,8750.25,-2329.42,-6936.36,-5334.2,-320.052,-7072.36
233.5,1045.52,7380.24,8425.76,-0.271267,8745.56,-2343.39,-6895.59,-5379.2,-322.752,-7059.97
234,1049.81,7366.49,8416.3,-0.273053,8740.1,-2356.96,-6853.8,-5423.54,-325.412,-7046.81
234.5,1054.18,7351.92,8406.1,-0.274818,8733.84,-2370.12,-6811,-5467.2,-328.032,-7032.88
235,1058.62,7336.54,8395.15,-0.276563,8726.77,-2382.85,-6767.18,-5510.16,-330.61,-7018.16
235.5,1063.13,7320.32,8383.45,-0.278287,8718.88,-2395.15,-6722.35,-5552.39,-333.143,-7002.64
236,1067.72,7303.25,8370.97,-0.27999,8710.16,-2407.02,-6676.49,-5593.86,-335.632,-6986.32
236.5,1072.38,7285.32,8357.71,-0.281672,8700.58,-2418.43,-6629.62,-5634.55,-338.073,-6969.17
237,1077.12,7266.53,8343.65,-0.283333,8690.13,-2429.39,-6581.73,-5674.44,-340.466,-6951.19
237.5,1081.94,7246.85,8328.79,-0.284972,8678.81,-2439.88,-6532.83,-5713.49,-342.809,-6932.36
238,1086.84,7226.28,8313.12,-0.28659,8666.6,-2449.9,-6482.91,-5751.68,-345.101,-6912.69
238.5,1091.82,7204.8,8296.62,-0.288186,8653.48,-2459.43,-6431.98,-5788.98,-347.339,-6892.14
239,1096.88,7182.41,8279.29,-0.28976,8639.44,-2468.48,-6380.05,-5825.37,-349.522,-6870.72
239.5,1102.02,7159.09,8261.11,-0.291313,8624.48,-2477.03,-6327.11,-5860.82,-351.649,-6848.41
240,1107.25,7134.83,8242.08,-0.292843,8608.57,-2485.08,-6273.18,-5895.31,-353.719,-6825.21
240.5,1112.56,7109.62,8222.18,-0.294351,8591.71,-2492.61,-6218.26,-5928.8,-355.728,-6801.09
241,1117.96,7083.46,8201.42,-0.295836,8573.88,-2499.63,-6162.35,-5961.28,-357.677,-6776.06
241.5,1123.45,7056.32,8179.77,-0.297299,8555.07,-2506.11,-6105.47,-5992.71,-359.563,-6750.1
242,1129.03,7028.2,8157.24,-0.29874,8535.28,-2512.07,-6047.61,-6023.07,-361.384,-6723.2
242.5,1134.71,6999.1,8133.8,-0.300157,8514.49,-2517.48,-5988.8,-6052.33,-363.14,-6695.36
243,1140.47,6968.99,8109.46,-0.301552,8492.68,-2522.34,-5929.05,-6080.47,-364.828,-6666.56
243.5,1146.34,6937.88,8084.21,-0.302923,8469.86,-2526.66,-5868.35,-6107.45,-366.447,-6636.8
244,1152.3,6905.75,8058.04,-0.304271,8446,-2530.41,-5806.73,-6133.26,-367.996,-6606.06
244.5,1158.35,6872.59,8030.94,-0.305596,8421.11,-2533.59,-5744.19,-6157.87,-369.472,-6574.34
245,1164.51,6838.4,8002.91,-0.306898,8395.17,-2536.2,-5680.75,-6181.25,-370.875,-6541.63
245.5,1170.77,6803.16,7973.93,-0.308175,8368.17,-2538.24,-5616.43,-6203.38,-372.203,-6507.93
246,1177.13,6766.87,7944.01,-0.309429,8340.1,-2539.69,-5551.24,-6224.23,-373.454,-6473.21
246.5,1183.6,6729.52,7913.13,-0.31066,8310.96,-2540.55,-5485.19,-6243.77,-374.626,-6437.49
247,1190.18,6691.11,7881.29,-0.311866,8280.73,-2540.82,-5418.3,-6261.99,-375.719,-6400.74
247.5,1196.87,6651.62,7848.49,-0.313048,8249.42,-2540.49,-5350.59,-6278.86,-376.731,-6362.97
248,1203.67,6611.05,7814.72,-0.314206,8217,-2539.56,-5282.08,-6294.34,-377.661,-6324.16
248.5,1210.58,6569.39,7779.97,-0.315339,8183.49,-2538.02,-5212.79,-6308.43,-378.506,-6284.3
249,1217.61,6526.64,7744.24,-0.316449,8148.86,-2535.87,-5142.73,-6321.1,-379.266,-6243.41
249.5,1224.75,6482.78,7707.53,-0.317533,8113.12,-2533.11,-5071.93,-6332.32,-379.939,-6201.45
250,1232.01,6437.82,7669.83,-0.318593,8076.26,-2529.73,-5000.41,-6342.07,-380.524,-6158.44
250.5,1239.4,6391.74,7631.15,-0.319628,8038.27,-2525.73,-4928.19,-6350.33,-381.02,-6114.37
251,1246.91,6344.55,7591.46,-0.320639,7999.14,-2521.11,-4855.3,-6357.07,-381.424,-6069.22
251.5,1254.55,6296.23,7550.78,-0.321624,7958.89,-2515.87,-4781.75,-6362.29,-381.737,-6023
252,1262.32,6246.79,7509.1,-0.322585,7917.49,-2509.99,-4707.59,-6365.95,-381.957,-5975.7
252.5,1270.21,6196.21,7466.42,-0.32352,7874.95,-2503.49,-4632.82,-6368.04,-382.082,-5927.31
253,1278.25,6144.49,7422.73,-0.32443,7831.27,-2496.36,-4557.48,-6368.53,-382.112,-5877.84
253.5,1286.41,6091.63,7378.04,-0.325314,7786.44,-2488.6,-4481.59,-6367.41,-382.045,-5827.28
254,1294.72,6037.63,7332.35,-0.326173,7740.46,-2480.2,-4405.19,-6364.67,-381.88,-5775.62
254.5,1303.17,5982.47,7285.64,-0.327007,7693.33,-2471.17,-4328.3,-6360.27,-381.616,-5722.86
255,1311.76,5926.17,7237.93,-0.327815,7645.04,-2461.51,-4250.95,-6354.22,-381.253,-5669
255.5,1320.5,5868.71,7189.21,-0.328597,7595.61,-2451.22,-4173.18,-6346.48,-380.789,-5614.03
256,1329.39,5810.09,7139.48,-0.329354,7545.02,-2440.3,-4095.01,-6337.05,-380.223,-5557.96
256.5,1338.43,5750.32,7088.75,-0.330085,7493.28,-2428.75,-4016.48,-6325.91,-379.555,-5500.78
257,1347.63,5689.38,7037.01,-0.33079,7440.39,-2416.56,-3937.61,-6313.05,-378.783,-5442.49
257.5,1356.99,5627.28,6984.27,-0.331469,7386.34,-2403.75,-3858.45,-6298.45,-377.907,-5383.08
258,1366.51,5564.02,6930.53,-0.332121,7331.15,-2390.32,-3779.02,-6282.1,-376.926,-5322.56
258.5,1376.19,5499.59,6875.78,-0.332748,7274.82,-2376.26,-3699.36,-6264,-375.84,-5260.93
259,1386.04,5434,6820.04,-0.333348,7217.34,-2361.58,-3619.52,-6244.13,-374.648,-5198.18
259.5,1396.07,5367.24,6763.31,-0.333923,7158.73,-2346.28,-3539.51,-6222.48,-373.349,-5134.32
260,1406.27,5299.31,6705.58,-0.334471,7098.98,-2330.38,-3459.38,-6199.04,-371.943,-5069.34
260.5,1416.65,5230.22,6646.87,-0.334992,7038.1,-2313.86,-3379.17,-6173.81,-370.429,-5003.25
261,1427.21,5159.97,6587.17,-0.335487,6976.09,-2296.73,-3298.92,-6146.79,-368.807,-4936.04
261.5,1437.95,5088.55,6526.5,-0.335956,6912.97,-2279.01,-3218.66,-6117.95,-367.077,-4867.72
262,1448.89,5015.96,6464.85,-0.336398,6848.73,-2260.69,-3138.42,-6087.31,-365.239,-4798.29
262.5,1460.02,4942.22,6402.24,-0.336814,6783.38,-2241.78,-3058.26,-6054.86,-363.291,-4727.75
263,1471.35,4867.32,6338.66,-0.337203,6716.94,-2222.29,-2978.21,-6020.59,-361.235,-4656.09
263.5,1482.88,4791.26,6274.13,-0.337565,6649.4,-2202.22,-2898.32,-5984.51,-359.07,-4583.33
264,1494.62,4714.04,6208.66,-0.337901,6580.78,-2181.58,-2818.61,-5946.61,-356.796,-4509.47
264.5,1506.56,4635.67,6142.24,-0.33821,6511.09,-2160.37,-2739.13,-5906.9,-354.414,-4434.5
265,1518.72,4556.16,6074.88,-0.338492,6440.33,-2138.61,-2659.93,-5865.37,-351.922,-4358.44
265.5,1531.1,4475.5,6006.6,-0.338747,6368.52,-2116.29,-2581.04,-5822.04,-349.323,-4281.28
266,1543.71,4393.7,5937.41,-0.338976,6295.66,-2093.44,-2502.51,-5776.91,-346.615,-4203.03
266.5,1556.54,4310.76,5867.3,-0.339178,6221.77,-2070.05,-2424.38,-5729.99,-343.799,-4123.69
267,1569.61,4226.69,5796.3,-0.339352,6146.85,-2046.14,-2346.69,-5681.27,-340.876,-4043.27
267.5,1582.91,4141.5,5724.41,-0.3395,6070.93,-2021.72,-2269.49,-5630.77,-337.846,-3961.77
268,1596.46,4055.18,5651.64,-0.339622,5994.01,-1996.79,-2192.81,-5578.51,-334.71,-3879.2
268.5,1610.25,3967.74,5578,-0.339716,5916.11,-1971.36,-2116.7,-5524.48,-331.469,-3795.56
269,1624.31,3879.2,5503.5,-0.339783,5837.23,-1945.45,-2041.2,-5468.71,-328.123,-3710.85
269.5,1638.62,3789.55,5428.16,-0.339823,5757.41,-1919.06,-1966.36,-5411.21,-324.673,-3625.09
270,1653.19,3698.8,5351.99,-0.339837,5676.64,-1892.21,-1892.21,-5351.99,-321.119,-3538.28
270.5,1668.04,3606.96,5274.99,-0.339823,5594.95,-1864.91,-1818.81,-5291.07,-317.464,-3450.43
271,1683.16,3514.03,5197.19,-0.339783,5512.35,-1837.17,-1746.19,-5228.47,-313.708,-3361.53
271.5,1698.57,3420.03,5118.6,-0.339716,5428.86,-1809,-1674.39,-5164.2,-309.852,-3271.61
272,1714.27,3324.96,5039.22,-0.339622,5344.5,-1780.41,-1603.46,-5098.29,-305.897,-3180.67
272.5,1730.26,3228.82,4959.08,-0.3395,5259.28,-1751.42,-1533.44,-5030.76,-301.846,-3088.71
273,1746.56,3131.64,4878.2,-0.339352,5173.22,-1722.04,-1464.38,-4961.63,-297.698,-2995.74
273.5,1763.16,3033.41,4796.57,-0.339178,5086.35,-1692.29,-1396.31,-4890.94,-293.456,-2901.77
274,1780.08,2934.15,4714.23,-0.338976,4998.67,-1662.17,-1329.27,-4818.69,-289.121,-2806.82
274.5,1797.33,2833.86,4631.18,-0.338747,4910.22,-1631.7,-1263.31,-4744.93,-284.696,-2710.88
275,1814.9,2732.55,4547.45,-0.338492,4821.02,-1600.89,-1198.46,-4669.68,-280.181,-2613.97
275.5,1832.82,2630.24,4463.06,-0.33821,4731.07,-1569.76,-1134.77,-4592.97,-275.578,-2516.1
276,1851.08,2526.93,4378.01,-0.337901,4640.41,-1538.33,-1072.28,-4514.83,-270.89,-2417.27
276.5,1869.69,2422.64,4292.33,-0.337565,4549.06,-1506.61,-1011.02,-4435.29,-266.118,-2317.51
277,1888.67,2317.38,4206.04,-0.337203,4457.05,-1474.61,-951.029,-4354.4,-261.264,-2216.81
277.5,1908.02,2211.15,4119.16,-0.336814,4364.39,-1442.35,-892.352,-4272.19,-256.331,-2115.19
278,1927.74,2103.97,4031.71,-0.336398,4271.11,-1409.85,-835.021,-4188.69,-251.321,-2012.66
278.5,1947.86,1995.85,3943.71,-0.335956,4177.23,-1377.12,-779.073,-4103.94,-246.236,-1909.24
279,1968.37,1886.8,3855.17,-0.335487,4082.79,-1344.17,-724.543,-4017.99,-241.079,-1804.92
279.5,1989.29,1776.84,3766.13,-0.334992,3987.8,-1311.04,-671.466,-3930.87,-235.852,-1699.73
280,2010.63,1665.98,3676.61,-0.334471,3892.3,-1277.72,-619.875,-3842.63,-230.558,-1593.68
280.5,2032.39,1554.22,3586.62,-0.333923,3796.31,-1244.25,-569.803,-3753.31,-225.198,-1486.78
281,2054.59,1441.6,3496.19,-0.333348,3699.86,-1210.63,-521.281,-3662.95,-219.777,-1379.04
281.5,2077.24,1328.11,3405.35,-0.332748,3602.98,-1176.88,-474.339,-3571.62,-214.297,-1270.47
282,2100.35,1213.77,3314.12,-0.332121,3505.69,-1143.03,-429.007,-3479.34,-208.761,-1161.1
282.5,2123.92,1098.6,3222.52,-0.331469,3408.03,-1109.08,-385.313,-3386.18,-203.171,-1050.92
283,2147.98,982.607,3130.58,-0.33079,3310.03,-1075.07,-343.284,-3292.18,-197.531,-939.965
283.5,2172.52,865.812,3038.34,-0.330085,3211.72,-1040.99,-302.945,-3197.4,-191.844,-828.239
284,2197.57,748.228,2945.8,-0.329354,3113.13,-1006.89,-264.322,-3101.89,-186.113,-715.758
284.5,2223.14,629.87,2853.01,-0.328597,3014.29,-972.759,-227.437,-3005.7,-180.342,-602.536
285,2249.24,510.754,2759.99,-0.327815,2915.24,-938.634,-192.312,-2908.89,-174.533,-488.59
285.5,2275.88,390.896,2666.78,-0.327007,2816,-904.528,-158.966,-2811.51,-168.691,-373.933
286,2303.08,270.312,2573.39,-0.326173,2716.62,-870.461,-127.419,-2713.63,-162.818,-258.582
286.5,2330.84,149.019,2479.86,-0.325314,2617.13,-836.451,-97.6875,-2615.3,-156.918,-142.552
287,2359.19,27.0328,2386.22,-0.32443,2517.56,-802.518,-69.787,-2516.59,-150.995,-25.8597
287.5,2388.14,-95.629,2292.51,-0.32352,2417.95,-768.68,-43.7312,-2417.55,-145.053,91.479
288,2417.7,-218.949,2198.75,-0.322585,2318.34,-734.956,-19.5323,-2318.25,-139.095,209.448
288.5,2447.9,-342.91,2104.99,-0.321624,2218.76,-701.367,2.79952,-2218.76,-133.125,328.029
289,2478.74,-467.494,2011.24,-0.320639,2119.25,-667.93,23.2558,-2119.12,-127.147,447.207
289.5,2510.24,-592.683,1917.55,-0.319628,2019.85,-634.666,41.8298,-2019.42,-121.165,566.963
290,2542.42,-718.458,1823.96,-0.318593,1920.61,-601.594,58.517,-1919.72,-115.183,687.28
290.5,2575.29,-844.802,1730.49,-0.317533,1821.55,-568.733,73.3146,-1820.08,-109.205,808.141
291,2608.88,-971.695,1637.19,-0.316449,1722.73,-536.102,86.222,-1720.57,-103.234,929.527
291.5,2643.21,-1099.12,1544.09,-0.315339,1624.18,-503.721,97.2404,-1621.26,-97.2758,1051.42
292,2678.29,-1227.05,1451.23,-0.314206,1525.94,-471.609,106.373,-1522.23,-91.3337,1173.8
292.5,2714.14,-1355.48,1358.66,-0.313048,1428.06,-439.786,113.627,-1423.54,-85.4121,1296.66
293,2750.78,-1484.38,1266.4,-0.311866,1330.59,-408.27,119.008,-1325.25,-79.5152,1419.96
293.5,2788.23,-1613.73,1174.51,-0.31066,1233.56,-377.081,122.528,-1227.45,-73.6473,1543.7
294,2826.52,-1743.51,1083.02,-0.309429,1137.02,-346.238,124.198,-1130.21,-67.8127,1667.84
294.5,2865.67,-1873.7,991.97,-0.308175,1041.01,-315.761,124.033,-1033.6,-62.0159,1792.39
295,2905.69,-2004.28,901.412,-0.306898,945.595,-285.667,122.051,-937.685,-56.2611,1917.3
295.5,2946.62,-2135.24,811.388,-0.305596,850.807,-255.975,118.272,-842.547,-50.5528,2042.57
296,2988.48,-2266.54,721.941,-0.304271,756.7,-226.706,112.716,-748.258,-44.8955,2168.18
296.5,3031.29,-2398.17,633.119,-0.302923,663.321,-197.876,105.41,-654.892,-39.2935,2294.1
297,3075.07,-2530.11,544.968,-0.301552,570.72,-169.505,96.3799,-562.524,-33.7514,2420.31
297.5,3119.86,-2662.33,457.536,-0.300157,478.95,-141.611,85.6559,-471.228,-28.2737,2546.79
298,3165.68,-2794.81,370.872,-0.29874,388.06,-114.212,73.2705,-381.08,-22.8648,2673.53
298.5,3212.57,-2927.54,285.026,-0.297299,298.103,-87.326,59.2589,-292.154,-17.5292,2800.5
299,3260.53,-3060.49,200.049,-0.295836,209.134,-60.9708,43.6592,-204.526,-12.2715,2927.67
299.5,3309.62,-3193.63,115.992,-0.294351,121.205,-35.1638,26.5122,-118.27,-7.09619,3055.04
300,3359.86,-3326.95,32.9095,-0.292843,34.3729,-9.92259,7.86154,-33.4618,-2.00771,3182.57
300.5,3411.27,-3460.42,-49.1452,-0.291313,-51.3069,14.7358,-12.2462,49.8239,2.98944,3310.25
301,3463.9,-3594.02,-130.117,-0.28976,-135.777,38.7945,-33.7617,131.513,7.89075,3438.05
301.5,3517.78,-3727.73,-209.949,-0.288186,-218.98,62.2369,-56.6324,211.53,12.6918,3565.96
302,3572.93,-3861.52,-288.585,-0.28659,-300.856,85.0466,-80.8029,289.802,17.3881,3693.94
302.5,3629.4,-3995.37,-365.965,-0.284972,-381.345,107.208,-106.215,366.254,21.9753,3821.98
303,3687.23,-4129.26,-442.03,-0.283333,-460.386,128.704,-132.806,440.815,26.4489,3950.06
303.5,3746.44,-4263.16,-516.719,-0.281672,-537.917,149.52,-160.513,513.41,30.8046,4078.16
304,3807.09,-4397.06,-589.969,-0.27999,-613.875,169.642,-189.267,583.969,35.0381,4206.24
304.5,3869.2,-4530.92,-661.718,-0.278287,-688.194,189.053,-218.998,652.42,39.1452,4334.29
305,3932.82,-4664.72,-731.9,-0.276563,-760.811,207.74,-249.63,718.692,43.1215,4462.29
305.5,3998,-4798.45,-800.449,-0.274818,-831.658,225.688,-281.087,782.716,46.963,4590.22
306,4064.77,-4932.07,-867.299,-0.273053,-900.666,242.885,-313.287,844.423,50.6654,4718.04
306.5,4133.19,-5065.57,-932.379,-0.271267,-967.768,259.316,-346.148,903.746,54.2248,4845.74
307,4203.29,-5198.91,-995.62,-0.269461,-1032.89,274.968,-379.58,960.618,57.6371,4973.3
307.5,4275.13,-5332.08,-1056.95,-0.267635,-1095.97,289.83,-413.493,1014.97,60.8984,5100.69
308,4348.75,-5465.05,-1116.3,-0.265789,-1156.92,303.889,-447.794,1066.75,64.0049,5227.88
308.5,4424.2,-5597.79,-1173.59,-0.263923,-1215.68,317.134,-482.384,1115.88,66.9528,5354.87
309,4501.54,-5730.29,-1228.74,-0.262037,-1272.17,329.554,-517.162,1162.31,69.7385,5481.61
309.5,4580.82,-5862.51,-1281.69,-0.260132,-1326.31,341.138,-552.023,1205.97,72.3583,5608.1
310,4662.1,-5994.44,-1332.34,-0.258208,-1378.02,351.876,-586.859,1246.81,74.8088,5734.3
310.5,4745.42,-6126.04,-1380.62,-0.256264,-1427.23,361.758,-621.56,1284.78,77.0866,5860.2
311,4830.85,-6257.3,-1426.45,-0.254302,-1473.85,370.777,-656.008,1319.81,79.1885,5985.76
311.5,4918.45,-6388.2,-1469.74,-0.252321,-1517.81,378.923,-690.086,1351.86,81.1113,6110.97
312,5008.28,-6518.7,-1510.42,-0.250321,-1559.01,386.189,-723.671,1380.87,82.8521,6235.81
312.5,5100.4,-6648.78,-1548.38,-0.248303,-1597.37,392.567,-756.637,1406.8,84.4079,6360.24
313,5194.87,-6778.41,-1583.54,-0.246266,-1632.8,398.052,-788.855,1429.6,85.776,6484.26
313.5,5291.77,-6907.58,-1615.82,-0.244212,-1665.23,402.638,-820.192,1449.23,86.9538,6607.82
314,5391.15,-7036.26,-1645.11,-0.242139,-1694.55,406.319,-850.511,1465.65,87.9389,6730.92
314.5,5493.09,-7164.43,-1671.34,-0.240049,-1720.68,409.091,-879.672,1478.82,88.7291,6853.52
315,5597.66,-7292.05,-1694.39,-0.237941,-1743.52,410.95,-907.531,1488.7,89.3221,6975.61
315.5,5704.93,-7419.12,-1714.18,-0.235816,-1762.97,411.895,-933.94,1495.27,89.7162,7097.15
316,5814.98,-7545.59,-1730.61,-0.233674,-1778.96,411.922,-958.75,1498.49,89.9096,7218.14
316.5,5927.88,-7671.45,-1743.57,-0.231514,-1791.36,411.031,-981.806,1498.35,89.9007,7338.54
317,6043.71,-7796.68,-1752.97,-0.229338,-1800.1,409.221,-1002.95,1494.8,89.6883,7458.33
317.5,6162.55,-7921.24,-1758.69,-0.227145,-1805.06,406.493,-1022.02,1487.85,89.2712,7577.49
318,6284.48,-8045.12,-1760.64,-0.224936,-1806.14,402.849,-1038.86,1477.48,88.6485,7695.99
318.5,6409.58,-8168.3,-1758.72,-0.22271,-1803.25,398.29,-1053.29,1463.66,87.8197,7813.82
319,6537.94,-8290.74,-1752.8,-0.220468,-1796.28,392.821,-1065.14,1446.41,86.7843,7930.95
319.5,6669.64,-8412.42,-1742.78,-0.21821,-1785.12,386.446,-1074.25,1425.7,85.5422,8047.36
320,6804.77,-8533.33,-1728.56,-0.215937,-1769.66,379.171,-1080.43,1401.56,84.0935,8163.02
320.5,6943.42,-8653.44,-1710.02,-0.213648,-1749.8,371.003,-1083.5,1373.98,82.4387,8277.91
321,7085.68,-8772.72,-1687.04,-0.211343,-1725.43,361.949,-1083.29,1342.97,80.5784,8392.01
321.5,7231.64,-8891.15,-1659.51,-0.209024,-1696.43,352.018,-1079.61,1308.56,78.5137,8505.31
322,7381.39,-9008.71,-1627.32,-0.206689,-1662.71,341.222,-1072.27,1270.76,76.2459,8617.76
322.5,7535.02,-9125.37,-1590.35,-0.20434,-1624.14,329.571,-1061.08,1229.61,73.7767,8729.36
323,7692.63,-9241.12,-1548.49,-0.201975,-1580.62,317.08,-1045.85,1185.13,71.108,8840.09
323.5,7854.31,-9355.92,-1501.61,-0.199597,-1532.02,303.761,-1026.39,1137.37,68.2423,8949.91
324,8020.16,-9469.76,-1449.6,-0.197204,-1478.25,289.632,-1002.51,1086.37,65.1823,9058.81
324.5,8190.27,-9582.62,-1392.35,-0.194797,-1419.19,274.709,-974.007,1032.18,61.9311,9166.77
325,8364.74,-9694.47,-1329.73,-0.192377,-1354.72,259.012,-940.687,974.871,58.4923,9273.76
325.5,8543.65,-9805.28,-1261.63,-0.189942,-1284.74,242.561,-902.354,914.495,54.8697,9379.77
326,8727.12,-9915.05,-1187.93,-0.187494,-1209.12,225.378,-858.812,851.131,51.0679,9484.77
326.5,8915.21,-10023.7,-1108.53,-0.185033,-1127.78,207.488,-809.866,784.859,47.0915,9588.75
327,9108.04,-10131.3,-1023.3,-0.182559,-1040.59,188.915,-755.32,715.766,42.946,9691.68
327.5,9305.69,-10237.8,-932.134,-0.180071,-947.454,169.689,-694.98,643.95,38.637,9793.54
328,9508.24,-10343.2,-834.927,-0.177571,-848.265,149.837,-628.656,569.513,34.1708,9894.31
328.5,9715.78,-10447.3,-731.57,-0.175059,-742.925,129.392,-556.159,492.57,29.5542,9993.97
329,9928.39,-10550.4,-621.963,-0.172534,-631.336,108.387,-477.302,413.241,24.7944,10092.5
329.5,10146.2,-10652.2,-506.005,-0.169997,-513.406,86.8577,-391.905,331.656,19.8994,10189.9
330,10369.1,-10752.7,-383.605,-0.167448,-389.046,64.841,-299.791,247.956,14.8774,10286.1
330.5,10597.4,-10852.1,-254.672,-0.164887,-258.174,42.377,-200.788,162.29,9.73739,10381.1
331,10831,-10950.2,-119.126,-0.162315,-120.713,19.5075,-94.7324,74.815,4.4889,10475
331.5,11070.1,-11047,23.1106,-0.159731,23.4086,-3.72321,18.5334,-14.2995,-0.857967,10567.6
332,11314.6,-11142.5,172.105,-0.157136,174.252,-27.2688,139.158,-104.875,-6.29252,10658.9
332.5,11564.6,-11236.7,327.917,-0.15453,331.872,-51.0804,267.28,-196.724,-11.8035,10749
333,11820.1,-11329.5,490.597,-0.151914,496.313,-75.1071,403.027,-289.647,-17.3788,10837.9
333.5,12081.2,-11421,660.185,-0.149286,667.61,-99.2954,546.516,-383.436,-23.0061,10925.4
334,12347.8,-11511.1,836.708,-0.146649,845.786,-123.589,697.85,-477.87,-28.6722,11011.6
334.5,12620,-11599.8,1020.18,-0.144001,1030.85,-147.931,857.116,-572.721,-34.3632,11096.5
335,12897.8,-11687.2,1210.61,-0.141343,1222.81,-172.26,1024.39,-667.747,-40.0648,11180
335.5,13181,-11773,1407.98,-0.138675,1421.63,-196.513,1199.72,-762.7,-45.762,11262.1
336,13469.7,-11857.5,1612.26,-0.135998,1627.29,-220.626,1383.14,-857.318,-51.4391,11342.9
336.5,13763.9,-11940.5,1823.41,-0.133311,1839.73,-244.53,1574.67,-951.332,-57.0799,11422.3
337,14063.3,-12022,2041.35,-0.130615,2058.89,-268.158,1774.3,-1044.46,-62.6676,11500.2
337.5,14368,-12102,2266.01,-0.12791,2284.68,-291.436,1981.99,-1136.42,-68.185,11576.8
338,14677.7,-12180.4,2497.27,-0.125196,2516.97,-314.292,2197.7,-1226.9,-73.6141,11651.9
338.5,14992.4,-12257.4,2735.01,-0.122473,2755.65,-336.65,2421.32,-1315.61,-78.9366,11725.5
339,15311.9,-12332.8,2979.07,-0.119742,3000.55,-358.434,2652.75,-1402.23,-84.1338,11797.6
339.5,15635.9,-12406.7,3229.26,-0.117003,3251.49,-379.565,2891.83,-1486.44,-89.1863,11868.3
340,15964.3,-12479,3485.38,-0.114255,3508.25,-399.964,3138.39,-1567.91,-94.0748,11937.4
340.5,16296.9,-12549.7,3747.19,-0.1115,3770.6,-419.551,3392.21,-1646.32,-98.7794,12005.1
341,16633.2,-12618.8,4014.42,-0.108737,4038.27,-438.244,3653.03,-1721.33,-103.28,12071.1
341.5,16973,-12686.2,4286.77,-0.105966,4310.95,-455.961,3920.56,-1792.61,-107.557,12135.7
342,17316,-12752.1,4563.9,-0.103189,4588.31,-472.621,4194.48,-1859.81,-111.589,12198.7
342.5,17661.7,-12816.3,4845.45,-0.100404,4869.98,-488.143,4474.4,-1922.61,-115.356,12260.1
343,18009.8,-12878.8,5131.02,-0.0976122,5155.56,-502.447,4759.92,-1980.66,-118.839,12319.9
343.5,18359.9,-12939.7,5420.16,-0.0948138,5444.62,-515.452,5050.56,-2033.63,-122.018,12378.2
344,18711.3,-12998.9,5712.41,-0.0920089,5736.68,-527.081,5345.84,-2081.22,-124.873,12434.8
344.5,19063.6,-13056.4,6007.25,-0.0891977,6031.23,-537.258,5645.19,-2123.09,-127.385,12489.8
345,19416.3,-13112.2,6304.13,-0.0863804,6327.72,-545.912,5948.03,-2158.94,-129.536,12543.2
345.5,19768.7,-13166.2,6602.46,-0.0835572,6625.58,-552.971,6253.71,-2188.48,-131.309,12594.9
346,20120.2,-13218.6,6901.63,-0.0807283,6924.18,-558.37,6561.54,-2211.44,-132.686,12644.9
346.5,20470.2,-13269.2,7200.98,-0.0778939,7222.88,-562.049,6870.8,-2227.55,-133.653,12693.4
347,20817.8,-13318,7499.8,-0.0750541,7520.97,-563.95,7180.72,-2236.58,-134.195,12740.1
347.5,21162.5,-13365.1,7797.38,-0.0722093,7817.75,-564.024,7490.48,-2238.32,-134.299,12785.1
348,21503.4,-13410.5,8092.96,-0.0693595,8112.47,-562.225,7799.22,-2232.56,-133.954,12828.5
348.5,21839.8,-13454,8385.75,-0.066505,8404.33,-558.518,8106.05,-2219.15,-133.149,12870.2
349,22170.7,-13495.8,8674.93,-0.063646,8692.53,-552.871,8410.06,-2197.97,-131.878,12910.1
349.5,22495.4,-13535.7,8959.68,-0.0607826,8976.25,-545.264,8710.28,-2168.91,-130.134,12948.3
350,22813,-13573.9,9239.13,-0.0579151,9254.64,-535.684,9005.74,-2131.9,-127.914,12984.9
350.5,23122.7,-13610.3,9512.41,-0.0550437,9526.83,-524.127,9295.44,-2086.94,-125.216,13019.6
351,23423.4,-13644.8,9778.63,-0.0521685,9791.96,-510.6,9578.37,-2034.03,-122.042,13052.7
351.5,23714.4,-13677.5,10036.9,-0.0492898,10049.1,-495.118,9853.49,-1973.23,-118.394,13083.9
352,23994.7,-13708.4,10286.4,-0.0464077,10297.5,-477.71,10119.8,-1904.65,-114.279,13113.5
352.5,24263.5,-13737.4,10526.1,-0.0435225,10536.1,-458.412,10376.2,-1828.42,-109.705,13141.2
353,24519.8,-13764.6,10755.3,-0.0406343,10764.1,-437.273,10621.8,-1744.75,-104.685,13167.3
353.5,24762.9,-13789.9,10972.9,-0.0377434,10980.8,-414.352,10855.5,-1653.86,-99.2316,13191.5
354,24991.7,-13813.4,11178.3,-0.0348499,11185.1,-389.721,11076.4,-1556.04,-93.3624,13213.9
354.5,25205.7,-13835,11370.6,-0.031954,11376.4,-363.461,11283.5,-1451.61,-87.0969,13234.6
355,25403.8,-13854.8,11549.1,-0.029056,11553.9,-335.664,11475.9,-1340.95,-80.4572,13253.5
355.5,25585.6,-13872.7,11712.9,-0.026156,11716.9,-306.432,11652.7,-1224.47,-73.4682,13270.6
356,25750.1,-13888.7,11861.4,-0.0232543,11864.6,-275.879,11813.3,-1102.62,-66.1571,13286
356.5,25896.9,-13902.8,11994.1,-0.0203509,11996.6,-244.124,11956.8,-975.889,-58.5534,13299.5
357,26025.3,-13915.1,12110.2,-0.0174462,12112.1,-211.299,12082.6,-844.809,-50.6886,13311.2
357.5,26134.8,-13925.4,12209.4,-0.0145403,12210.7,-177.541,12190,-709.938,-42.5963,13321.1
358,26225.1,-13933.9,12291.1,-0.0116334,12292,-142.994,12278.7,-571.862,-34.3117,13329.3
358.5,26295.6,-13940.5,12355.1,-0.00872576,12355.6,-107.81,12348,-431.192,-25.8715,13335.6
359,26346.3,-13945.3,12401,-0.0058175,12401.2,-72.1436,12397.8,-288.56,-17.3136,13340.1
359.5,26376.7,-13948.1,12428.6,-0.00290885,12428.7,-36.1531,12427.8,-144.61,-8.67662,13342.8
360,52773.7,-13949,38824.7,0,38824.7,0,38824.7,0,0,13343.7
360.5,52773.7,-13948.1,38825.6,0.00290885,38825.8,112.938,38823.2,451.747,27.1048,13342.8
361,52773.7,-13945.3,38828.5,0.0058175,38829.1,225.887,38818.6,903.503,54.2102,13340.1
361.5,52773.7,-13940.5,38833.2,0.00872576,38834.7,338.858,38811,1355.28,81.3166,13335.6
362,52773.7,-13933.9,38839.8,0.0116334,38842.4,451.86,38800.4,1807.07,108.424,13329.3
362.5,52773.7,-13925.4,38848.3,0.0145403,38852.4,564.906,38786.7,2258.91,135.534,13321.1
363,52773.7,-13915.1,38858.7,0.0174462,38864.6,678.005,38769.9,2710.78,162.647,13311.2
363.5,52773.7,-13902.8,38870.9,0.0203509,38879,791.168,38750.1,3162.71,189.762,13299.5
364,52773.7,-13888.7,38885.1,0.0232543,38895.6,904.406,38727.3,3614.69,216.881,13286
364.5,52773.7,-13872.7,38901.1,0.026156,38914.4,1017.73,38701.3,4066.74,244.004,13270.6
365,52773.7,-13854.8,38919,0.029056,38935.4,1131.15,38672.3,4518.85,271.131,13253.5
365.5,52773.7,-13835,38938.7,0.031954,38958.6,1244.67,38640.2,4971.05,298.263,13234.6
366,52773.7,-13813.4,38960.3,0.0348499,38984,1358.31,38604.9,5423.34,325.4,13213.9
366.5,52773.7,-13789.9,38983.8,0.0377434,39011.6,1472.08,38566.6,5875.71,352.543,13191.5
367,52773.7,-13764.6,39009.2,0.0406343,39041.4,1585.98,38525.1,6328.18,379.691,13167.3
367.5,52773.7,-13737.4,39036.3,0.0435225,39073.3,1700.03,38480.5,6780.75,406.845,13141.2
368,52773.7,-13708.4,39065.4,0.0464077,39107.5,1814.24,38432.7,7233.43,434.006,13113.5
368.5,52773.7,-13677.5,39096.2,0.0492898,39143.8,1928.61,38381.7,7686.22,461.173,13083.9
369,52773.7,-13644.8,39129,0.0521685,39182.3,2043.15,38327.6,8139.11,488.347,13052.7
369.5,52773.7,-13610.3,39163.5,0.0550437,39222.9,2157.88,38270.2,8592.13,515.528,13019.6
370,52773.7,-13573.9,39199.8,0.0579151,39265.7,2272.8,38209.6,9045.25,542.715,12984.9
370.5,52773.7,-13535.7,39238,0.0607826,39310.6,2387.93,38145.8,9498.5,569.91,12948.3
371,52773.7,-13495.8,39278,0.063646,39357.6,2503.26,38078.7,9951.86,597.112,12910.1
371.5,52773.7,-13454,39319.7,0.066505,39406.8,2618.82,38008.3,10405.3,624.32,12870.2
372,52773.7,-13410.5,39363.3,0.0693595,39458.1,2734.6,37934.5,10858.9,651.536,12828.5
372.5,52773.7,-13365.1,39408.6,0.0722093,39511.6,2850.62,37857.5,11312.6,678.758,12785.1
373,52773.7,-13318,39455.7,0.0750541,39567.1,2966.89,37777,11766.4,705.987,12740.1
373.5,52773.7,-13269.2,39504.5,0.0778939,39624.7,3083.4,37693.2,12220.4,733.222,12693.4
374,52773.7,-13218.6,39555.2,0.0807283,39684.4,3200.17,37606,12674.4,760.462,12644.9
374.5,52773.7,-13166.2,39607.5,0.0835572,39746.2,3317.21,37515.3,13128.5,787.709,12594.9
375,52773.7,-13112.2,39661.6,0.0863804,39810,3434.53,37421.2,13582.7,814.96,12543.2
375.5,52773.7,-13056.4,39717.4,0.0891977,39875.9,3552.12,37323.6,14036.9,842.216,12489.8
376,52773.7,-12998.9,39774.9,0.0920089,39943.8,3670,37222.5,14491.3,869.476,12434.8
376.5,52773.7,-12939.7,39834,0.0948138,40013.8,3788.17,37117.8,14945.7,896.739,12378.2
377,52773.7,-12878.8,39894.9,0.0976122,40085.7,3906.65,37009.5,15400.1,924.005,12319.9
377.5,52773.7,-12816.3,39957.5,0.100404,40159.7,4025.42,36897.6,15854.6,951.273,12260.1
378,52443.9,-12752.1,39691.8,0.103189,39904,4110.34,36479,16174.6,970.476,12198.7
378.5,51524.5,-12686.2,38838.2,0.105966,39057.3,4131.02,35520.4,16241.1,974.466,12135.7
379,50611.4,-12618.8,37992.7,0.108737,38218.4,4147.56,34572.5,16290.8,977.448,12071.1
379.5,49705.6,-12549.7,37156,0.1115,37388.2,4160.14,33636.1,16324.4,979.467,12005.1
380,48808,-12479,36329.1,0.114255,36567.5,4168.94,32712.3,16342.8,980.567,11937.4
380.5,47919.3,-12406.7,35512.6,0.117003,35757.1,4174.13,31801.9,16346.6,980.795,11868.3
381,47040.3,-12332.8,34707.5,0.119742,34957.8,4175.92,30905.7,16336.6,980.196,11797.6
381.5,46171.6,-12257.4,33914.2,0.122473,34170.1,4174.46,30024.4,16313.6,978.814,11725.5
382,45313.7,-12180.4,33133.3,0.125196,33394.6,4169.95,29158.5,16278.3,976.695,11651.9
382.5,44467.3,-12102,32365.3,0.12791,32631.9,4162.56,28308.7,16231.4,973.882,11576.8
383,43632.7,-12022,31610.7,0.130615,31882.3,4152.47,27475.3,16173.7,970.419,11500.2
383.5,42810.3,-11940.5,30869.9,0.133311,31146.2,4139.84,26658.8,16105.8,966.348,11422.3
384,42000.5,-11857.5,30143.1,0.135998,30424,4124.85,25859.3,16028.5,961.712,11342.9
384.5,41203.7,-11773,29430.6,0.138675,29715.9,4107.66,25077.3,15942.5,956.549,11262.1
385,40419.9,-11687.2,28732.7,0.141343,29022.1,4088.43,24312.9,15848.4,950.901,11180
385.5,39649.4,-11599.8,28049.6,0.144001,28342.9,4067.32,23566.1,15746.8,944.805,11096.5
386,38892.4,-11511.1,27381.3,0.146649,27678.4,4044.47,22837.2,15638.3,938.299,11011.6
386.5,38149,-11421,26728,0.149286,27028.6,4020.04,22126.1,15523.7,931.419,10925.4
387,37419.3,-11329.5,26089.8,0.151914,26393.7,3994.17,21432.8,15403.3,924.2,10837.9
387.5,36703.2,-11236.7,25466.6,0.15453,25773.7,3966.99,20757.4,15277.9,916.675,10749
388,36000.9,-11142.5,24858.4,0.157136,25168.5,3938.63,20099.6,15147.9,908.876,10658.9
388.5,35312.3,-11047,24265.3,0.159731,24578.2,3909.23,19459.4,15013.9,900.834,10567.6
389,34637.3,-10950.2,23687.2,0.162315,24002.6,3878.9,18836.7,14876.3,892.58,10475
389.5,33976,-10852.1,23123.9,0.164887,23441.8,3847.77,18231.3,14735.7,884.141,10381.1
390,33328.1,-10752.7,22575.4,0.167448,22895.6,3815.94,17642.9,14592.4,875.544,10286.1
390.5,32693.7,-10652.2,22041.6,0.169997,22363.9,3783.52,17071.4,14446.9,866.816,10189.9
391,32072.6,-10550.4,21522.3,0.172534,21846.6,3750.61,16516.5,14299.7,857.982,10092.5
391.5,31464.7,-10447.3,21017.3,0.175059,21343.5,3717.32,15977.9,14151.1,849.064,9993.97
392,30869.7,-10343.2,20526.6,0.177571,20854.5,3683.73,15455.4,14001.4,840.084,9894.31
392.5,30287.6,-10237.8,20049.8,0.180071,20379.3,3649.94,14948.7,13851.1,831.065,9793.54
393,29718.2,-10131.3,19586.9,0.182559,19917.9,3616.02,14457.5,13700.4,822.026,9691.68
393.5,29161.3,-10023.7,19137.6,0.185033,19469.9,3582.06,13981.5,13549.8,812.986,9588.75
394,28616.7,-9915.05,18701.7,0.187494,19035.3,3548.13,13520.3,13399.4,803.963,9484.77
394.5,28084.2,-9805.28,18279,0.189942,18613.7,3514.31,13073.6,13249.6,794.973,9379.77
395,27563.7,-9694.47,17869.2,0.192377,18205,3480.66,12641.2,13100.5,786.033,9273.76
395.5,27054.8,-9582.62,17472.2,0.194797,17809,3447.25,12222.6,12952.6,777.156,9166.77
396,26557.4,-9469.76,17087.7,0.197204,17425.4,3414.13,11817.4,12806,768.358,9058.81
396.5,26071.3,-9355.92,16715.4,0.199597,17054,3381.37,11425.5,12660.8,759.651,8949.91
397,25596.3,-9241.12,16355.2,0.201975,16694.6,3349.01,11046.3,12517.4,751.046,8840.09
397.5,25132.1,-9125.37,16006.8,0.20434,16346.8,3317.11,10679.7,12375.9,742.556,8729.36
398,24678.6,-9008.71,15669.9,0.206689,16010.6,3285.71,10325.1,12236.5,734.191,8617.76
398.5,24235.4,-8891.15,15344.3,0.209024,15685.7,3254.86,9982.37,12099.3,725.959,8505.31
399,23802.5,-8772.72,15029.8,0.211343,15371.8,3224.59,9651.02,11964.5,717.871,8392.01
399.5,23379.5,-8653.44,14726.1,0.213648,15068.7,3194.95,9330.77,11832.2,709.935,8277.91
400,22966.3,-8533.33,14433,0.215937,14776.1,3165.97,9021.26,11702.6,702.157,8163.02
400.5,22562.7,-8412.42,14150.2,0.21821,14493.9,3137.68,8722.15,11575.8,694.545,8047.36
401,22168.3,-8290.74,13877.6,0.220468,14221.8,3110.12,8433.12,11451.7,687.105,7930.95
401.5,21783.1,-8168.3,13614.8,0.22271,13959.6,3083.3,8153.84,11330.7,679.842,7813.82
402,21406.8,-8045.12,13361.7,0.224936,13707,3057.26,7883.97,11212.7,672.762,7695.99
402.5,21039.2,-7921.24,13118,0.227145,13463.8,3032.01,7623.2,11097.8,665.869,7577.49
403,20680.1,-7796.68,12883.5,0.229338,13229.9,3007.58,7371.21,10986.1,659.167,7458.33
403.5,20329.4,-7671.45,12657.9,0.231514,13004.9,2983.99,7127.68,10877.6,652.659,7338.54
404,19986.7,-7545.59,12441.1,0.233674,12788.7,2961.25,6892.32,10772.5,646.348,7218.14
404.5,19651.9,-7419.12,12232.8,0.235816,12581,2939.38,6664.82,10670.6,640.236,7097.15
405,19324.9,-7292.05,12032.8,0.237941,12381.7,2918.39,6444.89,10572.1,634.327,6975.61
405.5,19005.4,-7164.43,11841,0.240049,12190.5,2898.29,6232.23,10477,628.621,6853.52
406,18693.2,-7036.26,11657,0.242139,12007.3,2879.1,6026.57,10385.3,623.119,6730.92
406.5,18388.3,-6907.58,11480.7,0.244212,11831.8,2860.82,5827.62,10297,617.823,6607.82
407,18090.3,-6778.41,11311.9,0.246266,11663.8,2843.45,5635.11,10212.2,612.732,6484.26
407.5,17799.1,-6648.78,11150.4,0.248303,11503.1,2827,5448.79,10130.8,607.848,6360.24
408,17514.6,-6518.7,10995.9,0.250321,11349.7,2811.48,5268.38,10052.8,603.169,6235.81
408.5,17236.6,-6388.2,10848.4,0.252321,11203.2,2796.89,5093.64,9978.27,598.696,6110.97
409,16964.9,-6257.3,10707.6,0.254302,11063.5,2783.23,4924.31,9907.12,594.427,5985.76
409.5,16699.4,-6126.04,10573.4,0.256264,10930.3,2770.5,4760.17,9839.37,590.362,5860.2
410,16439.9,-5994.44,10445.5,0.258208,10803.7,2758.69,4600.96,9774.98,586.499,5734.3
410.5,16186.3,-5862.51,10323.8,0.260132,10683.2,2747.82,4446.47,9713.93,582.836,5608.1
411,15938.4,-5730.29,10208.1,0.262037,10568.9,2737.86,4296.47,9656.2,579.372,5481.61
411.5,15696.1,-5597.79,10098.3,0.263923,10460.5,2728.82,4150.74,9601.74,576.104,5354.87
412,15459.2,-5465.05,9994.14,0.265789,10357.9,2720.7,4009.07,9550.52,573.031,5227.88
412.5,15227.6,-5332.08,9895.51,0.267635,10260.8,2713.48,3871.26,9502.5,570.15,5100.69
413,15001.2,-5198.91,9802.25,0.269461,10169.2,2707.16,3737.1,9457.64,567.458,4973.3
413.5,14779.8,-5065.57,9714.2,0.271267,10082.9,2701.74,3606.42,9415.88,564.953,4845.74
414,14563.3,-4932.07,9631.21,0.273053,10001.8,2697.2,3479.01,9377.18,562.631,4718.04
414.5,14351.6,-4798.45,9553.13,0.274818,9925.59,2693.53,3354.69,9341.49,560.49,4590.22
415,14144.5,-4664.72,9479.82,0.276563,9854.29,2690.72,3233.29,9308.75,558.525,4462.29
415.5,13942.1,-4530.92,9411.14,0.278287,9787.7,2688.77,3114.65,9278.9,556.734,4334.29
416,13744,-4397.06,9346.95,0.27999,9725.69,2687.65,2998.58,9251.89,555.114,4206.24
416.5,13550.3,-4263.16,9287.12,0.281672,9668.12,2687.37,2884.95,9227.66,553.659,4078.16
417,13360.8,-4129.26,9231.51,0.283333,9614.86,2687.9,2773.58,9206.13,552.368,3950.06
417.5,13175.4,-3995.37,9180,0.284972,9565.79,2689.23,2664.33,9187.25,551.235,3821.98
418,12994,-3861.52,9132.45,0.28659,9520.77,2691.36,2557.06,9170.96,550.257,3693.94
418.5,12816.5,-3727.73,9088.75,0.288186,9479.68,2694.25,2451.63,9157.18,549.431,3565.96
419,12642.8,-3594.02,9048.77,0.28976,9442.41,2697.91,2347.91,9145.84,548.75,3438.05
419.5,12472.8,-3460.42,9012.41,0.291313,9408.82,2702.31,2245.76,9136.88,548.213,3310.25
420,12306.5,-3326.95,8979.53,0.292843,9378.82,2707.43,2145.06,9130.22,547.813,3182.57
420.5,12143.7,-3193.63,8950.04,0.294351,9352.28,2713.27,2045.7,9125.8,547.548,3055.04
421,11984.3,-3060.49,8923.82,0.295836,9329.09,2719.8,1947.56,9123.53,547.412,2927.67
421.5,11828.3,-2927.54,8900.76,0.297299,9309.14,2727.01,1850.53,9123.36,547.401,2800.5
422,11675.6,-2794.81,8880.76,0.29874,9292.33,2734.88,1754.51,9125.2,547.512,2673.53
422.5,11526,-2662.33,8863.72,0.300157,9278.56,2743.39,1659.39,9128.97,547.738,2546.79
423,11379.6,-2530.11,8849.53,0.301552,9267.72,2752.53,1565.08,9134.61,548.077,2420.31
423.5,11236.3,-2398.17,8838.1,0.302923,9259.71,2762.28,1471.48,9142.04,548.522,2294.1
424,11095.9,-2266.54,8829.33,0.304271,9254.43,2772.61,1378.52,9151.18,549.071,2168.18
424.5,10958.4,-2135.24,8823.13,0.305596,9251.79,2783.51,1286.1,9161.96,549.718,2042.57
425,10823.7,-2004.28,8819.41,0.306898,9251.7,2794.96,1194.15,9174.31,550.458,1917.3
425.5,10691.8,-1873.7,8818.08,0.308175,9254.05,2806.94,1102.59,9188.13,551.288,1792.39
426,10562.6,-1743.51,8819.05,0.309429,9258.77,2819.44,1011.35,9203.37,552.202,1667.84
426.5,10436,-1613.73,8822.24,0.31066,9265.77,2832.42,920.358,9219.95,553.197,1543.7
427,10311.9,-1484.38,8827.55,0.311866,9274.95,2845.88,829.555,9237.78,554.267,1419.96
427.5,10190.4,-1355.48,8834.92,0.313048,9286.24,2859.79,738.878,9256.8,555.408,1296.66
428,10071.3,-1227.05,8844.26,0.314206,9299.55,2874.13,648.272,9276.93,556.616,1173.8
428.5,9954.62,-1099.12,8855.5,0.315339,9314.8,2888.88,557.682,9298.09,557.886,1051.42
429,9840.25,-971.695,8868.55,0.316449,9331.91,2904.03,467.059,9320.22,559.213,929.527
429.5,9728.15,-844.802,8883.35,0.317533,9350.81,2919.55,376.355,9343.23,560.594,808.141
430,9618.28,-718.458,8899.82,0.318593,9371.42,2935.42,285.528,9367.07,562.024,687.28
430.5,9510.57,-592.683,8917.89,0.319628,9393.66,2951.62,194.536,9391.64,563.499,566.963
431,9404.98,-467.494,8937.49,0.320639,9417.46,2968.13,103.343,9416.89,565.013,447.207
431.5,9301.47,-342.91,8958.56,0.321624,9442.75,2984.93,11.9144,9442.74,566.565,328.029
432,9199.97,-218.949,8981.02,0.322585,9469.46,3002,-79.7815,9469.13,568.148,209.448
432.5,9100.45,-95.629,9004.82,0.32352,9497.53,3019.32,-171.773,9495.97,569.758,91.479
433,9002.85,27.0328,9029.88,0.32443,9526.88,3036.87,-264.086,9523.21,571.393,-25.8597
433.5,8907.14,149.019,9056.16,0.325314,9557.45,3054.62,-356.743,9550.79,573.047,-142.552
434,8813.27,270.312,9083.59,0.326173,9589.17,3072.57,-449.766,9578.62,574.717,-258.582
434.5,8721.2,390.896,9112.1,0.327007,9621.99,3090.68,-543.171,9606.65,576.399,-373.933
435,8630.89,510.754,9141.65,0.327815,9655.84,3108.94,-636.974,9634.81,578.088,-488.59
435.5,8542.3,629.87,9172.17,0.328597,9690.66,3127.33,-731.189,9663.04,579.782,-602.536
436,8455.39,748.228,9203.62,0.329354,9726.4,3145.83,-825.826,9691.28,581.477,-715.758
436.5,8370.12,865.812,9235.94,0.330085,9762.99,3164.41,-920.894,9719.46,583.168,-828.239
437,8286.46,982.607,9269.07,0.33079,9800.38,3183.07,-1016.4,9747.54,584.852,-939.965
437.5,8204.37,1098.6,9302.97,0.331469,9838.52,3201.77,-1112.34,9775.44,586.526,-1050.92
438,8123.81,1213.77,9337.58,0.332121,9877.35,3220.5,-1208.73,9803.11,588.187,-1161.1
438.5,8044.75,1328.11,9372.86,0.332748,9916.81,3239.24,-1305.57,9830.5,589.83,-1270.47
439,7967.16,1441.6,9408.76,0.333348,9956.87,3257.98,-1402.84,9857.55,591.453,-1379.04
439.5,7891.01,1554.22,9445.24,0.333923,9997.46,3276.68,-1500.56,9884.2,593.052,-1486.78
440,7816.26,1665.98,9482.24,0.334471,10038.5,3295.34,-1598.7,9910.41,594.625,-1593.68
440.5,7742.89,1776.84,9519.73,0.334992,10080,3313.94,-1697.28,9936.13,596.168,-1699.73
441,7670.86,1886.8,9557.66,0.335487,10122,3332.45,-1796.27,9961.3,597.678,-1804.92
441.5,7600.14,1995.85,9595.99,0.335956,10164.2,3350.86,-1895.67,9985.87,599.152,-1909.24
442,7530.71,2103.97,9634.68,0.336398,10206.8,3369.15,-1995.47,10009.8,600.589,-2012.66
442.5,7462.54,2211.15,9673.69,0.336814,10249.6,3387.3,-2095.65,10033.1,601.984,-2115.19
443,7395.6,2317.38,9712.98,0.337203,10292.6,3405.3,-2196.2,10055.6,603.335,-2216.81
443.5,7329.87,2422.64,9752.51,0.337565,10335.8,3423.13,-2297.11,10077.3,604.64,-2317.51
444,7265.32,2526.93,9792.25,0.337901,10379.2,3440.77,-2398.35,10098.3,605.896,-2417.27
444.5,7201.92,2630.24,9832.16,0.33821,10422.6,3458.2,-2499.91,10118.3,607.101,-2516.1
445,7139.65,2732.55,9872.2,0.338492,10466.1,3475.42,-2601.78,10137.5,608.252,-2613.97
445.5,7078.49,2833.86,9912.35,0.338747,10509.6,3492.4,-2703.92,10155.8,609.348,-2710.88
446,7018.42,2934.15,9952.56,0.338976,10553.1,3509.12,-2806.32,10173.1,610.386,-2806.82
446.5,6959.4,3033.41,9992.81,0.339178,10596.5,3525.58,-2908.96,10189.4,611.364,-2901.77
447,6901.43,3131.64,10033.1,0.339352,10639.9,3541.76,-3011.81,10204.7,612.281,-2995.74
447.5,6844.47,3228.82,10073.3,0.3395,10683.1,3557.64,-3114.86,10218.9,613.134,-3088.71
448,6788.51,3324.96,10113.5,0.339622,10726.1,3573.2,-3218.07,10232,613.921,-3180.67
448.5,6733.53,3420.03,10153.6,0.339716,10769,3588.44,-3321.42,10244,614.641,-3271.61
449,6679.51,3514.03,10193.5,0.339783,10811.7,3603.34,-3424.89,10254.9,615.292,-3361.53
449.5,6626.42,3606.96,10233.4,0.339823,10854.1,3617.89,-3528.45,10264.6,615.873,-3450.43
450,6574.25,3698.8,10273,0.339837,10896.2,3632.07,-3632.07,10273,616.383,-3538.28
450.5,6522.98,3789.55,10312.5,0.339823,10938,3645.87,-3735.73,10280.3,616.819,-3625.09
451,6472.59,3879.2,10351.8,0.339783,10979.5,3659.28,-3839.39,10286.3,617.181,-3710.85
451.5,6423.07,3967.74,10390.8,0.339716,11020.6,3672.29,-3943.03,10291.1,617.467,-3795.56
452,6374.39,4055.18,10429.6,0.339622,11061.4,3684.88,-4046.62,10294.6,617.677,-3879.2
452.5,6326.54,4141.5,10468,0.3395,11101.7,3697.05,-4150.14,10296.8,617.809,-3961.77
453,6279.51,4226.69,10506.2,0.339352,11141.6,3708.78,-4253.55,10297.7,617.862,-4043.27
453.5,6233.28,4310.76,10544,0.339178,11181,3720.06,-4356.82,10297.3,617.836,-4123.69
454,6187.82,4393.7,10581.5,0.338976,11220,3730.89,-4459.93,10295.5,617.73,-4203.03
454.5,6143.14,4475.5,10618.6,0.338747,11258.4,3741.24,-4562.84,10292.4,617.542,-4281.28
455,6099.2,4556.16,10655.4,0.338492,11296.4,3751.12,-4665.53,10287.9,617.273,-4358.44
455.5,6056.01,4635.67,10691.7,0.33821,11333.7,3760.52,-4767.96,10282,616.922,-4434.5
456,6013.54,4714.04,10727.6,0.337901,11370.6,3769.42,-4870.11,10274.8,616.488,-4509.47
456.5,5971.77,4791.26,10763,0.337565,11406.8,3777.82,-4971.94,10266.2,615.971,-4583.33
457,5930.7,4867.32,10798,0.337203,11442.4,3785.71,-5073.44,10256.2,615.37,-4656.09
457.5,5890.32,4942.22,10832.5,0.336814,11477.4,3793.08,-5174.56,10244.8,614.686,-4727.75
458,5850.6,5015.96,10866.6,0.336398,11511.8,3799.92,-5275.28,10232,613.918,-4798.29
458.5,5811.54,5088.55,10900.1,0.335956,11545.5,3806.24,-5375.57,10217.8,613.066,-4867.72
459,5773.13,5159.97,10933.1,0.335487,11578.6,3812.02,-5475.4,10202.2,612.129,-4936.04
459.5,5735.34,5230.22,10965.6,0.334992,11611,3817.25,-5574.74,10185.2,611.109,-5003.25
460,5698.18,5299.31,10997.5,0.334471,11642.7,3821.94,-5673.57,10166.7,610.005,-5069.34
460.5,5661.63,5367.24,11028.9,0.333923,11673.7,3826.07,-5771.85,10146.9,608.817,-5134.32
461,5625.68,5434,11059.7,0.333348,11704,3829.64,-5869.56,10125.7,607.545,-5198.18
461.5,5590.31,5499.59,11089.9,0.332748,11733.5,3832.65,-5966.68,10103.2,606.19,-5260.93
462,5555.52,5564.02,11119.5,0.332121,11762.3,3835.09,-6063.17,10079.2,604.751,-5322.56
462.5,5521.29,5627.28,11148.6,0.331469,11790.4,3836.97,-6159.01,10053.8,603.23,-5383.08
463,5487.62,5689.38,11177,0.33079,11817.7,3838.27,-6254.17,10027.1,601.627,-5442.49
463.5,5454.49,5750.32,11204.8,0.330085,11844.2,3838.99,-6348.63,9999.03,599.942,-5500.78
464,5421.9,5810.09,11232,0.329354,11870,3839.13,-6442.36,9969.59,598.175,-5557.96
464.5,5389.84,5868.71,11258.5,0.328597,11895,3838.7,-6535.34,9938.8,596.328,-5614.03
465,5358.29,5926.17,11284.5,0.327815,11919.2,3837.68,-6627.55,9906.69,594.401,-5669
465.5,5327.25,5982.47,11309.7,0.327007,11942.6,3836.08,-6718.95,9873.24,592.395,-5722.86
466,5296.7,6037.63,11334.3,0.326173,11965.2,3833.89,-6809.54,9838.49,590.31,-5775.62
466.5,5266.65,6091.63,11358.3,0.325314,11987,3831.12,-6899.28,9802.45,588.147,-5827.28
467,5237.08,6144.49,11381.6,0.32443,12008,3827.77,-6988.16,9765.11,585.907,-5877.84
467.5,5207.98,6196.21,11404.2,0.32352,12028.2,3823.82,-7076.15,9726.51,583.591,-5927.31
468,5179.34,6246.79,11426.1,0.322585,12047.5,3819.3,-7163.24,9686.66,581.2,-5975.7
468.5,5151.16,6296.23,11447.4,0.321624,12066.1,3814.19,-7249.4,9645.57,578.734,-6023
469,5123.42,6344.55,11468,0.320639,12083.8,3808.5,-7334.61,9603.26,576.195,-6069.22
469.5,5096.13,6391.74,11487.9,0.319628,12100.8,3802.22,-7418.86,9559.74,573.584,-6114.37
470,5069.27,6437.82,11507.1,0.318593,12116.8,3795.37,-7502.14,9515.04,570.902,-6158.44
470.5,5042.84,6482.78,11525.6,0.317533,12132.1,3787.94,-7584.41,9469.16,568.15,-6201.45
471,5016.82,6526.64,11543.5,0.316449,12146.6,3779.93,-7665.68,9422.14,565.328,-6243.41
471.5,4991.21,6569.39,11560.6,0.315339,12160.2,3771.36,-7745.91,9373.98,562.439,-6284.3
472,4966.01,6611.05,11577.1,0.314206,12173,3762.21,-7825.11,9324.72,559.483,-6324.16
472.5,4941.21,6651.62,11592.8,0.313048,12185,3752.5,-7903.24,9274.36,556.462,-6362.97
473,4916.8,6691.11,11607.9,0.311866,12196.2,3742.23,-7980.31,9222.93,553.376,-6400.74
473.5,4892.77,6729.52,11622.3,0.31066,12206.6,3731.39,-8056.29,9170.45,550.227,-6437.49
474,4869.12,6766.87,11636,0.309429,12216.2,3720.01,-8131.18,9116.94,547.017,-6473.21
474.5,4845.84,6803.16,11649,0.308175,12224.9,3708.07,-8204.96,9062.42,543.745,-6507.93
475,4822.93,6838.4,11661.3,0.306898,12232.9,3695.59,-8277.63,9006.92,540.415,-6541.63
475.5,4800.37,6872.59,11673,0.305596,12240.1,3682.57,-8349.17,8950.46,537.027,-6574.34
476,4778.17,6905.75,11683.9,0.304271,12246.5,3669.01,-8419.58,8893.05,533.583,-6606.06
476.5,4756.32,6937.88,11694.2,0.302923,12252.1,3654.93,-8488.84,8834.72,530.083,-6636.8
477,4734.81,6968.99,11703.8,0.301552,12256.9,3640.32,-8556.96,8775.49,526.53,-6666.56
477.5,4713.64,6999.1,11712.7,0.300157,12260.9,3625.19,-8623.92,8715.4,522.924,-6695.36
478,4692.8,7028.2,11721,0.29874,12264.2,3609.55,-8689.72,8654.45,519.267,-6723.2
478.5,4672.28,7056.32,11728.6,0.297299,12266.7,3593.4,-8754.35,8592.67,515.56,-6750.1
479,4652.09,7083.46,11735.5,0.295836,12268.5,3576.76,-8817.81,8530.09,511.806,-6776.06
479.5,4632.21,7109.62,11741.8,0.294351,12269.5,3559.62,-8880.09,8466.73,508.004,-6801.09
480,4612.65,7134.83,11747.5,0.292843,12269.8,3542,-8941.2,8402.62,504.157,-6825.21
480.5,4593.39,7159.09,11752.5,0.291313,12269.4,3523.9,-9001.13,8337.77,500.266,-6848.41
481,4574.43,7182.41,11756.8,0.28976,12268.3,3505.32,-9059.87,8272.21,496.332,-6870.72
481.5,4555.77,7204.8,11760.6,0.288186,12266.4,3486.28,-9117.43,8205.96,492.358,-6892.14
482,4537.4,7226.28,11763.7,0.28659,12263.9,3466.79,-9173.8,8139.05,488.343,-6912.69
482.5,4519.32,7246.85,11766.2,0.284972,12260.7,3446.84,-9229,8071.5,484.29,-6932.36
483,4501.53,7266.53,11768.1,0.283333,12256.7,3426.46,-9283.01,8003.34,480.2,-6951.19
483.5,4484.01,7285.32,11769.3,0.281672,12252.2,3405.64,-9335.84,7934.58,476.075,-6969.17
484,4466.77,7303.25,11770,0.27999,12246.9,3384.39,-9387.5,7865.26,471.916,-6986.32
484.5,4449.8,7320.32,11770.1,0.278287,12241.1,3362.73,-9437.98,7795.39,467.723,-7002.64
485,4433.1,7336.54,11769.6,0.276563,12234.5,3340.65,-9487.28,7725,463.5,-7018.16
485.5,4416.66,7351.92,11768.6,0.274818,12227.4,3318.18,-9535.43,7654.11,459.246,-7032.88
486,4400.47,7366.49,11767,0.273053,12219.7,3295.31,-9582.41,7582.74,454.964,-7046.81
486.5,4384.55,7380.24,11764.8,0.271267,12211.3,3272.05,-9628.23,7510.92,450.655,-7059.97
487,4368.88,7393.2,11762.1,0.269461,12202.4,3248.42,-9672.9,7438.66,446.32,-7072.36
487.5,4353.45,7405.38,11758.8,0.267635,12192.9,3224.43,-9716.43,7366,441.96,-7084.01
488,4338.27,7416.78,11755.1,0.265789,12182.8,3200.07,-9758.82,7292.95,437.577,-7094.92
488.5,4323.33,7427.43,11750.8,0.263923,12172.2,3175.36,-9800.09,7219.53,433.172,-7105.11
489,4308.63,7437.34,11746,0.262037,12161.1,3150.31,-9840.23,7145.77,428.746,-7114.58
489.5,4294.16,7446.51,11740.7,0.260132,12149.4,3124.93,-9879.26,7071.69,424.301,-7123.36
490,4279.93,7454.97,11734.9,0.258208,12137.3,3099.23,-9917.19,6997.31,419.838,-7131.45
490.5,4265.92,7462.72,11728.6,0.256264,12124.6,3073.2,-9954.02,6922.64,415.359,-7138.87
491,4252.14,7469.78,11721.9,0.254302,12111.4,3046.87,-9989.77,6847.72,410.863,-7145.62
491.5,4238.57,7476.17,11714.7,0.252321,12097.8,3020.24,-10024.5,6772.55,406.353,-7151.73
492,4225.23,7481.9,11707.1,0.250321,12083.7,2993.32,-10058.1,6697.17,401.83,-7157.21
492.5,4212.1,7486.98,11699.1,0.248303,12069.2,2966.12,-10090.6,6621.58,397.295,-7162.07
493,4199.19,7491.42,11690.6,0.246266,12054.3,2938.65,-10122.2,6545.82,392.749,-7166.32
493.5,4186.49,7495.24,11681.7,0.244212,12038.9,2910.91,-10152.7,6469.89,388.193,-7169.98
494,4173.99,7498.46,11672.4,0.242139,12023.2,2882.92,-10182.2,6393.81,383.629,-7173.05
494.5,4161.7,7501.09,11662.8,0.240049,12007.1,2854.68,-10210.7,6317.61,379.057,-7175.57
495,4149.61,7503.13,11652.7,0.237941,11990.6,2826.2,-10238.2,6241.3,374.478,-7177.53
495.5,4137.72,7504.62,11642.3,0.235816,11973.7,2797.5,-10264.7,6164.91,369.894,-7178.95
496,4126.02,7505.56,11631.6,0.233674,11956.5,2768.57,-10290.3,6088.43,365.306,-7179.84
496.5,4114.52,7505.96,11620.5,0.231514,11939,2739.42,-10314.9,6011.9,360.714,-7180.23
497,4103.21,7505.84,11609.1,0.229338,11921.2,2710.08,-10338.6,5935.33,356.12,-7180.12
497.5,4092.09,7505.22,11597.3,0.227145,11903.1,2680.53,-10361.4,5858.74,351.524,-7179.52
498,4081.16,7504.11,11585.3,0.224936,11884.7,2650.8,-10383.3,5782.13,346.928,-7178.46
498.5,4070.41,7502.52,11572.9,0.22271,11866,2620.88,-10404.3,5705.53,342.332,-7176.94
499,4059.85,7500.47,11560.3,0.220468,11847.1,2590.79,-10424.4,5628.95,337.737,-7174.98
499.5,4049.46,7497.97,11547.4,0.21821,11827.9,2560.54,-10443.7,5552.41,333.145,-7172.59
500,4039.25,7495.04,11534.3,0.215937,11808.5,2530.13,-10462.1,5475.91,328.555,-7169.79
500.5,4029.22,7491.69,11520.9,0.213648,11788.9,2499.56,-10479.7,5399.48,323.969,-7166.58
501,4019.36,7487.94,11507.3,0.211343,11769.2,2468.86,-10496.6,5323.12,319.387,-7162.99
501.5,4009.68,7483.8,11493.5,0.209024,11749.2,2438.02,-10512.6,5246.84,314.811,-7159.03
502,4000.16,7479.28,11479.4,0.206689,11729.1,2407.05,-10527.9,5170.67,310.24,-7154.71
502.5,3990.81,7474.4,11465.2,0.20434,11708.8,2375.96,-10542.4,5094.61,305.676,-7150.04
503,3981.63,7469.18,11450.8,0.201975,11688.4,2344.75,-10556.1,5018.67,301.12,-7145.05
503.5,3972.61,7463.63,11436.2,0.199597,11667.9,2313.44,-10569.2,4942.86,296.571,-7139.73
504,3963.75,7457.75,11421.5,0.197204,11647.2,2282.03,-10581.5,4867.19,292.032,-7134.11
504.5,3955.05,7451.58,11406.6,0.194797,11626.5,2250.52,-10593.2,4791.68,287.501,-7128.21
505,3946.52,7445.11,11391.6,0.192377,11605.7,2218.92,-10604.2,4716.33,282.98,-7122.02
505.5,3938.13,7438.37,11376.5,0.189942,11584.9,2187.24,-10614.5,4641.16,278.469,-7115.57
506,3929.91,7431.37,11361.3,0.187494,11563.9,2155.49,-10624.3,4566.16,273.97,-7108.87
506.5,3921.84,7424.12,11346,0.185033,11543,2123.67,-10633.4,4491.35,269.481,-7101.94
507,3913.91,7416.63,11330.5,0.182559,11522,2091.78,-10641.9,4416.74,265.005,-7094.78
507.5,3906.14,7408.93,11315.1,0.180071,11501,2059.83,-10649.8,4342.34,260.54,-7087.41
508,3898.52,7401.02,11299.5,0.177571,11480.1,2027.83,-10657.1,4268.14,256.089,-7079.84
508.5,3891.05,7392.92,11284,0.175059,11459.1,1995.79,-10664,4194.17,251.65,-7072.09
509,3883.72,7384.64,11268.4,0.172534,11438.2,1963.7,-10670.2,4120.41,247.225,-7064.17
509.5,3876.53,7376.19,11252.7,0.169997,11417.3,1931.57,-10676,4046.89,242.813,-7056.09
510,3869.49,7367.59,11237.1,0.167448,11396.5,1899.41,-10681.3,3973.6,238.416,-7047.86
510.5,3862.59,7358.85,11221.4,0.164887,11375.7,1867.23,-10686.1,3900.55,234.033,-7039.5
511,3855.83,7349.99,11205.8,0.162315,11355.1,1835.02,-10690.5,3827.75,229.665,-7031.02
511.5,3849.21,7341.01,11190.2,0.159731,11334.5,1802.79,-10694.4,3755.19,225.311,-7022.43
512,3842.73,7331.93,11174.7,0.157136,11314,1770.54,-10697.9,3682.89,220.973,-7013.75
512.5,3836.38,7322.76,11159.1,0.15453,11293.7,1738.29,-10700.9,3610.84,216.65,-7004.98
513,3830.17,7313.52,11143.7,0.151914,11273.5,1706.02,-10703.6,3539.05,212.343,-6996.14
513.5,3824.09,7304.21,11128.3,0.149286,11253.5,1673.76,-10705.9,3467.52,208.051,-6987.23
514,3818.14,7294.85,11113,0.146649,11233.6,1641.49,-10707.9,3396.25,203.775,-6978.28
514.5,3812.33,7285.45,11097.8,0.144001,11213.8,1609.23,-10709.5,3325.25,199.515,-6969.29
515,3806.64,7276.03,11082.7,0.141343,11194.3,1576.97,-10710.8,3254.52,195.271,-6960.27
515.5,3801.09,7266.58,11067.7,0.138675,11175,1544.73,-10711.7,3184.05,191.043,-6951.24
516,3795.66,7257.14,11052.8,0.135998,11155.8,1512.49,-10712.4,3113.85,186.831,-6942.21
516.5,3790.36,7247.7,11038.1,0.133311,11136.9,1480.27,-10712.8,3043.92,182.635,-6933.18
517,3785.19,7238.28,11023.5,0.130615,11118.2,1448.07,-10713,2974.26,178.455,-6924.17
517.5,3780.14,7228.89,11009,0.12791,11099.7,1415.89,-10712.9,2904.86,174.292,-6915.18
518,3775.22,7219.54,10994.8,0.125196,11081.5,1383.73,-10712.5,2835.73,170.144,-6906.24
518.5,3770.42,7210.24,10980.7,0.122473,11063.5,1351.6,-10712,2766.87,166.012,-6897.34
519,3765.74,7201,10966.7,0.119742,11045.8,1319.49,-10711.2,2698.28,161.897,-6888.5
519.5,3761.19,7191.83,10953,0.117003,11028.4,1287.41,-10710.3,2629.95,157.797,-6879.73
520,3756.75,7182.75,10939.5,0.114255,11011.3,1255.36,-10709.1,2561.88,153.713,-6871.04
520.5,3752.44,7173.75,10926.2,0.1115,10994.5,1223.34,-10707.8,2494.06,149.644,-6862.44
521,3748.24,7164.86,10913.1,0.108737,10977.9,1191.36,-10706.4,2426.51,145.591,-6853.93
521.5,3744.17,7156.07,10900.2,0.105966,10961.7,1159.4,-10704.8,2359.21,141.553,-6845.53
522,3740.21,7147.41,10887.6,0.103189,10945.8,1127.48,-10703.2,2292.16,137.529,-6837.24
522.5,3736.36,7138.88,10875.2,0.100404,10930.3,1095.6,-10701.4,2225.36,133.521,-6829.08
523,3732.64,7130.48,10863.1,0.0976122,10915.1,1063.75,-10699.5,2158.8,129.528,-6821.04
523.5,3729.02,7122.23,10851.3,0.0948138,10900.2,1031.94,-10697.5,2092.48,125.549,-6813.15
524,3725.53,7114.13,10839.7,0.0920089,10885.7,1000.17,-10695.4,2026.39,121.583,-6805.41
524.5,3722.15,7106.2,10828.3,0.0891977,10871.6,968.433,-10693.3,1960.54,117.632,-6797.82
525,3718.88,7098.44,10817.3,0.0863804,10857.8,936.735,-10691.2,1894.91,113.695,-6790.39
525.5,3715.72,7090.85,10806.6,0.0835572,10844.4,905.074,-10689,1829.5,109.77,-6783.13
526,3712.68,7083.45,10796.1,0.0807283,10831.4,873.451,-10686.7,1764.31,105.859,-6776.06
526.5,3709.74,7076.25,10786,0.0778939,10818.8,841.866,-10684.5,1699.33,101.96,-6769.16
527,3706.92,7069.24,10776.2,0.0750541,10806.6,810.318,-10682.3,1634.56,98.0736,-6762.46
527.5,3704.21,7062.44,10766.7,0.0722093,10794.8,778.806,-10680,1569.99,94.1991,-6755.96
528,3701.61,7055.86,10757.5,0.0693595,10783.4,747.331,-10677.8,1505.6,90.3362,-6749.66
528.5,3699.12,7049.49,10748.6,0.066505,10772.4,715.892,-10675.6,1441.41,86.4845,-6743.57
529,3696.74,7043.35,10740.1,0.063646,10761.9,684.488,-10673.4,1377.39,82.6437,-6737.7
529.5,3694.47,7037.45,10731.9,0.0607826,10751.8,653.118,-10671.2,1313.55,78.8133,-6732.05
530,3692.31,7031.77,10724.1,0.0579151,10742.1,621.781,-10669.1,1249.88,74.9929,-6726.62
530.5,3690.25,7026.35,10716.6,0.0550437,10732.9,590.477,-10667.1,1186.37,71.1822,-6721.43
531,3688.3,7021.17,10709.5,0.0521685,10724.1,559.204,-10665.1,1123.01,67.3806,-6716.47
531.5,3686.46,7016.24,10702.7,0.0492898,10715.7,527.961,-10663.2,1059.8,63.5879,-6711.76
532,3684.73,7011.57,10696.3,0.0464077,10707.8,496.747,-10661.3,996.724,59.8034,-6707.29
532.5,3683.1,7007.16,10690.3,0.0435225,10700.4,465.56,-10659.6,933.781,56.0269,-6703.07
533,3681.58,7003.01,10684.6,0.0406343,10693.4,434.4,-10657.9,870.962,52.2577,-6699.11
533.5,3680.16,6999.14,10679.3,0.0377434,10686.9,403.264,-10656.3,808.259,48.4956,-6695.4
534,3678.85,6995.54,10674.4,0.0348499,10680.9,372.152,-10654.8,745.665,44.7399,-6691.96
534.5,3677.65,6992.21,10669.9,0.031954,10675.3,341.061,-10653.4,683.17,40.9902,-6688.77
535,3676.55,6989.16,10665.7,0.029056,10670.2,309.99,-10652.1,620.768,37.2461,-6685.86
535.5,3675.56,6986.4,10662,0.026156,10665.6,278.938,-10651,558.45,33.507,-6683.21
536,3674.67,6983.92,10658.6,0.0232543,10661.5,247.902,-10649.9,496.207,29.7724,-6680.84
536.5,3673.89,6981.72,10655.6,0.0203509,10657.8,216.881,-10649,434.033,26.042,-6678.74
537,3673.21,6979.82,10653,0.0174462,10654.7,185.874,-10648.2,371.917,22.315,-6676.92
537.5,3672.64,6978.2,10650.8,0.0145403,10652,154.877,-10647.5,309.853,18.5912,-6675.37
538,3672.17,6976.88,10649,0.0116334,10649.8,123.89,-10646.9,247.831,14.8699,-6674.11
538.5,3671.8,6975.85,10647.7,0.00872576,10648.1,92.9112,-10646.4,185.844,11.1506,-6673.12
539,3671.54,6975.11,10646.7,0.0058175,10646.8,61.9376,-10646.1,123.882,7.43289,-6672.42
539.5,3671.39,6974.67,10646.1,0.00290885,10646.1,30.9679,-10645.9,61.9365,3.71619,-6671.99
540,1045.36,6974.52,8019.88,4.08216e-17,8019.88,3.27384e-13,-8019.88,9.82153e-13,5.89292e-14,-6671.85
540.5,1045.36,6974.67,8020.03,-0.00290885,8020.07,-23.3291,-8019.93,-46.6589,-2.79953,-6671.99
541,1045.36,6975.11,8020.47,-0.0058175,8020.61,-46.6596,-8020.07,-93.324,-5.59944,-6672.42
541.5,1045.36,6975.85,8021.21,-0.00872576,8021.52,-69.9929,-8020.3,-140.002,-8.40011,-6673.12
542,1045.36,6976.88,8022.24,-0.0116334,8022.79,-93.3304,-8020.61,-186.699,-11.2019,-6674.11
542.5,1045.36,6978.2,8023.57,-0.0145403,8024.41,-116.673,-8021.02,-233.421,-14.0052,-6675.37
543,1045.36,6979.82,8025.18,-0.0174462,8026.4,-140.023,-8021.51,-280.174,-16.8105,-6676.92
543.5,1045.36,6981.72,8027.09,-0.0203509,8028.75,-163.381,-8022.09,-326.966,-19.6179,-6678.74
544,1045.36,6983.92,8029.28,-0.0232543,8031.45,-186.749,-8022.75,-373.801,-22.428,-6680.84
544.5,1045.36,6986.4,8031.76,-0.026156,8034.51,-210.127,-8023.49,-420.686,-25.2411,-6683.21
545,1045.36,6989.16,8034.53,-0.029056,8037.92,-233.517,-8024.31,-467.627,-28.0576,-6685.86
545.5,1045.36,6992.21,8037.58,-0.031954,8041.68,-256.92,-8025.2,-514.63,-30.8778,-6688.77
546,1045.36,6995.54,8040.9,-0.0348499,8045.79,-280.338,-8026.16,-561.701,-33.7021,-6691.96
546.5,1045.36,6999.14,8044.5,-0.0377434,8050.24,-303.771,-8027.18,-608.846,-36.5307,-6695.4
547,1045.36,7003.01,8048.38,-0.0406343,8055.03,-327.22,-8028.27,-656.069,-39.3642,-6699.11
547.5,1045.36,7007.16,8052.52,-0.0435225,8060.16,-350.687,-8029.41,-703.378,-42.2027,-6703.07
548,1045.36,7011.57,8056.93,-0.0464077,8065.62,-374.172,-8030.6,-750.777,-45.0466,-6707.29
548.5,1045.36,7016.24,8061.6,-0.0492898,8071.41,-397.677,-8031.83,-798.272,-47.8963,-6711.76
549,1045.36,7021.17,8066.53,-0.0521685,8077.52,-421.201,-8033.11,-845.868,-50.7521,-6716.47
549.5,1045.36,7026.35,8071.71,-0.0550437,8083.96,-444.746,-8034.42,-893.57,-53.6142,-6721.43
550,1045.36,7031.77,8077.14,-0.0579151,8090.7,-468.312,-8035.75,-941.383,-56.483,-6726.62
550.5,1045.36,7037.45,8082.81,-0.0607826,8097.76,-491.9,-8037.1,-989.312,-59.3587,-6732.05
551,1045.36,7043.35,8088.72,-0.063646,8105.13,-515.51,-8038.47,-1037.36,-62.2417,-6737.7
551.5,1045.36,7049.49,8094.86,-0.066505,8112.79,-539.143,-8039.84,-1085.53,-65.1321,-6743.57
552,1045.36,7055.86,8101.22,-0.0693595,8120.75,-562.799,-8041.2,-1133.84,-68.0303,-6749.66
552.5,1045.36,7062.44,8107.81,-0.0722093,8128.99,-586.479,-8042.56,-1182.27,-70.9364,-6755.96
553,1045.36,7069.24,8114.61,-0.0750541,8137.52,-610.181,-8043.89,-1230.85,-73.8508,-6762.46
553.5,1045.36,7076.25,8121.61,-0.0778939,8146.31,-633.906,-8045.19,-1279.56,-76.7737,-6769.16
554,1045.36,7083.45,8128.82,-0.0807283,8155.38,-657.655,-8046.46,-1328.42,-79.7052,-6776.06
554.5,1045.36,7090.85,8136.22,-0.0835572,8164.7,-681.426,-8047.67,-1377.42,-82.6455,-6783.13
555,1045.36,7098.44,8143.8,-0.0863804,8174.28,-705.22,-8048.83,-1426.58,-85.5949,-6790.39
555.5,1045.36,7106.2,8151.56,-0.0891977,8184.1,-729.035,-8049.92,-1475.89,-88.5534,-6797.82
556,1045.36,7114.13,8159.5,-0.0920089,8194.16,-752.872,-8050.93,-1525.36,-91.5213,-6805.41
556.5,1045.36,7122.23,8167.59,-0.0948138,8204.44,-776.729,-8051.85,-1574.98,-94.4987,-6813.15
557,1045.36,7130.48,8175.84,-0.0976122,8214.95,-800.606,-8052.67,-1624.76,-97.4857,-6821.04
557.5,1045.36,7138.88,8184.24,-0.100404,8225.67,-824.502,-8053.38,-1674.71,-100.482,-6829.08
558,1045.36,7147.41,8192.78,-0.103189,8236.59,-848.415,-8053.97,-1724.82,-103.489,-6837.24
558.5,1045.36,7156.07,8201.44,-0.105966,8247.7,-872.345,-8054.42,-1775.09,-106.505,-6845.53
559,1045.36,7164.86,8210.22,-0.108737,8259,-896.289,-8054.72,-1825.53,-109.532,-6853.93
559.5,1045.36,7173.75,8219.12,-0.1115,8270.47,-920.247,-8054.86,-1876.13,-112.568,-6862.44
560,1045.36,7182.75,8228.11,-0.114255,8282.11,-944.216,-8054.84,-1926.91,-115.614,-6871.04
560.5,1045.36,7191.83,8237.2,-0.117003,8293.9,-968.195,-8054.62,-1977.85,-118.671,-6879.73
561,1045.36,7201,8246.36,-0.119742,8305.84,-992.182,-8054.21,-2028.95,-121.737,-6888.5
561.5,1045.36,7210.24,8255.6,-0.122473,8317.91,-1016.17,-8053.59,-2080.22,-124.813,-6897.34
562,1045.36,7219.54,8264.9,-0.125196,8330.1,-1040.17,-8052.74,-2131.66,-127.9,-6906.24
562.5,1045.36,7228.89,8274.25,-0.12791,8342.41,-1064.17,-8051.65,-2183.26,-130.995,-6915.18
563,1045.36,7238.28,8283.65,-0.130615,8354.81,-1088.16,-8050.31,-2235.02,-134.101,-6924.17
563.5,1045.36,7247.7,8293.07,-0.133311,8367.31,-1112.15,-8048.71,-2286.94,-137.217,-6933.18
564,1045.36,7257.14,8302.5,-0.135998,8379.88,-1136.13,-8046.82,-2339.02,-140.341,-6942.21
564.5,1045.36,7266.58,8311.95,-0.138675,8392.52,-1160.11,-8044.64,-2391.26,-143.475,-6951.24
565,1045.36,7276.03,8321.39,-0.141343,8405.21,-1184.06,-8042.15,-2443.64,-146.619,-6960.27
565.5,1045.36,7285.45,8330.82,-0.144001,8417.94,-1208.01,-8039.33,-2496.18,-149.771,-6969.29
566,1045.36,7294.85,8340.21,-0.146649,8430.71,-1231.93,-8036.18,-2548.86,-152.932,-6978.28
566.5,1045.36,7304.21,8349.57,-0.149286,8443.49,-1255.82,-8032.66,-2601.68,-156.101,-6987.23
567,1045.36,7313.52,8358.88,-0.151914,8456.27,-1279.69,-8028.78,-2654.64,-159.278,-6996.14
567.5,1045.36,7322.76,8368.12,-0.15453,8469.04,-1303.52,-8024.52,-2707.73,-162.464,-7004.98
568,1045.36,7331.93,8377.29,-0.157136,8481.79,-1327.32,-8019.85,-2760.95,-165.657,-7013.75
568.5,1045.36,7341.01,8386.37,-0.159731,8494.51,-1351.08,-8014.77,-2814.28,-168.857,-7022.43
569,1045.36,7349.99,8395.35,-0.162315,8507.17,-1374.79,-8009.25,-2867.73,-172.064,-7031.02
569.5,1045.36,7358.85,8404.22,-0.164887,8519.77,-1398.45,-8003.28,-2921.29,-175.277,-7039.5
570,1045.36,7367.59,8412.96,-0.167448,8532.29,-1422.05,-7996.86,-2974.95,-178.497,-7047.86
570.5,1045.36,7376.19,8421.55,-0.169997,8544.72,-1445.59,-7989.95,-3028.7,-181.722,-7056.09
571,1045.36,7384.64,8430,-0.172534,8557.05,-1469.07,-7982.55,-3082.53,-184.952,-7064.17
571.5,1045.36,7392.92,8438.28,-0.175059,8569.25,-1492.47,-7974.63,-3136.45,-188.187,-7072.09
572,1045.36,7401.02,8446.38,-0.177571,8581.32,-1515.8,-7966.19,-3190.43,-191.426,-7079.84
572.5,1045.36,7408.93,8454.29,-0.180071,8593.24,-1539.05,-7957.21,-3244.47,-194.668,-7087.41
573,1045.36,7416.63,8462,-0.182559,8604.99,-1562.2,-7947.67,-3298.56,-197.914,-7094.78
573.5,1045.36,7424.12,8469.48,-0.185033,8616.56,-1585.27,-7937.55,-3352.69,-201.161,-7101.94
574,1045.36,7431.37,8476.73,-0.187494,8627.94,-1608.23,-7926.84,-3406.85,-204.411,-7108.87
574.5,1045.36,7438.37,8483.73,-0.189942,8639.11,-1631.08,-7915.52,-3461.02,-207.661,-7115.57
575,1045.36,7445.11,8490.47,-0.192377,8650.05,-1653.82,-7903.58,-3515.21,-210.912,-7122.02
575.5,1045.36,7451.58,8496.94,-0.194797,8660.74,-1676.44,-7891,-3569.38,-214.163,-7128.21
576,1045.36,7457.75,8503.12,-0.197204,8671.18,-1698.93,-7877.77,-3623.54,-217.413,-7134.11
576.5,1045.36,7463.63,8508.99,-0.199597,8681.35,-1721.29,-7863.87,-3677.67,-220.66,-7139.73
577,1045.36,7469.18,8514.55,-0.201975,8691.22,-1743.5,-7849.28,-3731.76,-223.906,-7145.05
577.5,1045.36,7474.4,8519.77,-0.20434,8700.79,-1765.57,-7834,-3785.79,-227.147,-7150.04
578,1045.36,7479.28,8524.65,-0.206689,8710.03,-1787.48,-7817.99,-3839.75,-230.385,-7154.71
578.5,1045.36,7483.8,8529.16,-0.209024,8718.94,-1809.22,-7801.26,-3893.62,-233.617,-7159.03
579,1045.36,7487.94,8533.31,-0.211343,8727.49,-1830.8,-7783.78,-3947.39,-236.843,-7162.99
579.5,1045.36,7491.69,8537.06,-0.213648,8735.67,-1852.19,-7765.54,-4001.04,-240.063,-7166.58
580,1045.36,7495.04,8540.41,-0.215937,8743.46,-1873.4,-7746.53,-4054.56,-243.274,-7169.79
580.5,1045.36,7497.97,8543.34,-0.21821,8750.85,-1894.41,-7726.72,-4107.94,-246.476,-7172.59
581,1045.36,7500.47,8545.84,-0.220468,8757.82,-1915.21,-7706.12,-4161.14,-249.669,-7174.98
581.5,1045.36,7502.52,8547.89,-0.22271,8764.34,-1935.81,-7684.69,-4214.17,-252.85,-7176.94
582,1045.36,7504.11,8549.48,-0.224936,8770.42,-1956.18,-7662.44,-4266.99,-256.019,-7178.46
582.5,1045.36,7505.22,8550.59,-0.227145,8776.01,-1976.33,-7639.34,-4319.59,-259.175,-7179.52
583,1045.36,7505.84,8551.21,-0.229338,8781.12,-1996.24,-7615.39,-4371.96,-262.317,-7180.12
583.5,1045.36,7505.96,8551.33,-0.231514,8785.73,-2015.9,-7590.57,-4424.06,-265.444,-7180.23
584,1045.36,7505.56,8550.92,-0.233674,8789.81,-2035.3,-7564.86,-4475.89,-268.554,-7179.84
584.5,1045.36,7504.62,8549.99,-0.235816,8793.35,-2054.45,-7538.26,-4527.43,-271.646,-7178.95
585,1045.36,7503.13,8548.5,-0.237941,8796.33,-2073.32,-7510.76,-4578.65,-274.719,-7177.53
585.5,1045.36,7501.09,8546.45,-0.240049,8798.74,-2091.9,-7482.34,-4629.53,-277.772,-7175.57
586,1045.36,7498.46,8543.82,-0.242139,8800.56,-2110.2,-7452.99,-4680.05,-280.803,-7173.05
586.5,1045.36,7495.24,8540.61,-0.244212,8801.77,-2128.19,-7422.7,-4730.19,-283.811,-7169.98
587,1045.36,7491.42,8536.78,-0.246266,8802.36,-2145.88,-7391.47,-4779.92,-286.795,-7166.32
587.5,1045.36,7486.98,8532.34,-0.248303,8802.3,-2163.24,-7359.28,-4829.23,-289.754,-7162.07
588,1045.36,7481.9,8527.26,-0.250321,8801.58,-2180.28,-7326.12,-4878.1,-292.686,-7157.21
588.5,1045.36,7476.17,8521.54,-0.252321,8800.19,-2196.98,-7291.98,-4926.49,-295.589,-7151.73
589,1045.36,7469.78,8515.15,-0.254302,8798.1,-2213.34,-7256.87,-4974.38,-298.463,-7145.62
589.5,1045.36,7462.72,8508.09,-0.256264,8795.31,-2229.33,-7220.76,-5021.76,-301.306,-7138.87
590,1045.36,7454.97,8500.33,-0.258208,8791.79,-2244.97,-7183.65,-5068.6,-304.116,-7131.45
590.5,1045.36,7446.51,8491.88,-0.260132,8787.52,-2260.22,-7145.54,-5114.86,-306.892,-7123.36
591,1045.36,7437.34,8482.7,-0.262037,8782.5,-2275.09,-7106.42,-5160.53,-309.632,-7114.58
591.5,1045.36,7427.43,8472.8,-0.263923,8776.7,-2289.57,-7066.28,-5205.59,-312.335,-7105.11
592,1045.36,7416.78,8462.15,-0.265789,8770.1,-2303.65,-7025.12,-5250,-315,-7094.92
592.5,1045.36,7405.38,8450.74,-0.267635,8762.7,-2317.31,-6982.93,-5293.74,-317.624,-7084.01
593,1045.36,7393.2,8438.57,-0.269461,8754.48,-2330.54,-6939.71,-5336.78,-320.207,-7072.36
593.5,1045.36,7380.24,8425.61,-0.271267,8745.41,-2343.35,-6895.46,-5379.1,-322.746,-7059.97
594,1045.36,7366.49,8411.85,-0.273053,8735.48,-2355.72,-6850.18,-5420.67,-325.24,-7046.81
594.5,1045.36,7351.92,8397.29,-0.274818,8724.68,-2367.63,-6803.86,-5461.47,-327.688,-7032.88
595,1045.36,7336.54,8381.9,-0.276563,8713,-2379.09,-6756.5,-5501.46,-330.088,-7018.16
595.5,1045.36,7320.32,8365.68,-0.278287,8700.41,-2390.08,-6708.1,-5540.62,-332.437,-7002.64
596,1045.36,7303.25,8348.61,-0.27999,8686.9,-2400.59,-6658.66,-5578.92,-334.735,-6986.32
596.5,1045.36,7285.32,8330.69,-0.281672,8672.45,-2410.61,-6608.19,-5616.34,-336.98,-6969.17
597,1045.36,7266.53,8311.89,-0.283333,8657.06,-2420.14,-6556.68,-5652.84,-339.17,-6951.19
597.5,1045.36,7246.85,8292.22,-0.284972,8640.7,-2429.16,-6504.14,-5688.4,-341.304,-6932.36
598,1045.36,7226.28,8271.64,-0.28659,8623.36,-2437.67,-6450.57,-5722.98,-343.379,-6912.69
598.5,1045.36,7204.8,8250.17,-0.288186,8605.03,-2445.66,-6395.97,-5756.57,-345.394,-6892.14
599,1045.36,7182.41,8227.78,-0.28976,8585.69,-2453.12,-6340.36,-5789.13,-347.348,-6870.72
599.5,1045.36,7159.09,8204.45,-0.291313,8565.33,-2460.05,-6283.72,-5820.63,-349.238,-6848.41
600,1045.36,7134.83,8180.2,-0.292843,8543.94,-2466.42,-6226.08,-5851.05,-351.063,-6825.21
600.5,1045.36,7109.62,8154.99,-0.294351,8521.49,-2472.24,-6167.44,-5880.35,-352.821,-6801.09
601,1045.36,7083.46,8128.82,-0.295836,8497.98,-2477.5,-6107.8,-5908.51,-354.511,-6776.06
601.5,1045.36,7056.32,8101.68,-0.297299,8473.4,-2482.19,-6047.18,-5935.5,-356.13,-6750.1
602,1045.36,7028.2,8073.57,-0.29874,8447.73,-2486.3,-5985.58,-5961.29,-357.677,-6723.2
602.5,1045.36,6999.1,8044.46,-0.300157,8420.96,-2489.83,-5923.02,-5985.85,-359.151,-6695.36
603,1045.36,6968.99,8014.36,-0.301552,8393.08,-2492.76,-5859.51,-6009.15,-360.549,-6666.56
603.5,1045.36,6937.88,7983.24,-0.302923,8364.07,-2495.1,-5795.05,-6031.17,-361.87,-6636.8
604,1045.36,6905.75,7951.11,-0.304271,8333.93,-2496.83,-5729.67,-6051.87,-363.112,-6606.06
604.5,1045.36,6872.59,7917.95,-0.305596,8302.63,-2497.94,-5663.37,-6071.24,-364.274,-6574.34
605,1045.36,6838.4,7883.76,-0.306898,8270.18,-2498.44,-5596.18,-6089.23,-365.354,-6541.63
605.5,1045.36,6803.16,7848.52,-0.308175,8236.56,-2498.32,-5528.1,-6105.82,-366.349,-6507.93
606,1045.36,6766.87,7812.24,-0.309429,8201.76,-2497.56,-5459.16,-6120.98,-367.259,-6473.21
606.5,1045.36,6729.52,7774.89,-0.31066,8165.77,-2496.17,-5389.36,-6134.7,-368.082,-6437.49
607,1045.36,6691.11,7736.47,-0.311866,8128.57,-2494.13,-5318.74,-6146.93,-368.816,-6400.74
607.5,1045.36,6651.62,7696.99,-0.313048,8090.17,-2491.45,-5247.31,-6157.65,-369.459,-6362.97
608,1045.36,6611.05,7656.42,-0.314206,8050.55,-2488.11,-5175.08,-6166.84,-370.01,-6324.16
608.5,1045.36,6569.39,7614.76,-0.315339,8009.71,-2484.12,-5102.09,-6174.47,-370.468,-6284.3
609,1045.36,6526.64,7572,-0.316449,7967.62,-2479.47,-5028.35,-6180.51,-370.831,-6243.41
609.5,1045.36,6482.78,7528.15,-0.317533,7924.29,-2474.16,-4953.89,-6184.94,-371.096,-6201.45
610,1045.36,6437.82,7483.18,-0.318593,7879.72,-2468.17,-4878.72,-6187.73,-371.264,-6158.44
610.5,1045.36,6391.74,7437.11,-0.319628,7833.88,-2461.51,-4802.88,-6188.86,-371.331,-6114.37
611,1045.36,6344.55,7389.92,-0.320639,7786.77,-2454.18,-4726.39,-6188.3,-371.298,-6069.22
611.5,1045.36,6296.23,7341.6,-0.321624,7738.4,-2446.17,-4649.28,-6186.03,-371.162,-6023
612,1045.36,6246.79,7292.15,-0.322585,7688.74,-2437.48,-4571.58,-6182.03,-370.922,-5975.7
612.5,1045.36,6196.21,7241.57,-0.32352,7637.8,-2428.1,-4493.3,-6176.27,-370.576,-5927.31
613,1045.36,6144.49,7189.85,-0.32443,7585.57,-2418.04,-4414.49,-6168.73,-370.124,-5877.84
613.5,1045.36,6091.63,7137,-0.325314,7532.05,-2407.29,-4335.18,-6159.38,-369.563,-5827.28
614,1045.36,6037.63,7082.99,-0.326173,7477.23,-2395.86,-4255.38,-6148.22,-368.893,-5775.62
614.5,1045.36,5982.47,7027.84,-0.327007,7421.1,-2383.73,-4175.14,-6135.22,-368.113,-5722.86
615,1045.36,5926.17,6971.53,-0.327815,7363.66,-2370.92,-4094.5,-6120.35,-367.221,-5669
615.5,1045.36,5868.71,6914.08,-0.328597,7304.92,-2357.41,-4013.47,-6103.6,-366.216,-5614.03
616,1045.36,5810.09,6855.46,-0.329354,7244.86,-2343.22,-3932.1,-6084.95,-365.097,-5557.96
616.5,1045.36,5750.32,6795.68,-0.330085,7183.49,-2328.34,-3850.42,-6064.38,-363.863,-5500.78
617,1045.36,5689.38,6734.75,-0.33079,7120.79,-2312.76,-3768.48,-6041.88,-362.513,-5442.49
617.5,1045.36,5627.28,6672.65,-0.331469,7056.78,-2296.5,-3686.29,-6017.43,-361.046,-5383.08
618,1045.36,5564.02,6609.39,-0.332121,6991.45,-2279.56,-3603.91,-5991.01,-359.461,-5322.56
618.5,1045.36,5499.59,6544.96,-0.332748,6924.79,-2261.93,-3521.37,-5962.61,-357.757,-5260.93
619,1045.36,5434,6479.36,-0.333348,6856.82,-2243.61,-3438.71,-5932.22,-355.933,-5198.18
619.5,1045.36,5367.24,6412.6,-0.333923,6787.52,-2224.62,-3355.97,-5899.82,-353.989,-5134.32
620,1045.36,5299.31,6344.68,-0.334471,6716.9,-2204.95,-3273.2,-5865.4,-351.924,-5069.34
620.5,1045.36,5230.22,6275.59,-0.334992,6644.96,-2184.61,-3190.42,-5828.96,-349.737,-5003.25
621,1045.36,5159.97,6205.33,-0.335487,6571.7,-2163.6,-3107.69,-5790.47,-347.428,-4936.04
621.5,1045.36,5088.55,6133.91,-0.335956,6497.13,-2141.92,-3025.04,-5749.94,-344.996,-4867.72
622,1045.36,5015.96,6061.33,-0.336398,6421.24,-2119.58,-2942.53,-5707.35,-342.441,-4798.29
622.5,1045.36,4942.22,5987.58,-0.336814,6344.04,-2096.59,-2860.19,-5662.7,-339.762,-4727.75
623,1045.36,4867.32,5912.68,-0.337203,6265.53,-2072.94,-2778.07,-5615.98,-336.959,-4656.09
623.5,1045.36,4791.26,5836.62,-0.337565,6185.72,-2048.65,-2696.21,-5567.19,-334.031,-4583.33
624,1045.36,4714.04,5759.41,-0.337901,6104.61,-2023.72,-2614.66,-5516.32,-330.979,-4509.47
624.5,1045.36,4635.67,5681.04,-0.33821,6022.2,-1998.16,-2533.46,-5463.37,-327.802,-4434.5
625,1045.36,4556.16,5601.52,-0.338492,5938.5,-1971.97,-2452.67,-5408.34,-324.5,-4358.44
625.5,1045.36,4475.5,5520.87,-0.338747,5853.51,-1945.16,-2372.32,-5351.23,-321.074,-4281.28
626,1045.36,4393.7,5439.07,-0.338976,5767.25,-1917.73,-2292.47,-5292.04,-317.523,-4203.03
626.5,1045.36,4310.76,5356.13,-0.339178,5679.71,-1889.7,-2213.16,-5230.77,-313.846,-4123.69
627,1045.36,4226.69,5272.06,-0.339352,5590.91,-1861.08,-2134.45,-5167.43,-310.046,-4043.27
627.5,1045.36,4141.5,5186.86,-0.3395,5500.84,-1831.87,-2056.37,-5102.02,-306.121,-3961.77
628,1045.36,4055.18,5100.54,-0.339622,5409.53,-1802.08,-1978.99,-5034.55,-302.073,-3879.2
628.5,1045.36,3967.74,5013.11,-0.339716,5316.98,-1771.72,-1902.34,-4965.01,-297.901,-3795.56
629,1045.36,3879.2,4924.56,-0.339783,5223.19,-1740.8,-1826.48,-4893.43,-293.606,-3710.85
629.5,1045.36,3789.55,4834.91,-0.339823,5128.17,-1709.33,-1751.45,-4819.81,-289.189,-3625.09
630,1045.36,3698.8,4744.16,-0.339837,5031.94,-1677.31,-1677.31,-4744.16,-284.65,-3538.28
630.5,1045.36,3606.96,4652.32,-0.339823,4934.51,-1644.77,-1604.11,-4666.5,-279.99,-3450.43
631,1045.36,3514.03,4559.4,-0.339783,4835.88,-1611.71,-1531.9,-4586.83,-275.21,-3361.53
631.5,1045.36,3420.03,4465.39,-0.339716,4736.06,-1578.15,-1460.72,-4505.17,-270.31,-3271.61
632,1045.36,3324.96,4370.32,-0.339622,4635.07,-1544.08,-1390.62,-4421.55,-265.293,-3180.67
632.5,1045.36,3228.82,4274.19,-0.3395,4532.92,-1509.54,-1321.66,-4335.97,-260.158,-3088.71
633,1045.36,3131.64,4177,-0.339352,4429.62,-1474.52,-1253.89,-4248.45,-254.907,-2995.74
633.5,1045.36,3033.41,4078.78,-0.339178,4325.19,-1439.04,-1187.35,-4159.02,-249.541,-2901.77
634,1045.36,2934.15,3979.51,-0.338976,4219.63,-1403.12,-1122.1,-4067.69,-244.062,-2806.82
634.5,1045.36,2833.86,3879.22,-0.338747,4112.95,-1366.76,-1058.18,-3974.5,-238.47,-2710.88
635,1045.36,2732.55,3777.92,-0.338492,4005.18,-1329.98,-995.653,-3879.46,-232.767,-2613.97
635.5,1045.36,2630.24,3675.61,-0.33821,3896.33,-1292.8,-934.555,-3782.59,-226.956,-2516.1
636,1045.36,2526.93,3572.3,-0.337901,3786.41,-1255.22,-874.939,-3683.94,-221.036,-2417.27
636.5,1045.36,2422.64,3468.01,-0.337565,3675.43,-1217.27,-816.855,-3583.51,-215.011,-2317.51
637,1045.36,2317.38,3362.74,-0.337203,3563.42,-1178.95,-760.35,-3481.35,-208.881,-2216.81
637.5,1045.36,2211.15,3256.51,-0.336814,3450.38,-1140.29,-705.472,-3377.49,-202.649,-2115.19
638,1045.36,2103.97,3149.33,-0.336398,3336.33,-1101.29,-652.268,-3271.95,-196.317,-2012.66
638.5,1045.36,1995.85,3041.21,-0.335956,3221.3,-1061.97,-600.787,-3164.78,-189.887,-1909.24
639,1045.36,1886.8,2932.17,-0.335487,3105.29,-1022.35,-551.073,-3056,-183.36,-1804.92
639.5,1045.36,1776.84,2822.2,-0.334992,2988.32,-982.444,-503.173,-2945.65,-176.739,-1699.73
640,1045.36,1665.98,2711.34,-0.334471,2870.41,-942.266,-457.132,-2833.77,-170.026,-1593.68
640.5,1045.36,1554.22,2599.59,-0.333923,2751.58,-901.833,-412.994,-2720.4,-163.224,-1486.78
641,1045.36,1441.6,2486.96,-0.333348,2631.84,-861.161,-370.805,-2605.59,-156.335,-1379.04
641.5,1045.36,1328.11,2373.47,-0.332748,2511.22,-820.267,-330.606,-2489.36,-149.361,-1270.47
642,1045.36,1213.77,2259.13,-0.332121,2389.73,-779.168,-292.441,-2371.76,-142.306,-1161.1
642.5,1045.36,1098.6,2143.96,-0.331469,2267.39,-737.88,-256.351,-2252.85,-135.171,-1050.92
643,1045.36,982.607,2027.97,-0.33079,2144.22,-696.421,-222.377,-2132.66,-127.959,-939.965
643.5,1045.36,865.812,1911.18,-0.330085,2020.24,-654.807,-190.559,-2011.23,-120.674,-828.239
644,1045.36,748.228,1793.59,-0.329354,1895.47,-613.056,-160.936,-1888.63,-113.318,-715.758
644.5,1045.36,629.87,1675.24,-0.328597,1769.93,-571.186,-133.547,-1764.89,-105.893,-602.536
645,1045.36,510.754,1556.12,-0.327815,1643.65,-529.214,-108.428,-1640.07,-98.404,-488.59
645.5,1045.36,390.896,1436.26,-0.327007,1516.63,-487.157,-85.6153,-1514.21,-90.8527,-373.933
646,1045.36,270.312,1315.68,-0.326173,1388.91,-445.034,-65.1446,-1387.38,-83.2427,-258.582
646.5,1045.36,149.019,1194.38,-0.325314,1260.5,-402.863,-47.0496,-1259.62,-75.5771,-142.552
647,1045.36,27.0328,1072.4,-0.32443,1131.42,-360.661,-31.3631,-1130.99,-67.8592,-25.8597
647.5,1045.36,-95.629,949.736,-0.32352,1001.7,-318.447,-18.1169,-1001.54,-60.0923,91.479
648,1045.36,-218.949,826.416,-0.322585,871.361,-276.238,-7.34134,-871.33,-52.2798,209.448
648.5,1045.36,-342.91,702.455,-0.321624,740.421,-234.053,0.934229,-740.421,-44.4252,328.029
649,1045.36,-467.494,577.871,-0.320639,608.904,-191.91,6.68186,-608.868,-36.5321,447.207
649.5,1045.36,-592.683,452.682,-0.319628,476.833,-149.827,9.87488,-476.73,-28.6038,566.963
650,1045.36,-718.458,326.907,-0.318593,344.229,-107.823,10.488,-344.069,-20.6442,687.28
650.5,1045.36,-844.802,200.563,-0.317533,211.117,-65.9158,8.49712,-210.946,-12.6568,808.141
651,1045.36,-971.695,73.6699,-0.316449,77.519,-24.1234,3.8798,-77.4219,-4.64531,929.527
651.5,1045.36,-1099.12,-53.7533,-0.315339,-56.5412,17.5357,-3.38516,56.4398,3.38639,1051.42
652,1045.36,-1227.05,-181.687,-0.314206,-191.04,59.0432,-13.3174,190.576,11.4345,1173.8
652.5,1045.36,-1355.48,-310.113,-0.313048,-325.955,100.381,-25.9353,324.921,19.4953,1296.66
653,1045.36,-1484.38,-439.011,-0.311866,-461.261,141.531,-41.2553,459.412,27.5647,1419.96
653.5,1045.36,-1613.73,-568.36,-0.31066,-596.934,182.475,-59.2928,593.982,35.6389,1543.7
654,1045.36,-1743.51,-698.141,-0.309429,-732.951,223.195,-80.0612,728.565,43.7139,1667.84
654.5,1045.36,-1873.7,-828.334,-0.308175,-869.287,263.673,-103.573,863.095,51.7857,1792.39
655,1045.36,-2004.28,-958.917,-0.306898,-1005.92,303.891,-129.838,997.504,59.8502,1917.3
655.5,1045.36,-2135.24,-1089.87,-0.305596,-1142.82,343.831,-158.865,1131.72,67.9035,2042.57
656,1045.36,-2266.54,-1221.17,-0.304271,-1279.97,383.476,-190.661,1265.69,75.9413,2168.18
656.5,1045.36,-2398.17,-1352.8,-0.302923,-1417.34,422.808,-225.233,1399.33,83.9596,2294.1
657,1045.36,-2530.11,-1484.74,-0.301552,-1554.9,461.81,-262.583,1532.57,91.9543,2420.31
657.5,1045.36,-2662.33,-1616.96,-0.300157,-1692.64,500.463,-302.714,1665.35,99.9211,2546.79
658,1045.36,-2794.81,-1749.45,-0.29874,-1830.53,538.753,-345.626,1797.6,107.856,2673.53
658.5,1045.36,-2927.54,-1882.18,-0.297299,-1968.53,576.66,-391.318,1929.25,115.755,2800.5
659,1045.36,-3060.49,-2015.12,-0.295836,-2106.64,614.168,-439.786,2060.22,123.613,2927.67
659.5,1045.36,-3193.63,-2148.26,-0.294351,-2244.81,651.262,-491.027,2190.45,131.427,3055.04
660,1045.36,-3326.95,-2281.58,-0.292843,-2383.04,687.923,-545.033,2319.87,139.192,3182.57
660.5,1045.36,-3460.42,-2415.05,-0.291313,-2521.28,724.136,-601.795,2448.41,146.904,3310.25
661,1045.36,-3594.02,-2548.65,-0.28976,-2659.52,759.885,-661.305,2575.99,154.56,3438.05
661.5,1045.36,-3727.73,-2682.36,-0.288186,-2797.74,795.154,-723.549,2702.56,162.153,3565.96
662,1045.36,-3861.52,-2816.15,-0.28659,-2935.9,829.927,-788.515,2828.03,169.682,3693.94
662.5,1045.36,-3995.37,-2950,-0.284972,-3073.98,864.189,-856.186,2952.34,177.14,3821.98
663,1045.36,-4129.26,-3083.89,-0.283333,-3211.96,897.924,-926.546,3075.41,184.525,3950.06
663.5,1045.36,-4263.16,-3217.8,-0.281672,-3349.81,931.118,-999.575,3197.19,191.832,4078.16
664,1045.36,-4397.06,-3351.69,-0.27999,-3487.5,963.756,-1075.25,3317.6,199.056,4206.24
664.5,1045.36,-4530.92,-3485.55,-0.278287,-3625.02,995.824,-1153.55,3436.58,206.195,4334.29
665,1045.36,-4664.72,-3619.36,-0.276563,-3762.33,1027.31,-1234.46,3554.04,213.243,4462.29
665.5,1045.36,-4798.45,-3753.09,-0.274818,-3899.41,1058.19,-1317.94,3669.94,220.196,4590.22
666,1045.36,-4932.07,-3886.71,-0.273053,-4036.24,1088.46,-1403.96,3784.19,227.052,4718.04
666.5,1045.36,-5065.57,-4020.2,-0.271267,-4172.79,1118.11,-1492.51,3896.74,233.805,4845.74
667,1045.36,-5198.91,-4153.55,-0.269461,-4309.04,1147.12,-1583.54,4007.52,240.451,4973.3
667.5,1045.36,-5332.08,-4286.71,-0.267635,-4444.96,1175.47,-1677.02,4116.46,246.988,5100.69
668,1045.36,-5465.05,-4419.68,-0.265789,-4580.52,1203.17,-1772.92,4223.5,253.41,5227.88
668.5,1045.36,-5597.79,-4552.42,-0.263923,-4715.71,1230.18,-1871.2,4328.57,259.714,5354.87
669,1045.36,-5730.29,-4684.92,-0.262037,-4850.5,1256.51,-1971.82,4431.62,265.897,5481.61
669.5,1045.36,-5862.51,-4817.14,-0.260132,-4984.85,1282.15,-2074.75,4532.57,271.954,5608.1
670,1045.36,-5994.44,-4949.07,-0.258208,-5118.76,1307.07,-2179.93,4631.37,277.882,5734.3
670.5,1045.36,-6126.04,-5080.68,-0.256264,-5252.2,1331.27,-2287.33,4727.97,283.678,5860.2
671,1045.36,-6257.3,-5211.94,-0.254302,-5385.13,1354.74,-2396.91,4822.29,289.337,5985.76
671.5,1045.36,-6388.2,-5342.83,-0.252321,-5517.54,1377.46,-2508.61,4914.28,294.857,6110.97
672,1045.36,-6518.7,-5473.33,-0.250321,-5649.41,1399.44,-2622.38,5003.89,300.233,6235.81
672.5,1045.36,-6648.78,-5603.41,-0.248303,-5780.7,1420.66,-2738.19,5091.05,305.463,6360.24
673,1045.36,-6778.41,-5733.05,-0.246266,-5911.4,1441.11,-2855.97,5175.72,310.543,6484.26
673.5,1045.36,-6907.58,-5862.22,-0.244212,-6041.48,1460.78,-2975.67,5257.84,315.47,6607.82
674,1045.36,-7036.26,-5990.9,-0.242139,-6170.92,1479.66,-3097.25,5337.35,320.241,6730.92
674.5,1045.36,-7164.43,-6119.06,-0.240049,-6299.7,1497.75,-3220.64,5414.22,324.853,6853.52
675,1045.36,-7292.05,-6246.69,-0.237941,-6427.79,1515.04,-3345.78,5488.38,329.303,6975.61
675.5,1045.36,-7419.12,-6373.75,-0.235816,-6555.17,1531.53,-3472.62,5559.78,333.587,7097.15
676,1045.36,-7545.59,-6500.23,-0.233674,-6681.82,1547.19,-3601.1,5628.39,337.704,7218.14
676.5,1045.36,-7671.45,-6626.09,-0.231514,-6807.72,1562.04,-3731.16,5694.16,341.65,7338.54
677,1045.36,-7796.68,-6751.31,-0.229338,-6932.83,1576.06,-3862.73,5757.04,345.422,7458.33
677.5,1045.36,-7921.24,-6875.88,-0.227145,-7057.15,1589.25,-3995.75,5816.99,349.019,7577.49
678,1045.36,-8045.12,-6999.76,-0.224936,-7180.65,1601.6,-4130.16,5873.97,352.438,7695.99
678.5,1045.36,-8168.3,-7122.93,-0.22271,-7303.31,1613.11,-4265.88,5927.94,355.677,7813.82
679,1045.36,-8290.74,-7245.37,-0.220468,-7425.1,1623.77,-4402.87,5978.87,358.732,7930.95
679.5,1045.36,-8412.42,-7367.06,-0.21821,-7546,1633.58,-4541.03,6026.71,361.602,8047.36
680,1045.36,-8533.33,-7487.97,-0.215937,-7666,1642.54,-4680.31,6071.43,364.286,8163.02
680.5,1045.36,-8653.44,-7608.07,-0.213648,-7785.07,1650.64,-4820.64,6113,366.78,8277.91
681,1045.36,-8772.72,-7727.35,-0.211343,-7903.2,1657.88,-4961.94,6151.4,369.084,8392.01
681.5,1045.36,-8891.15,-7845.78,-0.209024,-8020.35,1664.26,-5104.15,6186.58,371.195,8505.31
682,1045.36,-9008.71,-7963.34,-0.206689,-8136.52,1669.78,-5247.18,6218.53,373.112,8617.76
682.5,1045.36,-9125.37,-8080,-0.20434,-8251.68,1674.43,-5390.97,6247.21,374.833,8729.36
683,1045.36,-9241.12,-8195.75,-0.201975,-8365.81,1678.22,-5535.44,6272.61,376.357,8840.09
683.5,1045.36,-9355.92,-8310.55,-0.199597,-8478.89,1681.15,-5680.51,6294.71,377.682,8949.91
684,1045.36,-9469.76,-8424.4,-0.197204,-8590.9,1683.2,-5826.12,6313.48,378.809,9058.81
684.5,1045.36,-9582.62,-8537.25,-0.194797,-8701.83,1684.39,-5972.18,6328.9,379.734,9166.77
685,1045.36,-9694.47,-8649.1,-0.192377,-8811.65,1684.72,-6118.61,6340.96,380.458,9273.76
685.5,1045.36,-9805.28,-8759.92,-0.189942,-8920.35,1684.18,-6265.35,6349.65,380.979,9379.77
686,1045.36,-9915.05,-8869.68,-0.187494,-9027.9,1682.78,-6412.3,6354.95,381.297,9484.77
686.5,1045.36,-10023.7,-8978.38,-0.185033,-9134.3,1680.52,-6559.4,6356.86,381.412,9588.75
687,1045.36,-10131.3,-9085.97,-0.182559,-9239.51,1677.4,-6706.56,6355.36,381.322,9691.68
687.5,1045.36,-10237.8,-9192.46,-0.180071,-9343.53,1673.43,-6853.71,6350.46,381.027,9793.54
688,1045.36,-10343.2,-9297.8,-0.177571,-9446.34,1668.6,-7000.76,6342.13,380.528,9894.31
688.5,1045.36,-10447.3,-9401.98,-0.175059,-9547.91,1662.92,-7147.63,6330.4,379.824,9993.97
689,1045.36,-10550.4,-9504.99,-0.172534,-9648.24,1656.4,-7294.25,6315.25,378.915,10092.5
689.5,1045.36,-10652.2,-9606.79,-0.169997,-9747.3,1649.04,-7440.54,6296.68,377.801,10189.9
690,1045.36,-10752.7,-9707.38,-0.167448,-9845.08,1640.85,-7586.41,6274.7,376.482,10286.1
690.5,1045.36,-10852.1,-9806.72,-0.164887,-9941.56,1631.82,-7731.79,6249.32,374.959,10381.1
691,1045.36,-10950.2,-9904.81,-0.162315,-10036.7,1621.97,-7876.59,6220.55,373.233,10475
691.5,1045.36,-11047,-10001.6,-0.159731,-10130.6,1611.3,-8020.74,6188.39,371.303,10567.6
692,1045.36,-11142.5,-10097.1,-0.157136,-10223.1,1599.81,-8164.15,6152.86,369.171,10658.9
692.5,1045.36,-11236.7,-10191.3,-0.15453,-10314.2,1587.52,-8306.76,6113.97,366.838,10749
693,1045.36,-11329.5,-10284.1,-0.151914,-10404,1574.43,-8448.46,6071.74,364.304,10837.9
693.5,1045.36,-11421,-10375.6,-0.149286,-10492.3,1560.55,-8589.2,6026.18,361.571,10925.4
694,1045.36,-11511.1,-10465.8,-0.146649,-10579.3,1545.89,-8728.89,5977.32,358.639,11011.6
694.5,1045.36,-11599.8,-10554.5,-0.144001,-10664.9,1530.45,-8867.44,5925.18,355.511,11096.5
695,1045.36,-11687.2,-10641.8,-0.141343,-10749,1514.24,-9004.79,5869.78,352.187,11180
695.5,1045.36,-11773,-10727.7,-0.138675,-10831.7,1497.27,-9140.86,5811.16,348.669,11262.1
696,1045.36,-11857.5,-10812.1,-0.135998,-10912.9,1479.56,-9275.57,5749.33,344.96,11342.9
696.5,1045.36,-11940.5,-10895.1,-0.133311,-10992.6,1461.1,-9408.84,5684.33,341.06,11422.3
697,1045.36,-12022,-10976.6,-0.130615,-11070.9,1441.91,-9540.6,5616.18,336.971,11500.2
697.5,1045.36,-12102,-11056.6,-0.12791,-11147.7,1422.01,-9670.78,5544.94,332.696,11576.8
698,1045.36,-12180.4,-11135.1,-0.125196,-11222.9,1401.39,-9799.3,5470.62,328.237,11651.9
698.5,1045.36,-12257.4,-11212,-0.122473,-11296.7,1380.08,-9926.08,5393.28,323.597,11725.5
699,1045.36,-12332.8,-11287.5,-0.119742,-11368.9,1358.08,-10051.1,5312.94,318.776,11797.6
699.5,1045.36,-12406.7,-11361.3,-0.117003,-11439.5,1335.4,-10174.2,5229.65,313.779,11868.3
700,1045.36,-12479,-11433.6,-0.114255,-11508.6,1312.06,-10295.3,5143.46,308.607,11937.4
700.5,1045.36,-12549.7,-11504.3,-0.1115,-11576.2,1288.07,-10414.5,5054.4,303.264,12005.1
701,1045.36,-12618.8,-11573.4,-0.108737,-11642.1,1263.44,-10531.5,4962.53,297.752,12071.1
701.5,1045.36,-12686.2,-11640.9,-0.105966,-11706.5,1238.18,-10646.4,4867.89,292.074,12135.7
702,1045.36,-12752.1,-11706.7,-0.103189,-11769.3,1212.31,-10759.1,4770.54,286.233,12198.7
702.5,1045.36,-12816.3,-11770.9,-0.100404,-11830.5,1185.83,-10869.5,4670.53,280.232,12260.1
703,1045.36,-12878.8,-11833.5,-0.0976122,-11890.1,1158.77,-10977.6,4567.91,274.074,12319.9
703.5,1045.36,-12939.7,-11894.3,-0.0948138,-11948,1131.14,-11083.3,4462.73,267.764,12378.2
704,1045.36,-12998.9,-11953.5,-0.0920089,-12004.3,1102.94,-11186.4,4355.05,261.303,12434.8
704.5,1045.36,-13056.4,-12011,-0.0891977,-12059,1074.21,-11287.1,4244.94,254.696,12489.8
705,1045.36,-13112.2,-12066.8,-0.0863804,-12112,1044.94,-11385.2,4132.45,247.947,12543.2
705.5,1045.36,-13166.2,-12120.9,-0.0835572,-12163.3,1015.15,-11480.6,4017.64,241.058,12594.9
706,1045.36,-13218.6,-12173.2,-0.0807283,-12213,984.864,-11573.4,3900.58,234.035,12644.9
706.5,1045.36,-13269.2,-12223.8,-0.0778939,-12261,954.091,-11663.4,3781.33,226.88,12693.4
707,1045.36,-13318,-12272.7,-0.0750541,-12307.3,922.849,-11750.5,3659.95,219.597,12740.1
707.5,1045.36,-13365.1,-12319.8,-0.0722093,-12352,891.152,-11834.9,3536.52,212.191,12785.1
708,1045.36,-13410.5,-12365.1,-0.0693595,-12394.9,859.015,-11916.3,3411.09,204.666,12828.5
708.5,1045.36,-13454,-12408.7,-0.066505,-12436.1,826.456,-11994.8,3283.75,197.025,12870.2
709,1045.36,-13495.8,-12450.4,-0.063646,-12475.7,793.49,-12070.3,3154.56,189.274,12910.1
709.5,1045.36,-13535.7,-12490.4,-0.0607826,-12513.5,760.134,-12142.7,3023.6,181.416,12948.3
710,1045.36,-13573.9,-12528.5,-0.0579151,-12549.6,726.404,-12212.1,2890.93,173.456,12984.9
710.5,1045.36,-13610.3,-12564.9,-0.0550437,-12584,692.317,-12278.3,2756.63,165.398,13019.6
711,1045.36,-13644.8,-12599.4,-0.0521685,-12616.6,657.89,-12341.4,2620.77,157.246,13052.7
711.5,1045.36,-13677.5,-12632.1,-0.0492898,-12647.5,623.139,-12401.3,2483.44,149.007,13083.9
712,1045.36,-13708.4,-12663,-0.0464077,-12676.6,588.083,-12457.9,2344.71,140.682,13113.5
712.5,1045.36,-13737.4,-12692,-0.0435225,-12704.1,552.738,-12511.3,2204.65,132.279,13141.2
713,1045.36,-13764.6,-12719.2,-0.0406343,-12729.7,517.121,-12561.4,2063.35,123.801,13167.3
713.5,1045.36,-13789.9,-12744.6,-0.0377434,-12753.6,481.251,-12608.2,1920.88,115.253,13191.5
714,1045.36,-13813.4,-12768,-0.0348499,-12775.8,445.145,-12651.6,1777.33,106.64,13213.9
714.5,1045.36,-13835,-12789.7,-0.031954,-12796.2,408.82,-12691.6,1632.77,97.9663,13234.6
715,1045.36,-13854.8,-12809.4,-0.029056,-12814.8,372.295,-12728.2,1487.29,89.2375,13253.5
715.5,1045.36,-13872.7,-12827.3,-0.026156,-12831.7,335.587,-12761.4,1340.97,80.4582,13270.6
716,1045.36,-13888.7,-12843.3,-0.0232543,-12846.8,298.715,-12791.2,1193.89,71.6335,13286
716.5,1045.36,-13902.8,-12857.4,-0.0203509,-12860.1,261.697,-12817.5,1046.14,62.7682,13299.5
717,1045.36,-13915.1,-12869.7,-0.0174462,-12871.7,224.55,-12840.3,897.791,53.8674,13311.2
717.5,1045.36,-13925.4,-12880.1,-0.0145403,-12881.4,187.293,-12859.6,748.936,44.9362,13321.1
718,1045.36,-13933.9,-12888.6,-0.0116334,-12889.4,149.945,-12875.5,599.658,35.9795,13329.3
718.5,1045.36,-13940.5,-12895.2,-0.00872576,-12895.7,112.523,-12887.8,450.041,27.0025,13335.6
719,1045.36,-13945.3,-12899.9,-0.0058175,-12900.1,75.046,-12896.6,300.169,18.0101,13340.1
719.5,1045.36,-13948.1,-12902.7,-0.00290885,-12902.8,37.5322,-12901.9,150.127,9.00761,13342.8
720,1045.36,-13949,-12903.7,0,-12903.7,-0,-12903.7,-0,-0,13343.7
