alpha_deg,P_gas_N,F_in_N,F_sum_N,beta_rad,K_N,N_N,Z_N,T_N,M_Nm,a_p_mps2
0,1017.88,-13968.1,-12950.2,0,-12950.2,-0,-12950.2,-0,-0,10292.1
0.5,1017.88,-13967.1,-12949.2,0.00290885,-12949.3,-37.6674,-12948.4,-150.668,-7.53339,10291.4
1,1017.88,-13964.2,-12946.3,0.0058175,-12946.5,-75.3159,-12943,-301.248,-15.0624,10289.2
1.5,1017.88,-13959.3,-12941.4,0.00872576,-12941.9,-112.926,-12934,-451.654,-22.5827,10285.6
2,1017.88,-13952.4,-12934.5,0.0116334,-12935.4,-150.48,-12921.4,-601.797,-30.0898,10280.5
2.5,1017.88,-13943.6,-12925.7,0.0145403,-12927.1,-187.957,-12905.2,-751.59,-37.5795,10274
3,1017.88,-13932.8,-12915,0.0174462,-12916.9,-225.34,-12885.5,-900.948,-45.0474,10266.1
3.5,1017.88,-13920.1,-12902.2,0.0203509,-12904.9,-262.609,-12862.1,-1049.78,-52.4891,10256.7
4,1017.88,-13905.4,-12887.6,0.0232543,-12891.1,-299.745,-12835.3,-1198.01,-59.9003,10245.9
4.5,1017.88,-13888.8,-12871,0.026156,-12875.4,-336.73,-12804.9,-1345.54,-67.2768,10233.7
5,1017.88,-13870.3,-12852.4,0.029056,-12857.8,-373.545,-12770.9,-1492.28,-74.6142,10220
5.5,1017.88,-13849.8,-12831.9,0.031954,-12838.5,-410.171,-12733.5,-1638.17,-81.9083,10204.9
6,1017.88,-13827.4,-12809.5,0.0348499,-12817.3,-446.59,-12692.6,-1783.1,-89.1549,10188.4
6.5,1017.88,-13803,-12785.1,0.0377434,-12794.2,-482.783,-12648.3,-1927,-96.3498,10170.4
7,1017.88,-13776.7,-12758.8,0.0406343,-12769.4,-518.732,-12600.5,-2069.78,-103.489,10151.1
7.5,1017.88,-13748.5,-12730.6,0.0435225,-12742.7,-554.419,-12549.4,-2211.36,-110.568,10130.3
8,1017.88,-13718.4,-12700.5,0.0464077,-12714.2,-589.825,-12494.8,-2351.66,-117.583,10108.1
8.5,1017.88,-13686.4,-12668.5,0.0492898,-12683.9,-624.933,-12437,-2490.59,-124.53,10084.5
9,1017.88,-13652.4,-12634.6,0.0521685,-12651.8,-659.725,-12375.8,-2628.08,-131.404,10059.5
9.5,1017.88,-13616.6,-12598.8,0.0550437,-12617.9,-694.183,-12311.4,-2764.06,-138.203,10033.1
10,1017.88,-13578.9,-12561.1,0.0579151,-12582.1,-728.289,-12243.8,-2898.43,-144.921,10005.3
10.5,1017.88,-13539.3,-12521.5,0.0607826,-12544.6,-762.026,-12172.9,-3031.12,-151.556,9976.18
11,1017.88,-13497.9,-12480,0.063646,-12505.3,-795.377,-12099,-3162.06,-158.103,9945.64
11.5,1017.88,-13454.6,-12436.7,0.066505,-12464.3,-828.325,-12021.9,-3291.18,-164.559,9913.73
12,1017.88,-13409.4,-12391.6,0.0693595,-12421.4,-860.853,-11941.8,-3418.39,-170.919,9880.45
12.5,1017.88,-13362.4,-12344.6,0.0722093,-12376.8,-892.944,-11858.7,-3543.63,-177.181,9845.82
13,1017.88,-13313.6,-12295.7,0.0750541,-12330.4,-924.581,-11772.6,-3666.82,-183.341,9809.83
13.5,1017.88,-13262.9,-12245.1,0.0778939,-12282.3,-955.749,-11683.6,-3787.89,-189.395,9772.51
14,1017.88,-13210.5,-12192.6,0.0807283,-12232.4,-986.431,-11591.8,-3906.78,-195.339,9733.85
14.5,1017.88,-13156.2,-12138.3,0.0835572,-12180.8,-1016.61,-11497.2,-4023.42,-201.171,9693.86
15,1017.88,-13100.1,-12082.3,0.0863804,-12127.5,-1046.27,-11399.8,-4137.74,-206.887,9652.56
15.5,1017.88,-13042.3,-12024.4,0.0891977,-12072.4,-1075.41,-11299.7,-4249.68,-212.484,9609.94
16,1017.88,-12982.7,-11964.8,0.0920089,-12015.7,-1103.99,-11197,-4359.18,-217.959,9566.03
16.5,1017.88,-12921.4,-11903.5,0.0948138,-11957.2,-1132.01,-11091.8,-4466.16,-223.308,9520.82
17,1017.88,-12858.3,-11840.4,0.0976122,-11897,-1159.45,-10984,-4570.58,-228.529,9474.34
17.5,1017.88,-12793.4,-11775.6,0.100404,-11835.2,-1186.3,-10873.8,-4672.38,-233.619,9426.58
18,1017.88,-12726.9,-11709,0.103189,-11771.7,-1212.55,-10761.3,-4771.49,-238.575,9377.56
18.5,1017.88,-12658.7,-11640.8,0.105966,-11706.5,-1238.17,-10646.4,-4867.87,-243.394,9327.28
19,1017.88,-12588.8,-11570.9,0.108737,-11639.6,-1263.17,-10529.3,-4961.46,-248.073,9275.77
19.5,1017.88,-12517.2,-11499.3,0.1115,-11571.2,-1287.51,-10410,-5052.21,-252.611,9223.02
20,1017.88,-12444,-11426.1,0.114255,-11501.1,-1311.2,-10288.5,-5140.07,-257.004,9169.06
20.5,1017.88,-12369.1,-11351.2,0.117003,-11429.3,-1334.21,-10165.1,-5224.99,-261.25,9113.89
21,1017.88,-12292.6,-11274.7,0.119742,-11356,-1356.54,-10039.7,-5306.93,-265.347,9057.52
21.5,1017.88,-12214.5,-11196.6,0.122473,-11281.1,-1378.18,-9912.4,-5385.84,-269.292,8999.96
22,1017.88,-12134.8,-11116.9,0.125196,-11204.6,-1399.1,-9783.28,-5461.68,-273.084,8941.23
22.5,1017.88,-12053.5,-11035.6,0.12791,-11126.5,-1419.31,-9652.42,-5534.41,-276.721,8881.35
23,1017.88,-11970.6,-10952.8,0.130615,-11046.9,-1438.78,-9519.9,-5604,-280.2,8820.31
23.5,1017.88,-11886.3,-10868.4,0.133311,-10965.7,-1457.52,-9385.78,-5670.39,-283.52,8758.14
24,1017.88,-11800.4,-10782.5,0.135998,-10883,-1475.5,-9250.16,-5733.57,-286.679,8694.85
24.5,1017.88,-11713,-10695.1,0.138675,-10798.8,-1492.72,-9113.09,-5793.5,-289.675,8630.44
25,1017.88,-11624.1,-10606.2,0.141343,-10713,-1509.17,-8974.67,-5850.15,-292.507,8564.94
25.5,1017.88,-11533.7,-10515.8,0.144001,-10625.8,-1524.84,-8834.97,-5903.48,-295.174,8498.36
26,1017.88,-11441.9,-10424,0.146649,-10537.1,-1539.72,-8694.08,-5953.48,-297.674,8430.71
26.5,1017.88,-11348.7,-10330.8,0.149286,-10447,-1553.81,-8552.06,-6000.12,-300.006,8362.01
27,1017.88,-11254,-10236.1,0.151914,-10355.4,-1567.08,-8409.01,-6043.38,-302.169,8292.27
27.5,1017.88,-11158,-10140.1,0.15453,-10262.4,-1579.54,-8265,-6083.24,-304.162,8221.5
28,1017.88,-11060.5,-10042.7,0.157136,-10167.9,-1591.18,-8120.12,-6119.67,-305.984,8149.72
28.5,1017.88,-10961.8,-9943.89,0.159731,-10072.1,-1602,-7974.45,-6152.68,-307.634,8076.94
29,1017.88,-10861.7,-9843.78,0.162315,-9974.9,-1611.98,-7828.07,-6182.23,-309.111,8003.18
29.5,1017.88,-10760.2,-9742.37,0.164887,-9876.33,-1621.11,-7681.06,-6208.32,-310.416,7928.46
30,1017.88,-10657.5,-9639.67,0.167448,-9776.41,-1629.4,-7533.5,-6230.94,-311.547,7852.78
30.5,1017.88,-10553.6,-9535.7,0.169997,-9675.16,-1636.84,-7385.48,-6250.08,-312.504,7776.17
31,1017.88,-10448.4,-9430.48,0.172534,-9572.6,-1643.42,-7237.07,-6265.74,-313.287,7698.64
31.5,1017.88,-10341.9,-9324.03,0.175059,-9468.75,-1649.14,-7088.37,-6277.91,-313.896,7620.21
32,1017.88,-10234.3,-9216.39,0.177571,-9363.62,-1653.99,-6939.46,-6286.6,-314.33,7540.9
32.5,1017.88,-10125.4,-9107.56,0.180071,-9257.24,-1657.97,-6790.41,-6291.8,-314.59,7460.71
33,1017.88,-10015.4,-8997.57,0.182559,-9149.61,-1661.08,-6641.31,-6293.52,-314.676,7379.66
33.5,1017.88,-9904.32,-8886.44,0.185033,-9040.77,-1663.31,-6492.23,-6291.77,-314.588,7297.78
34,1017.88,-9792.08,-8774.2,0.187494,-8930.72,-1664.66,-6343.27,-6286.54,-314.327,7215.08
34.5,1017.88,-9678.75,-8660.87,0.189942,-8819.49,-1665.14,-6194.51,-6277.85,-313.893,7131.58
35,1017.88,-9564.35,-8546.47,0.192377,-8707.09,-1664.73,-6046.01,-6265.72,-313.286,7047.28
35.5,1017.88,-9448.9,-8431.03,0.194797,-8593.56,-1663.43,-5897.87,-6250.15,-312.508,6962.22
36,1017.88,-9332.44,-8314.56,0.197204,-8478.9,-1661.26,-5750.16,-6231.16,-311.558,6876.41
36.5,1017.88,-9214.98,-8197.1,0.199597,-8363.14,-1658.19,-5602.96,-6208.77,-310.439,6789.86
37,1017.88,-9096.54,-8078.67,0.201975,-8246.29,-1654.25,-5456.36,-6183,-309.15,6702.59
37.5,1017.88,-8977.16,-7959.28,0.20434,-8128.39,-1649.42,-5310.42,-6153.87,-307.694,6614.62
38,1017.88,-8856.85,-7838.97,0.206689,-8009.44,-1643.7,-5165.23,-6121.41,-306.07,6525.98
38.5,1017.88,-8735.63,-7717.76,0.209024,-7889.48,-1637.11,-5020.86,-6085.63,-304.281,6436.66
39,1017.88,-8613.55,-7595.67,0.211343,-7768.52,-1629.63,-4877.39,-6046.57,-302.328,6346.71
39.5,1017.88,-8490.61,-7472.73,0.213648,-7646.58,-1621.27,-4734.88,-6004.26,-300.213,6256.12
40,1017.88,-8366.84,-7348.96,0.215937,-7523.69,-1612.05,-4593.43,-5958.72,-297.936,6164.92
40.5,1017.88,-8242.27,-7224.39,0.21821,-7399.87,-1601.94,-4453.09,-5909.99,-295.5,6073.14
41,1017.88,-8116.92,-7099.04,0.220468,-7275.14,-1590.97,-4313.94,-5858.11,-292.906,5980.78
41.5,1017.88,-7990.82,-6972.94,0.22271,-7149.52,-1579.14,-4176.06,-5803.12,-290.156,5887.86
42,1017.88,-7863.99,-6846.12,0.224936,-7023.04,-1566.44,-4039.5,-5745.04,-287.252,5794.41
42.5,1017.88,-7736.46,-6718.59,0.227145,-6895.71,-1552.89,-3904.34,-5683.92,-284.196,5700.45
43,1017.88,-7608.26,-6590.38,0.229338,-6767.57,-1538.49,-3770.65,-5619.81,-280.99,5605.98
43.5,1017.88,-7479.4,-6461.52,0.231514,-6638.64,-1523.25,-3638.49,-5552.74,-277.637,5511.03
44,1017.88,-7349.91,-6332.04,0.233674,-6508.94,-1507.16,-3507.92,-5482.77,-274.138,5415.63
44.5,1017.88,-7219.83,-6201.95,0.235816,-6378.49,-1490.25,-3379.02,-5409.93,-270.496,5319.78
45,1017.88,-7089.17,-6071.3,0.237941,-6247.31,-1472.51,-3251.84,-5334.27,-266.714,5223.5
45.5,1017.88,-6957.96,-5940.09,0.240049,-6115.44,-1453.95,-3126.43,-5255.86,-262.793,5126.83
46,1017.88,-6826.23,-5808.36,0.242139,-5982.89,-1434.58,-3002.88,-5174.72,-258.736,5029.76
46.5,1017.88,-6694,-5676.13,0.244212,-5849.7,-1414.41,-2881.21,-5090.93,-254.547,4932.33
47,1017.88,-6561.3,-5543.43,0.246266,-5715.88,-1393.44,-2761.51,-5004.53,-250.227,4834.56
47.5,1017.88,-6428.16,-5410.28,0.248303,-5581.46,-1371.69,-2643.81,-4915.58,-245.779,4736.45
48,1017.88,-6294.59,-5276.72,0.250321,-5446.47,-1349.17,-2528.18,-4824.14,-241.207,4638.03
48.5,1017.88,-6160.63,-5142.75,0.252321,-5310.92,-1325.88,-2414.67,-4730.25,-236.513,4539.33
49,1017.88,-6026.3,-5008.42,0.254302,-5174.85,-1301.84,-2303.31,-4633.99,-231.699,4440.35
49.5,1017.88,-5891.63,-4873.75,0.256264,-5038.28,-1277.05,-2194.17,-4535.41,-226.77,4341.12
50,1017.88,-5756.64,-4738.76,0.258208,-4901.24,-1251.52,-2087.3,-4434.57,-221.728,4241.66
50.5,1017.88,-5621.36,-4603.48,0.260132,-4763.75,-1225.28,-1982.72,-4331.53,-216.577,4141.98
51,1017.88,-5485.81,-4467.94,0.262037,-4625.84,-1198.32,-1880.5,-4226.36,-211.318,4042.1
51.5,1017.88,-5350.03,-4332.15,0.263923,-4487.53,-1170.66,-1780.66,-4119.13,-205.956,3942.05
52,1017.88,-5214.03,-4196.15,0.265789,-4348.86,-1142.32,-1683.25,-4009.89,-200.495,3841.84
52.5,1017.88,-5077.84,-4059.96,0.267635,-4209.84,-1113.3,-1588.31,-3898.72,-194.936,3741.49
53,1017.88,-4941.49,-3923.61,0.269461,-4070.5,-1083.61,-1495.87,-3785.67,-189.283,3641.03
53.5,1017.88,-4805,-3787.12,0.271267,-3930.86,-1053.28,-1405.98,-3670.82,-183.541,3540.46
54,1017.88,-4668.4,-3650.52,0.273053,-3790.97,-1022.32,-1318.65,-3554.24,-177.712,3439.81
54.5,1017.88,-4531.71,-3513.83,0.274818,-3650.83,-990.733,-1233.92,-3435.99,-171.799,3339.09
55,1017.88,-4394.96,-3377.08,0.276563,-3510.48,-958.54,-1151.83,-3316.14,-165.807,3238.33
55.5,1017.88,-4258.17,-3240.3,0.278287,-3369.95,-925.754,-1072.39,-3194.77,-159.738,3137.54
56,1017.88,-4121.38,-3103.5,0.27999,-3229.25,-892.391,-995.63,-3071.94,-153.597,3036.75
56.5,1017.88,-3984.59,-2966.72,0.281672,-3088.43,-858.465,-921.58,-2947.72,-147.386,2935.96
57,1017.88,-3847.85,-2829.97,0.283333,-2947.49,-823.992,-850.257,-2822.19,-141.11,2835.21
57.5,1017.88,-3711.17,-2693.29,0.284972,-2806.48,-788.987,-781.681,-2695.42,-134.771,2734.5
58,1017.88,-3574.58,-2556.7,0.28659,-2665.42,-753.467,-715.87,-2567.48,-128.374,2633.85
58.5,1017.88,-3438.1,-2420.22,0.288186,-2524.32,-717.446,-652.839,-2438.44,-121.922,2533.29
59,1017.88,-3301.76,-2283.88,0.28976,-2383.23,-680.942,-592.603,-2308.38,-115.419,2432.83
59.5,1017.88,-3165.57,-2147.7,0.291313,-2242.17,-643.972,-535.174,-2177.36,-108.868,2332.48
60,1017.88,-3029.58,-2011.7,0.292843,-2101.15,-606.551,-480.562,-2045.46,-102.273,2232.28
60.5,1017.88,-2893.79,-1875.91,0.294351,-1960.22,-568.696,-428.776,-1912.75,-95.6376,2132.23
61,1017.88,-2758.23,-1740.36,0.295836,-1819.4,-530.426,-379.821,-1779.31,-88.9654,2032.35
61.5,1017.88,-2622.94,-1605.06,0.297299,-1678.7,-491.758,-333.704,-1645.2,-82.2601,1932.65
62,1017.88,-2487.92,-1470.04,0.29874,-1538.17,-452.708,-290.426,-1510.5,-75.5252,1833.17
62.5,1017.88,-2353.2,-1335.33,0.300157,-1397.82,-413.295,-249.988,-1375.29,-68.7644,1733.91
63,1017.88,-2218.81,-1200.94,0.301552,-1257.69,-373.536,-212.391,-1239.62,-61.9812,1634.88
63.5,1017.88,-2084.77,-1066.9,0.302923,-1117.79,-333.45,-177.631,-1103.59,-55.1794,1536.12
64,1017.88,-1951.1,-933.228,0.304271,-978.159,-293.054,-145.705,-967.246,-48.3623,1437.63
64.5,1017.88,-1817.83,-799.953,0.305596,-838.817,-252.368,-116.605,-830.673,-41.5337,1339.43
65,1017.88,-1684.97,-667.095,0.306898,-699.792,-211.409,-90.3248,-693.938,-34.6969,1241.53
65.5,1017.88,-1552.55,-534.675,0.308175,-561.109,-170.196,-66.8543,-557.112,-27.8556,1143.96
66,1017.88,-1420.59,-402.715,0.309429,-422.794,-128.747,-46.1823,-420.264,-21.0132,1046.73
66.5,1017.88,-1289.11,-271.236,0.31066,-284.873,-87.0817,-28.296,-283.464,-14.1732,949.855
67,1017.88,-1158.14,-140.261,0.311866,-147.37,-45.2182,-13.1808,-146.779,-7.33897,853.348
67.5,1017.88,-1027.69,-9.81038,0.313048,-10.3115,-3.17553,-0.820457,-10.2788,-0.513942,757.229
68,1017.88,-897.781,120.095,0.314206,126.278,39.0275,8.80282,125.97,6.29852,661.51
68.5,1017.88,-768.441,249.435,0.315339,262.372,81.372,15.7084,261.902,13.0951,566.209
69,1017.88,-639.687,378.189,0.316449,397.948,123.839,19.9172,397.45,19.8725,471.34
69.5,1017.88,-511.54,506.336,0.317533,532.98,166.409,21.4516,532.549,26.6274,376.917
70,1017.88,-384.019,633.857,0.318593,667.445,209.064,20.3357,667.135,33.3567,282.956
70.5,1017.88,-257.144,760.732,0.319628,801.317,251.785,16.5947,801.145,40.0572,189.471
71,1017.88,-130.935,886.941,0.320639,934.573,294.552,10.2556,934.516,46.7258,96.4763
71.5,1017.88,-5.40945,1012.47,0.321624,1067.19,337.347,1.34653,1067.19,53.3594,3.98583
72,1017.88,119.412,1137.29,0.322585,1199.14,380.15,-10.1029,1199.1,59.9549,-87.9864
72.5,1017.88,243.512,1261.39,0.32352,1330.41,422.944,-24.0618,1330.19,66.5095,-179.427
73,1017.88,366.872,1384.75,0.32443,1460.96,465.708,-40.498,1460.4,73.0201,-270.322
73.5,1017.88,489.474,1507.35,0.325314,1590.79,508.426,-59.378,1589.68,79.4839,-360.658
74,1017.88,611.299,1629.18,0.326173,1719.85,551.076,-80.6672,1717.96,85.898,-450.423
74.5,1017.88,732.331,1750.21,0.327007,1848.14,593.643,-104.33,1845.2,92.2599,-539.603
75,1017.88,852.553,1870.43,0.327815,1975.64,636.106,-130.328,1971.33,98.5666,-628.185
75.5,1017.88,971.947,1989.82,0.328597,2102.31,678.447,-158.625,2096.31,104.816,-716.158
76,1017.88,1090.5,2108.37,0.329354,2228.13,720.649,-189.181,2220.09,111.004,-803.51
76.5,1017.88,1208.19,2226.06,0.330085,2353.1,762.693,-221.956,2342.6,117.13,-890.227
77,1017.88,1325,2342.88,0.33079,2477.18,804.562,-256.908,2463.82,123.191,-976.299
77.5,1017.88,1440.92,2458.8,0.331469,2600.35,846.237,-293.996,2583.68,129.184,-1061.71
78,1017.88,1555.94,2573.82,0.332121,2722.6,887.701,-333.176,2702.14,135.107,-1146.46
78.5,1017.88,1670.03,2687.91,0.332748,2843.9,928.936,-374.405,2819.15,140.957,-1230.53
79,1017.88,1783.19,2801.07,0.333348,2964.24,969.926,-417.638,2934.67,146.734,-1313.9
79.5,1017.88,1895.39,2913.27,0.333923,3083.6,1010.65,-462.829,3048.66,152.433,-1396.58
80,1017.88,2006.63,3024.51,0.334471,3201.95,1051.1,-509.932,3161.08,158.054,-1478.55
80.5,1017.88,2116.9,3134.77,0.334992,3319.28,1091.25,-558.9,3271.89,163.594,-1559.79
81,1017.88,2226.16,3244.04,0.335487,3435.57,1131.09,-609.687,3381.04,169.052,-1640.3
81.5,1017.88,2334.43,3352.3,0.335956,3550.81,1170.6,-662.242,3488.51,174.425,-1720.07
82,1017.88,2441.67,3459.55,0.336398,3664.97,1209.77,-716.518,3594.25,179.712,-1799.09
82.5,1017.88,2547.89,3565.76,0.336814,3778.04,1248.57,-772.466,3698.23,184.911,-1877.36
83,1017.88,2653.06,3670.93,0.337203,3890,1287,-830.035,3800.42,190.021,-1954.85
83.5,1017.88,2757.17,3775.05,0.337565,4000.84,1325.04,-889.176,3900.78,195.039,-2031.56
84,1017.88,2860.23,3878.1,0.337901,4110.54,1362.67,-949.838,3999.3,199.965,-2107.5
84.5,1017.88,2962.2,3980.08,0.33821,4219.09,1399.89,-1011.97,4095.93,204.796,-2182.63
85,1017.88,3063.09,4080.96,0.338492,4326.46,1436.67,-1075.52,4190.65,209.532,-2256.97
85.5,1017.88,3162.87,4180.75,0.338747,4432.65,1472.99,-1140.44,4283.43,214.172,-2330.5
86,1017.88,3261.55,4279.43,0.338976,4537.64,1508.86,-1206.67,4374.26,218.713,-2403.21
86.5,1017.88,3359.11,4376.99,0.339178,4641.42,1544.25,-1274.16,4463.1,223.155,-2475.09
87,1017.88,3455.55,4473.43,0.339352,4743.97,1579.16,-1342.87,4549.94,227.497,-2546.15
87.5,1017.88,3550.85,4568.72,0.3395,4845.29,1613.56,-1412.74,4634.76,231.738,-2616.37
88,1017.88,3645,4662.88,0.339622,4945.35,1647.45,-1483.71,4717.53,235.877,-2685.74
88.5,1017.88,3738,4755.88,0.339716,5044.15,1680.81,-1555.74,4798.24,239.912,-2754.26
89,1017.88,3829.84,4847.71,0.339783,5141.68,1713.63,-1628.77,4876.88,243.844,-2821.93
89.5,1017.88,3920.51,4938.38,0.339823,5237.92,1745.91,-1702.75,4953.43,247.671,-2888.74
90,1017.88,4010,5027.87,0.339837,5332.87,1777.62,-1777.62,5027.87,251.394,-2954.68
90.5,1017.88,4098.31,5116.18,0.339823,5426.51,1808.77,-1853.34,5100.2,255.01,-3019.75
91,1017.88,4185.43,5203.3,0.339783,5518.83,1839.33,-1929.86,5170.41,258.52,-3083.94
91.5,1017.88,4271.35,5289.23,0.339716,5609.83,1869.3,-2007.12,5238.48,261.924,-3147.25
92,1017.88,4356.07,5373.95,0.339622,5699.5,1898.68,-2085.07,5304.41,265.221,-3209.68
92.5,1017.88,4439.58,5457.46,0.3395,5787.82,1927.44,-2163.65,5368.19,268.41,-3271.21
93,1017.88,4521.89,5539.76,0.339352,5874.8,1955.58,-2242.83,5429.82,271.491,-3331.85
93.5,1017.88,4602.97,5620.84,0.339178,5960.42,1983.1,-2322.55,5489.3,274.465,-3391.6
94,1017.88,4682.83,5700.71,0.338976,6044.67,2009.98,-2402.75,5546.61,277.33,-3450.44
94.5,1017.88,4761.46,5779.34,0.338747,6127.56,2036.22,-2483.39,5601.76,280.088,-3508.38
95,1017.88,4838.87,5856.75,0.338492,6209.07,2061.81,-2564.42,5654.76,282.738,-3565.42
95.5,1017.88,4915.04,5932.92,0.33821,6289.2,2086.75,-2645.79,5705.6,285.28,-3621.54
96,1017.88,4989.98,6007.85,0.337901,6367.94,2111.02,-2727.45,5754.28,287.714,-3676.76
96.5,1017.88,5063.67,6081.55,0.337565,6445.29,2134.62,-2809.35,5800.81,290.04,-3731.06
97,1017.88,5136.13,6154,0.337203,6521.25,2157.55,-2891.45,5845.19,292.26,-3784.44
97.5,1017.88,5207.34,6225.21,0.336814,6595.81,2179.8,-2973.7,5887.43,294.372,-3836.91
98,1017.88,5277.3,6295.18,0.336398,6668.97,2201.36,-3056.05,5927.54,296.377,-3888.47
98.5,1017.88,5346.02,6363.9,0.335956,6740.73,2222.23,-3138.46,5965.53,298.276,-3939.1
99,1017.88,5413.49,6431.37,0.335487,6811.08,2242.41,-3220.89,6001.4,300.07,-3988.81
99.5,1017.88,5479.71,6497.59,0.334992,6880.03,2261.89,-3303.28,6035.16,301.758,-4037.61
100,1017.88,5544.69,6562.56,0.334471,6947.57,2280.67,-3385.6,6066.83,303.341,-4085.48
100.5,1017.88,5608.41,6626.29,0.333923,7013.7,2298.75,-3467.8,6096.42,304.821,-4132.44
101,1017.88,5670.89,6688.77,0.333348,7078.42,2316.12,-3549.85,6123.94,306.197,-4178.47
101.5,1017.88,5732.12,6750,0.332748,7141.73,2332.79,-3631.69,6149.41,307.47,-4223.59
102,1017.88,5792.11,6809.98,0.332121,7203.64,2348.74,-3713.29,6172.84,308.642,-4267.79
102.5,1017.88,5850.85,6868.72,0.331469,7264.14,2363.98,-3794.61,6194.25,309.712,-4311.07
103,1017.88,5908.34,6926.22,0.33079,7323.24,2378.51,-3875.61,6213.65,310.683,-4353.43
103.5,1017.88,5964.6,6982.47,0.330085,7380.94,2392.33,-3956.26,6231.07,311.553,-4394.89
104,1017.88,6019.62,7037.49,0.329354,7437.23,2405.44,-4036.51,6246.52,312.326,-4435.42
104.5,1017.88,6073.4,7091.27,0.328597,7492.13,2417.83,-4116.33,6260.02,313.001,-4475.05
105,1017.88,6125.95,7143.82,0.327815,7545.64,2429.51,-4195.68,6271.6,313.58,-4513.77
105.5,1017.88,6177.27,7195.15,0.327007,7597.77,2440.48,-4274.54,6281.27,314.064,-4551.59
106,1017.88,6227.36,7245.24,0.326173,7648.51,2450.74,-4352.86,6289.06,314.453,-4588.5
106.5,1017.88,6276.24,7294.12,0.325314,7697.87,2460.29,-4430.61,6294.98,314.749,-4624.51
107,1017.88,6323.9,7341.77,0.32443,7745.85,2469.13,-4507.77,6299.07,314.953,-4659.63
107.5,1017.88,6370.34,7388.22,0.32352,7792.47,2477.27,-4584.3,6301.34,315.067,-4693.85
108,1017.88,6415.58,7433.46,0.322585,7837.73,2484.71,-4660.16,6301.82,315.091,-4727.18
108.5,1017.88,6459.62,7477.5,0.321624,7881.64,2491.45,-4735.34,6300.54,315.027,-4759.63
109,1017.88,6502.46,7520.34,0.320639,7924.2,2497.49,-4809.81,6297.52,314.876,-4791.2
109.5,1017.88,6544.12,7561.99,0.319628,7965.42,2502.85,-4883.53,6292.78,314.639,-4821.89
110,1017.88,6584.58,7602.46,0.318593,8005.31,2507.51,-4956.48,6286.36,314.318,-4851.71
110.5,1017.88,6623.88,7641.75,0.317533,8043.88,2511.49,-5028.64,6278.27,313.914,-4880.66
111,1017.88,6662,7679.88,0.316449,8081.13,2514.8,-5099.99,6268.56,313.428,-4908.75
111.5,1017.88,6698.96,7716.84,0.315339,8117.08,2517.42,-5170.49,6257.24,312.862,-4935.99
112,1017.88,6734.77,7752.64,0.314206,8151.73,2519.39,-5240.12,6244.35,312.217,-4962.37
112.5,1017.88,6769.43,7787.3,0.313048,8185.1,2520.68,-5308.88,6229.9,311.495,-4987.91
113,1017.88,6802.94,7820.82,0.311866,8217.2,2521.32,-5376.73,6213.94,310.697,-5012.6
113.5,1017.88,6835.33,7853.21,0.31066,8248.03,2521.31,-5443.65,6196.49,309.825,-5036.47
114,1017.88,6866.6,7884.48,0.309429,8277.6,2520.65,-5509.64,6177.59,308.879,-5059.51
114.5,1017.88,6896.76,7914.63,0.308175,8305.94,2519.36,-5574.66,6157.25,307.862,-5081.73
115,1017.88,6925.81,7943.68,0.306898,8333.04,2517.43,-5638.71,6135.51,306.775,-5103.13
115.5,1017.88,6953.76,7971.64,0.305596,8358.93,2514.88,-5701.77,6112.4,305.62,-5123.73
116,1017.88,6980.64,7998.51,0.304271,8383.61,2511.71,-5763.83,6087.95,304.398,-5143.53
116.5,1017.88,7006.43,8024.31,0.302923,8407.1,2507.93,-5824.87,6062.2,303.11,-5162.54
117,1017.88,7031.17,8049.04,0.301552,8429.41,2503.55,-5884.87,6035.16,301.758,-5180.76
117.5,1017.88,7054.85,8072.73,0.300157,8450.55,2498.58,-5943.83,6006.88,300.344,-5198.21
118,1017.88,7077.49,8095.36,0.29874,8470.54,2493.01,-6001.74,5977.38,298.869,-5214.89
118.5,1017.88,7099.09,8116.97,0.297299,8489.39,2486.87,-6058.59,5946.7,297.335,-5230.81
119,1017.88,7119.68,8137.56,0.295836,8507.12,2480.16,-6114.37,5914.86,295.743,-5245.98
119.5,1017.88,7139.26,8157.14,0.294351,8523.73,2472.89,-6169.06,5881.9,294.095,-5260.41
120,1017.88,7157.84,8175.72,0.292843,8539.26,2465.07,-6222.67,5847.84,292.392,-5274.1
120.5,1017.88,7175.44,8193.31,0.291313,8553.7,2456.71,-6275.19,5812.72,290.636,-5287.07
121,1017.88,7192.06,8209.94,0.28976,8567.08,2447.81,-6326.61,5776.58,288.829,-5299.31
121.5,1017.88,7207.72,8225.6,0.288186,8579.41,2438.38,-6376.93,5739.43,286.971,-5310.86
122,1017.88,7222.44,8240.32,0.28659,8590.7,2428.44,-6426.14,5701.31,285.065,-5321.7
122.5,1017.88,7236.22,8254.1,0.284972,8600.98,2418,-6474.24,5662.25,283.112,-5331.85
123,1017.88,7249.08,8266.96,0.283333,8610.25,2407.06,-6521.23,5622.28,281.114,-5341.33
123.5,1017.88,7261.03,8278.91,0.281672,8618.54,2395.63,-6567.11,5581.43,279.071,-5350.13
124,1017.88,7272.09,8289.96,0.27999,8625.87,2383.72,-6611.88,5539.73,276.986,-5358.28
124.5,1017.88,7282.26,8300.14,0.278287,8632.24,2371.35,-6655.54,5497.21,274.861,-5365.78
125,1017.88,7291.57,8309.44,0.276563,8637.68,2358.52,-6698.09,5453.9,272.695,-5372.63
125.5,1017.88,7300.02,8317.89,0.274818,8642.2,2345.25,-6739.53,5409.83,270.492,-5378.86
126,1017.88,7307.63,8325.51,0.273053,8645.82,2331.54,-6779.86,5365.03,268.252,-5384.47
126.5,1017.88,7314.42,8332.3,0.271267,8648.55,2317.4,-6819.1,5319.53,265.977,-5389.47
127,1017.88,7320.4,8338.27,0.269461,8650.43,2302.85,-6857.23,5273.35,263.668,-5393.88
127.5,1017.88,7325.58,8343.45,0.267635,8651.45,2287.89,-6894.27,5226.53,261.326,-5397.69
128,1017.88,7329.97,8347.85,0.265789,8651.65,2272.53,-6930.23,5179.09,258.954,-5400.93
128.5,1017.88,7333.61,8351.48,0.263923,8651.03,2256.79,-6965.1,5131.05,256.553,-5403.61
129,1017.88,7336.49,8354.36,0.262037,8649.62,2240.67,-6998.9,5082.46,254.123,-5405.73
129.5,1017.88,7338.63,8356.51,0.260132,8647.44,2224.19,-7031.63,5033.33,251.666,-5407.31
130,1017.88,7340.05,8357.93,0.258208,8644.5,2207.36,-7063.31,4983.68,249.184,-5408.36
130.5,1017.88,7340.77,8358.64,0.256264,8640.82,2190.18,-7093.93,4933.56,246.678,-5408.89
131,1017.88,7340.79,8358.67,0.254302,8636.42,2172.66,-7123.51,4882.97,244.149,-5408.91
131.5,1017.88,7340.14,8358.02,0.252321,8631.32,2154.83,-7152.06,4831.96,241.598,-5408.43
132,1017.88,7338.83,8356.71,0.250321,8625.54,2136.68,-7179.59,4780.53,239.027,-5407.46
132.5,1017.88,7336.88,8354.76,0.248303,8619.1,2118.22,-7206.11,4728.72,236.436,-5406.02
133,1017.88,7334.3,8352.18,0.246266,8612,2099.47,-7231.63,4676.56,233.828,-5404.12
133.5,1017.88,7331.11,8348.98,0.244212,8604.29,2080.44,-7256.16,4624.06,231.203,-5401.77
134,1017.88,7327.32,8345.19,0.242139,8595.96,2061.14,-7279.72,4571.24,228.562,-5398.97
134.5,1017.88,7322.95,8340.82,0.240049,8587.04,2041.57,-7302.31,4518.14,225.907,-5395.75
135,1017.88,7318.01,8335.89,0.237941,8577.56,2021.75,-7323.96,4464.77,223.238,-5392.12
135.5,1017.88,7312.53,8330.41,0.235816,8567.52,2001.68,-7344.66,4411.16,220.558,-5388.08
136,1017.88,7306.51,8324.39,0.233674,8556.95,1981.39,-7364.45,4357.32,217.866,-5383.65
136.5,1017.88,7299.98,8317.86,0.231514,8545.86,1960.86,-7383.33,4303.28,215.164,-5378.84
137,1017.88,7292.95,8310.83,0.229338,8534.28,1940.12,-7401.32,4249.06,212.453,-5373.66
137.5,1017.88,7285.44,8303.32,0.227145,8522.22,1919.18,-7418.42,4194.67,209.734,-5368.12
138,1017.88,7277.46,8295.34,0.224936,8509.71,1898.04,-7434.67,4140.15,207.007,-5362.24
138.5,1017.88,7269.03,8286.91,0.22271,8496.75,1876.71,-7450.07,4085.5,204.275,-5356.03
139,1017.88,7260.16,8278.04,0.220468,8483.38,1855.2,-7464.63,4030.75,201.537,-5349.49
139.5,1017.88,7250.88,8268.75,0.21821,8469.6,1833.52,-7478.39,3975.91,198.795,-5342.65
140,1017.88,7241.19,8259.07,0.215937,8455.43,1811.68,-7491.34,3921,196.05,-5335.52
140.5,1017.88,7231.12,8248.99,0.213648,8440.91,1789.69,-7503.51,3866.03,193.302,-5328.09
141,1017.88,7220.67,8238.55,0.211343,8426.03,1767.56,-7514.92,3811.04,190.552,-5320.4
141.5,1017.88,7209.88,8227.75,0.209024,8410.82,1745.29,-7525.57,3756.02,187.801,-5312.44
142,1017.88,7198.74,8216.62,0.206689,8395.31,1722.89,-7535.5,3701,185.05,-5304.24
142.5,1017.88,7187.29,8205.16,0.20434,8379.5,1700.37,-7544.71,3645.99,182.3,-5295.8
143,1017.88,7175.52,8193.4,0.201975,8363.41,1677.74,-7553.23,3591.01,179.55,-5287.13
143.5,1017.88,7163.47,8181.35,0.199597,8347.07,1655.01,-7561.07,3536.06,176.803,-5278.25
144,1017.88,7151.15,8169.02,0.197204,8330.48,1632.18,-7568.25,3481.17,174.059,-5269.17
144.5,1017.88,7138.57,8156.44,0.194797,8313.68,1609.26,-7574.79,3426.35,171.317,-5259.9
145,1017.88,7125.74,8143.62,0.192377,8296.67,1586.26,-7580.7,3371.6,168.58,-5250.45
145.5,1017.88,7112.69,8130.56,0.189942,8279.47,1563.18,-7586.01,3316.94,165.847,-5240.83
146,1017.88,7099.43,8117.3,0.187494,8262.1,1540.04,-7590.73,3262.39,163.12,-5231.06
146.5,1017.88,7085.97,8103.84,0.185033,8244.58,1516.83,-7594.88,3207.95,160.397,-5221.14
147,1017.88,7072.33,8090.21,0.182559,8226.92,1493.57,-7598.47,3153.63,157.682,-5211.09
147.5,1017.88,7058.53,8076.41,0.180071,8209.14,1470.26,-7601.54,3099.45,154.972,-5200.92
148,1017.88,7044.58,8062.45,0.177571,8191.26,1446.9,-7604.09,3045.41,152.27,-5190.65
148.5,1017.88,7030.49,8048.37,0.175059,8173.29,1423.51,-7606.14,2991.52,149.576,-5180.27
149,1017.88,7016.29,8034.16,0.172534,8155.25,1400.09,-7607.72,2937.79,146.89,-5169.8
149.5,1017.88,7001.98,8019.85,0.169997,8137.15,1376.64,-7608.84,2884.23,144.212,-5159.26
150,1017.88,6987.58,8005.46,0.167448,8119.01,1353.17,-7609.51,2830.85,141.542,-5148.65
150.5,1017.88,6973.11,7990.98,0.164887,8100.85,1329.68,-7609.76,2777.65,138.882,-5137.98
151,1017.88,6958.57,7976.45,0.162315,8082.69,1306.19,-7609.61,2724.64,136.232,-5127.27
151.5,1017.88,6943.99,7961.87,0.159731,8064.53,1282.69,-7609.07,2671.83,133.591,-5116.53
152,1017.88,6929.38,7947.25,0.157136,8046.39,1259.18,-7608.16,2619.22,130.961,-5105.76
152.5,1017.88,6914.75,7932.62,0.15453,8028.29,1235.68,-7606.9,2566.81,128.341,-5094.98
153,1017.88,6900.11,7917.99,0.151914,8010.24,1212.19,-7605.3,2514.62,125.731,-5084.2
153.5,1017.88,6885.49,7903.36,0.149286,7992.26,1188.71,-7603.39,2462.65,123.132,-5073.42
154,1017.88,6870.88,7888.76,0.146649,7974.35,1165.24,-7601.18,2410.89,120.545,-5062.66
154.5,1017.88,6856.32,7874.19,0.144001,7956.55,1141.79,-7598.69,2359.36,117.968,-5051.93
155,1017.88,6841.8,7859.68,0.141343,7938.85,1118.37,-7595.93,2308.06,115.403,-5041.23
155.5,1017.88,6827.35,7845.22,0.138675,7921.27,1094.97,-7592.93,2256.99,112.849,-5030.58
156,1017.88,6812.97,7830.85,0.135998,7903.83,1071.59,-7589.69,2206.14,110.307,-5019.99
156.5,1017.88,6798.68,7816.56,0.133311,7886.53,1048.25,-7586.24,2155.54,107.777,-5009.46
157,1017.88,6784.49,7802.37,0.130615,7869.4,1024.94,-7582.59,2105.17,105.258,-4999
157.5,1017.88,6770.41,7788.29,0.12791,7852.44,1001.67,-7578.76,2055.03,102.752,-4988.63
158,1017.88,6756.46,7774.34,0.125196,7835.66,978.43,-7574.76,2005.13,100.257,-4978.35
158.5,1017.88,6742.64,7760.52,0.122473,7819.09,955.235,-7570.62,1955.47,97.7736,-4968.17
159,1017.88,6728.98,7746.85,0.119742,7802.72,932.082,-7566.34,1906.05,95.3025,-4958.1
159.5,1017.88,6715.47,7733.34,0.117003,7786.58,908.972,-7561.94,1856.86,92.8432,-4948.15
160,1017.88,6702.13,7720.01,0.114255,7770.67,885.908,-7557.43,1807.92,90.3958,-4938.32
160.5,1017.88,6688.97,7706.85,0.1115,7755,862.891,-7552.83,1759.2,87.9601,-4928.63
161,1017.88,6676.01,7693.89,0.108737,7739.6,839.922,-7548.16,1710.72,85.5361,-4919.07
161.5,1017.88,6663.25,7681.12,0.105966,7724.45,817.001,-7543.43,1662.47,83.1237,-4909.67
162,1017.88,6650.7,7668.58,0.103189,7709.59,794.131,-7538.65,1614.46,80.7229,-4900.43
162.5,1017.88,6638.38,7656.25,0.100404,7695.01,771.311,-7533.84,1566.67,78.3334,-4891.34
163,1017.88,6626.28,7644.16,0.0976122,7680.72,748.542,-7529,1519.1,75.9551,-4882.44
163.5,1017.88,6614.44,7632.31,0.0948138,7666.75,725.825,-7524.16,1471.76,73.5879,-4873.7
164,1017.88,6602.84,7620.71,0.0920089,7653.09,703.159,-7519.32,1424.63,71.2317,-4865.16
164.5,1017.88,6591.5,7609.38,0.0891977,7639.75,680.545,-7514.5,1377.72,68.8862,-4856.81
165,1017.88,6580.44,7598.31,0.0863804,7626.75,657.983,-7509.7,1331.03,66.5513,-4848.65
165.5,1017.88,6569.65,7587.52,0.0835572,7614.09,635.472,-7504.95,1284.53,64.2267,-4840.7
166,1017.88,6559.15,7577.02,0.0807283,7601.78,613.012,-7500.25,1238.24,61.9122,-4832.97
166.5,1017.88,6548.94,7566.82,0.0778939,7589.83,590.604,-7495.62,1192.15,59.6077,-4825.45
167,1017.88,6539.04,7556.91,0.0750541,7578.25,568.245,-7491.06,1146.25,57.3127,-4818.15
167.5,1017.88,6529.44,7547.32,0.0722093,7567.04,545.936,-7486.58,1100.54,55.0272,-4811.08
168,1017.88,6520.17,7538.04,0.0693595,7556.21,523.675,-7482.2,1055.02,52.7508,-4804.24
168.5,1017.88,6511.21,7529.09,0.066505,7545.77,501.461,-7477.92,1009.66,50.4832,-4797.65
169,1017.88,6502.59,7520.47,0.063646,7535.73,479.295,-7473.75,964.484,48.2242,-4791.29
169.5,1017.88,6494.31,7512.18,0.0607826,7526.08,457.173,-7469.7,919.469,45.9734,-4785.19
170,1017.88,6486.37,7504.24,0.0579151,7516.85,435.095,-7465.79,874.613,43.7306,-4779.34
170.5,1017.88,6478.78,7496.65,0.0550437,7508.02,413.06,-7462.01,829.909,41.4954,-4773.75
171,1017.88,6471.54,7489.42,0.0521685,7499.62,391.066,-7458.39,785.351,39.2676,-4768.41
171.5,1017.88,6464.66,7482.54,0.0492898,7491.64,369.112,-7454.91,740.933,37.0466,-4763.35
172,1017.88,6458.16,7476.03,0.0464077,7484.09,347.195,-7451.6,696.647,34.8323,-4758.55
172.5,1017.88,6452.02,7469.89,0.0435225,7476.97,325.314,-7448.45,652.486,32.6243,-4754.03
173,1017.88,6446.25,7464.13,0.0406343,7470.29,303.467,-7445.47,608.444,30.4222,-4749.78
173.5,1017.88,6440.87,7458.74,0.0377434,7464.06,281.652,-7442.68,564.512,28.2256,-4745.81
174,1017.88,6435.86,7453.74,0.0348499,7458.27,259.867,-7440.07,520.684,26.0342,-4742.13
174.5,1017.88,6431.25,7449.12,0.031954,7452.93,238.111,-7437.65,476.953,23.8476,-4738.73
175,1017.88,6427.02,7444.9,0.029056,7448.04,216.38,-7435.43,433.309,21.6655,-4735.61
175.5,1017.88,6423.19,7441.07,0.026156,7443.61,194.673,-7433.4,389.746,19.4873,-4732.79
176,1017.88,6419.75,7437.63,0.0232543,7439.64,172.988,-7431.58,346.257,17.3128,-4730.26
176.5,1017.88,6416.72,7434.59,0.0203509,7436.13,151.322,-7429.96,302.832,15.1416,-4728.02
177,1017.88,6414.08,7431.96,0.0174462,7433.09,129.673,-7428.56,259.464,12.9732,-4726.08
177.5,1017.88,6411.84,7429.72,0.0145403,7430.51,108.038,-7427.36,216.145,10.8072,-4724.43
178,1017.88,6410.01,7427.89,0.0116334,7428.39,86.4157,-7426.38,172.867,8.64333,-4723.08
178.5,1017.88,6408.59,7426.46,0.00872576,7426.75,64.8032,-7425.62,129.621,6.48106,-4722.03
179,1017.88,6407.57,7425.45,0.0058175,7425.57,43.198,-7425.07,86.4005,4.32002,-4721.28
179.5,1017.88,6406.96,7424.83,0.00290885,7424.87,21.5978,-7424.74,43.1961,2.15981,-4720.83
180,1017.88,6406.75,7424.63,4.08216e-17,7424.63,3.03085e-13,-7424.63,9.09255e-13,4.54627e-14,-4720.68
180.5,1017.89,6406.96,7424.85,-0.00290885,7424.88,-21.5978,-7424.76,-43.1962,-2.15981,-4720.83
181,1017.94,6407.57,7425.51,-0.0058175,7425.63,-43.1984,-7425.13,-86.4012,-4.32006,-4721.28
181.5,1018.01,6408.59,7426.6,-0.00872576,7426.89,-64.8044,-7425.75,-129.624,-6.48118,-4722.03
182,1018.12,6410.01,7428.14,-0.0116334,7428.64,-86.4186,-7426.63,-172.872,-8.64361,-4723.08
182.5,1018.26,6411.84,7430.11,-0.0145403,7430.89,-108.044,-7427.75,-216.156,-10.8078,-4724.43
183,1018.43,6414.08,7432.51,-0.0174462,7433.64,-129.682,-7429.11,-259.483,-12.9742,-4726.08
183.5,1018.63,6416.72,7435.35,-0.0203509,7436.89,-151.337,-7430.72,-302.862,-15.1431,-4728.02
184,1018.86,6419.75,7438.62,-0.0232543,7440.63,-173.011,-7432.57,-346.303,-17.3151,-4730.26
184.5,1019.13,6423.19,7442.32,-0.026156,7444.86,-194.706,-7434.65,-389.812,-19.4906,-4732.79
185,1019.42,6427.02,7446.44,-0.029056,7449.59,-216.425,-7436.97,-433.399,-21.67,-4735.61
185.5,1019.75,6431.25,7450.99,-0.031954,7454.8,-238.17,-7439.52,-477.072,-23.8536,-4738.73
186,1020.1,6435.86,7455.97,-0.0348499,7460.5,-259.945,-7442.29,-520.84,-26.042,-4742.13
186.5,1020.49,6440.87,7461.36,-0.0377434,7466.67,-281.75,-7445.29,-564.71,-28.2355,-4745.81
187,1020.91,6446.25,7467.16,-0.0406343,7473.33,-303.59,-7448.5,-608.691,-30.4345,-4749.78
187.5,1021.36,6452.02,7473.37,-0.0435225,7480.46,-325.465,-7451.92,-652.79,-32.6395,-4754.03
188,1021.84,6458.16,7479.99,-0.0464077,7488.06,-347.379,-7455.55,-697.016,-34.8508,-4758.55
188.5,1022.35,6464.66,7487.02,-0.0492898,7496.12,-369.332,-7459.37,-741.376,-37.0688,-4763.35
189,1022.9,6471.54,7494.44,-0.0521685,7504.65,-391.329,-7463.39,-785.878,-39.2939,-4768.41
189.5,1023.48,6478.78,7502.25,-0.0550437,7513.63,-413.369,-7467.59,-830.529,-41.5264,-4773.75
190,1024.08,6486.37,7510.45,-0.0579151,7523.06,-435.455,-7471.97,-875.336,-43.7668,-4779.34
190.5,1024.73,6494.31,7519.03,-0.0607826,7532.94,-457.59,-7476.51,-920.307,-46.0154,-4785.19
191,1025.4,6502.59,7527.99,-0.063646,7543.26,-479.774,-7481.22,-965.449,-48.2724,-4791.29
191.5,1026.1,6511.21,7537.32,-0.066505,7554.02,-502.009,-7486.09,-1010.77,-50.5384,-4797.65
192,1026.84,6520.17,7547.01,-0.0693595,7565.2,-524.298,-7491.09,-1056.27,-52.8135,-4804.24
192.5,1027.61,6529.44,7557.06,-0.0722093,7576.8,-546.64,-7496.24,-1101.96,-55.0982,-4811.08
193,1028.42,6539.04,7567.45,-0.0750541,7588.82,-569.037,-7501.51,-1147.85,-57.3927,-4818.15
193.5,1029.25,6548.94,7578.19,-0.0778939,7601.24,-591.492,-7506.89,-1193.95,-59.6973,-4825.45
194,1030.12,6559.15,7589.27,-0.0807283,7614.07,-614.003,-7512.38,-1240.25,-62.0123,-4832.97
194.5,1031.03,6569.65,7600.67,-0.0835572,7627.28,-636.573,-7517.96,-1286.76,-64.338,-4840.7
195,1031.96,6580.44,7612.4,-0.0863804,7640.89,-659.202,-7523.63,-1333.49,-66.6747,-4848.65
195.5,1032.93,6591.5,7624.43,-0.0891977,7654.87,-681.891,-7529.37,-1380.45,-69.0225,-4856.81
196,1033.94,6602.84,7636.77,-0.0920089,7669.21,-704.641,-7535.16,-1427.64,-71.3818,-4865.16
196.5,1034.97,6614.44,7649.41,-0.0948138,7683.92,-727.451,-7541.01,-1475.06,-73.7528,-4873.7
197,1036.05,6626.28,7662.33,-0.0976122,7698.98,-750.321,-7546.9,-1522.71,-76.1357,-4882.44
197.5,1037.15,6638.38,7675.53,-0.100404,7714.38,-773.253,-7552.8,-1570.61,-78.5306,-4891.34
198,1038.3,6650.7,7689,-0.103189,7730.11,-796.245,-7558.72,-1618.76,-80.9378,-4900.43
198.5,1039.47,6663.25,7702.72,-0.105966,7746.17,-819.298,-7564.64,-1667.15,-83.3574,-4909.67
199,1040.68,6676.01,7716.69,-0.108737,7762.54,-842.412,-7570.54,-1715.79,-85.7897,-4919.07
199.5,1041.93,6688.97,7730.9,-0.1115,7779.21,-865.584,-7576.41,-1764.69,-88.2346,-4928.63
200,1043.21,6702.13,7745.34,-0.114255,7796.17,-888.816,-7582.23,-1813.85,-90.6925,-4938.32
200.5,1044.53,6715.47,7760,-0.117003,7813.42,-912.106,-7588,-1863.27,-93.1633,-4948.15
201,1045.89,6728.98,7774.86,-0.119742,7830.94,-935.452,-7593.7,-1912.94,-95.6471,-4958.1
201.5,1047.28,6742.64,7789.92,-0.122473,7848.71,-958.854,-7599.3,-1962.88,-98.1441,-4968.17
202,1048.71,6756.46,7805.17,-0.125196,7866.74,-982.311,-7604.81,-2013.09,-100.654,-4978.35
202.5,1050.18,6770.41,7820.59,-0.12791,7885,-1005.82,-7610.19,-2063.55,-103.178,-4988.63
203,1051.68,6784.49,7836.17,-0.130615,7903.49,-1029.38,-7615.44,-2114.29,-105.714,-4999
203.5,1053.22,6798.68,7851.9,-0.133311,7922.19,-1052.99,-7620.54,-2165.28,-108.264,-5009.46
204,1054.8,6812.97,7867.77,-0.135998,7941.09,-1076.64,-7625.48,-2216.55,-110.827,-5019.99
204.5,1056.42,6827.35,7883.77,-0.138675,7960.18,-1100.34,-7630.23,-2268.07,-113.404,-5030.58
205,1058.07,6841.8,7899.88,-0.141343,7979.45,-1124.09,-7634.78,-2319.86,-115.993,-5041.23
205.5,1059.77,6856.32,7916.09,-0.144001,7998.88,-1147.87,-7639.11,-2371.91,-118.596,-5051.93
206,1061.5,6870.88,7932.39,-0.146649,8018.46,-1171.69,-7643.22,-2424.23,-121.211,-5062.66
206.5,1063.28,6885.49,7948.77,-0.149286,8038.17,-1195.54,-7647.07,-2476.79,-123.84,-5073.42
207,1065.09,6900.11,7965.21,-0.151914,8058.01,-1219.42,-7650.66,-2529.62,-126.481,-5084.2
207.5,1066.95,6914.75,7981.7,-0.15453,8077.96,-1243.33,-7653.96,-2582.69,-129.135,-5094.98
208,1068.85,6929.38,7998.23,-0.157136,8098,-1267.26,-7656.96,-2636.02,-131.801,-5105.76
208.5,1070.79,6943.99,8014.78,-0.159731,8118.12,-1291.21,-7659.64,-2689.58,-134.479,-5116.53
209,1072.77,6958.57,8031.34,-0.162315,8138.31,-1315.18,-7661.98,-2743.39,-137.17,-5127.27
209.5,1074.79,6973.11,8047.89,-0.164887,8158.55,-1339.15,-7663.96,-2797.43,-139.872,-5137.98
210,1076.85,6987.58,8064.43,-0.167448,8178.83,-1363.14,-7665.57,-2851.7,-142.585,-5148.65
210.5,1078.96,7001.98,8080.94,-0.169997,8199.13,-1387.12,-7666.79,-2906.2,-145.31,-5159.26
211,1081.11,7016.29,8097.4,-0.172534,8219.44,-1411.11,-7667.6,-2960.91,-148.046,-5169.8
211.5,1083.31,7030.49,8113.8,-0.175059,8239.74,-1435.08,-7667.98,-3015.84,-150.792,-5180.27
212,1085.55,7044.58,8130.13,-0.177571,8260.01,-1459.05,-7667.92,-3070.97,-153.549,-5190.65
212.5,1087.84,7058.53,8146.37,-0.180071,8280.25,-1482.99,-7667.39,-3126.3,-156.315,-5200.92
213,1090.17,7072.33,8162.5,-0.182559,8300.43,-1506.91,-7666.37,-3181.81,-159.091,-5211.09
213.5,1092.54,7085.97,8178.51,-0.185033,8320.54,-1530.81,-7664.85,-3237.51,-161.875,-5221.14
214,1094.97,7099.43,8194.39,-0.187494,8340.57,-1554.66,-7662.82,-3293.37,-164.669,-5231.06
214.5,1097.44,7112.69,8210.13,-0.189942,8360.49,-1578.48,-7660.24,-3349.4,-167.47,-5240.83
215,1099.96,7125.74,8225.7,-0.192377,8380.29,-1602.25,-7657.11,-3405.58,-170.279,-5250.45
215.5,1102.53,7138.57,8241.09,-0.194797,8399.96,-1625.96,-7653.4,-3461.91,-173.095,-5259.9
216,1105.14,7151.15,8256.29,-0.197204,8419.47,-1649.61,-7649.1,-3518.36,-175.918,-5269.17
216.5,1107.81,7163.47,8271.28,-0.199597,8438.82,-1673.2,-7644.18,-3574.93,-178.747,-5278.25
217,1110.52,7175.52,8286.05,-0.201975,8457.98,-1696.71,-7638.64,-3631.61,-181.581,-5287.13
217.5,1113.29,7187.29,8300.57,-0.20434,8476.94,-1720.14,-7632.45,-3688.39,-184.419,-5295.8
218,1116.11,7198.74,8314.85,-0.206689,8495.67,-1743.49,-7625.59,-3745.25,-187.262,-5304.24
218.5,1118.97,7209.88,8328.85,-0.209024,8514.17,-1766.73,-7618.04,-3802.17,-190.109,-5312.44
219,1121.9,7220.67,8342.57,-0.211343,8532.42,-1789.87,-7609.8,-3859.16,-192.958,-5320.4
219.5,1124.87,7231.12,8355.99,-0.213648,8550.39,-1812.91,-7600.84,-3916.18,-195.809,-5328.09
220,1127.9,7241.19,8369.09,-0.215937,8568.07,-1835.82,-7591.14,-3973.23,-198.662,-5335.52
220.5,1130.98,7250.88,8381.86,-0.21821,8585.45,-1858.6,-7580.68,-4030.29,-201.515,-5342.65
221,1134.12,7260.16,8394.29,-0.220468,8602.51,-1881.25,-7569.46,-4087.35,-204.367,-5349.49
221.5,1137.32,7269.03,8406.35,-0.22271,8619.22,-1903.76,-7557.45,-4144.38,-207.219,-5356.03
222,1140.57,7277.46,8418.03,-0.224936,8635.57,-1926.11,-7544.63,-4201.38,-210.069,-5362.24
222.5,1143.88,7285.44,8429.32,-0.227145,8651.55,-1948.3,-7531,-4258.33,-212.916,-5368.12
223,1147.25,7292.95,8440.2,-0.229338,8667.13,-1970.32,-7516.53,-4315.2,-215.76,-5373.66
223.5,1150.67,7299.98,8450.66,-0.231514,8682.3,-1992.17,-7501.21,-4371.98,-218.599,-5378.84
224,1154.16,7306.51,8460.67,-0.233674,8697.04,-2013.82,-7485.02,-4428.65,-221.433,-5383.65
224.5,1157.71,7312.53,8470.24,-0.235816,8711.33,-2035.28,-7467.95,-4485.2,-224.26,-5388.08
225,1161.32,7318.01,8479.33,-0.237941,8725.16,-2056.54,-7449.98,-4541.6,-227.08,-5392.12
225.5,1164.99,7322.95,8487.93,-0.240049,8738.5,-2077.58,-7431.11,-4597.83,-229.891,-5395.75
226,1168.72,7327.32,8496.04,-0.242139,8751.34,-2098.4,-7411.3,-4653.87,-232.694,-5398.97
226.5,1172.52,7331.11,8503.63,-0.244212,8763.66,-2118.98,-7390.56,-4709.71,-235.485,-5401.77
227,1176.39,7334.3,8510.69,-0.246266,8775.45,-2139.32,-7368.87,-4765.31,-238.266,-5404.12
227.5,1180.32,7336.88,8517.2,-0.248303,8786.68,-2159.41,-7346.22,-4820.66,-241.033,-5406.02
228,1184.32,7338.83,8523.15,-0.250321,8797.34,-2179.23,-7322.59,-4875.74,-243.787,-5407.46
228.5,1188.38,7340.14,8528.53,-0.252321,8807.41,-2198.79,-7297.97,-4930.53,-246.526,-5408.43
229,1192.52,7340.79,8533.31,-0.254302,8816.87,-2218.06,-7272.35,-4984.99,-249.25,-5408.91
229.5,1196.72,7340.77,8537.49,-0.256264,8825.71,-2237.04,-7245.72,-5039.12,-251.956,-5408.89
230,1201,7340.05,8541.05,-0.258208,8833.9,-2255.72,-7218.06,-5092.88,-254.644,-5408.36
230.5,1205.35,7338.63,8543.98,-0.260132,8841.44,-2274.09,-7189.38,-5146.24,-257.312,-5407.31
231,1209.77,7336.49,8546.26,-0.262037,8848.3,-2292.14,-7159.66,-5199.2,-259.96,-5405.73
231.5,1214.27,7333.61,8547.87,-0.263923,8854.47,-2309.86,-7128.89,-5251.71,-262.586,-5403.61
232,1218.84,7329.97,8548.81,-0.265789,8859.92,-2327.24,-7097.06,-5303.77,-265.188,-5400.93
232.5,1223.49,7325.58,8549.06,-0.267635,8864.65,-2344.27,-7064.17,-5355.33,-267.766,-5397.69
233,1228.21,7320.4,8548.61,-0.269461,8868.64,-2360.94,-7030.21,-5406.38,-270.319,-5393.88
233.5,1233.02,7314.42,8547.44,-0.271267,8871.86,-2377.24,-6995.17,-5456.88,-272.844,-5389.47
234,1237.91,7307.63,8545.54,-0.273053,8874.31,-2393.16,-6959.05,-5506.82,-275.341,-5384.47
234.5,1242.88,7300.02,8542.89,-0.274818,8875.97,-2408.69,-6921.83,-5556.17,-277.809,-5378.86
235,1247.93,7291.57,8539.49,-0.276563,8876.81,-2423.82,-6883.53,-5604.9,-280.245,-5372.63
235.5,1253.06,7282.26,8535.32,-0.278287,8876.84,-2438.54,-6844.13,-5652.98,-282.649,-5365.78
236,1258.28,7272.09,8530.37,-0.27999,8876.02,-2452.85,-6803.63,-5700.38,-285.019,-5358.28
236.5,1263.59,7261.03,8524.62,-0.281672,8874.34,-2466.73,-6762.02,-5747.08,-287.354,-5350.13
237,1268.99,7249.08,8518.07,-0.283333,8871.79,-2480.17,-6719.32,-5793.05,-289.653,-5341.33
237.5,1274.47,7236.22,8510.69,-0.284972,8868.36,-2493.17,-6675.51,-5838.27,-291.913,-5331.85
238,1280.05,7222.44,8502.49,-0.28659,8864.02,-2505.71,-6630.59,-5882.7,-294.135,-5321.7
238.5,1285.72,7207.72,8493.45,-0.288186,8858.77,-2517.78,-6584.57,-5926.32,-296.316,-5310.86
239,1291.49,7192.06,8483.55,-0.28976,8852.59,-2529.38,-6537.45,-5969.09,-298.455,-5299.31
239.5,1297.35,7175.44,8472.78,-0.291313,8845.46,-2540.5,-6489.23,-6011,-300.55,-5287.07
240,1303.31,7157.84,8461.15,-0.292843,8837.38,-2551.13,-6439.92,-6052,-302.6,-5274.1
240.5,1309.36,7139.26,8448.62,-0.294351,8828.32,-2561.26,-6389.51,-6092.08,-304.604,-5260.41
241,1315.52,7119.68,8435.2,-0.295836,8818.28,-2570.88,-6338.01,-6131.21,-306.56,-5245.98
241.5,1321.78,7099.09,8420.88,-0.297299,8807.24,-2579.98,-6285.43,-6169.35,-308.467,-5230.81
242,1328.15,7077.49,8405.64,-0.29874,8795.19,-2588.56,-6231.77,-6206.48,-310.324,-5214.89
242.5,1334.62,7054.85,8389.47,-0.300157,8782.12,-2596.61,-6177.05,-6242.57,-312.128,-5198.21
243,1341.2,7031.17,8372.37,-0.301552,8768.01,-2604.12,-6121.26,-6277.59,-313.88,-5180.76
243.5,1347.89,7006.43,8354.32,-0.302923,8752.85,-2611.08,-6064.42,-6311.51,-315.576,-5162.54
244,1354.69,6980.64,8335.33,-0.304271,8736.64,-2617.48,-6006.54,-6344.31,-317.216,-5143.53
244.5,1361.61,6953.76,8315.37,-0.305596,8719.36,-2623.32,-5947.63,-6375.96,-318.798,-5123.73
245,1368.64,6925.81,8294.44,-0.306898,8700.99,-2628.59,-5887.7,-6406.43,-320.321,-5103.13
245.5,1375.78,6896.76,8272.54,-0.308175,8681.54,-2633.29,-5826.76,-6435.68,-321.784,-5081.73
246,1383.05,6866.6,8249.65,-0.309429,8660.99,-2637.4,-5764.82,-6463.71,-323.185,-5059.51
246.5,1390.44,6835.33,8225.78,-0.31066,8639.32,-2640.93,-5701.91,-6490.46,-324.523,-5036.47
247,1397.96,6802.94,8200.9,-0.311866,8616.54,-2643.86,-5638.03,-6515.93,-325.797,-5012.6
247.5,1405.6,6769.43,8175.02,-0.313048,8592.63,-2646.18,-5573.2,-6540.08,-327.004,-4987.91
248,1413.37,6734.77,8148.13,-0.314206,8567.58,-2647.91,-5507.44,-6562.89,-328.145,-4962.37
248.5,1421.27,6698.96,8120.23,-0.315339,8541.39,-2649.02,-5440.77,-6584.33,-329.217,-4935.99
249,1429.3,6662,8091.3,-0.316449,8514.05,-2649.52,-5373.2,-6604.38,-330.219,-4908.75
249.5,1437.47,6623.88,8061.35,-0.317533,8485.55,-2649.39,-5304.76,-6623,-331.15,-4880.66
250,1445.78,6584.58,8030.36,-0.318593,8455.89,-2648.64,-5235.46,-6640.18,-332.009,-4851.71
250.5,1454.23,6544.12,7998.34,-0.319628,8425.05,-2647.27,-5165.33,-6655.89,-332.795,-4821.89
251,1462.82,6502.46,7965.28,-0.320639,8393.04,-2645.26,-5094.38,-6670.11,-333.505,-4791.2
251.5,1471.56,6459.62,7931.18,-0.321624,8359.84,-2642.61,-5022.65,-6682.81,-334.14,-4759.63
252,1480.44,6415.58,7896.03,-0.322585,8325.46,-2639.33,-4950.16,-6693.97,-334.698,-4727.18
252.5,1489.48,6370.34,7859.83,-0.32352,8289.89,-2635.4,-4876.92,-6703.57,-335.178,-4693.85
253,1498.68,6323.9,7822.57,-0.32443,8253.12,-2630.83,-4802.98,-6711.58,-335.579,-4659.63
253.5,1508.03,6276.24,7784.27,-0.325314,8215.15,-2625.61,-4728.34,-6717.99,-335.9,-4624.51
254,1517.54,6227.36,7744.9,-0.326173,8175.98,-2619.75,-4653.05,-6722.78,-336.139,-4588.5
254.5,1527.21,6177.27,7704.48,-0.327007,8135.6,-2613.24,-4577.13,-6725.92,-336.296,-4551.59
255,1537.06,6125.95,7663,-0.327815,8094.03,-2606.08,-4500.61,-6727.39,-336.37,-4513.77
255.5,1547.07,6073.4,7620.47,-0.328597,8051.24,-2598.26,-4423.51,-6727.18,-336.359,-4475.05
256,1557.25,6019.62,7576.87,-0.329354,8007.25,-2589.8,-4345.88,-6725.27,-336.264,-4435.42
256.5,1567.61,5964.6,7532.21,-0.330085,7962.04,-2580.68,-4267.74,-6721.65,-336.082,-4394.89
257,1578.16,5908.34,7486.5,-0.33079,7915.64,-2570.92,-4189.12,-6716.29,-335.814,-4353.43
257.5,1588.88,5850.85,7439.73,-0.331469,7868.02,-2560.5,-4110.06,-6709.18,-335.459,-4311.07
258,1599.79,5792.11,7391.9,-0.332121,7819.2,-2549.44,-4030.59,-6700.31,-335.016,-4267.79
258.5,1610.9,5732.12,7343.02,-0.332748,7769.17,-2537.73,-3950.75,-6689.66,-334.483,-4223.59
259,1622.2,5670.89,7293.09,-0.333348,7717.95,-2525.38,-3870.57,-6677.23,-333.861,-4178.47
259.5,1633.69,5608.41,7242.11,-0.333923,7665.52,-2512.39,-3790.09,-6662.99,-333.15,-4132.44
260,1645.39,5544.69,7190.08,-0.334471,7611.9,-2498.75,-3709.34,-6646.94,-332.347,-4085.48
260.5,1657.3,5479.71,7137.01,-0.334992,7557.09,-2484.48,-3628.36,-6629.08,-331.454,-4037.61
261,1669.42,5413.49,7082.91,-0.335487,7501.1,-2469.58,-3547.19,-6609.38,-330.469,-3988.81
261.5,1681.75,5346.02,7027.77,-0.335956,7443.92,-2454.05,-3465.87,-6587.85,-329.392,-3939.1
262,1694.3,5277.3,6971.61,-0.336398,7385.57,-2437.9,-3384.43,-6564.47,-328.223,-3888.47
262.5,1707.08,5207.34,6914.42,-0.336814,7326.05,-2421.12,-3302.92,-6539.24,-326.962,-3836.91
263,1720.09,5136.13,6856.21,-0.337203,7265.37,-2403.74,-3221.38,-6512.17,-325.608,-3784.44
263.5,1733.33,5063.67,6797,-0.337565,7203.54,-2385.74,-3139.85,-6483.23,-324.162,-3731.06
264,1746.8,4989.98,6736.78,-0.337901,7140.56,-2367.15,-3058.37,-6452.44,-322.622,-3676.76
264.5,1760.53,4915.04,6675.57,-0.33821,7076.45,-2347.96,-2976.97,-6419.79,-320.99,-3621.54
265,1774.5,4838.87,6613.36,-0.338492,7011.2,-2328.17,-2895.71,-6385.28,-319.264,-3565.42
265.5,1788.72,4761.46,6550.18,-0.338747,6944.85,-2307.81,-2814.62,-6348.92,-317.446,-3508.38
266,1803.2,4682.83,6486.03,-0.338976,6877.38,-2286.88,-2733.75,-6310.71,-315.535,-3450.44
266.5,1817.95,4602.97,6420.92,-0.339178,6808.83,-2265.37,-2653.14,-6270.64,-313.532,-3391.6
267,1832.97,4521.89,6354.85,-0.339352,6739.18,-2243.32,-2572.83,-6228.74,-311.437,-3331.85
267.5,1848.26,4439.58,6287.84,-0.3395,6668.47,-2220.71,-2492.87,-6184.99,-309.25,-3271.21
268,1863.84,4356.07,6219.91,-0.339622,6596.7,-2197.56,-2413.29,-6139.42,-306.971,-3209.68
268.5,1879.7,4271.35,6151.05,-0.339716,6523.89,-2173.89,-2334.16,-6092.04,-304.602,-3147.25
269,1895.86,4185.43,6081.28,-0.339783,6450.05,-2149.69,-2255.5,-6042.84,-302.142,-3083.94
269.5,1912.32,4098.31,6010.62,-0.339823,6375.2,-2124.99,-2177.36,-5991.85,-299.593,-3019.75
270,1929.08,4010,5939.08,-0.339837,6299.35,-2099.78,-2099.78,-5939.08,-296.954,-2954.68
270.5,1946.16,3920.51,5866.67,-0.339823,6222.51,-2074.09,-2022.82,-5884.55,-294.227,-2888.74
271,1963.56,3829.84,5793.4,-0.339783,6144.71,-2047.93,-1946.5,-5828.26,-291.413,-2821.93
271.5,1981.29,3738,5719.29,-0.339716,6065.97,-2021.3,-1870.89,-5770.24,-288.512,-2754.26
272,1999.36,3645,5644.36,-0.339622,5986.29,-1994.21,-1796.01,-5710.52,-285.526,-2685.74
272.5,2017.77,3550.85,5568.62,-0.3395,5905.71,-1966.69,-1721.92,-5649.1,-282.455,-2616.37
273,2036.53,3455.55,5492.08,-0.339352,5824.23,-1938.75,-1648.66,-5586.02,-279.301,-2546.15
273.5,2055.64,3359.11,5414.76,-0.339178,5741.88,-1910.39,-1576.26,-5521.29,-276.064,-2475.09
274,2075.13,3261.55,5336.68,-0.338976,5658.69,-1881.63,-1504.78,-5454.94,-272.747,-2403.21
274.5,2094.99,3162.87,5257.86,-0.338747,5574.66,-1852.49,-1434.25,-5387,-269.35,-2330.5
275,2115.23,3063.09,5178.32,-0.338492,5489.83,-1822.98,-1364.72,-5317.5,-265.875,-2256.97
275.5,2135.87,2962.2,5098.07,-0.33821,5404.22,-1793.11,-1296.23,-5246.46,-262.323,-2182.63
276,2156.91,2860.23,5017.13,-0.337901,5317.84,-1762.9,-1228.81,-5173.92,-258.696,-2107.5
276.5,2178.35,2757.17,4935.53,-0.337565,5230.73,-1732.37,-1162.52,-5099.91,-254.996,-2031.56
277,2200.22,2653.06,4853.28,-0.337203,5142.91,-1701.53,-1097.38,-5024.47,-251.223,-1954.85
277.5,2222.52,2547.89,4770.41,-0.336814,5054.4,-1670.39,-1033.43,-4947.63,-247.381,-1877.36
278,2245.26,2441.67,4686.93,-0.336398,4965.24,-1638.97,-970.726,-4869.42,-243.471,-1799.09
278.5,2268.45,2334.43,4602.88,-0.335956,4875.44,-1607.29,-909.291,-4789.89,-239.495,-1720.07
279,2292.1,2226.16,4518.27,-0.335487,4785.03,-1575.37,-849.165,-4709.08,-235.454,-1640.3
279.5,2316.23,2116.9,4433.12,-0.334992,4694.05,-1543.22,-790.384,-4627.03,-231.352,-1559.79
280,2340.83,2006.63,4347.47,-0.334471,4602.52,-1510.87,-732.983,-4543.78,-227.189,-1478.55
280.5,2365.94,1895.39,4261.33,-0.333923,4510.47,-1478.31,-676.994,-4459.38,-222.969,-1396.58
281,2391.55,1783.19,4174.74,-0.333348,4417.93,-1445.59,-622.451,-4373.86,-218.693,-1313.9
281.5,2417.67,1670.03,4087.71,-0.332748,4324.94,-1412.7,-569.386,-4287.29,-214.365,-1230.53
282,2444.34,1555.94,4000.27,-0.332121,4231.52,-1379.68,-517.829,-4199.71,-209.986,-1146.46
282.5,2471.54,1440.92,3912.46,-0.331469,4137.7,-1346.54,-467.809,-4111.17,-205.558,-1061.71
283,2499.3,1325,3824.31,-0.33079,4043.52,-1313.3,-419.354,-4021.72,-201.086,-976.299
283.5,2527.64,1208.19,3735.83,-0.330085,3949.02,-1279.97,-372.491,-3931.41,-196.57,-890.227
284,2556.56,1090.5,3647.06,-0.329354,3854.22,-1246.58,-327.245,-3840.3,-192.015,-803.51
284.5,2586.08,971.947,3558.03,-0.328597,3759.16,-1213.14,-283.64,-3748.44,-187.422,-716.158
285,2616.22,852.553,3468.77,-0.327815,3663.88,-1179.68,-241.698,-3655.9,-182.795,-628.185
285.5,2646.99,732.331,3379.32,-0.327007,3568.41,-1146.21,-201.44,-3562.72,-178.136,-539.603
286,2678.4,611.299,3289.7,-0.326173,3472.8,-1112.76,-162.886,-3468.98,-173.449,-450.423
286.5,2710.48,489.474,3199.95,-0.325314,3377.08,-1079.34,-126.053,-3374.72,-168.736,-360.658
287,2743.23,366.872,3110.1,-0.32443,3281.28,-1045.97,-90.9574,-3280.02,-164.001,-270.322
287.5,2776.68,243.512,3020.2,-0.32352,3185.45,-1012.67,-57.6123,-3184.93,-159.246,-179.427
288,2810.85,119.412,2930.26,-0.322585,3089.63,-979.47,-26.0305,-3089.52,-154.476,-87.9864
288.5,2845.75,-5.40945,2840.34,-0.321624,2993.85,-946.381,3.77751,-2993.85,-149.693,3.98583
289,2881.4,-130.935,2750.46,-0.320639,2898.17,-913.425,31.8033,-2898,-144.9,96.4763
289.5,2917.82,-257.144,2660.68,-0.319628,2802.62,-880.623,58.0404,-2802.02,-140.101,189.471
290,2955.03,-384.019,2571.01,-0.318593,2707.25,-847.994,82.4844,-2705.99,-135.3,282.956
290.5,2993.05,-511.54,2481.51,-0.317533,2612.1,-815.56,105.133,-2609.98,-130.499,376.917
291,3031.91,-639.687,2392.22,-0.316449,2517.21,-783.34,125.986,-2514.06,-125.703,471.34
291.5,3071.62,-768.441,2303.18,-0.315339,2422.64,-751.354,145.045,-2418.29,-120.914,566.209
292,3112.2,-897.781,2214.42,-0.314206,2328.42,-719.624,162.314,-2322.75,-116.138,661.51
292.5,3153.69,-1027.69,2126,-0.313048,2234.61,-688.169,177.801,-2227.52,-111.376,757.229
293,3196.1,-1158.14,2037.96,-0.311866,2141.25,-657.01,191.514,-2132.67,-106.633,853.348
293.5,3239.45,-1289.11,1950.34,-0.31066,2048.39,-626.166,203.464,-2038.26,-101.913,949.855
294,3283.78,-1420.59,1863.19,-0.309429,1956.09,-595.659,213.666,-1944.39,-97.2193,1046.73
294.5,3329.11,-1552.55,1776.56,-0.308175,1864.39,-565.508,222.136,-1851.11,-92.5556,1143.96
295,3375.46,-1684.97,1690.49,-0.306898,1773.35,-535.733,228.893,-1758.52,-87.9258,1241.53
295.5,3422.87,-1817.83,1605.04,-0.305596,1683.02,-506.355,233.958,-1666.68,-83.3338,1339.43
296,3471.35,-1951.1,1520.25,-0.304271,1593.45,-477.393,237.356,-1575.67,-78.7834,1437.63
296.5,3520.95,-2084.77,1436.18,-0.302923,1504.69,-448.867,239.115,-1485.57,-74.2785,1536.12
297,3571.69,-2218.81,1352.88,-0.301552,1416.81,-420.796,239.263,-1396.46,-69.8231,1634.88
297.5,3623.61,-2353.2,1270.4,-0.300157,1329.86,-393.2,237.834,-1308.42,-65.421,1733.91
298,3676.72,-2487.92,1188.8,-0.29874,1243.9,-366.099,234.863,-1221.52,-61.0762,1833.17
298.5,3731.07,-2622.94,1108.14,-0.297299,1158.98,-339.511,230.39,-1135.85,-56.7926,1932.65
299,3786.7,-2758.23,1028.46,-0.295836,1075.17,-313.455,224.455,-1051.48,-52.5741,2032.35
299.5,3843.63,-2893.79,949.84,-0.294351,992.528,-287.951,217.104,-968.493,-48.4246,2132.23
300,3901.9,-3029.58,872.326,-0.292843,911.115,-263.016,208.384,-886.965,-44.3482,2232.28
300.5,3961.56,-3165.57,795.983,-0.291313,830.994,-238.67,198.347,-806.976,-40.3488,2332.48
301,4022.63,-3301.76,720.872,-0.28976,752.23,-214.929,187.046,-728.604,-36.4302,2432.83
301.5,4085.16,-3438.1,647.058,-0.288186,674.889,-191.813,174.54,-651.929,-32.5965,2533.29
302,4149.18,-3574.58,574.605,-0.28659,599.037,-169.337,160.888,-577.028,-28.8514,2633.85
302.5,4214.75,-3711.17,503.58,-0.284972,524.743,-147.521,146.155,-503.978,-25.1989,2734.5
303,4281.9,-3847.85,434.05,-0.283333,452.075,-126.381,130.409,-432.857,-21.6428,2835.21
303.5,4350.68,-3984.59,366.086,-0.281672,381.104,-105.932,113.721,-363.742,-18.1871,2935.96
304,4421.13,-4121.38,299.756,-0.27999,311.902,-86.1929,96.1645,-296.708,-14.8354,3036.75
304.5,4493.31,-4258.17,235.135,-0.278287,244.543,-67.1781,77.8186,-231.831,-11.5915,3137.54
305,4567.25,-4394.96,172.295,-0.276563,179.101,-48.9036,58.7648,-169.186,-8.45928,3238.33
305.5,4643.02,-4531.71,111.311,-0.274818,115.651,-31.3845,39.0883,-108.845,-5.44227,3339.09
306,4720.66,-4668.4,52.2617,-0.273053,54.2723,-14.6357,18.8781,-50.8833,-2.54416,3439.81
306.5,4800.22,-4805,-4.77589,-0.271267,-4.95716,1.32828,-1.77306,4.62922,0.231461,3540.46
307,4881.76,-4941.49,-59.721,-0.269461,-61.9567,16.4936,-22.7686,57.6214,2.88107,3641.03
307.5,4965.35,-5077.84,-112.492,-0.267635,-116.644,30.8467,-44.0083,108.024,5.4012,3741.49
308,5051.02,-5214.03,-163.005,-0.265789,-168.937,44.3746,-65.3879,155.769,7.78845,3841.84
308.5,5138.85,-5350.03,-211.174,-0.263923,-218.748,57.0647,-86.7995,200.79,10.0395,3942.05
309,5228.9,-5485.81,-256.912,-0.262037,-265.992,68.9049,-108.131,243.022,12.1511,4042.1
309.5,5321.23,-5621.36,-300.131,-0.260132,-310.58,79.8837,-129.266,282.401,14.12,4141.98
310,5415.9,-5756.64,-340.739,-0.258208,-352.422,89.9902,-150.086,318.866,15.9433,4241.66
310.5,5512.99,-5891.63,-378.643,-0.256264,-391.425,99.2141,-170.466,352.357,17.6178,4341.12
311,5612.55,-6026.3,-413.749,-0.254302,-427.497,107.545,-190.278,382.816,19.1408,4440.35
311.5,5714.67,-6160.63,-445.959,-0.252321,-460.542,114.975,-209.39,410.188,20.5094,4539.33
312,5819.42,-6294.59,-475.176,-0.250321,-490.462,121.495,-227.666,434.42,21.721,4638.03
312.5,5926.86,-6428.16,-501.297,-0.248303,-517.158,127.096,-244.966,455.46,22.773,4736.45
313,6037.08,-6561.3,-524.222,-0.246266,-540.53,131.773,-261.146,473.26,23.663,4834.56
313.5,6150.16,-6694,-543.843,-0.244212,-560.474,135.518,-276.056,487.774,24.3887,4932.33
314,6266.18,-6826.23,-560.056,-0.242139,-576.885,138.326,-289.545,498.96,24.948,5029.76
314.5,6385.21,-6957.96,-572.75,-0.240049,-589.658,140.191,-301.454,506.776,25.3388,5126.83
315,6507.36,-7089.17,-581.815,-0.237941,-598.683,141.111,-311.625,511.186,25.5593,5223.5
315.5,6632.69,-7219.83,-587.137,-0.235816,-603.85,141.081,-319.891,512.156,25.6078,5319.78
316,6761.31,-7349.91,-588.602,-0.233674,-605.046,140.1,-326.083,509.657,25.4828,5415.63
316.5,6893.31,-7479.4,-586.091,-0.231514,-602.157,138.166,-330.028,503.66,25.183,5511.03
317,7028.77,-7608.26,-579.486,-0.229338,-595.066,135.278,-331.549,494.144,24.7072,5605.98
317.5,7167.8,-7736.46,-568.664,-0.227145,-583.656,131.437,-330.465,481.089,24.0545,5700.45
318,7310.49,-7863.99,-553.502,-0.224936,-567.806,126.645,-326.59,464.481,23.2241,5794.41
318.5,7456.94,-7990.82,-533.876,-0.22271,-547.395,120.905,-319.735,444.309,22.2155,5887.86
319,7607.26,-8116.92,-509.656,-0.220468,-522.298,114.219,-309.708,420.567,21.0283,5980.78
319.5,7761.55,-8242.27,-480.714,-0.21821,-492.391,106.594,-296.311,393.254,19.6627,6073.14
320,7919.92,-8366.84,-446.92,-0.215937,-457.546,98.0349,-279.345,362.374,18.1187,6164.92
320.5,8082.47,-8490.61,-408.139,-0.213648,-417.634,88.5493,-258.606,327.935,16.3968,6256.12
321,8249.31,-8613.55,-364.237,-0.211343,-372.526,78.1461,-233.887,289.953,14.4976,6346.71
321.5,8420.56,-8735.63,-315.079,-0.209024,-322.09,66.8352,-204.978,248.447,12.4224,6436.66
322,8596.32,-8856.85,-260.528,-0.206689,-266.193,54.6283,-171.666,203.445,10.1722,6525.98
322.5,8776.71,-8977.16,-200.443,-0.20434,-204.702,41.5383,-133.736,154.977,7.74884,6614.62
323,8961.85,-9096.54,-134.687,-0.201975,-137.482,27.5796,-90.9682,103.083,5.15414,6702.59
323.5,9151.86,-9214.98,-63.1187,-0.199597,-64.3972,12.7683,-43.1435,47.8083,2.39042,6789.86
324,9346.84,-9332.44,14.4032,-0.197204,14.6879,-2.87777,9.9609,-10.7941,-0.539707,6876.41
324.5,9546.92,-9448.9,98.0196,-0.194797,99.9092,-19.3392,68.569,-72.6646,-3.63323,6962.22
325,9752.22,-9564.35,187.872,-0.192377,191.403,-36.5947,132.906,-137.736,-6.88678,7047.28
325.5,9962.85,-9678.75,284.101,-0.189942,289.305,-54.6213,203.198,-205.932,-10.2966,7131.58
326,10178.9,-9792.08,386.848,-0.187494,393.749,-73.3939,279.671,-277.169,-13.8585,7215.08
326.5,10400.6,-9904.32,496.252,-0.185033,504.87,-92.8855,362.551,-351.356,-17.5678,7297.78
327,10627.9,-10015.4,612.451,-0.182559,622.8,-113.067,452.064,-428.391,-21.4195,7379.66
327.5,10861,-10125.4,735.581,-0.180071,747.67,-133.908,548.434,-508.164,-25.4082,7460.71
328,11100,-10234.3,865.775,-0.177571,879.606,-155.373,651.883,-590.555,-29.5277,7540.9
328.5,11345.1,-10341.9,1003.16,-0.175059,1018.73,-177.429,762.631,-675.435,-33.7717,7620.21
329,11596.2,-10448.4,1147.88,-0.172534,1165.17,-200.036,880.895,-762.664,-38.1332,7698.64
329.5,11853.6,-10553.6,1300.03,-0.169997,1319.04,-223.155,1006.88,-852.092,-42.6046,7776.17
330,12117.3,-10657.5,1459.75,-0.167448,1480.46,-246.742,1140.81,-943.559,-47.178,7852.78
330.5,12387.4,-10760.2,1627.14,-0.164887,1649.51,-270.753,1282.87,-1036.89,-51.8447,7928.46
331,12664,-10861.7,1802.31,-0.162315,1826.32,-295.138,1433.25,-1131.91,-56.5955,8003.18
331.5,12947.1,-10961.8,1985.36,-0.159731,2010.95,-319.848,1592.15,-1228.42,-61.4209,8076.94
332,13236.9,-11060.5,2176.37,-0.157136,2203.51,-344.829,1759.73,-1326.21,-66.3104,8149.72
332.5,13533.4,-11158,2375.42,-0.15453,2404.07,-370.025,1936.16,-1425.06,-71.2531,8221.5
333,13836.6,-11254,2582.58,-0.151914,2612.67,-395.376,2121.6,-1524.75,-76.2376,8292.27
333.5,14146.6,-11348.7,2797.92,-0.149286,2829.39,-420.822,2316.18,-1625.03,-81.2516,8362.01
334,14463.4,-11441.9,3021.46,-0.146649,3054.24,-446.297,2520.02,-1725.65,-86.2824,8430.71
334.5,14786.9,-11533.7,3253.24,-0.144001,3287.26,-471.734,2733.24,-1826.33,-91.3167,8498.36
335,15117.3,-11624.1,3493.27,-0.141343,3528.45,-497.063,2955.91,-1926.81,-96.3405,8564.94
335.5,15454.5,-11713,3741.54,-0.138675,3777.8,-522.21,3188.1,-2026.78,-101.339,8630.44
336,15798.4,-11800.4,3998.03,-0.135998,4035.29,-547.1,3429.85,-2125.94,-106.297,8694.85
336.5,16149,-11886.3,4262.69,-0.133311,4300.85,-571.653,3681.19,-2223.98,-111.199,8758.14
337,16506.1,-11970.6,4535.45,-0.130615,4574.42,-595.789,3942.11,-2320.57,-116.028,8820.31
337.5,16869.7,-12053.5,4816.23,-0.12791,4855.9,-619.424,4212.57,-2415.36,-120.768,8881.35
338,17239.7,-12134.8,5104.89,-0.125196,5145.16,-642.47,4492.5,-2508.01,-125.401,8941.23
338.5,17615.8,-12214.5,5401.3,-0.122473,5442.06,-664.841,4781.8,-2598.16,-129.908,8999.96
339,17997.8,-12292.6,5705.28,-0.119742,5746.42,-686.445,5080.33,-2685.44,-134.272,9057.52
339.5,18385.7,-12369.1,6016.61,-0.117003,6058.03,-707.188,5387.93,-2769.46,-138.473,9113.89
340,18779,-12444,6335.05,-0.114255,6376.63,-726.979,5704.36,-2849.85,-142.493,9169.06
340.5,19177.5,-12517.2,6660.34,-0.1115,6701.95,-745.719,6029.38,-2926.21,-146.311,9223.02
341,19580.9,-12588.8,6992.14,-0.108737,7033.68,-763.314,6362.69,-2998.15,-149.907,9275.77
341.5,19988.8,-12658.7,7330.12,-0.105966,7371.46,-779.667,6703.93,-3065.26,-153.263,9327.28
342,20400.8,-12726.9,7673.86,-0.103189,7714.9,-794.678,7052.71,-3127.14,-156.357,9377.56
342.5,20816.4,-12793.4,8022.95,-0.100404,8063.56,-808.253,7408.57,-3183.39,-159.17,9426.58
343,21235.2,-12858.3,8376.88,-0.0976122,8416.95,-820.293,7771.02,-3233.61,-161.681,9474.34
343.5,21656.5,-12921.4,8735.15,-0.0948138,8774.56,-830.704,8139.5,-3277.41,-163.871,9520.82
344,22079.9,-12982.7,9097.18,-0.0920089,9135.83,-839.392,8513.41,-3314.4,-165.72,9566.03
344.5,22504.7,-13042.3,9462.36,-0.0891977,9500.13,-846.266,8892.06,-3344.19,-167.21,9609.94
345,22930.2,-13100.1,9830.02,-0.0863804,9866.8,-851.239,9274.75,-3366.43,-168.321,9652.56
345.5,23355.6,-13156.2,10199.4,-0.0835572,10235.2,-854.226,9660.69,-3380.75,-169.038,9693.86
346,23780.4,-13210.5,10569.9,-0.0807283,10604.4,-855.148,10049,-3386.83,-169.342,9733.85
346.5,24203.5,-13262.9,10940.6,-0.0778939,10973.8,-853.93,10438.9,-3384.36,-169.218,9772.51
347,24624.2,-13313.6,11310.6,-0.0750541,11342.5,-850.503,10829.4,-3373.03,-168.652,9809.83
347.5,25041.5,-13362.4,11679.1,-0.0722093,11709.6,-844.808,11219.4,-3352.6,-167.63,9845.82
348,25454.6,-13409.4,12045.2,-0.0693595,12074.2,-836.788,11608,-3322.83,-166.142,9880.45
348.5,25862.4,-13454.6,12407.8,-0.066505,12435.3,-826.4,11994,-3283.53,-164.176,9913.73
349,26263.9,-13497.9,12766,-0.063646,12791.9,-813.606,12376.2,-3234.53,-161.727,9945.64
349.5,26658.2,-13539.3,13118.8,-0.0607826,13143.1,-798.38,12753.7,-3175.73,-158.786,9976.18
350,27044,-13578.9,13465.1,-0.0579151,13487.7,-780.706,13125,-3107.04,-155.352,10005.3
350.5,27420.4,-13616.6,13803.8,-0.0550437,13824.8,-760.581,13489,-3028.44,-151.422,10033.1
351,27786.3,-13652.4,14133.8,-0.0521685,14153.1,-738.01,13844.4,-2939.94,-146.997,10059.5
351.5,28140.5,-13686.4,14454.1,-0.0492898,14471.7,-713.016,14189.9,-2841.63,-142.082,10084.5
352,28481.8,-13718.4,14763.4,-0.0464077,14779.3,-685.629,14524.3,-2733.63,-136.681,10108.1
352.5,28809.3,-13748.5,15060.8,-0.0435225,15075.1,-655.897,14846.3,-2616.11,-130.806,10130.3
353,29121.8,-13776.7,15345.1,-0.0406343,15357.8,-623.88,15154.7,-2489.32,-124.466,10151.1
353.5,29418.2,-13803,15615.2,-0.0377434,15626.3,-589.65,15448.1,-2353.55,-117.678,10170.4
354,29697.5,-13827.4,15870.1,-0.0348499,15879.8,-553.296,15725.4,-2209.15,-110.457,10188.4
354.5,29958.6,-13849.8,16108.8,-0.031954,16117.1,-514.918,15985.3,-2056.51,-102.826,10204.9
355,30200.7,-13870.3,16330.4,-0.029056,16337.3,-474.629,16226.9,-1896.11,-94.8055,10220
355.5,30422.7,-13888.8,16533.8,-0.026156,16539.5,-432.558,16448.9,-1728.45,-86.4226,10233.7
356,30623.8,-13905.4,16718.3,-0.0232543,16722.8,-388.842,16650.5,-1554.11,-77.7053,10245.9
356.5,30803.2,-13920.1,16883.1,-0.0203509,16886.6,-343.633,16830.6,-1373.68,-68.684,10256.7
357,30960.2,-13932.8,17027.4,-0.0174462,17030,-297.093,16988.5,-1187.83,-59.3915,10266.1
357.5,31094.2,-13943.6,17150.6,-0.0145403,17152.4,-249.392,17123.4,-997.253,-49.8627,10274
358,31204.6,-13952.4,17252.2,-0.0116334,17253.3,-200.711,17234.7,-802.681,-40.134,10280.5
358.5,31290.9,-13959.3,17331.7,-0.00872576,17332.3,-151.236,17321.8,-604.874,-30.2437,10285.6
359,31352.9,-13964.2,17388.7,-0.0058175,17389,-101.16,17384.3,-404.619,-20.2309,10289.2
359.5,31390.1,-13967.1,17423,-0.00290885,17423.1,-50.6811,17421.9,-202.722,-10.1361,10291.4
360,62805.1,-13968.1,48837,0,48837,0,48837,0,0,10292.1
360.5,62805.1,-13967.1,48838,0.00290885,48838.2,142.063,48834.9,568.244,28.4122,10291.4
361,62805.1,-13964.2,48841,0.0058175,48841.8,284.135,48828.6,1136.48,56.8242,10289.2
361.5,62805.1,-13959.3,48845.8,0.00872576,48847.7,426.228,48818,1704.72,85.2359,10285.6
362,62805.1,-13952.4,48852.7,0.0116334,48856,568.35,48803.1,2272.94,113.647,10280.5
362.5,62805.1,-13943.6,48861.5,0.0145403,48866.7,710.511,48784,2841.14,142.057,10274
363,62805.1,-13932.8,48872.3,0.0174462,48879.7,852.722,48760.7,3409.33,170.467,10266.1
363.5,62805.1,-13920.1,48885,0.0203509,48895.1,994.992,48733.1,3977.49,198.875,10256.7
364,62805.1,-13905.4,48899.7,0.0232543,48912.9,1137.33,48701.2,4545.63,227.281,10245.9
364.5,62805.1,-13888.8,48916.3,0.026156,48933,1279.75,48665.1,5113.73,255.686,10233.7
365,62805.1,-13870.3,48934.8,0.029056,48955.5,1422.25,48624.7,5681.79,284.09,10220
365.5,62805.1,-13849.8,48955.3,0.031954,48980.3,1564.85,48580,6249.81,312.49,10204.9
366,62805.1,-13827.4,48977.8,0.0348499,49007.5,1707.56,48531,6817.78,340.889,10188.4
366.5,62805.1,-13803,49002.1,0.0377434,49037,1850.38,48477.7,7385.69,369.284,10170.4
367,62805.1,-13776.7,49028.4,0.0406343,49068.9,1993.33,48420,7953.53,397.677,10151.1
367.5,62805.1,-13748.5,49056.6,0.0435225,49103.1,2136.41,48358.1,8521.31,426.065,10130.3
368,62805.1,-13718.4,49086.7,0.0464077,49139.6,2279.64,48291.7,9089,454.45,10108.1
368.5,62805.1,-13686.4,49118.7,0.0492898,49178.5,2423.01,48221.1,9656.61,482.831,10084.5
369,62805.1,-13652.4,49152.7,0.0521685,49219.6,2566.55,48146,10224.1,511.206,10059.5
369.5,62805.1,-13616.6,49188.5,0.0550437,49263.1,2710.25,48066.6,10791.5,539.576,10033.1
370,62805.1,-13578.9,49226.2,0.0579151,49308.9,2854.13,47982.7,11358.8,567.94,10005.3
370.5,62805.1,-13539.3,49265.8,0.0607826,49356.9,2998.19,47894.4,11926,596.298,9976.18
371,62805.1,-13497.9,49307.2,0.063646,49407.2,3142.45,47801.7,12493,624.649,9945.64
371.5,62805.1,-13454.6,49350.5,0.066505,49459.9,3286.9,47704.5,13059.8,652.991,9913.73
372,62805.1,-13409.4,49395.7,0.0693595,49514.7,3431.56,47602.8,13626.5,681.326,9880.45
372.5,62805.1,-13362.4,49442.7,0.0722093,49571.9,3576.44,47496.6,14193,709.651,9845.82
373,62805.1,-13313.6,49491.5,0.0750541,49631.2,3721.53,47385.9,14759.3,737.966,9809.83
373.5,62805.1,-13262.9,49542.2,0.0778939,49692.9,3866.86,47270.6,15325.4,766.27,9772.51
374,62805.1,-13210.5,49594.6,0.0807283,49756.7,4012.41,47150.8,15891.3,794.563,9733.85
374.5,62805.1,-13156.2,49648.9,0.0835572,49822.7,4158.21,47026.3,16456.9,822.843,9693.86
375,62805.1,-13100.1,49705,0.0863804,49891,4304.25,46897.3,17022.2,851.109,9652.56
375.5,62805.1,-13042.3,49762.8,0.0891977,49961.4,4450.54,46763.6,17587.2,879.36,9609.94
376,62805.1,-12982.7,49822.4,0.0920089,50034,4597.08,46625.2,18151.9,907.596,9566.03
376.5,62805.1,-12921.4,49883.8,0.0948138,50108.8,4743.89,46482.2,18716.3,935.814,9520.82
377,62805.1,-12858.3,49946.8,0.0976122,50185.7,4890.96,46334.4,19280.3,964.015,9474.34
377.5,62805.1,-12793.4,50011.7,0.100404,50264.8,5038.31,46181.9,19843.9,992.196,9426.58
378,61858.9,-12726.9,49132,0.103189,49394.7,5087.93,45155,20021.5,1001.08,9377.56
378.5,60753.2,-12658.7,48094.5,0.105966,48365.8,5115.57,43986,20111.8,1005.59,9327.28
379,59655.9,-12588.8,47067.2,0.108737,47346.8,5138.2,42830,20181.8,1009.09,9275.77
379.5,58568.1,-12517.2,46050.9,0.1115,46338.7,5156.06,41688.4,20232.4,1011.62,9223.02
380,57490.9,-12444,45046.9,0.114255,45342.5,5169.35,40562.2,20264.6,1013.23,9169.06
380.5,56425,-12369.1,44055.9,0.117003,44359.2,5178.31,39452.5,20279.1,1013.95,9113.89
381,55371.5,-12292.6,43078.9,0.119742,43389.6,5183.15,38360.1,20277,1013.85,9057.52
381.5,54331,-12214.5,42116.5,0.122473,42434.4,5184.08,37286,20259.1,1012.96,8999.96
382,53304.2,-12134.8,41169.4,0.125196,41494.2,5181.33,36230.7,20226.4,1011.32,8941.23
382.5,52291.7,-12053.5,40238.2,0.12791,40569.6,5175.11,35194.8,20179.7,1008.98,8881.35
383,51294,-11970.6,39323.4,0.130615,39661.2,5165.62,34179,20119.8,1005.99,8820.31
383.5,50311.6,-11886.3,38425.3,0.133311,38769.3,5153.08,33183.5,20047.7,1002.39,8758.14
384,49344.8,-11800.4,37544.5,0.135998,37894.4,5137.67,32208.9,19964.2,998.21,8694.85
384.5,48394,-11713,36681.1,0.138675,37036.6,5119.61,31255.3,19870,993.502,8630.44
385,47459.5,-11624.1,35835.4,0.141343,36196.4,5099.08,30322.9,19766,988.301,8564.94
385.5,46541.3,-11533.7,35007.6,0.144001,35373.7,5076.26,29412,19652.9,982.646,8498.36
386,45639.8,-11441.9,34197.9,0.146649,34568.9,5051.34,28522.5,19531.5,976.574,8430.71
386.5,44754.9,-11348.7,33406.3,0.149286,33782,5024.48,27654.5,19402.4,970.119,8362.01
387,43886.8,-11254,32632.8,0.151914,33013,4995.86,26808,19266.3,963.317,8292.27
387.5,43035.5,-11158,31877.5,0.15453,32262,4965.64,25982.9,19124,956.2,8221.5
388,42201,-11060.5,31140.4,0.157136,31528.9,4933.97,25179,18976,948.799,8149.72
388.5,41383.2,-10961.8,30421.4,0.159731,30813.7,4901,24396.3,18822.9,941.147,8076.94
389,40582.1,-10861.7,29720.4,0.162315,30116.2,4866.88,23634.5,18665.4,933.27,8003.18
389.5,39797.5,-10760.2,29037.3,0.164887,29436.5,4831.74,22893.5,18504,925.198,7928.46
390,39029.4,-10657.5,28371.8,0.167448,28774.3,4795.72,22172.9,18339.1,916.957,7852.78
390.5,38277.6,-10553.6,27724,0.169997,28129.5,4758.93,21472.5,18171.4,908.571,7776.17
391,37541.9,-10448.4,27093.5,0.172534,27501.9,4721.5,20791.9,18001.3,900.066,7698.64
391.5,36822.2,-10341.9,26480.2,0.175059,26891.2,4683.54,20131,17829.3,891.463,7620.21
392,36118.2,-10234.3,25883.9,0.177571,26297.4,4645.17,19489.2,17655.7,882.785,7540.9
392.5,35429.7,-10125.4,25304.3,0.180071,25720.2,4606.48,18866.4,17481,874.052,7460.71
393,34756.6,-10015.4,24741.1,0.182559,25159.2,4567.57,18262,17305.7,865.284,7379.66
393.5,34098.5,-9904.32,24194.2,0.185033,24614.4,4528.53,17675.8,17130,856.498,7297.78
394,33455.3,-9792.08,23663.3,0.187494,24085.4,4489.45,17107.3,16954.2,847.712,7215.08
394.5,32826.7,-9678.75,23148,0.189942,23571.9,4450.42,16556.1,16778.9,838.943,7131.58
395,32212.4,-9564.35,22648.1,0.192377,23073.7,4411.51,16021.9,16604.1,830.205,7047.28
395.5,31612.2,-9448.9,22163.3,0.194797,22590.5,4372.8,15504.2,16430.2,821.512,6962.22
396,31025.8,-9332.44,21693.3,0.197204,22122.1,4334.34,15002.6,16257.6,812.879,6876.41
396.5,30452.9,-9214.98,21237.9,0.199597,21668.1,4296.22,14516.7,16086.3,804.317,6789.86
397,29893.3,-9096.54,20796.7,0.201975,21228.2,4258.49,14046.2,15916.8,795.838,6702.59
397.5,29346.6,-8977.16,20369.5,0.20434,20802.3,4221.21,13590.5,15749.1,787.453,6614.62
398,28812.8,-8856.85,19955.9,0.206689,20389.9,4184.42,13149.3,15583.5,779.173,6525.98
398.5,28291.3,-8735.63,19555.7,0.209024,19990.8,4148.19,12722.1,15420.1,771.005,6436.66
399,27782.1,-8613.55,19168.5,0.211343,19604.7,4112.55,12308.6,15259.2,762.96,6346.71
399.5,27284.7,-8490.61,18794.1,0.213648,19231.4,4077.55,11908.4,15100.9,755.044,6256.12
400,26799.1,-8366.84,18432.2,0.215937,18870.5,4043.23,11521,14945.3,747.265,6164.92
400.5,26324.8,-8242.27,18082.5,0.21821,18521.7,4009.63,11146,14792.6,739.63,6073.14
401,25861.6,-8116.92,17744.7,0.220468,18184.8,3976.78,10783.1,14642.9,732.144,5980.78
401.5,25409.3,-7990.82,17418.5,0.22271,17859.6,3944.7,10431.8,14496.2,724.812,5887.86
402,24967.6,-7863.99,17103.6,0.224936,17545.6,3913.44,10091.9,14352.8,717.641,5794.41
402.5,24536.3,-7736.46,16799.8,0.227145,17242.7,3883.01,9762.81,14212.7,710.633,5700.45
403,24115.1,-7608.26,16506.8,0.229338,16950.6,3853.44,9444.29,14075.9,703.793,5605.98
403.5,23703.7,-7479.4,16224.3,0.231514,16669.1,3824.74,9135.95,13942.5,697.124,5511.03
404,23302,-7349.91,15952.1,0.233674,16397.8,3796.95,8837.41,13812.6,690.629,5415.63
404.5,22909.7,-7219.83,15689.9,0.235816,16136.5,3770.07,8548.35,13686.2,684.31,5319.78
405,22526.6,-7089.17,15437.4,0.237941,15885,3744.12,8268.4,13563.4,678.169,5223.5
405.5,22152.4,-6957.96,15194.4,0.240049,15642.9,3719.11,7997.24,13444.2,672.209,5126.83
406,21786.9,-6826.23,14960.6,0.242139,15410.2,3695.06,7734.53,13328.6,666.429,5029.76
406.5,21429.9,-6694,14735.9,0.244212,15186.5,3671.96,7479.96,13216.6,660.832,4932.33
407,21081.2,-6561.3,14519.9,0.246266,14971.6,3649.84,7233.21,13108.3,655.417,4834.56
407.5,20740.5,-6428.16,14312.4,0.248303,14765.2,3628.69,6993.96,13003.7,650.185,4736.45
408,20407.8,-6294.59,14113.2,0.250321,14567.2,3608.52,6761.92,12902.7,645.136,4638.03
408.5,20082.7,-6160.63,13922.1,0.252321,14377.3,3589.33,6536.81,12805.4,640.269,4539.33
409,19765.1,-6026.3,13738.8,0.254302,14195.4,3571.12,6318.32,12711.7,635.585,4440.35
409.5,19454.8,-5891.63,13563.2,0.256264,14021.1,3553.9,6106.18,12621.6,631.08,4341.12
410,19151.6,-5756.64,13395,0.258208,13854.3,3537.66,5900.13,12535.1,626.756,4241.66
410.5,18855.4,-5621.36,13234,0.260132,13694.7,3522.4,5699.89,12452.2,622.61,4141.98
411,18565.8,-5485.81,13080,0.262037,13542.3,3508.12,5505.21,12372.8,618.641,4042.1
411.5,18282.9,-5350.03,12932.9,0.263923,13396.8,3494.8,5315.85,12296.9,614.847,3942.05
412,18006.4,-5214.03,12792.4,0.265789,13257.9,3482.45,5131.55,12224.5,611.226,3841.84
412.5,17736.1,-5077.84,12658.3,0.267635,13125.5,3471.06,4952.08,12155.5,607.776,3741.49
413,17471.9,-4941.49,12530.4,0.269461,12999.5,3460.62,4777.22,12089.9,604.495,3641.03
413.5,17213.6,-4805,12408.6,0.271267,12879.6,3451.12,4606.73,12027.6,601.379,3540.46
414,16961.2,-4668.4,12292.8,0.273053,12765.7,3442.56,4440.42,11968.5,598.427,3439.81
414.5,16714.3,-4531.71,12182.6,0.274818,12657.6,3434.91,4278.06,11912.7,595.636,3339.09
415,16473,-4394.96,12078,0.276563,12555.1,3428.18,4119.46,11860,593.002,3238.33
415.5,16237,-4258.17,11978.8,0.278287,12458.1,3422.34,3964.42,11810.5,590.523,3137.54
416,16006.2,-4121.38,11884.8,0.27999,12366.4,3417.39,3812.75,11763.9,588.196,3036.75
416.5,15780.5,-3984.59,11795.9,0.281672,12279.8,3413.32,3664.26,11720.3,586.017,2935.96
417,15559.7,-3847.85,11711.9,0.283333,12198.2,3410.1,3518.79,11679.7,583.984,2835.21
417.5,15343.8,-3711.17,11632.6,0.284972,12121.5,3407.72,3376.16,11641.8,582.091,2734.5
418,15132.6,-3574.58,11558,0.28659,12049.5,3406.17,3236.21,11606.7,580.337,2633.85
418.5,14926,-3438.1,11487.9,0.288186,11982,3405.44,3098.78,11574.3,578.717,2533.29
419,14723.8,-3301.76,11422,0.28976,11918.9,3405.5,2963.7,11544.6,577.229,2432.83
419.5,14526,-3165.57,11360.4,0.291313,11860.1,3406.35,2830.85,11517.3,575.867,2332.48
420,14332.5,-3029.58,11302.9,0.292843,11805.5,3407.95,2700.08,11492.6,574.628,2232.28
420.5,14143.1,-2893.79,11249.3,0.294351,11754.9,3410.3,2571.24,11470.2,573.51,2132.23
421,13957.7,-2758.23,11199.5,0.295836,11708.1,3413.38,2444.21,11450.1,572.506,2032.35
421.5,13776.3,-2622.94,11153.4,0.297299,11665.1,3417.16,2318.87,11432.3,571.615,1932.65
422,13598.7,-2487.92,11110.8,0.29874,11625.7,3421.64,2195.08,11416.6,570.831,1833.17
422.5,13424.9,-2353.2,11071.7,0.300157,11589.9,3426.79,2072.75,11403,570.152,1733.91
423,13254.7,-2218.81,11035.9,0.301552,11557.4,3432.58,1951.75,11391.4,569.572,1634.88
423.5,13088.1,-2084.77,11003.4,0.302923,11528.3,3439.01,1831.99,11381.8,569.088,1536.12
424,12925,-1951.1,10973.9,0.304271,11502.3,3446.05,1713.35,11373.9,568.696,1437.63
424.5,12765.3,-1817.83,10947.4,0.305596,11479.3,3453.68,1595.75,11367.9,568.393,1339.43
425,12608.8,-1684.97,10923.9,0.306898,11459.3,3461.89,1479.1,11363.5,568.173,1241.53
425.5,12455.7,-1552.55,10903.1,0.308175,11442.2,3470.64,1363.3,11360.7,568.033,1143.96
426,12305.6,-1420.59,10885,0.309429,11427.7,3479.92,1248.27,11359.4,567.968,1046.73
426.5,12158.6,-1289.11,10869.5,0.31066,11416,3489.71,1133.94,11359.5,567.976,949.855
427,12014.7,-1158.14,10856.5,0.311866,11406.8,3499.99,1020.22,11361,568.052,853.348
427.5,11873.6,-1027.69,10845.9,0.313048,11400,3510.74,907.062,11363.8,568.192,757.229
428,11735.4,-897.781,10837.7,0.314206,11395.6,3521.92,794.385,11367.8,568.392,661.51
428.5,11600,-768.441,10831.6,0.315339,11393.4,3533.54,682.129,11373,568.648,566.209
429,11467.4,-639.687,10827.7,0.316449,11393.4,3545.55,570.235,11379.1,568.956,471.34
429.5,11337.3,-511.54,10825.8,0.317533,11395.5,3557.94,458.65,11386.2,569.312,376.917
430,11209.9,-384.019,10825.9,0.318593,11399.6,3570.7,347.321,11394.3,569.714,282.956
430.5,11085,-257.144,10827.9,0.319628,11405.6,3583.78,236.201,11403.1,570.156,189.471
431,10962.6,-130.935,10831.7,0.320639,11413.4,3597.19,125.246,11412.7,570.635,96.4763
431.5,10842.6,-5.40945,10837.2,0.321624,11422.9,3610.88,14.4129,11422.9,571.147,3.98583
432,10725,119.412,10844.4,0.322585,11434.2,3624.85,-96.3346,11433.8,571.689,-87.9864
432.5,10609.7,243.512,10853.2,0.32352,11447,3639.07,-207.032,11445.1,572.257,-179.427
433,10496.6,366.872,10863.4,0.32443,11461.4,3653.52,-317.71,11457,572.848,-270.322
433.5,10385.7,489.474,10875.2,0.325314,11477.1,3668.17,-428.398,11469.1,573.457,-360.658
434,10277,611.299,10888.3,0.326173,11494.3,3683.01,-539.123,11481.6,574.082,-450.423
434.5,10170.3,732.331,10902.7,0.327007,11512.7,3698.01,-649.906,11494.4,574.72,-539.603
435,10065.8,852.553,10918.3,0.327815,11532.4,3713.16,-760.769,11507.3,575.366,-628.185
435.5,9963.18,971.947,10935.1,0.328597,11553.3,3728.42,-871.729,11520.3,576.017,-716.158
436,9862.56,1090.5,10953.1,0.329354,11575.2,3743.79,-982.801,11533.4,576.671,-803.51
436.5,9763.87,1208.19,10972.1,0.330085,11598.2,3759.24,-1094,11546.5,577.324,-890.227
437,9667.04,1325,10992,0.33079,11622.1,3774.75,-1205.33,11559.4,577.972,-976.299
437.5,9572.04,1440.92,11013,0.331469,11647,3790.29,-1316.81,11572.3,578.614,-1061.71
438,9478.84,1555.94,11034.8,0.332121,11672.7,3805.86,-1428.43,11584.9,579.246,-1146.46
438.5,9387.38,1670.03,11057.4,0.332748,11699.1,3821.42,-1540.21,11597.3,579.865,-1230.53
439,9297.63,1783.19,11080.8,0.333348,11726.3,3836.96,-1652.15,11609.4,580.468,-1313.9
439.5,9209.56,1895.39,11105,0.333923,11754.2,3852.46,-1764.23,11621.1,581.053,-1396.58
440,9123.12,2006.63,11129.8,0.334471,11782.7,3867.9,-1876.48,11632.3,581.616,-1478.55
440.5,9038.29,2116.9,11155.2,0.334992,11811.8,3883.26,-1988.86,11643.1,582.156,-1559.79
441,8955.01,2226.16,11181.2,0.335487,11841.3,3898.52,-2101.4,11653.4,582.669,-1640.3
441.5,8873.28,2334.43,11207.7,0.335956,11871.4,3913.66,-2214.06,11663.1,583.154,-1720.07
442,8793.03,2441.67,11234.7,0.336398,11901.8,3928.66,-2326.86,11672.1,583.607,-1799.09
442.5,8714.26,2547.89,11262.1,0.336814,11932.6,3943.51,-2439.77,11680.5,584.026,-1877.36
443,8636.92,2653.06,11290,0.337203,11963.7,3958.18,-2552.78,11688.2,584.41,-1954.85
443.5,8560.98,2757.17,11318.2,0.337565,11995.1,3972.67,-2665.88,11695.1,584.756,-2031.56
444,8486.42,2860.23,11346.6,0.337901,12026.7,3986.95,-2779.06,11701.2,585.062,-2107.5
444.5,8413.2,2962.2,11375.4,0.33821,12058.5,4001,-2892.3,11706.5,585.326,-2182.63
445,8341.3,3063.09,11404.4,0.338492,12090.4,4014.81,-3005.58,11710.9,585.545,-2256.97
445.5,8270.69,3162.87,11433.6,0.338747,12122.5,4028.36,-3118.88,11714.4,585.719,-2330.5
446,8201.34,3261.55,11462.9,0.338976,12154.5,4041.64,-3232.19,11716.9,585.845,-2403.21
446.5,8133.22,3359.11,11492.3,0.339178,12186.6,4054.63,-3345.48,11718.4,585.922,-2475.09
447,8066.32,3455.55,11521.9,0.339352,12218.7,4067.31,-3458.73,11718.9,585.947,-2546.15
447.5,8000.59,3550.85,11551.4,0.3395,12250.7,4079.68,-3571.93,11718.4,585.92,-2616.37
448,7936.03,3645,11581,0.339622,12282.6,4091.71,-3685.04,11716.8,585.839,-2685.74
448.5,7872.6,3738,11610.6,0.339716,12314.4,4103.39,-3798.05,11714,585.702,-2754.26
449,7810.29,3829.84,11640.1,0.339783,12346,4114.7,-3910.93,11710.2,585.508,-2821.93
449.5,7749.07,3920.51,11669.6,0.339823,12377.4,4125.64,-4023.65,11705.1,585.257,-2888.74
450,7688.91,4010,11698.9,0.339837,12408.6,4136.19,-4136.19,11698.9,584.946,-2954.68
450.5,7629.8,4098.31,11728.1,0.339823,12439.5,4146.34,-4248.52,11691.5,584.574,-3019.75
451,7571.72,4185.43,11757.1,0.339783,12470.1,4156.07,-4360.62,11682.8,584.141,-3083.94
451.5,7514.64,4271.35,11786,0.339716,12500.4,4165.37,-4472.46,11672.9,583.646,-3147.25
452,7458.55,4356.07,11814.6,0.339622,12530.3,4174.24,-4584.02,11661.7,583.087,-3209.68
452.5,7403.42,4439.58,11843,0.3395,12559.9,4182.65,-4695.25,11649.3,582.464,-3271.21
453,7349.23,4521.89,11871.1,0.339352,12589.1,4190.61,-4806.15,11635.5,581.777,-3331.85
453.5,7295.98,4602.97,11898.9,0.339178,12617.8,4198.09,-4916.67,11620.5,581.023,-3391.6
454,7243.63,4682.83,11926.5,0.338976,12646.1,4205.09,-5026.79,11604.1,580.204,-3450.44
454.5,7192.17,4761.46,11953.6,0.338747,12673.9,4211.6,-5136.49,11586.4,579.318,-3508.38
455,7141.59,4838.87,11980.5,0.338492,12701.2,4217.61,-5245.73,11567.3,578.364,-3565.42
455.5,7091.86,4915.04,12006.9,0.33821,12727.9,4223.11,-5354.48,11546.9,577.343,-3621.54
456,7042.98,4989.98,12033,0.337901,12754.2,4228.1,-5462.72,11525.1,576.254,-3676.76
456.5,6994.92,5063.67,12058.6,0.337565,12779.8,4232.56,-5570.42,11501.9,575.097,-3731.06
457,6947.66,5136.13,12083.8,0.337203,12804.9,4236.49,-5677.55,11477.4,573.871,-3784.44
457.5,6901.2,5207.34,12108.5,0.336814,12829.4,4239.88,-5784.08,11451.5,572.576,-3836.91
458,6855.51,5277.3,12132.8,0.336398,12853.2,4242.72,-5889.99,11424.3,571.213,-3888.47
458.5,6810.59,5346.02,12156.6,0.335956,12876.5,4245.01,-5995.24,11395.6,569.782,-3939.1
459,6766.42,5413.49,12179.9,0.335487,12899,4246.74,-6099.81,11365.6,568.281,-3988.81
459.5,6722.98,5479.71,12202.7,0.334992,12920.9,4247.91,-6203.68,11334.2,566.712,-4037.61
460,6680.26,5544.69,12224.9,0.334471,12942.1,4248.51,-6306.8,11301.5,565.074,-4085.48
460.5,6638.25,5608.41,12246.7,0.333923,12962.7,4248.54,-6409.17,11267.4,563.368,-4132.44
461,6596.93,5670.89,12267.8,0.333348,12982.5,4247.99,-6510.75,11231.9,561.594,-4178.47
461.5,6556.3,5732.12,12288.4,0.332748,13001.6,4246.85,-6611.51,11195,559.752,-4223.59
462,6516.33,5792.11,12308.4,0.332121,13019.9,4245.14,-6711.44,11156.9,557.843,-4267.79
462.5,6477.01,5850.85,12327.9,0.331469,13037.6,4242.84,-6810.5,11117.3,555.866,-4311.07
463,6438.35,5908.34,12346.7,0.33079,13054.4,4239.94,-6908.68,11076.5,553.823,-4353.43
463.5,6400.31,5964.6,12364.9,0.330085,13070.5,4236.46,-7005.94,11034.3,551.714,-4394.89
464,6362.9,6019.62,12382.5,0.329354,13085.9,4232.38,-7102.26,10990.8,549.54,-4435.42
464.5,6326.09,6073.4,12399.5,0.328597,13100.4,4227.71,-7197.63,10946,547.3,-4475.05
465,6289.88,6125.95,12415.8,0.327815,13114.2,4222.44,-7292.02,10899.9,544.996,-4513.77
465.5,6254.27,6177.27,12431.5,0.327007,13127.2,4216.58,-7385.41,10852.6,542.629,-4551.59
466,6219.23,6227.36,12446.6,0.326173,13139.4,4210.12,-7477.77,10804,540.198,-4588.5
466.5,6184.75,6276.24,12461,0.325314,13150.7,4203.06,-7569.09,10754.1,537.705,-4624.51
467,6150.84,6323.9,12474.7,0.32443,13161.3,4195.41,-7659.35,10703,535.151,-4659.63
467.5,6117.47,6370.34,12487.8,0.32352,13171.1,4187.17,-7748.53,10650.7,532.537,-4693.85
468,6084.64,6415.58,12500.2,0.322585,13180.1,4178.33,-7836.6,10597.2,529.862,-4727.18
468.5,6052.33,6459.62,12512,0.321624,13188.2,4168.89,-7923.56,10542.6,527.129,-4759.63
469,6020.55,6502.46,12523,0.320639,13195.5,4158.87,-8009.39,10486.7,524.337,-4791.2
469.5,5989.28,6544.12,12533.4,0.319628,13202,4148.26,-8094.06,10429.8,521.489,-4821.89
470,5958.5,6584.58,12543.1,0.318593,13207.7,4137.07,-8177.57,10371.7,518.584,-4851.71
470.5,5928.22,6623.88,12552.1,0.317533,13212.6,4125.3,-8259.89,10312.5,515.625,-4880.66
471,5898.43,6662,12560.4,0.316449,13216.7,4112.95,-8341.02,10252.2,512.611,-4908.75
471.5,5869.11,6698.96,12568.1,0.315339,13219.9,4100.02,-8420.94,10190.9,509.545,-4935.99
472,5840.26,6734.77,12575,0.314206,13222.4,4086.52,-8499.64,10128.5,506.426,-4962.37
472.5,5811.87,6769.43,12581.3,0.313048,13224,4072.46,-8577.11,10065.1,503.257,-4987.91
473,5783.93,6802.94,12586.9,0.311866,13224.8,4057.83,-8653.34,10000.8,500.038,-5012.6
473.5,5756.44,6835.33,12591.8,0.31066,13224.8,4042.65,-8728.31,9935.41,496.77,-5036.47
474,5729.38,6866.6,12596,0.309429,13224,4026.92,-8802.02,9869.11,493.455,-5059.51
474.5,5702.76,6896.76,12599.5,0.308175,13222.4,4010.64,-8874.46,9801.89,490.094,-5081.73
475,5676.55,6925.81,12602.4,0.306898,13220.1,3993.81,-8945.61,9733.76,486.688,-5103.13
475.5,5650.77,6953.76,12604.5,0.305596,13216.9,3976.46,-9015.48,9664.75,483.238,-5123.73
476,5625.39,6980.64,12606,0.304271,13213,3958.58,-9084.06,9594.9,479.745,-5143.53
476.5,5600.42,7006.43,12606.8,0.302923,13208.2,3940.17,-9151.34,9524.21,476.21,-5162.54
477,5575.84,7031.17,12607,0.301552,13202.8,3921.25,-9217.32,9452.72,472.636,-5180.76
477.5,5551.65,7054.85,12606.5,0.300157,13196.5,3901.82,-9281.99,9380.44,469.022,-5198.21
478,5527.84,7077.49,12605.3,0.29874,13189.5,3881.88,-9345.34,9307.41,465.371,-5214.89
478.5,5504.41,7099.09,12603.5,0.297299,13181.8,3861.46,-9407.39,9233.65,461.683,-5230.81
479,5481.36,7119.68,12601,0.295836,13173.3,3840.54,-9468.12,9159.18,457.959,-5245.98
479.5,5458.66,7139.26,12597.9,0.294351,13164.1,3819.15,-9527.53,9084.04,454.202,-5260.41
480,5436.33,7157.84,12594.2,0.292843,13154.2,3797.29,-9585.63,9008.23,450.412,-5274.1
480.5,5414.35,7175.44,12589.8,0.291313,13143.6,3774.96,-9642.42,8931.8,446.59,-5287.07
481,5392.73,7192.06,12584.8,0.28976,13132.2,3752.17,-9697.88,8854.75,442.738,-5299.31
481.5,5371.44,7207.72,12579.2,0.288186,13120.2,3728.94,-9752.04,8777.13,438.857,-5310.86
482,5350.49,7222.44,12572.9,0.28659,13107.5,3705.27,-9804.89,8698.95,434.948,-5321.7
482.5,5329.87,7236.22,12566.1,0.284972,13094.2,3681.17,-9856.43,8620.24,431.012,-5331.85
483,5309.58,7249.08,12558.7,0.283333,13080.2,3656.65,-9906.67,8541.02,427.051,-5341.33
483.5,5289.62,7261.03,12550.6,0.281672,13065.5,3631.72,-9955.61,8461.33,423.066,-5350.13
484,5269.97,7272.09,12542.1,0.27999,13050.3,3606.38,-10003.3,8381.17,419.059,-5358.28
484.5,5250.63,7282.26,12532.9,0.278287,13034.4,3580.65,-10049.6,8300.58,415.029,-5365.78
485,5231.6,7291.57,12523.2,0.276563,13017.9,3554.53,-10094.7,8219.58,410.979,-5372.63
485.5,5212.88,7300.02,12512.9,0.274818,13000.8,3528.04,-10138.5,8138.2,406.91,-5378.86
486,5194.45,7307.63,12502.1,0.273053,12983.1,3501.18,-10181.1,8056.46,402.823,-5384.47
486.5,5176.32,7314.42,12490.7,0.271267,12964.8,3473.96,-10222.3,7974.38,398.719,-5389.47
487,5158.48,7320.4,12478.9,0.269461,12946,3446.39,-10262.4,7891.99,394.599,-5393.88
487.5,5140.93,7325.58,12466.5,0.267635,12926.7,3418.48,-10301.2,7809.3,390.465,-5397.69
488,5123.65,7329.97,12453.6,0.265789,12906.8,3390.24,-10338.8,7726.35,386.318,-5400.93
488.5,5106.66,7333.61,12440.3,0.263923,12886.5,3361.69,-10375.1,7643.15,382.158,-5403.61
489,5089.94,7336.49,12426.4,0.262037,12865.6,3332.82,-10410.3,7559.74,377.987,-5405.73
489.5,5073.49,7338.63,12412.1,0.260132,12844.2,3303.65,-10444.3,7476.12,373.806,-5407.31
490,5057.3,7340.05,12397.4,0.258208,12822.4,3274.18,-10477,7392.32,369.616,-5408.36
490.5,5041.38,7340.77,12382.1,0.256264,12800.2,3244.44,-10508.6,7308.36,365.418,-5408.89
491,5025.71,7340.79,12366.5,0.254302,12777.4,3214.42,-10539.1,7224.27,361.214,-5408.91
491.5,5010.3,7340.14,12350.4,0.252321,12754.3,3184.14,-10568.4,7140.06,357.003,-5408.43
492,4995.14,7338.83,12334,0.250321,12730.8,3153.6,-10596.6,7055.76,352.788,-5407.46
492.5,4980.23,7336.88,12317.1,0.248303,12706.8,3122.82,-10623.7,6971.39,348.569,-5406.02
493,4965.57,7334.3,12299.9,0.246266,12682.5,3091.8,-10649.7,6886.95,344.348,-5404.12
493.5,4951.14,7331.11,12282.2,0.244212,12657.8,3060.55,-10674.6,6802.48,340.124,-5401.77
494,4936.96,7327.32,12264.3,0.242139,12632.8,3029.09,-10698.4,6718,335.9,-5398.97
494.5,4923.01,7322.95,12246,0.240049,12607.5,2997.42,-10721.2,6633.51,331.675,-5395.75
495,4909.29,7318.01,12227.3,0.237941,12581.8,2965.56,-10743,6549.04,327.452,-5392.12
495.5,4895.8,7312.53,12208.3,0.235816,12555.8,2933.5,-10763.7,6464.61,323.231,-5388.08
496,4882.53,7306.51,12189,0.233674,12529.6,2901.26,-10783.4,6380.23,319.012,-5383.65
496.5,4869.49,7299.98,12169.5,0.231514,12503.1,2868.84,-10802.2,6295.93,314.796,-5378.84
497,4856.67,7292.95,12149.6,0.229338,12476.3,2836.27,-10820,6211.71,310.585,-5373.66
497.5,4844.06,7285.44,12129.5,0.227145,12449.3,2803.54,-10836.8,6127.59,306.379,-5368.12
498,4831.67,7277.46,12109.1,0.224936,12422.1,2770.66,-10852.8,6043.59,302.179,-5362.24
498.5,4819.49,7269.03,12088.5,0.22271,12394.6,2737.64,-10867.8,5959.72,297.986,-5356.03
499,4807.52,7260.16,12067.7,0.220468,12367,2704.5,-10881.9,5876,293.8,-5349.49
499.5,4795.75,7250.88,12046.6,0.21821,12339.2,2671.23,-10895.2,5792.44,289.622,-5342.65
500,4784.19,7241.19,12025.4,0.215937,12311.3,2637.85,-10907.6,5709.06,285.453,-5335.52
500.5,4772.83,7231.12,12003.9,0.213648,12283.2,2604.36,-10919.1,5625.86,281.293,-5328.09
501,4761.67,7220.67,11982.3,0.211343,12255,2570.78,-10929.9,5542.86,277.143,-5320.4
501.5,4750.71,7209.88,11960.6,0.209024,12226.7,2537.1,-10939.8,5460.08,273.004,-5312.44
502,4739.94,7198.74,11938.7,0.206689,12198.3,2503.34,-10949,5377.52,268.876,-5304.24
502.5,4729.36,7187.29,11916.6,0.20434,12169.8,2469.51,-10957.5,5295.2,264.76,-5295.8
503,4718.97,7175.52,11894.5,0.201975,12141.3,2435.6,-10965.1,5213.12,260.656,-5287.13
503.5,4708.77,7163.47,11872.2,0.199597,12112.7,2401.64,-10972.1,5131.3,256.565,-5278.25
504,4698.75,7151.15,11849.9,0.197204,12084.1,2367.62,-10978.4,5049.75,252.487,-5269.17
504.5,4688.92,7138.57,11827.5,0.194797,12055.5,2333.55,-10984,4968.47,248.424,-5259.9
505,4679.26,7125.74,11805,0.192377,12026.9,2299.44,-10989,4887.48,244.374,-5250.45
505.5,4669.79,7112.69,11782.5,0.189942,11998.3,2265.3,-10993.3,4806.78,240.339,-5240.83
506,4660.49,7099.43,11759.9,0.187494,11969.7,2231.12,-10997,4726.38,236.319,-5231.06
506.5,4651.37,7085.97,11737.3,0.185033,11941.2,2196.92,-11000.2,4646.29,232.314,-5221.14
507,4642.42,7072.33,11714.8,0.182559,11912.7,2162.71,-11002.7,4566.51,228.326,-5211.09
507.5,4633.64,7058.53,11692.2,0.180071,11884.3,2128.48,-11004.7,4487.06,224.353,-5200.92
508,4625.04,7044.58,11669.6,0.177571,11856,2094.25,-11006.2,4407.93,220.396,-5190.65
508.5,4616.59,7030.49,11647.1,0.175059,11827.9,2060.01,-11007.1,4329.14,216.457,-5180.27
509,4608.32,7016.29,11624.6,0.172534,11799.8,2025.78,-11007.6,4250.68,212.534,-5169.8
509.5,4600.21,7001.98,11602.2,0.169997,11771.9,1991.56,-11007.6,4172.57,208.628,-5159.26
510,4592.26,6987.58,11579.8,0.167448,11744.1,1957.35,-11007.1,4094.81,204.74,-5148.65
510.5,4584.48,6973.11,11557.6,0.164887,11716.5,1923.16,-11006.2,4017.39,200.87,-5137.98
511,4576.85,6958.57,11535.4,0.162315,11689.1,1888.99,-11004.9,3940.33,197.017,-5127.27
511.5,4569.38,6943.99,11513.4,0.159731,11661.8,1854.85,-11003.2,3863.63,193.182,-5116.53
512,4562.07,6929.38,11491.4,0.157136,11634.8,1820.73,-11001.1,3787.29,189.365,-5105.76
512.5,4554.91,6914.75,11469.7,0.15453,11608,1786.66,-10998.7,3711.31,185.566,-5094.98
513,4547.9,6900.11,11448,0.151914,11581.4,1752.61,-10995.9,3635.7,181.785,-5084.2
513.5,4541.05,6885.49,11426.5,0.149286,11555.1,1718.61,-10992.8,3560.45,178.022,-5073.42
514,4534.35,6870.88,11405.2,0.146649,11529,1684.66,-10989.5,3485.56,174.278,-5062.66
514.5,4527.79,6856.32,11384.1,0.144001,11503.2,1650.75,-10985.8,3411.05,170.552,-5051.93
515,4521.39,6841.8,11363.2,0.141343,11477.6,1616.89,-10981.9,3336.89,166.845,-5041.23
515.5,4515.13,6827.35,11342.5,0.138675,11452.4,1583.08,-10977.7,3263.11,163.155,-5030.58
516,4509.02,6812.97,11322,0.135998,11427.5,1549.33,-10973.3,3189.69,159.484,-5019.99
516.5,4503.05,6798.68,11301.7,0.133311,11402.9,1515.63,-10968.7,3116.63,155.831,-5009.46
517,4497.22,6784.49,11281.7,0.130615,11378.6,1482,-10963.9,3043.93,152.197,-4999
517.5,4491.54,6770.41,11261.9,0.12791,11354.7,1448.42,-10959,2971.6,148.58,-4988.63
518,4485.99,6756.46,11242.5,0.125196,11331.1,1414.91,-10953.9,2899.62,144.981,-4978.35
518.5,4480.59,6742.64,11223.2,0.122473,11307.9,1381.46,-10948.6,2828,141.4,-4968.17
519,4475.33,6728.98,11204.3,0.119742,11285.1,1348.07,-10943.2,2756.73,137.836,-4958.1
519.5,4470.2,6715.47,11185.7,0.117003,11262.7,1314.76,-10937.7,2685.81,134.29,-4948.15
520,4465.21,6702.13,11167.3,0.114255,11240.6,1281.51,-10932.2,2615.23,130.762,-4938.32
520.5,4460.35,6688.97,11149.3,0.1115,11219,1248.33,-10926.5,2545,127.25,-4928.63
521,4455.63,6676.01,11131.6,0.108737,11197.8,1215.21,-10920.8,2475.1,123.755,-4919.07
521.5,4451.04,6663.25,11114.3,0.105966,11177,1182.17,-10915.1,2405.54,120.277,-4909.67
522,4446.59,6650.7,11097.3,0.103189,11156.6,1149.2,-10909.3,2336.3,116.815,-4900.43
522.5,4442.27,6638.38,11080.6,0.100404,11136.7,1116.29,-10903.5,2267.39,113.369,-4891.34
523,4438.07,6626.28,11064.4,0.0976122,11117.3,1083.46,-10897.7,2198.79,109.939,-4882.44
523.5,4434.01,6614.44,11048.4,0.0948138,11098.3,1050.7,-10891.9,2130.5,106.525,-4873.7
524,4430.08,6602.84,11032.9,0.0920089,11079.8,1018,-10886.1,2062.52,103.126,-4865.16
524.5,4426.28,6591.5,11017.8,0.0891977,11061.8,985.375,-10880.4,1994.84,99.7418,-4856.81
525,4422.6,6580.44,11003,0.0863804,11044.2,952.818,-10874.7,1927.44,96.3722,-4848.65
525.5,4419.05,6569.65,10988.7,0.0835572,11027.2,920.328,-10869.1,1860.34,93.0169,-4840.7
526,4415.63,6559.15,10974.8,0.0807283,11010.6,887.905,-10863.6,1793.51,89.6755,-4832.97
526.5,4412.34,6548.94,10961.3,0.0778939,10994.6,855.547,-10858.1,1726.95,86.3475,-4825.45
527,4409.17,6539.04,10948.2,0.0750541,10979.1,823.254,-10852.8,1660.66,83.0328,-4818.15
527.5,4406.12,6529.44,10935.6,0.0722093,10964.1,791.024,-10847.6,1594.62,79.7308,-4811.08
528,4403.2,6520.17,10923.4,0.0693595,10949.7,758.856,-10842.4,1528.82,76.4411,-4804.24
528.5,4400.4,6511.21,10911.6,0.066505,10935.8,726.748,-10837.4,1463.27,73.1634,-4797.65
529,4397.73,6502.59,10900.3,0.063646,10922.4,694.699,-10832.6,1397.94,69.8971,-4791.29
529.5,4395.17,6494.31,10889.5,0.0607826,10909.6,662.707,-10827.9,1332.84,66.642,-4785.19
530,4392.74,6486.37,10879.1,0.0579151,10897.4,630.77,-10823.4,1267.95,63.3975,-4779.34
530.5,4390.43,6478.78,10869.2,0.0550437,10885.7,598.886,-10819,1203.26,60.1632,-4773.75
531,4388.24,6471.54,10859.8,0.0521685,10874.6,567.053,-10814.8,1138.77,56.9386,-4768.41
531.5,4386.18,6464.66,10850.8,0.0492898,10864,535.269,-10810.8,1074.47,53.7234,-4763.35
532,4384.23,6458.16,10842.4,0.0464077,10854.1,503.531,-10806.9,1010.34,50.5169,-4758.55
532.5,4382.4,6452.02,10834.4,0.0435225,10844.7,471.839,-10803.3,946.373,47.3187,-4754.03
533,4380.69,6446.25,10826.9,0.0406343,10835.9,440.188,-10799.9,882.566,44.1283,-4749.78
533.5,4379.11,6440.87,10820,0.0377434,10827.7,408.576,-10796.7,818.906,40.9453,-4745.81
534,4377.64,6435.86,10813.5,0.0348499,10820.1,377.002,-10793.7,755.382,37.7691,-4742.13
534.5,4376.28,6431.25,10807.5,0.031954,10813.1,345.462,-10790.9,691.985,34.5992,-4738.73
535,4375.05,6427.02,10802.1,0.029056,10806.6,313.953,-10788.3,628.704,31.4352,-4735.61
535.5,4373.94,6423.19,10797.1,0.026156,10800.8,282.474,-10786,565.529,28.2765,-4732.79
536,4372.94,6419.75,10792.7,0.0232543,10795.6,251.021,-10783.9,502.45,25.1225,-4730.26
536.5,4372.06,6416.72,10788.8,0.0203509,10791,219.592,-10782.1,439.457,21.9728,-4728.02
537,4371.3,6414.08,10785.4,0.0174462,10787,188.183,-10780.4,376.538,18.8269,-4726.08
537.5,4370.65,6411.84,10782.5,0.0145403,10783.6,156.792,-10779.1,313.683,15.6842,-4724.43
538,4370.13,6410.01,10780.1,0.0116334,10780.9,125.416,-10778,250.882,12.5441,-4723.08
538.5,4369.72,6408.59,10778.3,0.00872576,10778.7,94.0513,-10777.1,188.124,9.40621,-4722.03
539,4369.43,6407.57,10777,0.0058175,10777.2,62.6959,-10776.4,125.398,6.26991,-4721.28
539.5,4369.25,6406.96,10776.2,0.00290885,10776.3,31.3465,-10776.1,62.6937,3.13469,-4720.83
540,1244.07,6406.75,7650.83,4.08216e-17,7650.83,3.12319e-13,-7650.83,9.36956e-13,4.68478e-14,-4720.68
540.5,1244.07,6406.96,7651.03,-0.00290885,7651.06,-22.2558,-7650.93,-44.5121,-2.2256,-4720.83
541,1244.07,6407.57,7651.64,-0.0058175,7651.77,-44.5139,-7651.25,-89.0324,-4.45162,-4721.28
541.5,1244.07,6408.59,7652.66,-0.00872576,7652.95,-66.777,-7651.78,-133.569,-6.67846,-4722.03
542,1244.07,6410.01,7654.08,-0.0116334,7654.6,-89.0472,-7652.53,-178.131,-8.90653,-4723.08
542.5,1244.07,6411.84,7655.92,-0.0145403,7656.72,-111.327,-7653.48,-222.725,-11.1363,-4724.43
543,1244.07,6414.08,7658.15,-0.0174462,7659.32,-133.619,-7654.65,-267.361,-13.368,-4726.08
543.5,1244.07,6416.72,7660.79,-0.0203509,7662.37,-155.926,-7656.02,-312.045,-15.6023,-4728.02
544,1244.07,6419.75,7663.83,-0.0232543,7665.9,-178.249,-7657.59,-356.787,-17.8393,-4730.26
544.5,1244.07,6423.19,7667.26,-0.026156,7669.89,-200.591,-7659.36,-401.594,-20.0797,-4732.79
545,1244.07,6427.02,7671.09,-0.029056,7674.33,-222.954,-7661.33,-446.474,-22.3237,-4735.61
545.5,1244.07,6431.25,7675.32,-0.031954,7679.24,-245.341,-7663.5,-491.435,-24.5718,-4738.73
546,1244.07,6435.86,7679.93,-0.0348499,7684.6,-267.753,-7665.85,-536.485,-26.8243,-4742.13
546.5,1244.07,6440.87,7684.94,-0.0377434,7690.41,-290.193,-7668.39,-581.632,-29.0816,-4745.81
547,1244.07,6446.25,7690.32,-0.0406343,7696.68,-312.663,-7671.1,-626.882,-31.3441,-4749.78
547.5,1244.07,6452.02,7696.09,-0.0435225,7703.38,-335.164,-7673.99,-672.244,-33.6122,-4754.03
548,1244.07,6458.16,7702.23,-0.0464077,7710.53,-357.699,-7677.05,-717.724,-35.8862,-4758.55
548.5,1244.07,6464.66,7708.74,-0.0492898,7718.11,-380.27,-7680.27,-763.331,-38.1665,-4763.35
549,1244.07,6471.54,7715.61,-0.0521685,7726.12,-402.877,-7683.64,-809.07,-40.4535,-4768.41
549.5,1244.07,6478.78,7722.85,-0.0550437,7734.56,-425.524,-7687.16,-854.95,-42.7475,-4773.75
550,1244.07,6486.37,7730.44,-0.0579151,7743.42,-448.21,-7690.83,-900.975,-45.0488,-4779.34
550.5,1244.07,6494.31,7738.38,-0.0607826,7752.69,-470.939,-7694.62,-947.155,-47.3577,-4785.19
551,1244.07,6502.59,7746.66,-0.063646,7762.38,-493.711,-7698.54,-993.493,-49.6747,-4791.29
551.5,1244.07,6511.21,7755.28,-0.066505,7772.47,-516.527,-7702.57,-1040,-51.9999,-4797.65
552,1244.07,6520.17,7764.24,-0.0693595,7782.95,-539.389,-7706.71,-1086.67,-54.3337,-4804.24
552.5,1244.07,6529.44,7773.51,-0.0722093,7793.82,-562.297,-7710.95,-1133.53,-56.6764,-4811.08
553,1244.07,6539.04,7783.11,-0.0750541,7805.08,-585.254,-7715.28,-1180.56,-59.0282,-4818.15
553.5,1244.07,6548.94,7793.01,-0.0778939,7816.71,-608.258,-7719.68,-1227.79,-61.3895,-4825.45
554,1244.07,6559.15,7803.22,-0.0807283,7828.71,-631.312,-7724.16,-1275.21,-63.7605,-4832.97
554.5,1244.07,6569.65,7813.72,-0.0835572,7841.08,-654.416,-7728.69,-1322.83,-66.1414,-4840.7
555,1244.07,6580.44,7824.51,-0.0863804,7853.79,-677.57,-7733.26,-1370.65,-68.5325,-4848.65
555.5,1244.07,6591.5,7835.57,-0.0891977,7866.85,-700.774,-7737.87,-1418.68,-70.9339,-4856.81
556,1244.07,6602.84,7846.91,-0.0920089,7880.24,-724.03,-7742.5,-1466.92,-73.346,-4865.16
556.5,1244.07,6614.44,7858.51,-0.0948138,7893.96,-747.335,-7747.15,-1515.38,-75.7688,-4873.7
557,1244.07,6626.28,7870.36,-0.0976122,7908,-770.692,-7751.79,-1564.05,-78.2027,-4882.44
557.5,1244.07,6638.38,7882.45,-0.100404,7922.35,-794.098,-7756.41,-1612.95,-80.6476,-4891.34
558,1244.07,6650.7,7894.77,-0.103189,7936.99,-817.555,-7761.01,-1662.08,-83.1039,-4900.43
558.5,1244.07,6663.25,7907.32,-0.105966,7951.92,-841.061,-7765.57,-1711.43,-85.5716,-4909.67
559,1244.07,6676.01,7920.08,-0.108737,7967.13,-864.615,-7770.07,-1761.02,-88.0508,-4919.07
559.5,1244.07,6688.97,7933.04,-0.1115,7982.61,-888.217,-7774.51,-1810.83,-90.5417,-4928.63
560,1244.07,6702.13,7946.2,-0.114255,7998.35,-911.865,-7778.86,-1860.89,-93.0444,-4938.32
560.5,1244.07,6715.47,7959.54,-0.117003,8014.33,-935.559,-7783.12,-1911.18,-95.5588,-4948.15
561,1244.07,6728.98,7973.05,-0.119742,8030.55,-959.297,-7787.26,-1961.7,-98.0852,-4958.1
561.5,1244.07,6742.64,7986.71,-0.122473,8046.99,-983.077,-7791.28,-2012.47,-100.623,-4968.17
562,1244.07,6756.46,8000.53,-0.125196,8063.64,-1006.9,-7795.15,-2063.47,-103.174,-4978.35
562.5,1244.07,6770.41,8014.48,-0.12791,8080.49,-1030.76,-7798.87,-2114.71,-105.736,-4988.63
563,1244.07,6784.49,8028.56,-0.130615,8097.53,-1054.65,-7802.41,-2166.2,-108.31,-4999
563.5,1244.07,6798.68,8042.75,-0.133311,8114.75,-1078.58,-7805.77,-2217.91,-110.896,-5009.46
564,1244.07,6812.97,8057.04,-0.135998,8132.13,-1102.54,-7808.92,-2269.87,-113.493,-5019.99
564.5,1244.07,6827.35,8071.42,-0.138675,8149.66,-1126.54,-7811.85,-2322.06,-116.103,-5030.58
565,1244.07,6841.8,8085.87,-0.141343,8167.32,-1150.55,-7814.53,-2374.48,-118.724,-5041.23
565.5,1244.07,6856.32,8100.39,-0.144001,8185.11,-1174.59,-7816.97,-2427.14,-121.357,-5051.93
566,1244.07,6870.88,8114.96,-0.146649,8203,-1198.65,-7819.13,-2480.02,-124.001,-5062.66
566.5,1244.07,6885.49,8129.56,-0.149286,8221,-1222.73,-7821,-2533.13,-126.656,-5073.42
567,1244.07,6900.11,8144.18,-0.151914,8239.07,-1246.82,-7822.56,-2586.46,-129.323,-5084.2
567.5,1244.07,6914.75,8158.82,-0.15453,8257.21,-1270.92,-7823.8,-2640,-132,-5094.98
568,1244.07,6929.38,8173.45,-0.157136,8275.41,-1295.02,-7824.7,-2693.76,-134.688,-5105.76
568.5,1244.07,6943.99,8188.06,-0.159731,8293.64,-1319.13,-7825.24,-2747.73,-137.387,-5116.53
569,1244.07,6958.57,8202.64,-0.162315,8311.9,-1343.23,-7825.4,-2801.91,-140.095,-5127.27
569.5,1244.07,6973.11,8217.18,-0.164887,8330.16,-1367.32,-7825.17,-2856.27,-142.814,-5137.98
570,1244.07,6987.58,8231.65,-0.167448,8348.42,-1391.4,-7824.52,-2910.84,-145.542,-5148.65
570.5,1244.07,7001.98,8246.05,-0.169997,8366.65,-1415.47,-7823.44,-2965.58,-148.279,-5159.26
571,1244.07,7016.29,8260.36,-0.172534,8384.85,-1439.51,-7821.91,-3020.5,-151.025,-5169.8
571.5,1244.07,7030.49,8274.56,-0.175059,8402.99,-1463.52,-7819.91,-3075.59,-153.78,-5180.27
572,1244.07,7044.58,8288.65,-0.177571,8421.06,-1487.49,-7817.42,-3130.85,-156.542,-5190.65
572.5,1244.07,7058.53,8302.6,-0.180071,8439.05,-1511.43,-7814.43,-3186.25,-159.313,-5200.92
573,1244.07,7072.33,8316.4,-0.182559,8456.94,-1535.33,-7810.92,-3241.8,-162.09,-5211.09
573.5,1244.07,7085.97,8330.04,-0.185033,8474.7,-1559.17,-7806.86,-3297.49,-164.874,-5221.14
574,1244.07,7099.43,8343.5,-0.187494,8492.33,-1582.95,-7802.25,-3353.3,-167.665,-5231.06
574.5,1244.07,7112.69,8356.76,-0.189942,8509.81,-1606.67,-7797.05,-3409.22,-170.461,-5240.83
575,1244.07,7125.74,8369.81,-0.192377,8527.11,-1630.32,-7791.26,-3465.25,-173.262,-5250.45
575.5,1244.07,7138.57,8382.64,-0.194797,8544.23,-1653.89,-7784.85,-3521.37,-176.068,-5259.9
576,1244.07,7151.15,8395.22,-0.197204,8561.15,-1677.37,-7777.81,-3577.56,-178.878,-5269.17
576.5,1244.07,7163.47,8407.54,-0.199597,8577.84,-1700.77,-7770.12,-3633.83,-181.691,-5278.25
577,1244.07,7175.52,8419.6,-0.201975,8594.3,-1724.06,-7761.75,-3690.14,-184.507,-5287.13
577.5,1244.07,7187.29,8431.36,-0.20434,8610.5,-1747.25,-7752.7,-3746.5,-187.325,-5295.8
578,1244.07,7198.74,8442.81,-0.206689,8626.42,-1770.32,-7742.94,-3802.89,-190.144,-5304.24
578.5,1244.07,7209.88,8453.95,-0.209024,8642.05,-1793.27,-7732.46,-3859.28,-192.964,-5312.44
579,1244.07,7220.67,8464.75,-0.211343,8657.37,-1816.09,-7721.24,-3915.67,-195.784,-5320.4
579.5,1244.07,7231.12,8475.19,-0.213648,8672.36,-1838.77,-7709.26,-3972.04,-198.602,-5328.09
580,1244.07,7241.19,8485.26,-0.215937,8687.01,-1861.3,-7696.51,-4028.38,-201.419,-5335.52
580.5,1244.07,7250.88,8494.95,-0.21821,8701.29,-1883.68,-7682.96,-4084.67,-204.233,-5342.65
581,1244.07,7260.16,8504.23,-0.220468,8715.18,-1905.89,-7668.6,-4140.88,-207.044,-5349.49
581.5,1244.07,7269.03,8513.1,-0.22271,8728.68,-1927.93,-7653.42,-4197.02,-209.851,-5356.03
582,1244.07,7277.46,8521.53,-0.224936,8741.75,-1949.79,-7637.4,-4253.04,-212.652,-5362.24
582.5,1244.07,7285.44,8529.51,-0.227145,8754.38,-1971.46,-7620.51,-4308.94,-215.447,-5368.12
583,1244.07,7292.95,8537.03,-0.229338,8766.56,-1992.93,-7602.76,-4364.7,-218.235,-5373.66
583.5,1244.07,7299.98,8544.06,-0.231514,8778.26,-2014.18,-7584.11,-4420.3,-221.015,-5378.84
584,1244.07,7306.51,8550.59,-0.233674,8789.46,-2035.22,-7564.56,-4475.72,-223.786,-5383.65
584.5,1244.07,7312.53,8556.6,-0.235816,8800.15,-2056.04,-7544.09,-4530.93,-226.547,-5388.08
585,1244.07,7318.01,8562.08,-0.237941,8810.31,-2076.61,-7522.69,-4585.92,-229.296,-5392.12
585.5,1244.07,7322.95,8567.02,-0.240049,8819.92,-2096.94,-7500.34,-4640.67,-232.033,-5395.75
586,1244.07,7327.32,8571.39,-0.242139,8828.95,-2117.01,-7477.03,-4695.14,-234.757,-5398.97
586.5,1244.07,7331.11,8575.18,-0.244212,8837.4,-2136.81,-7452.75,-4749.33,-237.467,-5401.77
587,1244.07,7334.3,8578.37,-0.246266,8845.24,-2156.33,-7427.48,-4803.21,-240.16,-5404.12
587.5,1244.07,7336.88,8580.95,-0.248303,8852.45,-2175.57,-7401.2,-4856.75,-242.837,-5406.02
588,1244.07,7338.83,8582.9,-0.250321,8859.01,-2194.51,-7373.92,-4909.93,-245.496,-5407.46
588.5,1244.07,7340.14,8584.21,-0.252321,8864.92,-2213.14,-7345.62,-4962.72,-248.136,-5408.43
589,1244.07,7340.79,8584.86,-0.254302,8870.14,-2231.46,-7316.28,-5015.11,-250.756,-5408.91
589.5,1244.07,7340.77,8584.84,-0.256264,8874.65,-2249.45,-7285.9,-5067.06,-253.353,-5408.89
590,1244.07,7340.05,8584.12,-0.258208,8878.45,-2267.1,-7254.46,-5118.56,-255.928,-5408.36
590.5,1244.07,7338.63,8582.7,-0.260132,8881.51,-2284.4,-7221.97,-5169.57,-258.478,-5407.31
591,1244.07,7336.49,8580.56,-0.262037,8883.81,-2301.34,-7188.4,-5220.07,-261.003,-5405.73
591.5,1244.07,7333.61,8577.68,-0.263923,8885.34,-2317.91,-7153.75,-5270.03,-263.501,-5403.61
592,1244.07,7329.97,8574.05,-0.265789,8886.07,-2334.11,-7118.01,-5319.42,-265.971,-5400.93
592.5,1244.07,7325.58,8569.65,-0.267635,8886,-2349.91,-7081.18,-5368.22,-268.411,-5397.69
593,1244.07,7320.4,8564.47,-0.269461,8885.09,-2365.32,-7043.25,-5416.4,-270.82,-5393.88
593.5,1244.07,7314.42,8558.49,-0.271267,8883.33,-2380.31,-7004.21,-5463.94,-273.197,-5389.47
594,1244.07,7307.63,8551.7,-0.273053,8880.71,-2394.88,-6964.07,-5510.8,-275.54,-5384.47
594.5,1244.07,7300.02,8544.09,-0.274818,8877.21,-2409.02,-6922.8,-5556.95,-277.847,-5378.86
595,1244.07,7291.57,8535.64,-0.276563,8872.81,-2422.73,-6880.42,-5602.37,-280.118,-5372.63
595.5,1244.07,7282.26,8526.33,-0.278287,8867.48,-2435.98,-6836.92,-5647.02,-282.351,-5365.78
596,1244.07,7272.09,8516.16,-0.27999,8861.23,-2448.76,-6792.29,-5690.88,-284.544,-5358.28
596.5,1244.07,7261.03,8505.1,-0.281672,8854.02,-2461.08,-6746.54,-5733.92,-286.696,-5350.13
597,1244.07,7249.08,8493.15,-0.283333,8845.84,-2472.92,-6699.66,-5776.11,-288.805,-5341.33
597.5,1244.07,7236.22,8480.29,-0.284972,8836.68,-2484.26,-6651.66,-5817.41,-290.871,-5331.85
598,1244.07,7222.44,8466.51,-0.28659,8826.51,-2495.1,-6602.53,-5857.8,-292.89,-5321.7
598.5,1244.07,7207.72,8451.79,-0.288186,8815.33,-2505.43,-6552.28,-5897.25,-294.863,-5310.86
599,1244.07,7192.06,8436.13,-0.28976,8803.11,-2515.25,-6500.92,-5935.73,-296.786,-5299.31
599.5,1244.07,7175.44,8419.51,-0.291313,8789.84,-2524.53,-6448.43,-5973.2,-298.66,-5287.07
600,1244.07,7157.84,8401.91,-0.292843,8775.51,-2533.27,-6394.83,-6009.63,-300.482,-5274.1
600.5,1244.07,7139.26,8383.33,-0.294351,8760.1,-2541.47,-6340.13,-6045,-302.25,-5260.41
601,1244.07,7119.68,8363.75,-0.295836,8743.58,-2549.1,-6284.32,-6079.27,-303.964,-5245.98
601.5,1244.07,7099.09,8343.17,-0.297299,8725.96,-2556.18,-6227.42,-6112.41,-305.621,-5230.81
602,1244.07,7077.49,8321.56,-0.29874,8707.22,-2562.67,-6169.44,-6144.4,-307.22,-5214.89
602.5,1244.07,7054.85,8298.92,-0.300157,8687.33,-2568.58,-6110.38,-6175.19,-308.76,-5198.21
603,1244.07,7031.17,8275.24,-0.301552,8666.29,-2573.91,-6050.25,-6204.76,-310.238,-5180.76
603.5,1244.07,7006.43,8250.5,-0.302923,8644.08,-2578.63,-5989.06,-6233.08,-311.654,-5162.54
604,1244.07,6980.64,8224.71,-0.304271,8620.69,-2582.74,-5926.83,-6260.12,-313.006,-5143.53
604.5,1244.07,6953.76,8197.83,-0.305596,8596.11,-2586.24,-5863.56,-6285.84,-314.292,-5123.73
605,1244.07,6925.81,8169.88,-0.306898,8570.32,-2589.12,-5799.28,-6310.22,-315.511,-5103.13
605.5,1244.07,6896.76,8140.83,-0.308175,8543.31,-2591.36,-5733.98,-6333.22,-316.661,-5081.73
606,1244.07,6866.6,8110.67,-0.309429,8515.07,-2592.97,-5667.7,-6354.81,-317.741,-5059.51
606.5,1244.07,6835.33,8079.4,-0.31066,8485.59,-2593.93,-5600.45,-6374.97,-318.749,-5036.47
607,1244.07,6802.94,8047.02,-0.311866,8454.85,-2594.24,-5532.23,-6393.66,-319.683,-5012.6
607.5,1244.07,6769.43,8013.5,-0.313048,8422.85,-2593.9,-5463.08,-6410.86,-320.543,-4987.91
608,1244.07,6734.77,7978.84,-0.314206,8389.57,-2592.89,-5393.01,-6426.53,-321.327,-4962.37
608.5,1244.07,6698.96,7943.03,-0.315339,8355.01,-2591.21,-5322.04,-6440.65,-322.033,-4935.99
609,1244.07,6662,7906.07,-0.316449,8319.15,-2588.86,-5250.19,-6453.19,-322.659,-4908.75
609.5,1244.07,6623.88,7867.95,-0.317533,8281.98,-2585.83,-5177.49,-6464.11,-323.206,-4880.66
610,1244.07,6584.58,7828.66,-0.318593,8243.49,-2582.12,-5103.95,-6473.39,-323.67,-4851.71
610.5,1244.07,6544.12,7788.19,-0.319628,8203.68,-2577.71,-5029.61,-6481.01,-324.05,-4821.89
611,1244.07,6502.46,7746.53,-0.320639,8162.54,-2572.61,-4954.48,-6486.93,-324.347,-4791.2
611.5,1244.07,6459.62,7703.69,-0.321624,8120.06,-2566.82,-4878.59,-6491.13,-324.557,-4759.63
612,1244.07,6415.58,7659.65,-0.322585,8076.23,-2560.32,-4801.97,-6493.58,-324.679,-4727.18
612.5,1244.07,6370.34,7614.41,-0.32352,8031.05,-2553.11,-4724.65,-6494.26,-324.713,-4693.85
613,1244.07,6323.9,7567.97,-0.32443,7984.5,-2545.2,-4646.65,-6493.14,-324.657,-4659.63
613.5,1244.07,6276.24,7520.31,-0.325314,7936.58,-2536.58,-4568.01,-6490.19,-324.51,-4624.51
614,1244.07,6227.36,7471.44,-0.326173,7887.29,-2527.25,-4488.75,-6485.4,-324.27,-4588.5
614.5,1244.07,6177.27,7421.34,-0.327007,7836.62,-2517.2,-4408.92,-6478.74,-323.937,-4551.59
615,1244.07,6125.95,7370.02,-0.327815,7784.56,-2506.44,-4328.53,-6470.18,-323.509,-4513.77
615.5,1244.07,6073.4,7317.47,-0.328597,7731.12,-2494.95,-4247.63,-6459.7,-322.985,-4475.05
616,1244.07,6019.62,7263.69,-0.329354,7676.28,-2482.75,-4166.25,-6447.29,-322.365,-4435.42
616.5,1244.07,5964.6,7208.67,-0.330085,7620.04,-2469.83,-4084.42,-6432.92,-321.646,-4394.89
617,1244.07,5908.34,7152.41,-0.33079,7562.4,-2456.19,-4002.18,-6416.57,-320.829,-4353.43
617.5,1244.07,5850.85,7094.92,-0.331469,7503.36,-2441.83,-3919.57,-6398.23,-319.911,-4311.07
618,1244.07,5792.11,7036.18,-0.332121,7442.91,-2426.75,-3836.63,-6377.87,-318.893,-4267.79
618.5,1244.07,5732.12,6976.19,-0.332748,7381.06,-2410.96,-3753.39,-6355.48,-317.774,-4223.59
619,1244.07,5670.89,6914.96,-0.333348,7317.79,-2394.45,-3669.89,-6331.03,-316.552,-4178.47
619.5,1244.07,5608.41,6852.48,-0.333923,7253.12,-2377.22,-3586.18,-6304.52,-315.226,-4132.44
620,1244.07,5544.69,6788.76,-0.334471,7187.03,-2359.28,-3502.29,-6275.94,-313.797,-4085.48
620.5,1244.07,5479.71,6723.78,-0.334992,7119.54,-2340.63,-3418.28,-6245.26,-312.263,-4037.61
621,1244.07,5413.49,6657.56,-0.335487,7050.63,-2321.28,-3334.17,-6212.47,-310.623,-3988.81
621.5,1244.07,5346.02,6590.09,-0.335956,6980.32,-2301.22,-3250.02,-6177.56,-308.878,-3939.1
622,1244.07,5277.3,6521.37,-0.336398,6908.6,-2280.46,-3165.86,-6140.53,-307.026,-3888.47
622.5,1244.07,5207.34,6451.41,-0.336814,6835.48,-2259,-3081.75,-6101.36,-305.068,-3836.91
623,1244.07,5136.13,6380.2,-0.337203,6760.95,-2236.85,-2997.73,-6060.04,-303.002,-3784.44
623.5,1244.07,5063.67,6307.74,-0.337565,6685.02,-2214.02,-2913.84,-6016.56,-300.828,-3731.06
624,1244.07,4989.98,6234.05,-0.337901,6607.69,-2190.5,-2830.13,-5970.93,-298.546,-3676.76
624.5,1244.07,4915.04,6159.11,-0.33821,6528.98,-2166.31,-2746.66,-5923.12,-296.156,-3621.54
625,1244.07,4838.87,6082.94,-0.338492,6448.87,-2141.44,-2663.46,-5873.15,-293.658,-3565.42
625.5,1244.07,4761.46,6005.54,-0.338747,6367.38,-2115.92,-2580.58,-5821.01,-291.05,-3508.38
626,1244.07,4682.83,5926.9,-0.338976,6284.52,-2089.74,-2498.08,-5766.69,-288.335,-3450.44
626.5,1244.07,4602.97,5847.04,-0.339178,6200.28,-2062.9,-2416.01,-5710.2,-285.51,-3391.6
627,1244.07,4521.89,5765.96,-0.339352,6114.67,-2035.43,-2334.41,-5651.53,-282.576,-3331.85
627.5,1244.07,4439.58,5683.66,-0.3395,6027.71,-2007.32,-2253.33,-5590.69,-279.534,-3271.21
628,1244.07,4356.07,5600.14,-0.339622,5939.4,-1978.59,-2172.83,-5527.68,-276.384,-3209.68
628.5,1244.07,4271.35,5515.42,-0.339716,5849.74,-1949.24,-2092.95,-5462.51,-273.125,-3147.25
629,1244.07,4185.43,5429.5,-0.339783,5758.74,-1919.29,-2013.75,-5395.17,-269.759,-3083.94
629.5,1244.07,4098.31,5342.38,-0.339823,5666.42,-1888.73,-1935.28,-5325.69,-266.285,-3019.75
630,1244.07,4010,5254.07,-0.339837,5572.78,-1857.59,-1857.59,-5254.07,-262.703,-2954.68
630.5,1244.07,3920.51,5164.58,-0.339823,5477.83,-1825.88,-1780.74,-5180.31,-259.016,-2888.74
631,1244.07,3829.84,5073.91,-0.339783,5381.59,-1793.59,-1704.76,-5104.44,-255.222,-2821.93
631.5,1244.07,3738,4982.07,-0.339716,5284.06,-1760.75,-1629.73,-5026.45,-251.323,-2754.26
632,1244.07,3645,4889.07,-0.339622,5185.25,-1727.36,-1555.68,-4946.38,-247.319,-2685.74
632.5,1244.07,3550.85,4794.92,-0.3395,5085.17,-1693.44,-1482.68,-4864.22,-243.211,-2616.37
633,1244.07,3455.55,4699.62,-0.339352,4983.85,-1659.01,-1410.77,-4780,-239,-2546.15
633.5,1244.07,3359.11,4603.19,-0.339178,4881.28,-1624.06,-1340.01,-4693.75,-234.687,-2475.09
634,1244.07,3261.55,4505.62,-0.338976,4777.48,-1588.61,-1270.45,-4605.46,-230.273,-2403.21
634.5,1244.07,3162.87,4406.94,-0.338747,4672.47,-1552.69,-1202.14,-4515.18,-225.759,-2330.5
635,1244.07,3063.09,4307.16,-0.338492,4566.26,-1516.3,-1135.13,-4422.92,-221.146,-2256.97
635.5,1244.07,2962.2,4206.27,-0.33821,4458.86,-1479.45,-1069.48,-4328.7,-216.435,-2182.63
636,1244.07,2860.23,4104.3,-0.337901,4350.29,-1442.15,-1005.24,-4232.56,-211.628,-2107.5
636.5,1244.07,2757.17,4001.25,-0.337565,4240.57,-1404.44,-942.454,-4134.51,-206.726,-2031.56
637,1244.07,2653.06,3897.13,-0.337203,4129.7,-1366.3,-881.18,-4034.59,-201.73,-1954.85
637.5,1244.07,2547.89,3791.96,-0.336814,4017.7,-1327.78,-821.467,-3932.83,-196.641,-1877.36
638,1244.07,2441.67,3685.74,-0.336398,3904.6,-1288.87,-763.366,-3829.25,-191.462,-1799.09
638.5,1244.07,2334.43,3578.5,-0.335956,3790.4,-1249.59,-706.926,-3723.89,-186.195,-1720.07
639,1244.07,2226.16,3470.23,-0.335487,3675.12,-1209.96,-652.198,-3616.79,-180.839,-1640.3
639.5,1244.07,2116.9,3360.97,-0.334992,3558.79,-1169.99,-599.229,-3507.98,-175.399,-1559.79
640,1244.07,2006.63,3250.71,-0.334471,3441.41,-1129.71,-548.068,-3397.49,-169.875,-1478.55
640.5,1244.07,1895.39,3139.47,-0.333923,3323.02,-1089.12,-498.764,-3285.37,-164.269,-1396.58
641,1244.07,1783.19,3027.26,-0.333348,3203.61,-1048.25,-451.363,-3171.66,-158.583,-1313.9
641.5,1244.07,1670.03,2914.1,-0.332748,3083.22,-1007.11,-405.912,-3056.39,-152.819,-1230.53
642,1244.07,1555.94,2800.01,-0.332121,2961.87,-965.715,-362.457,-2939.61,-146.98,-1146.46
642.5,1244.07,1440.92,2685,-0.331469,2839.57,-924.085,-321.042,-2821.36,-141.068,-1061.71
643,1244.07,1325,2569.07,-0.33079,2716.34,-882.239,-281.711,-2701.69,-135.084,-976.299
643.5,1244.07,1208.19,2452.26,-0.330085,2592.2,-840.192,-244.509,-2580.64,-129.032,-890.227
644,1244.07,1090.5,2334.57,-0.329354,2467.18,-797.963,-209.477,-2458.27,-122.913,-803.51
644.5,1244.07,971.947,2216.02,-0.328597,2341.29,-755.57,-176.657,-2334.61,-116.731,-716.158
645,1244.07,852.553,2096.62,-0.327815,2214.55,-713.031,-146.089,-2209.73,-110.486,-628.185
645.5,1244.07,732.331,1976.4,-0.327007,2087,-670.364,-117.813,-2083.67,-104.183,-539.603
646,1244.07,611.299,1855.37,-0.326173,1958.64,-627.588,-91.867,-1956.48,-97.8241,-450.423
646.5,1244.07,489.474,1733.54,-0.325314,1829.5,-584.72,-68.2884,-1828.23,-91.4113,-360.658
647,1244.07,366.872,1610.94,-0.32443,1699.61,-541.781,-47.1133,-1698.95,-84.9477,-270.322
647.5,1244.07,243.512,1487.58,-0.32352,1568.98,-498.787,-28.3767,-1568.72,-78.4361,-179.427
648,1244.07,119.412,1363.48,-0.322585,1437.64,-455.758,-12.1123,-1437.59,-71.8793,-87.9864
648.5,1244.07,-5.40945,1238.66,-0.321624,1305.61,-412.713,1.64736,-1305.61,-65.2804,3.98583
649,1244.07,-130.935,1113.14,-0.320639,1172.91,-369.671,12.8711,-1172.84,-58.6422,96.4763
649.5,1244.07,-257.144,986.927,-0.319628,1039.58,-326.65,21.529,-1039.36,-51.9678,189.471
650,1244.07,-384.019,860.052,-0.318593,905.625,-283.67,27.5926,-905.205,-45.2602,282.956
650.5,1244.07,-511.54,732.531,-0.317533,771.078,-240.749,31.0347,-770.453,-38.5227,376.917
651,1244.07,-639.687,604.383,-0.316449,635.961,-197.907,31.8296,-635.164,-31.7582,471.34
651.5,1244.07,-768.441,475.63,-0.315339,500.299,-155.162,29.9532,-499.402,-24.9701,566.209
652,1244.07,-897.781,346.29,-0.314206,364.116,-112.534,25.3826,-363.231,-18.1615,661.51
652.5,1244.07,-1027.69,216.384,-0.313048,227.438,-70.0417,18.0966,-226.717,-11.3358,757.229
653,1244.07,-1158.14,85.9335,-0.311866,90.2887,-27.7037,8.07545,-89.9269,-4.49634,853.348
653.5,1244.07,-1289.11,-45.0417,-0.31066,-47.3061,14.4608,-4.69886,47.0721,2.35361,949.855
654,1244.07,-1420.59,-176.52,-0.309429,-185.321,56.4331,-20.2429,184.212,9.21062,1046.73
654.5,1244.07,-1552.55,-308.48,-0.308175,-323.731,98.1943,-38.5715,321.425,16.0713,1143.96
655,1244.07,-1684.97,-440.9,-0.306898,-462.511,139.726,-59.698,458.642,22.9321,1241.53
655.5,1244.07,-1817.83,-573.758,-0.305596,-601.633,181.008,-83.6338,595.792,29.7896,1339.43
656,1244.07,-1951.1,-707.033,-0.304271,-741.074,222.024,-110.389,732.806,36.6403,1437.63
656.5,1244.07,-2084.77,-840.702,-0.302923,-880.806,262.755,-139.971,869.614,43.4807,1536.12
657,1244.07,-2218.81,-974.742,-0.301552,-1020.8,303.181,-172.387,1006.14,50.3072,1634.88
657.5,1244.07,-2353.2,-1109.13,-0.300157,-1161.04,343.286,-207.642,1142.32,57.1162,1733.91
658,1244.07,-2487.92,-1243.85,-0.29874,-1301.49,383.05,-245.738,1278.08,63.9041,1833.17
658.5,1244.07,-2622.94,-1378.87,-0.297299,-1442.13,422.456,-286.676,1413.35,70.6675,1932.65
659,1244.07,-2758.23,-1514.16,-0.295836,-1582.93,461.487,-330.456,1548.05,77.4025,2032.35
659.5,1244.07,-2893.79,-1649.72,-0.294351,-1723.86,500.124,-377.075,1682.11,84.1057,2132.23
660,1244.07,-3029.58,-1785.51,-0.292843,-1864.9,538.35,-426.528,1815.47,90.7734,2232.28
660.5,1244.07,-3165.57,-1921.5,-0.291313,-2006.02,576.149,-478.81,1948.04,97.402,2332.48
661,1244.07,-3301.76,-2057.68,-0.28976,-2147.2,613.502,-533.912,2079.76,103.988,2432.83
661.5,1244.07,-3438.1,-2194.03,-0.288186,-2288.4,650.394,-591.825,2210.55,110.527,2533.29
662,1244.07,-3574.58,-2330.51,-0.28659,-2429.6,686.807,-652.536,2340.33,117.017,2633.85
662.5,1244.07,-3711.17,-2467.1,-0.284972,-2570.78,722.725,-716.032,2469.05,123.453,2734.5
663,1244.07,-3847.85,-2603.78,-0.283333,-2711.91,758.132,-782.297,2596.62,129.831,2835.21
663.5,1244.07,-3984.59,-2740.52,-0.281672,-2852.95,793.012,-851.315,2722.98,136.149,2935.96
664,1244.07,-4121.38,-2877.31,-0.27999,-2993.89,827.35,-923.065,2848.04,142.402,3036.75
664.5,1244.07,-4258.17,-3014.1,-0.278287,-3134.7,861.13,-997.527,2971.75,148.588,3137.54
665,1244.07,-4394.96,-3150.89,-0.276563,-3275.35,894.337,-1074.68,3094.03,154.701,3238.33
665.5,1244.07,-4531.71,-3287.64,-0.274818,-3415.82,926.957,-1154.49,3214.8,160.74,3339.09
666,1244.07,-4668.4,-3424.33,-0.273053,-3556.07,958.974,-1236.94,3334.01,166.7,3439.81
666.5,1244.07,-4805,-3560.93,-0.271267,-3696.08,990.374,-1322,3451.57,172.579,3540.46
667,1244.07,-4941.49,-3697.42,-0.269461,-3835.83,1021.14,-1409.64,3567.43,178.371,3641.03
667.5,1244.07,-5077.84,-3833.77,-0.267635,-3975.29,1051.27,-1499.82,3681.5,184.075,3741.49
668,1244.07,-5214.03,-3969.96,-0.265789,-4114.43,1080.74,-1592.51,3793.74,189.687,3841.84
668.5,1244.07,-5350.03,-4105.96,-0.263923,-4253.23,1109.54,-1687.68,3904.06,195.203,3942.05
669,1244.07,-5485.81,-4241.74,-0.262037,-4391.65,1137.65,-1785.29,4012.4,200.62,4042.1
669.5,1244.07,-5621.36,-4377.29,-0.260132,-4529.68,1165.07,-1885.3,4118.7,205.935,4141.98
670,1244.07,-5756.64,-4512.57,-0.258208,-4667.29,1191.78,-1987.66,4222.89,211.145,4241.66
670.5,1244.07,-5891.63,-4647.56,-0.256264,-4804.45,1217.78,-2092.34,4324.91,216.246,4341.12
671,1244.07,-6026.3,-4782.23,-0.254302,-4941.14,1243.04,-2199.29,4424.7,221.235,4440.35
671.5,1244.07,-6160.63,-4916.56,-0.252321,-5077.33,1267.56,-2308.46,4522.2,226.11,4539.33
672,1244.07,-6294.59,-5050.52,-0.250321,-5212.99,1291.34,-2419.81,4617.34,230.867,4638.03
672.5,1244.07,-6428.16,-5184.09,-0.248303,-5348.11,1314.35,-2533.28,4710.07,235.503,4736.45
673,1244.07,-6561.3,-5317.23,-0.246266,-5482.65,1336.58,-2648.83,4800.33,240.016,4834.56
673.5,1244.07,-6694,-5449.93,-0.244212,-5616.59,1358.04,-2766.4,4888.06,244.403,4932.33
674,1244.07,-6826.23,-5582.16,-0.242139,-5749.9,1378.71,-2885.93,4973.21,248.66,5029.76
674.5,1244.07,-6957.96,-5713.89,-0.240049,-5882.57,1398.58,-3007.38,5055.72,252.786,5126.83
675,1244.07,-7089.17,-5845.1,-0.237941,-6014.56,1417.65,-3130.68,5135.54,256.777,5223.5
675.5,1244.07,-7219.83,-5975.76,-0.235816,-6145.85,1435.89,-3255.78,5212.62,260.631,5319.78
676,1244.07,-7349.91,-6105.84,-0.233674,-6276.42,1453.32,-3382.61,5286.91,264.345,5415.63
676.5,1244.07,-7479.4,-6235.33,-0.231514,-6406.25,1469.92,-3511.12,5358.36,267.918,5511.03
677,1244.07,-7608.26,-6364.19,-0.229338,-6535.3,1485.69,-3641.23,5426.93,271.346,5605.98
677.5,1244.07,-7736.46,-6492.39,-0.227145,-6663.56,1500.61,-3772.9,5492.56,274.628,5700.45
678,1244.07,-7863.99,-6619.92,-0.224936,-6791,1514.69,-3906.04,5555.22,277.761,5794.41
678.5,1244.07,-7990.82,-6746.75,-0.22271,-6917.6,1527.91,-4040.59,5614.87,280.744,5887.86
679,1244.07,-8116.92,-6872.85,-0.220468,-7043.33,1540.28,-4176.49,5671.46,283.573,5980.78
679.5,1244.07,-8242.27,-6998.2,-0.21821,-7168.18,1551.79,-4313.67,5724.95,286.248,6073.14
680,1244.07,-8366.84,-7122.77,-0.215937,-7292.12,1562.43,-4452.05,5775.32,288.766,6164.92
680.5,1244.07,-8490.61,-7246.54,-0.213648,-7415.13,1572.2,-4591.56,5822.51,291.126,6256.12
681,1244.07,-8613.55,-7369.48,-0.211343,-7537.18,1581.1,-4732.14,5866.51,293.325,6346.71
681.5,1244.07,-8735.63,-7491.56,-0.209024,-7658.25,1589.12,-4873.71,5907.27,295.364,6436.66
682,1244.07,-8856.85,-7612.78,-0.206689,-7778.33,1596.27,-5016.19,5944.77,297.239,6525.98
682.5,1244.07,-8977.16,-7733.09,-0.20434,-7897.39,1602.54,-5159.5,5978.99,298.949,6614.62
683,1244.07,-9096.54,-7852.47,-0.201975,-8015.41,1607.93,-5303.59,6009.89,300.494,6702.59
683.5,1244.07,-9214.98,-7970.91,-0.199597,-8132.36,1612.44,-5448.35,6037.45,301.872,6789.86
684,1244.07,-9332.44,-8088.37,-0.197204,-8248.23,1616.06,-5593.73,6061.65,303.082,6876.41
684.5,1244.07,-9448.9,-8204.83,-0.194797,-8363,1618.81,-5739.64,6082.47,304.123,6962.22
685,1244.07,-9564.35,-8320.28,-0.192377,-8476.65,1620.67,-5885.99,6099.89,304.994,7047.28
685.5,1244.07,-9678.75,-8434.68,-0.189942,-8589.15,1621.65,-6032.72,6113.9,305.695,7131.58
686,1244.07,-9792.08,-8548.01,-0.187494,-8700.49,1621.75,-6179.75,6124.48,306.224,7215.08
686.5,1244.07,-9904.32,-8660.25,-0.185033,-8810.64,1620.97,-6326.98,6131.62,306.581,7297.78
687,1244.07,-10015.4,-8771.37,-0.182559,-8919.59,1619.32,-6474.35,6135.31,306.765,7379.66
687.5,1244.07,-10125.4,-8881.36,-0.180071,-9027.33,1616.79,-6621.76,6135.54,306.777,7460.71
688,1244.07,-10234.3,-8990.19,-0.177571,-9133.82,1613.39,-6769.15,6132.31,306.616,7540.9
688.5,1244.07,-10341.9,-9097.84,-0.175059,-9239.05,1609.13,-6916.42,6125.62,306.281,7620.21
689,1244.07,-10448.4,-9204.28,-0.172534,-9343,1604,-7063.49,6115.45,305.773,7698.64
689.5,1244.07,-10553.6,-9309.5,-0.169997,-9445.66,1598.01,-7210.29,6101.82,305.091,7776.17
690,1244.07,-10657.5,-9413.47,-0.167448,-9547.01,1591.17,-7356.72,6084.73,304.236,7852.78
690.5,1244.07,-10760.2,-9516.18,-0.164887,-9647.02,1583.47,-7502.72,6064.17,303.209,7928.46
691,1244.07,-10861.7,-9617.59,-0.162315,-9745.69,1574.93,-7648.19,6040.17,302.008,8003.18
691.5,1244.07,-10961.8,-9717.69,-0.159731,-9842.99,1565.56,-7793.05,6012.72,300.636,8076.94
692,1244.07,-11060.5,-9816.46,-0.157136,-9938.92,1555.35,-7937.23,5981.84,299.092,8149.72
692.5,1244.07,-11158,-9913.88,-0.15453,-10033.4,1544.31,-8080.64,5947.54,297.377,8221.5
693,1244.07,-11254,-10009.9,-0.151914,-10126.6,1532.45,-8223.19,5909.84,295.492,8292.27
693.5,1244.07,-11348.7,-10104.6,-0.149286,-10218.2,1519.78,-8364.81,5868.75,293.437,8362.01
694,1244.07,-11441.9,-10197.8,-0.146649,-10308.5,1506.31,-8505.42,5824.3,291.215,8430.71
694.5,1244.07,-11533.7,-10289.6,-0.144001,-10397.3,1492.04,-8644.93,5776.5,288.825,8498.36
695,1244.07,-11624.1,-10380,-0.141343,-10484.6,1476.99,-8783.27,5725.38,286.269,8564.94
695.5,1244.07,-11713,-10468.9,-0.138675,-10570.4,1461.15,-8920.36,5670.97,283.549,8630.44
696,1244.07,-11800.4,-10556.3,-0.135998,-10654.7,1444.55,-9056.11,5613.29,280.665,8694.85
696.5,1244.07,-11886.3,-10642.2,-0.133311,-10737.5,1427.18,-9190.45,5552.38,277.619,8758.14
697,1244.07,-11970.6,-10726.6,-0.130615,-10818.7,1409.07,-9323.3,5488.26,274.413,8820.31
697.5,1244.07,-12053.5,-10809.4,-0.12791,-10898.4,1390.22,-9454.58,5420.98,271.049,8881.35
698,1244.07,-12134.8,-10890.7,-0.125196,-10976.6,1370.64,-9584.22,5350.55,267.528,8941.23
698.5,1244.07,-12214.5,-10970.4,-0.122473,-11053.2,1350.33,-9712.14,5277.04,263.852,8999.96
699,1244.07,-12292.6,-11048.5,-0.119742,-11128.2,1329.33,-9838.28,5200.46,260.023,9057.52
699.5,1244.07,-12369.1,-11125,-0.117003,-11201.6,1307.63,-9962.54,5120.88,256.044,9113.89
700,1244.07,-12444,-11199.9,-0.114255,-11273.4,1285.24,-10084.9,5038.32,251.916,9169.06
700.5,1244.07,-12517.2,-11273.1,-0.1115,-11343.6,1262.19,-10205.2,4952.83,247.642,9223.02
701,1244.07,-12588.8,-11344.7,-0.108737,-11412.1,1238.47,-10323.4,4864.47,243.224,9275.77
701.5,1244.07,-12658.7,-11414.6,-0.105966,-11479,1214.11,-10439.5,4773.28,238.664,9327.28
702,1244.07,-12726.9,-11482.8,-0.103189,-11544.3,1189.12,-10553.4,4679.32,233.966,9377.56
702.5,1244.07,-12793.4,-11549.4,-0.100404,-11607.8,1163.51,-10665,4582.63,229.131,9426.58
703,1244.07,-12858.3,-11614.2,-0.0976122,-11669.7,1137.3,-10774.2,4483.27,224.163,9474.34
703.5,1244.07,-12921.4,-11677.3,-0.0948138,-11730,1110.5,-10881,4381.3,219.065,9520.82
704,1244.07,-12982.7,-11738.6,-0.0920089,-11788.5,1083.12,-10985.4,4276.77,213.838,9566.03
704.5,1244.07,-13042.3,-11798.2,-0.0891977,-11845.3,1055.18,-11087.2,4169.74,208.487,9609.94
705,1244.07,-13100.1,-11856.1,-0.0863804,-11900.4,1026.69,-11186.4,4060.28,203.014,9652.56
705.5,1244.07,-13156.2,-11912.1,-0.0835572,-11953.8,997.667,-11282.9,3948.45,197.422,9693.86
706,1244.07,-13210.5,-11966.4,-0.0807283,-12005.5,968.131,-11376.7,3834.31,191.715,9733.85
706.5,1244.07,-13262.9,-12018.9,-0.0778939,-12055.4,938.094,-11467.8,3717.92,185.896,9772.51
707,1244.07,-13313.6,-12069.5,-0.0750541,-12103.6,907.572,-11556,3599.36,179.968,9809.83
707.5,1244.07,-13362.4,-12118.4,-0.0722093,-12150,876.582,-11641.4,3478.7,173.935,9845.82
708,1244.07,-13409.4,-12165.4,-0.0693595,-12194.7,845.139,-11723.8,3355.99,167.8,9880.45
708.5,1244.07,-13454.6,-12210.5,-0.066505,-12237.6,813.26,-11803.3,3231.32,161.566,9913.73
709,1244.07,-13497.9,-12253.8,-0.063646,-12278.7,780.961,-11879.7,3104.75,155.238,9945.64
709.5,1244.07,-13539.3,-12295.3,-0.0607826,-12318,748.261,-11953,2976.37,148.818,9976.18
710,1244.07,-13578.9,-12334.9,-0.0579151,-12355.6,715.174,-12023.3,2846.23,142.312,10005.3
710.5,1244.07,-13616.6,-12372.6,-0.0550437,-12391.3,681.72,-12090.4,2714.43,135.722,10033.1
711,1244.07,-13652.4,-12408.4,-0.0521685,-12425.3,647.914,-12154.3,2581.03,129.052,10059.5
711.5,1244.07,-13686.4,-12442.3,-0.0492898,-12457.4,613.775,-12214.9,2446.12,122.306,10084.5
712,1244.07,-13718.4,-12474.3,-0.0464077,-12487.8,579.32,-12272.3,2309.77,115.489,10108.1
712.5,1244.07,-13748.5,-12504.4,-0.0435225,-12516.3,544.568,-12326.4,2172.07,108.603,10130.3
713,1244.07,-13776.7,-12532.6,-0.0406343,-12543,509.535,-12377.1,2033.08,101.654,10151.1
713.5,1244.07,-13803,-12558.9,-0.0377434,-12567.9,474.241,-12424.5,1892.9,94.6452,10170.4
714,1244.07,-13827.4,-12583.3,-0.0348499,-12590.9,438.703,-12468.5,1751.61,87.5806,10188.4
714.5,1244.07,-13849.8,-12605.7,-0.031954,-12612.2,402.94,-12509.1,1609.29,80.4645,10204.9
715,1244.07,-13870.3,-12626.2,-0.029056,-12631.5,366.97,-12546.2,1466.02,73.301,10220
715.5,1244.07,-13888.8,-12644.8,-0.026156,-12649.1,330.812,-12579.8,1321.89,66.0945,10233.7
716,1244.07,-13905.4,-12661.4,-0.0232543,-12664.8,294.484,-12610,1176.98,58.849,10245.9
716.5,1244.07,-13920.1,-12676,-0.0203509,-12678.7,258.005,-12636.6,1031.38,51.5689,10256.7
717,1244.07,-13932.8,-12688.8,-0.0174462,-12690.7,221.393,-12659.8,885.168,44.2584,10266.1
717.5,1244.07,-13943.6,-12699.5,-0.0145403,-12700.9,184.668,-12679.4,738.438,36.9219,10274
718,1244.07,-13952.4,-12708.3,-0.0116334,-12709.2,147.848,-12695.4,591.273,29.5636,10280.5
718.5,1244.07,-13959.3,-12715.2,-0.00872576,-12715.7,110.953,-12707.9,443.759,22.188,10285.6
719,1244.07,-13964.2,-12720.1,-0.0058175,-12720.3,74,-12716.9,295.985,14.7992,10289.2
719.5,1244.07,-13967.1,-12723,-0.00290885,-12723.1,37.0095,-12722.2,148.036,7.4018,10291.4
720,1244.07,-13968.1,-12724,0,-12724,-0,-12724,-0,-0,10292.1
