solid crank_with_cw_mm
  facet normal 0 0 -1
    outer loop
      vertex 0 0 -90
      vertex 44.9458 2.20805 -90
      vertex 45 0 -90
    endloop
  endfacet
  facet normal 0 0 1
    outer loop
      vertex 0 0 -60
      vertex 45 0 -60
      vertex 44.9458 2.20805 -60
    endloop
  endfacet
  facet normal 0.999699 0.0245412 0
    outer loop
      vertex 45 0 -90
      vertex 44.9458 2.20805 -90
      vertex 44.9458 2.20805 -60
    endloop
  endfacet
  facet normal 0.999699 0.0245412 0
    outer loop
      vertex 45 0 -90
      vertex 44.9458 2.20805 -60
      vertex 45 0 -60
    endloop
  endfacet
  facet normal 0 0 -1
    outer loop
      vertex 0 0 -90
      vertex 44.7833 4.41077 -90
      vertex 44.9458 2.20805 -90
    endloop
  endfacet
  facet normal 0 0 1
    outer loop
      vertex 0 0 -60
      vertex 44.9458 2.20805 -60
      vertex 44.7833 4.41077 -60
    endloop
  endfacet
  facet normal 0.99729 0.0735646 0
    outer loop
      vertex 44.9458 2.20805 -90
      vertex 44.7833 4.41077 -90
      vertex 44.7833 4.41077 -60
    endloop
  endfacet
  facet normal 0.99729 0.0735646 0
    outer loop
      vertex 44.9458 2.20805 -90
      vertex 44.7833 4.41077 -60
      vertex 44.9458 2.20805 -60
    endloop
  endfacet
  facet normal 0 0 -1
    outer loop
      vertex 0 0 -90
      vertex 44.5129 6.60287 -90
      vertex 44.7833 4.41077 -90
    endloop
  endfacet
  facet normal 0 0 1
    outer loop
      vertex 0 0 -60
      vertex 44.7833 4.41077 -60
      vertex 44.5129 6.60287 -60
    endloop
  endfacet
  facet normal 0.99248 0.122411 0
    outer loop
      vertex 44.7833 4.41077 -90
      vertex 44.5129 6.60287 -90
      vertex 44.5129 6.60287 -60
    endloop
  endfacet
  facet normal 0.99248 0.122411 0
    outer loop
      vertex 44.7833 4.41077 -90
      vertex 44.5129 6.60287 -60
      vertex 44.7833 4.41077 -60
    endloop
  endfacet
  facet normal 0 0 -1
    outer loop
      vertex 0 0 -90
      vertex 44.1353 8.77906 -90
      vertex 44.5129 6.60287 -90
    endloop
  endfacet
  facet normal 0 0 1
    outer loop
      vertex 0 0 -60
      vertex 44.5129 6.60287 -60
      vertex 44.1353 8.77906 -60
    endloop
  endfacet
  facet normal 0.985278 0.170962 0
    outer loop
      vertex 44.5129 6.60287 -90
      vertex 44.1353 8.77906 -90
      vertex 44.1353 8.77906 -60
    endloop
  endfacet
  facet normal 0.985278 0.170962 0
    outer loop
      vertex 44.5129 6.60287 -90
      vertex 44.1353 8.77906 -60
      vertex 44.5129 6.60287 -60
    endloop
  endfacet
  facet normal 0 0 -1
    outer loop
      vertex 0 0 -90
      vertex 43.6514 10.9341 -90
      vertex 44.1353 8.77906 -90
    endloop
  endfacet
  facet normal 0 0 1
    outer loop
      vertex 0 0 -60
      vertex 44.1353 8.77906 -60
      vertex 43.6514 10.9341 -60
    endloop
  endfacet
  facet normal 0.975702 0.219101 0
    outer loop
      vertex 44.1353 8.77906 -90
      vertex 43.6514 10.9341 -90
      vertex 43.6514 10.9341 -60
    endloop
  endfacet
  facet normal 0.975702 0.219101 0
    outer loop
      vertex 44.1353 8.77906 -90
      vertex 43.6514 10.9341 -60
      vertex 44.1353 8.77906 -60
    endloop
  endfacet
  facet normal 0 0 -1
    outer loop
      vertex 0 0 -90
      vertex 43.0623 13.0628 -90
      vertex 43.6514 10.9341 -90
    endloop
  endfacet
  facet normal 0 0 1
    outer loop
      vertex 0 0 -60
      vertex 43.6514 10.9341 -60
      vertex 43.0623 13.0628 -60
    endloop
  endfacet
  facet normal 0.963776 0.266713 0
    outer loop
      vertex 43.6514 10.9341 -90
      vertex 43.0623 13.0628 -90
      vertex 43.0623 13.0628 -60
    endloop
  endfacet
  facet normal 0.963776 0.266713 0
    outer loop
      vertex 43.6514 10.9341 -90
      vertex 43.0623 13.0628 -60
      vertex 43.6514 10.9341 -60
    endloop
  endfacet
  facet normal 0 0 -1
    outer loop
      vertex 0 0 -90
      vertex 42.3695 15.16 -90
      vertex 43.0623 13.0628 -90
    endloop
  endfacet
  facet normal 0 0 1
    outer loop
      vertex 0 0 -60
      vertex 43.0623 13.0628 -60
      vertex 42.3695 15.16 -60
    endloop
  endfacet
  facet normal 0.949528 0.313682 0
    outer loop
      vertex 43.0623 13.0628 -90
      vertex 42.3695 15.16 -90
      vertex 42.3695 15.16 -60
    endloop
  endfacet
  facet normal 0.949528 0.313682 0
    outer loop
      vertex 43.0623 13.0628 -90
      vertex 42.3695 15.16 -60
      vertex 43.0623 13.0628 -60
    endloop
  endfacet
  facet normal 0 0 -1
    outer loop
      vertex 0 0 -90
      vertex 41.5746 17.2208 -90
      vertex 42.3695 15.16 -90
    endloop
  endfacet
  facet normal 0 0 1
    outer loop
      vertex 0 0 -60
      vertex 42.3695 15.16 -60
      vertex 41.5746 17.2208 -60
    endloop
  endfacet
  facet normal 0.932993 0.359895 0
    outer loop
      vertex 42.3695 15.16 -90
      vertex 41.5746 17.2208 -90
      vertex 41.5746 17.2208 -60
    endloop
  endfacet
  facet normal 0.932993 0.359895 0
    outer loop
      vertex 42.3695 15.16 -90
      vertex 41.5746 17.2208 -60
      vertex 42.3695 15.16 -60
    endloop
  endfacet
  facet normal 0 0 -1
    outer loop
      vertex 0 0 -90
      vertex 40.6795 19.24 -90
      vertex 41.5746 17.2208 -90
    endloop
  endfacet
  facet normal 0 0 1
    outer loop
      vertex 0 0 -60
      vertex 41.5746 17.2208 -60
      vertex 40.6795 19.24 -60
    endloop
  endfacet
  facet normal 0.91421 0.405241 0
    outer loop
      vertex 41.5746 17.2208 -90
      vertex 40.6795 19.24 -90
      vertex 40.6795 19.24 -60
    endloop
  endfacet
  facet normal 0.91421 0.405241 0
    outer loop
      vertex 41.5746 17.2208 -90
      vertex 40.6795 19.24 -60
      vertex 41.5746 17.2208 -60
    endloop
  endfacet
  facet normal 0 0 -1
    outer loop
      vertex 0 0 -90
      vertex 39.6865 21.2129 -90
      vertex 40.6795 19.24 -90
    endloop
  endfacet
  facet normal 0 0 1
    outer loop
      vertex 0 0 -60
      vertex 40.6795 19.24 -60
      vertex 39.6865 21.2129 -60
    endloop
  endfacet
  facet normal 0.893224 0.449611 0
    outer loop
      vertex 40.6795 19.24 -90
      vertex 39.6865 21.2129 -90
      vertex 39.6865 21.2129 -60
    endloop
  endfacet
  facet normal 0.893224 0.449611 0
    outer loop
      vertex 40.6795 19.24 -90
      vertex 39.6865 21.2129 -60
      vertex 40.6795 19.24 -60
    endloop
  endfacet
  facet normal 0 0 -1
    outer loop
      vertex 0 0 -90
      vertex 38.5978 23.1346 -90
      vertex 39.6865 21.2129 -90
    endloop
  endfacet
  facet normal 0 0 1
    outer loop
      vertex 0 0 -60
      vertex 39.6865 21.2129 -60
      vertex 38.5978 23.1346 -60
    endloop
  endfacet
  facet normal 0.870087 0.492898 0
    outer loop
      vertex 39.6865 21.2129 -90
      vertex 38.5978 23.1346 -90
      vertex 38.5978 23.1346 -60
    endloop
  endfacet
  facet normal 0.870087 0.492898 0
    outer loop
      vertex 39.6865 21.2129 -90
      vertex 38.5978 23.1346 -60
      vertex 39.6865 21.2129 -60
    endloop
  endfacet
  facet normal 0 0 -1
    outer loop
      vertex 0 0 -90
      vertex 37.4161 25.0007 -90
      vertex 38.5978 23.1346 -90
    endloop
  endfacet
  facet normal 0 0 1
    outer loop
      vertex 0 0 -60
      vertex 38.5978 23.1346 -60
      vertex 37.4161 25.0007 -60
    endloop
  endfacet
  facet normal 0.844854 0.534998 0
    outer loop
      vertex 38.5978 23.1346 -90
      vertex 37.4161 25.0007 -90
      vertex 37.4161 25.0007 -60
    endloop
  endfacet
  facet normal 0.844854 0.534998 0
    outer loop
      vertex 38.5978 23.1346 -90
      vertex 37.4161 25.0007 -60
      vertex 38.5978 23.1346 -60
    endloop
  endfacet
  facet normal 0 0 -1
    outer loop
      vertex 0 0 -90
      vertex 36.1443 26.8065 -90
      vertex 37.4161 25.0007 -90
    endloop
  endfacet
  facet normal 0 0 1
    outer loop
      vertex 0 0 -60
      vertex 37.4161 25.0007 -60
      vertex 36.1443 26.8065 -60
    endloop
  endfacet
  facet normal 0.817585 0.575808 0
    outer loop
      vertex 37.4161 25.0007 -90
      vertex 36.1443 26.8065 -90
      vertex 36.1443 26.8065 -60
    endloop
  endfacet
  facet normal 0.817585 0.575808 0
    outer loop
      vertex 37.4161 25.0007 -90
      vertex 36.1443 26.8065 -60
      vertex 37.4161 25.0007 -60
    endloop
  endfacet
  facet normal 0 0 -1
    outer loop
      vertex 0 0 -90
      vertex 34.7855 28.5477 -90
      vertex 36.1443 26.8065 -90
    endloop
  endfacet
  facet normal 0 0 1
    outer loop
      vertex 0 0 -60
      vertex 36.1443 26.8065 -60
      vertex 34.7855 28.5477 -60
    endloop
  endfacet
  facet normal 0.788346 0.615232 0
    outer loop
      vertex 36.1443 26.8065 -90
      vertex 34.7855 28.5477 -90
      vertex 34.7855 28.5477 -60
    endloop
  endfacet
  facet normal 0.788346 0.615232 0
    outer loop
      vertex 36.1443 26.8065 -90
      vertex 34.7855 28.5477 -60
      vertex 36.1443 26.8065 -60
    endloop
  endfacet
  facet normal 0 0 -1
    outer loop
      vertex 0 0 -90
      vertex 33.3428 30.2202 -90
      vertex 34.7855 28.5477 -90
    endloop
  endfacet
  facet normal 0 0 1
    outer loop
      vertex 0 0 -60
      vertex 34.7855 28.5477 -60
      vertex 33.3428 30.2202 -60
    endloop
  endfacet
  facet normal 0.757209 0.653173 0
    outer loop
      vertex 34.7855 28.5477 -90
      vertex 33.3428 30.2202 -90
      vertex 33.3428 30.2202 -60
    endloop
  endfacet
  facet normal 0.757209 0.653173 0
    outer loop
      vertex 34.7855 28.5477 -90
      vertex 33.3428 30.2202 -60
      vertex 34.7855 28.5477 -60
    endloop
  endfacet
  facet normal 0 0 -1
    outer loop
      vertex 0 0 -90
      vertex 31.8198 31.8198 -90
      vertex 33.3428 30.2202 -90
    endloop
  endfacet
  facet normal 0 0 1
    outer loop
      vertex 0 0 -60
      vertex 33.3428 30.2202 -60
      vertex 31.8198 31.8198 -60
    endloop
  endfacet
  facet normal 0.724247 0.689541 0
    outer loop
      vertex 33.3428 30.2202 -90
      vertex 31.8198 31.8198 -90
      vertex 31.8198 31.8198 -60
    endloop
  endfacet
  facet normal 0.724247 0.689541 0
    outer loop
      vertex 33.3428 30.2202 -90
      vertex 31.8198 31.8198 -60
      vertex 33.3428 30.2202 -60
    endloop
  endfacet
  facet normal 0 0 -1
    outer loop
      vertex 0 0 -90
      vertex 30.2202 33.3428 -90
      vertex 31.8198 31.8198 -90
    endloop
  endfacet
  facet normal 0 0 1
    outer loop
      vertex 0 0 -60
      vertex 31.8198 31.8198 -60
      vertex 30.2202 33.3428 -60
    endloop
  endfacet
  facet normal 0.689541 0.724247 0
    outer loop
      vertex 31.8198 31.8198 -90
      vertex 30.2202 33.3428 -90
      vertex 30.2202 33.3428 -60
    endloop
  endfacet
  facet normal 0.689541 0.724247 0
    outer loop
      vertex 31.8198 31.8198 -90
      vertex 30.2202 33.3428 -60
      vertex 31.8198 31.8198 -60
    endloop
  endfacet
  facet normal 0 0 -1
    outer loop
      vertex 0 0 -90
      vertex 28.5477 34.7855 -90
      vertex 30.2202 33.3428 -90
    endloop
  endfacet
  facet normal 0 0 1
    outer loop
      vertex 0 0 -60
      vertex 30.2202 33.3428 -60
      vertex 28.5477 34.7855 -60
    endloop
  endfacet
  facet normal 0.653173 0.757209 0
    outer loop
      vertex 30.2202 33.3428 -90
      vertex 28.5477 34.7855 -90
      vertex 28.5477 34.7855 -60
    endloop
  endfacet
  facet normal 0.653173 0.757209 0
    outer loop
      vertex 30.2202 33.3428 -90
      vertex 28.5477 34.7855 -60
      vertex 30.2202 33.3428 -60
    endloop
  endfacet
  facet normal 0 0 -1
    outer loop
      vertex 0 0 -90
      vertex 26.8065 36.1443 -90
      vertex 28.5477 34.7855 -90
    endloop
  endfacet
  facet normal 0 0 1
    outer loop
      vertex 0 0 -60
      vertex 28.5477 34.7855 -60
      vertex 26.8065 36.1443 -60
    endloop
  endfacet
  facet normal 0.615232 0.788346 0
    outer loop
      vertex 28.5477 34.7855 -90
      vertex 26.8065 36.1443 -90
      vertex 26.8065 36.1443 -60
    endloop
  endfacet
  facet normal 0.615232 0.788346 0
    outer loop
      vertex 28.5477 34.7855 -90
      vertex 26.8065 36.1443 -60
      vertex 28.5477 34.7855 -60
    endloop
  endfacet
  facet normal 0 0 -1
    outer loop
      vertex 0 0 -90
      vertex 25.0007 37.4161 -90
      vertex 26.8065 36.1443 -90
    endloop
  endfacet
  facet normal 0 0 1
    outer loop
      vertex 0 0 -60
      vertex 26.8065 36.1443 -60
      vertex 25.0007 37.4161 -60
    endloop
  endfacet
  facet normal 0.575808 0.817585 0
    outer loop
      vertex 26.8065 36.1443 -90
      vertex 25.0007 37.4161 -90
      vertex 25.0007 37.4161 -60
    endloop
  endfacet
  facet normal 0.575808 0.817585 0
    outer loop
      vertex 26.8065 36.1443 -90
      vertex 25.0007 37.4161 -60
      vertex 26.8065 36.1443 -60
    endloop
  endfacet
  facet normal 0 0 -1
    outer loop
      vertex 0 0 -90
      vertex 23.1346 38.5978 -90
      vertex 25.0007 37.4161 -90
    endloop
  endfacet
  facet normal 0 0 1
    outer loop
      vertex 0 0 -60
      vertex 25.0007 37.4161 -60
      vertex 23.1346 38.5978 -60
    endloop
  endfacet
  facet normal 0.534998 0.844854 0
    outer loop
      vertex 25.0007 37.4161 -90
      vertex 23.1346 38.5978 -90
      vertex 23.1346 38.5978 -60
    endloop
  endfacet
  facet normal 0.534998 0.844854 0
    outer loop
      vertex 25.0007 37.4161 -90
      vertex 23.1346 38.5978 -60
      vertex 25.0007 37.4161 -60
    endloop
  endfacet
  facet normal 0 0 -1
    outer loop
      vertex 0 0 -90
      vertex 21.2129 39.6865 -90
      vertex 23.1346 38.5978 -90
    endloop
  endfacet
  facet normal 0 0 1
    outer loop
      vertex 0 0 -60
      vertex 23.1346 38.5978 -60
      vertex 21.2129 39.6865 -60
    endloop
  endfacet
  facet normal 0.492898 0.870087 0
    outer loop
      vertex 23.1346 38.5978 -90
      vertex 21.2129 39.6865 -90
      vertex 21.2129 39.6865 -60
    endloop
  endfacet
  facet normal 0.492898 0.870087 0
    outer loop
      vertex 23.1346 38.5978 -90
      vertex 21.2129 39.6865 -60
      vertex 23.1346 38.5978 -60
    endloop
  endfacet
  facet normal 0 0 -1
    outer loop
      vertex 0 0 -90
      vertex 19.24 40.6795 -90
      vertex 21.2129 39.6865 -90
    endloop
  endfacet
  facet normal 0 0 1
    outer loop
      vertex 0 0 -60
      vertex 21.2129 39.6865 -60
      vertex 19.24 40.6795 -60
    endloop
  endfacet
  facet normal 0.449611 0.893224 0
    outer loop
      vertex 21.2129 39.6865 -90
      vertex 19.24 40.6795 -90
      vertex 19.24 40.6795 -60
    endloop
  endfacet
  facet normal 0.449611 0.893224 0
    outer loop
      vertex 21.2129 39.6865 -90
      vertex 19.24 40.6795 -60
      vertex 21.2129 39.6865 -60
    endloop
  endfacet
  facet normal 0 0 -1
    outer loop
      vertex 0 0 -90
      vertex 17.2208 41.5746 -90
      vertex 19.24 40.6795 -90
    endloop
  endfacet
  facet normal 0 0 1
    outer loop
      vertex 0 0 -60
      vertex 19.24 40.6795 -60
      vertex 17.2208 41.5746 -60
    endloop
  endfacet
  facet normal 0.405241 0.91421 0
    outer loop
      vertex 19.24 40.6795 -90
      vertex 17.2208 41.5746 -90
      vertex 17.2208 41.5746 -60
    endloop
  endfacet
  facet normal 0.405241 0.91421 0
    outer loop
      vertex 19.24 40.6795 -90
      vertex 17.2208 41.5746 -60
      vertex 19.24 40.6795 -60
    endloop
  endfacet
  facet normal 0 0 -1
    outer loop
      vertex 0 0 -90
      vertex 15.16 42.3695 -90
      vertex 17.2208 41.5746 -90
    endloop
  endfacet
  facet normal 0 0 1
    outer loop
      vertex 0 0 -60
      vertex 17.2208 41.5746 -60
      vertex 15.16 42.3695 -60
    endloop
  endfacet
  facet normal 0.359895 0.932993 0
    outer loop
      vertex 17.2208 41.5746 -90
      vertex 15.16 42.3695 -90
      vertex 15.16 42.3695 -60
    endloop
  endfacet
  facet normal 0.359895 0.932993 0
    outer loop
      vertex 17.2208 41.5746 -90
      vertex 15.16 42.3695 -60
      vertex 17.2208 41.5746 -60
    endloop
  endfacet
  facet normal 0 0 -1
    outer loop
      vertex 0 0 -90
      vertex 13.0628 43.0623 -90
      vertex 15.16 42.3695 -90
    endloop
  endfacet
  facet normal 0 0 1
    outer loop
      vertex 0 0 -60
      vertex 15.16 42.3695 -60
      vertex 13.0628 43.0623 -60
    endloop
  endfacet
  facet normal 0.313682 0.949528 0
    outer loop
      vertex 15.16 42.3695 -90
      vertex 13.0628 43.0623 -90
      vertex 13.0628 43.0623 -60
    endloop
  endfacet
  facet normal 0.313682 0.949528 0
    outer loop
      vertex 15.16 42.3695 -90
      vertex 13.0628 43.0623 -60
      vertex 15.16 42.3695 -60
    endloop
  endfacet
  facet normal 0 0 -1
    outer loop
      vertex 0 0 -90
      vertex 10.9341 43.6514 -90
      vertex 13.0628 43.0623 -90
    endloop
  endfacet
  facet normal 0 0 1
    outer loop
      vertex 0 0 -60
      vertex 13.0628 43.0623 -60
      vertex 10.9341 43.6514 -60
    endloop
  endfacet
  facet normal 0.266713 0.963776 0
    outer loop
      vertex 13.0628 43.0623 -90
      vertex 10.9341 43.6514 -90
      vertex 10.9341 43.6514 -60
    endloop
  endfacet
  facet normal 0.266713 0.963776 0
    outer loop
      vertex 13.0628 43.0623 -90
      vertex 10.9341 43.6514 -60
      vertex 13.0628 43.0623 -60
    endloop
  endfacet
  facet normal 0 0 -1
    outer loop
      vertex 0 0 -90
      vertex 8.77906 44.1353 -90
      vertex 10.9341 43.6514 -90
    endloop
  endfacet
  facet normal 0 0 1
    outer loop
      vertex 0 0 -60
      vertex 10.9341 43.6514 -60
      vertex 8.77906 44.1353 -60
    endloop
  endfacet
  facet normal 0.219101 0.975702 0
    outer loop
      vertex 10.9341 43.6514 -90
      vertex 8.77906 44.1353 -90
      vertex 8.77906 44.1353 -60
    endloop
  endfacet
  facet normal 0.219101 0.975702 0
    outer loop
      vertex 10.9341 43.6514 -90
      vertex 8.77906 44.1353 -60
      vertex 10.9341 43.6514 -60
    endloop
  endfacet
  facet normal 0 0 -1
    outer loop
      vertex 0 0 -90
      vertex 6.60287 44.5129 -90
      vertex 8.77906 44.1353 -90
    endloop
  endfacet
  facet normal 0 0 1
    outer loop
      vertex 0 0 -60
      vertex 8.77906 44.1353 -60
      vertex 6.60287 44.5129 -60
    endloop
  endfacet
  facet normal 0.170962 0.985278 0
    outer loop
      vertex 8.77906 44.1353 -90
      vertex 6.60287 44.5129 -90
      vertex 6.60287 44.5129 -60
    endloop
  endfacet
  facet normal 0.170962 0.985278 0
    outer loop
      vertex 8.77906 44.1353 -90
      vertex 6.60287 44.5129 -60
      vertex 8.77906 44.1353 -60
    endloop
  endfacet
  facet normal 0 0 -1
    outer loop
      vertex 0 0 -90
      vertex 4.41077 44.7833 -90
      vertex 6.60287 44.5129 -90
    endloop
  endfacet
  facet normal 0 0 1
    outer loop
      vertex 0 0 -60
      vertex 6.60287 44.5129 -60
      vertex 4.41077 44.7833 -60
    endloop
  endfacet
  facet normal 0.122411 0.99248 0
    outer loop
      vertex 6.60287 44.5129 -90
      vertex 4.41077 44.7833 -90
      vertex 4.41077 44.7833 -60
    endloop
  endfacet
  facet normal 0.122411 0.99248 0
    outer loop
      vertex 6.60287 44.5129 -90
      vertex 4.41077 44.7833 -60
      vertex 6.60287 44.5129 -60
    endloop
  endfacet
  facet normal 0 0 -1
    outer loop
      vertex 0 0 -90
      vertex 2.20805 44.9458 -90
      vertex 4.41077 44.7833 -90
    endloop
  endfacet
  facet normal 0 0 1
    outer loop
      vertex 0 0 -60
      vertex 4.41077 44.7833 -60
      vertex 2.20805 44.9458 -60
    endloop
  endfacet
  facet normal 0.0735646 0.99729 0
    outer loop
      vertex 4.41077 44.7833 -90
      vertex 2.20805 44.9458 -90
      vertex 2.20805 44.9458 -60
    endloop
  endfacet
  facet normal 0.0735646 0.99729 0
    outer loop
      vertex 4.41077 44.7833 -90
      vertex 2.20805 44.9458 -60
      vertex 4.41077 44.7833 -60
    endloop
  endfacet
  facet normal 0 0 -1
    outer loop
      vertex 0 0 -90
      vertex 2.75546e-15 45 -90
      vertex 2.20805 44.9458 -90
    endloop
  endfacet
  facet normal 0 0 1
    outer loop
      vertex 0 0 -60
      vertex 2.20805 44.9458 -60
      vertex 2.75546e-15 45 -60
    endloop
  endfacet
  facet normal 0.0245412 0.999699 0
    outer loop
      vertex 2.20805 44.9458 -90
      vertex 2.75546e-15 45 -90
      vertex 2.75546e-15 45 -60
    endloop
  endfacet
  facet normal 0.0245412 0.999699 0
    outer loop
      vertex 2.20805 44.9458 -90
      vertex 2.75546e-15 45 -60
      vertex 2.20805 44.9458 -60
    endloop
  endfacet
  facet normal 0 0 -1
    outer loop
      vertex 0 0 -90
      vertex -2.20805 44.9458 -90
      vertex 2.75546e-15 45 -90
    endloop
  endfacet
  facet normal 0 0 1
    outer loop
      vertex 0 0 -60
      vertex 2.75546e-15 45 -60
      vertex -2.20805 44.9458 -60
    endloop
  endfacet
  facet normal -0.0245412 0.999699 0
    outer loop
      vertex 2.75546e-15 45 -90
      vertex -2.20805 44.9458 -90
      vertex -2.20805 44.9458 -60
    endloop
  endfacet
  facet normal -0.0245412 0.999699 0
    outer loop
      vertex 2.75546e-15 45 -90
      vertex -2.20805 44.9458 -60
      vertex 2.75546e-15 45 -60
    endloop
  endfacet
  facet normal 0 0 -1
    outer loop
      vertex 0 0 -90
      vertex -4.41077 44.7833 -90
      vertex -2.20805 44.9458 -90
    endloop
  endfacet
  facet normal 0 0 1
    outer loop
      vertex 0 0 -60
      vertex -2.20805 44.9458 -60
      vertex -4.41077 44.7833 -60
    endloop
  endfacet
  facet normal -0.0735646 0.99729 0
    outer loop
      vertex -2.20805 44.9458 -90
      vertex -4.41077 44.7833 -90
      vertex -4.41077 44.7833 -60
    endloop
  endfacet
  facet normal -0.0735646 0.99729 0
    outer loop
      vertex -2.20805 44.9458 -90
      vertex -4.41077 44.7833 -60
      vertex -2.20805 44.9458 -60
    endloop
  endfacet
  facet normal 0 0 -1
    outer loop
      vertex 0 0 -90
      vertex -6.60287 44.5129 -90
      vertex -4.41077 44.7833 -90
    endloop
  endfacet
  facet normal 0 0 1
    outer loop
      vertex 0 0 -60
      vertex -4.41077 44.7833 -60
      vertex -6.60287 44.5129 -60
    endloop
  endfacet
  facet normal -0.122411 0.99248 0
    outer loop
      vertex -4.41077 44.7833 -90
      vertex -6.60287 44.5129 -90
      vertex -6.60287 44.5129 -60
    endloop
  endfacet
  facet normal -0.122411 0.99248 0
    outer loop
      vertex -4.41077 44.7833 -90
      vertex -6.60287 44.5129 -60
      vertex -4.41077 44.7833 -60
    endloop
  endfacet
  facet normal 0 0 -1
    outer loop
      vertex 0 0 -90
      vertex -8.77906 44.1353 -90
      vertex -6.60287 44.5129 -90
    endloop
  endfacet
  facet normal 0 0 1
    outer loop
      vertex 0 0 -60
      vertex -6.60287 44.5129 -60
      vertex -8.77906 44.1353 -60
    endloop
  endfacet
  facet normal -0.170962 0.985278 0
    outer loop
      vertex -6.60287 44.5129 -90
      vertex -8.77906 44.1353 -90
      vertex -8.77906 44.1353 -60
    endloop
  endfacet
  facet normal -0.170962 0.985278 0
    outer loop
      vertex -6.60287 44.5129 -90
      vertex -8.77906 44.1353 -60
      vertex -6.60287 44.5129 -60
    endloop
  endfacet
  facet normal 0 0 -1
    outer loop
      vertex 0 0 -90
      vertex -10.9341 43.6514 -90
      vertex -8.77906 44.1353 -90
    endloop
  endfacet
  facet normal 0 0 1
    outer loop
      vertex 0 0 -60
      vertex -8.77906 44.1353 -60
      vertex -10.9341 43.6514 -60
    endloop
  endfacet
  facet normal -0.219101 0.975702 0
    outer loop
      vertex -8.77906 44.1353 -90
      vertex -10.9341 43.6514 -90
      vertex -10.9341 43.6514 -60
    endloop
  endfacet
  facet normal -0.219101 0.975702 0
    outer loop
      vertex -8.77906 44.1353 -90
      vertex -10.9341 43.6514 -60
      vertex -8.77906 44.1353 -60
    endloop
  endfacet
  facet normal 0 0 -1
    outer loop
      vertex 0 0 -90
      vertex -13.0628 43.0623 -90
      vertex -10.9341 43.6514 -90
    endloop
  endfacet
  facet normal 0 0 1
    outer loop
      vertex 0 0 -60
      vertex -10.9341 43.6514 -60
      vertex -13.0628 43.0623 -60
    endloop
  endfacet
  facet normal -0.266713 0.963776 0
    outer loop
      vertex -10.9341 43.6514 -90
      vertex -13.0628 43.0623 -90
      vertex -13.0628 43.0623 -60
    endloop
  endfacet
  facet normal -0.266713 0.963776 0
    outer loop
      vertex -10.9341 43.6514 -90
      vertex -13.0628 43.0623 -60
      vertex -10.9341 43.6514 -60
    endloop
  endfacet
  facet normal 0 0 -1
    outer loop
      vertex 0 0 -90
      vertex -15.16 42.3695 -90
      vertex -13.0628 43.0623 -90
    endloop
  endfacet
  facet normal 0 0 1
    outer loop
      vertex 0 0 -60
      vertex -13.0628 43.0623 -60
      vertex -15.16 42.3695 -60
    endloop
  endfacet
  facet normal -0.313682 0.949528 0
    outer loop
      vertex -13.0628 43.0623 -90
      vertex -15.16 42.3695 -90
      vertex -15.16 42.3695 -60
    endloop
  endfacet
  facet normal -0.313682 0.949528 0
    outer loop
      vertex -13.0628 43.0623 -90
      vertex -15.16 42.3695 -60
      vertex -13.0628 43.0623 -60
    endloop
  endfacet
  facet normal 0 0 -1
    outer loop
      vertex 0 0 -90
      vertex -17.2208 41.5746 -90
      vertex -15.16 42.3695 -90
    endloop
  endfacet
  facet normal 0 0 1
    outer loop
      vertex 0 0 -60
      vertex -15.16 42.3695 -60
      vertex -17.2208 41.5746 -60
    endloop
  endfacet
  facet normal -0.359895 0.932993 0
    outer loop
      vertex -15.16 42.3695 -90
      vertex -17.2208 41.5746 -90
      vertex -17.2208 41.5746 -60
    endloop
  endfacet
  facet normal -0.359895 0.932993 0
    outer loop
      vertex -15.16 42.3695 -90
      vertex -17.2208 41.5746 -60
      vertex -15.16 42.3695 -60
    endloop
  endfacet
  facet normal 0 0 -1
    outer loop
      vertex 0 0 -90
      vertex -19.24 40.6795 -90
      vertex -17.2208 41.5746 -90
    endloop
  endfacet
  facet normal 0 0 1
    outer loop
      vertex 0 0 -60
      vertex -17.2208 41.5746 -60
      vertex -19.24 40.6795 -60
    endloop
  endfacet
  facet normal -0.405241 0.91421 0
    outer loop
      vertex -17.2208 41.5746 -90
      vertex -19.24 40.6795 -90
      vertex -19.24 40.6795 -60
    endloop
  endfacet
  facet normal -0.405241 0.91421 0
    outer loop
      vertex -17.2208 41.5746 -90
      vertex -19.24 40.6795 -60
      vertex -17.2208 41.5746 -60
    endloop
  endfacet
  facet normal 0 0 -1
    outer loop
      vertex 0 0 -90
      vertex -21.2129 39.6865 -90
      vertex -19.24 40.6795 -90
    endloop
  endfacet
  facet normal 0 0 1
    outer loop
      vertex 0 0 -60
      vertex -19.24 40.6795 -60
      vertex -21.2129 39.6865 -60
    endloop
  endfacet
  facet normal -0.449611 0.893224 0
    outer loop
      vertex -19.24 40.6795 -90
      vertex -21.2129 39.6865 -90
      vertex -21.2129 39.6865 -60
    endloop
  endfacet
  facet normal -0.449611 0.893224 0
    outer loop
      vertex -19.24 40.6795 -90
      vertex -21.2129 39.6865 -60
      vertex -19.24 40.6795 -60
    endloop
  endfacet
  facet normal 0 0 -1
    outer loop
      vertex 0 0 -90
      vertex -23.1346 38.5978 -90
      vertex -21.2129 39.6865 -90
    endloop
  endfacet
  facet normal 0 0 1
    outer loop
      vertex 0 0 -60
      vertex -21.2129 39.6865 -60
      vertex -23.1346 38.5978 -60
    endloop
  endfacet
  facet normal -0.492898 0.870087 0
    outer loop
      vertex -21.2129 39.6865 -90
      vertex -23.1346 38.5978 -90
      vertex -23.1346 38.5978 -60
    endloop
  endfacet
  facet normal -0.492898 0.870087 0
    outer loop
      vertex -21.2129 39.6865 -90
      vertex -23.1346 38.5978 -60
      vertex -21.2129 39.6865 -60
    endloop
  endfacet
  facet normal 0 0 -1
    outer loop
      vertex 0 0 -90
      vertex -25.0007 37.4161 -90
      vertex -23.1346 38.5978 -90
    endloop
  endfacet
  facet normal 0 0 1
    outer loop
      vertex 0 0 -60
      vertex -23.1346 38.5978 -60
      vertex -25.0007 37.4161 -60
    endloop
  endfacet
  facet normal -0.534998 0.844854 0
    outer loop
      vertex -23.1346 38.5978 -90
      vertex -25.0007 37.4161 -90
      vertex -25.0007 37.4161 -60
    endloop
  endfacet
  facet normal -0.534998 0.844854 0
    outer loop
      vertex -23.1346 38.5978 -90
      vertex -25.0007 37.4161 -60
      vertex -23.1346 38.5978 -60
    endloop
  endfacet
  facet normal 0 0 -1
    outer loop
      vertex 0 0 -90
      vertex -26.8065 36.1443 -90
      vertex -25.0007 37.4161 -90
    endloop
  endfacet
  facet normal 0 0 1
    outer loop
      vertex 0 0 -60
      vertex -25.0007 37.4161 -60
      vertex -26.8065 36.1443 -60
    endloop
  endfacet
  facet normal -0.575808 0.817585 0
    outer loop
      vertex -25.0007 37.4161 -90
      vertex -26.8065 36.1443 -90
      vertex -26.8065 36.1443 -60
    endloop
  endfacet
  facet normal -0.575808 0.817585 0
    outer loop
      vertex -25.0007 37.4161 -90
      vertex -26.8065 36.1443 -60
      vertex -25.0007 37.4161 -60
    endloop
  endfacet
  facet normal 0 0 -1
    outer loop
      vertex 0 0 -90
      vertex -28.5477 34.7855 -90
      vertex -26.8065 36.1443 -90
    endloop
  endfacet
  facet normal 0 0 1
    outer loop
      vertex 0 0 -60
      vertex -26.8065 36.1443 -60
      vertex -28.5477 34.7855 -60
    endloop
  endfacet
  facet normal -0.615232 0.788346 0
    outer loop
      vertex -26.8065 36.1443 -90
      vertex -28.5477 34.7855 -90
      vertex -28.5477 34.7855 -60
    endloop
  endfacet
  facet normal -0.615232 0.788346 0
    outer loop
      vertex -26.8065 36.1443 -90
      vertex -28.5477 34.7855 -60
      vertex -26.8065 36.1443 -60
    endloop
  endfacet
  facet normal 0 0 -1
    outer loop
      vertex 0 0 -90
      vertex -30.2202 33.3428 -90
      vertex -28.5477 34.7855 -90
    endloop
  endfacet
  facet normal 0 0 1
    outer loop
      vertex 0 0 -60
      vertex -28.5477 34.7855 -60
      vertex -30.2202 33.3428 -60
    endloop
  endfacet
  facet normal -0.653173 0.757209 0
    outer loop
      vertex -28.5477 34.7855 -90
      vertex -30.2202 33.3428 -90
      vertex -30.2202 33.3428 -60
    endloop
  endfacet
  facet normal -0.653173 0.757209 0
    outer loop
      vertex -28.5477 34.7855 -90
      vertex -30.2202 33.3428 -60
      vertex -28.5477 34.7855 -60
    endloop
  endfacet
  facet normal 0 0 -1
    outer loop
      vertex 0 0 -90
      vertex -31.8198 31.8198 -90
      vertex -30.2202 33.3428 -90
    endloop
  endfacet
  facet normal 0 0 1
    outer loop
      vertex 0 0 -60
      vertex -30.2202 33.3428 -60
      vertex -31.8198 31.8198 -60
    endloop
  endfacet
  facet normal -0.689541 0.724247 0
    outer loop
      vertex -30.2202 33.3428 -90
      vertex -31.8198 31.8198 -90
      vertex -31.8198 31.8198 -60
    endloop
  endfacet
  facet normal -0.689541 0.724247 0
    outer loop
      vertex -30.2202 33.3428 -90
      vertex -31.8198 31.8198 -60
      vertex -30.2202 33.3428 -60
    endloop
  endfacet
  facet normal 0 0 -1
    outer loop
      vertex 0 0 -90
      vertex -33.3428 30.2202 -90
      vertex -31.8198 31.8198 -90
    endloop
  endfacet
  facet normal 0 0 1
    outer loop
      vertex 0 0 -60
      vertex -31.8198 31.8198 -60
      vertex -33.3428 30.2202 -60
    endloop
  endfacet
  facet normal -0.724247 0.689541 0
    outer loop
      vertex -31.8198 31.8198 -90
      vertex -33.3428 30.2202 -90
      vertex -33.3428 30.2202 -60
    endloop
  endfacet
  facet normal -0.724247 0.689541 0
    outer loop
      vertex -31.8198 31.8198 -90
      vertex -33.3428 30.2202 -60
      vertex -31.8198 31.8198 -60
    endloop
  endfacet
  facet normal 0 0 -1
    outer loop
      vertex 0 0 -90
      vertex -34.7855 28.5477 -90
      vertex -33.3428 30.2202 -90
    endloop
  endfacet
  facet normal 0 0 1
    outer loop
      vertex 0 0 -60
      vertex -33.3428 30.2202 -60
      vertex -34.7855 28.5477 -60
    endloop
  endfacet
  facet normal -0.757209 0.653173 0
    outer loop
      vertex -33.3428 30.2202 -90
      vertex -34.7855 28.5477 -90
      vertex -34.7855 28.5477 -60
    endloop
  endfacet
  facet normal -0.757209 0.653173 0
    outer loop
      vertex -33.3428 30.2202 -90
      vertex -34.7855 28.5477 -60
      vertex -33.3428 30.2202 -60
    endloop
  endfacet
  facet normal 0 0 -1
    outer loop
      vertex 0 0 -90
      vertex -36.1443 26.8065 -90
      vertex -34.7855 28.5477 -90
    endloop
  endfacet
  facet normal 0 0 1
    outer loop
      vertex 0 0 -60
      vertex -34.7855 28.5477 -60
      vertex -36.1443 26.8065 -60
    endloop
  endfacet
  facet normal -0.788346 0.615232 0
    outer loop
      vertex -34.7855 28.5477 -90
      vertex -36.1443 26.8065 -90
      vertex -36.1443 26.8065 -60
    endloop
  endfacet
  facet normal -0.788346 0.615232 0
    outer loop
      vertex -34.7855 28.5477 -90
      vertex -36.1443 26.8065 -60
      vertex -34.7855 28.5477 -60
    endloop
  endfacet
  facet normal 0 0 -1
    outer loop
      vertex 0 0 -90
      vertex -37.4161 25.0007 -90
      vertex -36.1443 26.8065 -90
    endloop
  endfacet
  facet normal 0 0 1
    outer loop
      vertex 0 0 -60
      vertex -36.1443 26.8065 -60
      vertex -37.4161 25.0007 -60
    endloop
  endfacet
  facet normal -0.817585 0.575808 0
    outer loop
      vertex -36.1443 26.8065 -90
      vertex -37.4161 25.0007 -90
      vertex -37.4161 25.0007 -60
    endloop
  endfacet
  facet normal -0.817585 0.575808 0
    outer loop
      vertex -36.1443 26.8065 -90
      vertex -37.4161 25.0007 -60
      vertex -36.1443 26.8065 -60
    endloop
  endfacet
  facet normal 0 0 -1
    outer loop
      vertex 0 0 -90
      vertex -38.5978 23.1346 -90
      vertex -37.4161 25.0007 -90
    endloop
  endfacet
  facet normal 0 0 1
    outer loop
      vertex 0 0 -60
      vertex -37.4161 25.0007 -60
      vertex -38.5978 23.1346 -60
    endloop
  endfacet
  facet normal -0.844854 0.534998 0
    outer loop
      vertex -37.4161 25.0007 -90
      vertex -38.5978 23.1346 -90
      vertex -38.5978 23.1346 -60
    endloop
  endfacet
  facet normal -0.844854 0.534998 0
    outer loop
      vertex -37.4161 25.0007 -90
      vertex -38.5978 23.1346 -60
      vertex -37.4161 25.0007 -60
    endloop
  endfacet
  facet normal 0 0 -1
    outer loop
      vertex 0 0 -90
      vertex -39.6865 21.2129 -90
      vertex -38.5978 23.1346 -90
    endloop
  endfacet
  facet normal 0 0 1
    outer loop
      vertex 0 0 -60
      vertex -38.5978 23.1346 -60
      vertex -39.6865 21.2129 -60
    endloop
  endfacet
  facet normal -0.870087 0.492898 0
    outer loop
      vertex -38.5978 23.1346 -90
      vertex -39.6865 21.2129 -90
      vertex -39.6865 21.2129 -60
    endloop
  endfacet
  facet normal -0.870087 0.492898 0
    outer loop
      vertex -38.5978 23.1346 -90
      vertex -39.6865 21.2129 -60
      vertex -38.5978 23.1346 -60
    endloop
  endfacet
  facet normal 0 0 -1
    outer loop
      vertex 0 0 -90
      vertex -40.6795 19.24 -90
      vertex -39.6865 21.2129 -90
    endloop
  endfacet
  facet normal 0 0 1
    outer loop
      vertex 0 0 -60
      vertex -39.6865 21.2129 -60
      vertex -40.6795 19.24 -60
    endloop
  endfacet
  facet normal -0.893224 0.449611 0
    outer loop
      vertex -39.6865 21.2129 -90
      vertex -40.6795 19.24 -90
      vertex -40.6795 19.24 -60
    endloop
  endfacet
  facet normal -0.893224 0.449611 0
    outer loop
      vertex -39.6865 21.2129 -90
      vertex -40.6795 19.24 -60
      vertex -39.6865 21.2129 -60
    endloop
  endfacet
  facet normal 0 0 -1
    outer loop
      vertex 0 0 -90
      vertex -41.5746 17.2208 -90
      vertex -40.6795 19.24 -90
    endloop
  endfacet
  facet normal 0 0 1
    outer loop
      vertex 0 0 -60
      vertex -40.6795 19.24 -60
      vertex -41.5746 17.2208 -60
    endloop
  endfacet
  facet normal -0.91421 0.405241 0
    outer loop
      vertex -40.6795 19.24 -90
      vertex -41.5746 17.2208 -90
      vertex -41.5746 17.2208 -60
    endloop
  endfacet
  facet normal -0.91421 0.405241 0
    outer loop
      vertex -40.6795 19.24 -90
      vertex -41.5746 17.2208 -60
      vertex -40.6795 19.24 -60
    endloop
  endfacet
  facet normal 0 0 -1
    outer loop
      vertex 0 0 -90
      vertex -42.3695 15.16 -90
      vertex -41.5746 17.2208 -90
    endloop
  endfacet
  facet normal 0 0 1
    outer loop
      vertex 0 0 -60
      vertex -41.5746 17.2208 -60
      vertex -42.3695 15.16 -60
    endloop
  endfacet
  facet normal -0.932993 0.359895 0
    outer loop
      vertex -41.5746 17.2208 -90
      vertex -42.3695 15.16 -90
      vertex -42.3695 15.16 -60
    endloop
  endfacet
  facet normal -0.932993 0.359895 0
    outer loop
      vertex -41.5746 17.2208 -90
      vertex -42.3695 15.16 -60
      vertex -41.5746 17.2208 -60
    endloop
  endfacet
  facet normal 0 0 -1
    outer loop
      vertex 0 0 -90
      vertex -43.0623 13.0628 -90
      vertex -42.3695 15.16 -90
    endloop
  endfacet
  facet normal 0 0 1
    outer loop
      vertex 0 0 -60
      vertex -42.3695 15.16 -60
      vertex -43.0623 13.0628 -60
    endloop
  endfacet
  facet normal -0.949528 0.313682 0
    outer loop
      vertex -42.3695 15.16 -90
      vertex -43.0623 13.0628 -90
      vertex -43.0623 13.0628 -60
    endloop
  endfacet
  facet normal -0.949528 0.313682 0
    outer loop
      vertex -42.3695 15.16 -90
      vertex -43.0623 13.0628 -60
      vertex -42.3695 15.16 -60
    endloop
  endfacet
  facet normal 0 0 -1
    outer loop
      vertex 0 0 -90
      vertex -43.6514 10.9341 -90
      vertex -43.0623 13.0628 -90
    endloop
  endfacet
  facet normal 0 0 1
    outer loop
      vertex 0 0 -60
      vertex -43.0623 13.0628 -60
      vertex -43.6514 10.9341 -60
    endloop
  endfacet
  facet normal -0.963776 0.266713 0
    outer loop
      vertex -43.0623 13.0628 -90
      vertex -43.6514 10.9341 -90
      vertex -43.6514 10.9341 -60
    endloop
  endfacet
  facet normal -0.963776 0.266713 0
    outer loop
      vertex -43.0623 13.0628 -90
      vertex -43.6514 10.9341 -60
      vertex -43.0623 13.0628 -60
    endloop
  endfacet
  facet normal 0 0 -1
    outer loop
      vertex 0 0 -90
      vertex -44.1353 8.77906 -90
      vertex -43.6514 10.9341 -90
    endloop
  endfacet
  facet normal 0 0 1
    outer loop
      vertex 0 0 -60
      vertex -43.6514 10.9341 -60
      vertex -44.1353 8.77906 -60
    endloop
  endfacet
  facet normal -0.975702 0.219101 0
    outer loop
      vertex -43.6514 10.9341 -90
      vertex -44.1353 8.77906 -90
      vertex -44.1353 8.77906 -60
    endloop
  endfacet
  facet normal -0.975702 0.219101 0
    outer loop
      vertex -43.6514 10.9341 -90
      vertex -44.1353 8.77906 -60
      vertex -43.6514 10.9341 -60
    endloop
  endfacet
  facet normal 0 0 -1
    outer loop
      vertex 0 0 -90
      vertex -44.5129 6.60287 -90
      vertex -44.1353 8.77906 -90
    endloop
  endfacet
  facet normal 0 0 1
    outer loop
      vertex 0 0 -60
      vertex -44.1353 8.77906 -60
      vertex -44.5129 6.60287 -60
    endloop
  endfacet
  facet normal -0.985278 0.170962 0
    outer loop
      vertex -44.1353 8.77906 -90
      vertex -44.5129 6.60287 -90
      vertex -44.5129 6.60287 -60
    endloop
  endfacet
  facet normal -0.985278 0.170962 0
    outer loop
      vertex -44.1353 8.77906 -90
      vertex -44.5129 6.60287 -60
      vertex -44.1353 8.77906 -60
    endloop
  endfacet
  facet normal 0 0 -1
    outer loop
      vertex 0 0 -90
      vertex -44.7833 4.41077 -90
      vertex -44.5129 6.60287 -90
    endloop
  endfacet
  facet normal 0 0 1
    outer loop
      vertex 0 0 -60
      vertex -44.5129 6.60287 -60
      vertex -44.7833 4.41077 -60
    endloop
  endfacet
  facet normal -0.99248 0.122411 0
    outer loop
      vertex -44.5129 6.60287 -90
      vertex -44.7833 4.41077 -90
      vertex -44.7833 4.41077 -60
    endloop
  endfacet
  facet normal -0.99248 0.122411 0
    outer loop
      vertex -44.5129 6.60287 -90
      vertex -44.7833 4.41077 -60
      vertex -44.5129 6.60287 -60
    endloop
  endfacet
  facet normal 0 0 -1
    outer loop
      vertex 0 0 -90
      vertex -44.9458 2.20805 -90
      vertex -44.7833 4.41077 -90
    endloop
  endfacet
  facet normal 0 0 1
    outer loop
      vertex 0 0 -60
      vertex -44.7833 4.41077 -60
      vertex -44.9458 2.20805 -60
    endloop
  endfacet
  facet normal -0.99729 0.0735646 0
    outer loop
      vertex -44.7833 4.41077 -90
      vertex -44.9458 2.20805 -90
      vertex -44.9458 2.20805 -60
    endloop
  endfacet
  facet normal -0.99729 0.0735646 0
    outer loop
      vertex -44.7833 4.41077 -90
      vertex -44.9458 2.20805 -60
      vertex -44.7833 4.41077 -60
    endloop
  endfacet
  facet normal 0 0 -1
    outer loop
      vertex 0 0 -90
      vertex -45 5.51091e-15 -90
      vertex -44.9458 2.20805 -90
    endloop
  endfacet
  facet normal 0 0 1
    outer loop
      vertex 0 0 -60
      vertex -44.9458 2.20805 -60
      vertex -45 5.51091e-15 -60
    endloop
  endfacet
  facet normal -0.999699 0.0245412 0
    outer loop
      vertex -44.9458 2.20805 -90
      vertex -45 5.51091e-15 -90
      vertex -45 5.51091e-15 -60
    endloop
  endfacet
  facet normal -0.999699 0.0245412 0
    outer loop
      vertex -44.9458 2.20805 -90
      vertex -45 5.51091e-15 -60
      vertex -44.9458 2.20805 -60
    endloop
  endfacet
  facet normal 0 0 -1
    outer loop
      vertex 0 0 -90
      vertex -44.9458 -2.20805 -90
      vertex -45 5.51091e-15 -90
    endloop
  endfacet
  facet normal 0 0 1
    outer loop
      vertex 0 0 -60
      vertex -45 5.51091e-15 -60
      vertex -44.9458 -2.20805 -60
    endloop
  endfacet
  facet normal -0.999699 -0.0245412 0
    outer loop
      vertex -45 5.51091e-15 -90
      vertex -44.9458 -2.20805 -90
      vertex -44.9458 -2.20805 -60
    endloop
  endfacet
  facet normal -0.999699 -0.0245412 0
    outer loop
      vertex -45 5.51091e-15 -90
      vertex -44.9458 -2.20805 -60
      vertex -45 5.51091e-15 -60
    endloop
  endfacet
  facet normal 0 0 -1
    outer loop
      vertex 0 0 -90
      vertex -44.7833 -4.41077 -90
      vertex -44.9458 -2.20805 -90
    endloop
  endfacet
  facet normal 0 0 1
    outer loop
      vertex 0 0 -60
      vertex -44.9458 -2.20805 -60
      vertex -44.7833 -4.41077 -60
    endloop
  endfacet
  facet normal -0.99729 -0.0735646 0
    outer loop
      vertex -44.9458 -2.20805 -90
      vertex -44.7833 -4.41077 -90
      vertex -44.7833 -4.41077 -60
    endloop
  endfacet
  facet normal -0.99729 -0.0735646 0
    outer loop
      vertex -44.9458 -2.20805 -90
      vertex -44.7833 -4.41077 -60
      vertex -44.9458 -2.20805 -60
    endloop
  endfacet
  facet normal 0 0 -1
    outer loop
      vertex 0 0 -90
      vertex -44.5129 -6.60287 -90
      vertex -44.7833 -4.41077 -90
    endloop
  endfacet
  facet normal 0 0 1
    outer loop
      vertex 0 0 -60
      vertex -44.7833 -4.41077 -60
      vertex -44.5129 -6.60287 -60
    endloop
  endfacet
  facet normal -0.99248 -0.122411 0
    outer loop
      vertex -44.7833 -4.41077 -90
      vertex -44.5129 -6.60287 -90
      vertex -44.5129 -6.60287 -60
    endloop
  endfacet
  facet normal -0.99248 -0.122411 0
    outer loop
      vertex -44.7833 -4.41077 -90
      vertex -44.5129 -6.60287 -60
      vertex -44.7833 -4.41077 -60
    endloop
  endfacet
  facet normal 0 0 -1
    outer loop
      vertex 0 0 -90
      vertex -44.1353 -8.77906 -90
      vertex -44.5129 -6.60287 -90
    endloop
  endfacet
  facet normal 0 0 1
    outer loop
      vertex 0 0 -60
      vertex -44.5129 -6.60287 -60
      vertex -44.1353 -8.77906 -60
    endloop
  endfacet
  facet normal -0.985278 -0.170962 0
    outer loop
      vertex -44.5129 -6.60287 -90
      vertex -44.1353 -8.77906 -90
      vertex -44.1353 -8.77906 -60
    endloop
  endfacet
  facet normal -0.985278 -0.170962 0
    outer loop
      vertex -44.5129 -6.60287 -90
      vertex -44.1353 -8.77906 -60
      vertex -44.5129 -6.60287 -60
    endloop
  endfacet
  facet normal 0 0 -1
    outer loop
      vertex 0 0 -90
      vertex -43.6514 -10.9341 -90
      vertex -44.1353 -8.77906 -90
    endloop
  endfacet
  facet normal 0 0 1
    outer loop
      vertex 0 0 -60
      vertex -44.1353 -8.77906 -60
      vertex -43.6514 -10.9341 -60
    endloop
  endfacet
  facet normal -0.975702 -0.219101 0
    outer loop
      vertex -44.1353 -8.77906 -90
      vertex -43.6514 -10.9341 -90
      vertex -43.6514 -10.9341 -60
    endloop
  endfacet
  facet normal -0.975702 -0.219101 0
    outer loop
      vertex -44.1353 -8.77906 -90
      vertex -43.6514 -10.9341 -60
      vertex -44.1353 -8.77906 -60
    endloop
  endfacet
  facet normal 0 0 -1
    outer loop
      vertex 0 0 -90
      vertex -43.0623 -13.0628 -90
      vertex -43.6514 -10.9341 -90
    endloop
  endfacet
  facet normal 0 0 1
    outer loop
      vertex 0 0 -60
      vertex -43.6514 -10.9341 -60
      vertex -43.0623 -13.0628 -60
    endloop
  endfacet
  facet normal -0.963776 -0.266713 0
    outer loop
      vertex -43.6514 -10.9341 -90
      vertex -43.0623 -13.0628 -90
      vertex -43.0623 -13.0628 -60
    endloop
  endfacet
  facet normal -0.963776 -0.266713 0
    outer loop
      vertex -43.6514 -10.9341 -90
      vertex -43.0623 -13.0628 -60
      vertex -43.6514 -10.9341 -60
    endloop
  endfacet
  facet normal 0 0 -1
    outer loop
      vertex 0 0 -90
      vertex -42.3695 -15.16 -90
      vertex -43.0623 -13.0628 -90
    endloop
  endfacet
  facet normal 0 0 1
    outer loop
      vertex 0 0 -60
      vertex -43.0623 -13.0628 -60
      vertex -42.3695 -15.16 -60
    endloop
  endfacet
  facet normal -0.949528 -0.313682 0
    outer loop
      vertex -43.0623 -13.0628 -90
      vertex -42.3695 -15.16 -90
      vertex -42.3695 -15.16 -60
    endloop
  endfacet
  facet normal -0.949528 -0.313682 0
    outer loop
      vertex -43.0623 -13.0628 -90
      vertex -42.3695 -15.16 -60
      vertex -43.0623 -13.0628 -60
    endloop
  endfacet
  facet normal 0 0 -1
    outer loop
      vertex 0 0 -90
      vertex -41.5746 -17.2208 -90
      vertex -42.3695 -15.16 -90
    endloop
  endfacet
  facet normal 0 0 1
    outer loop
      vertex 0 0 -60
      vertex -42.3695 -15.16 -60
      vertex -41.5746 -17.2208 -60
    endloop
  endfacet
  facet normal -0.932993 -0.359895 0
    outer loop
      vertex -42.3695 -15.16 -90
      vertex -41.5746 -17.2208 -90
      vertex -41.5746 -17.2208 -60
    endloop
  endfacet
  facet normal -0.932993 -0.359895 0
    outer loop
      vertex -42.3695 -15.16 -90
      vertex -41.5746 -17.2208 -60
      vertex -42.3695 -15.16 -60
    endloop
  endfacet
  facet normal 0 0 -1
    outer loop
      vertex 0 0 -90
      vertex -40.6795 -19.24 -90
      vertex -41.5746 -17.2208 -90
    endloop
  endfacet
  facet normal 0 0 1
    outer loop
      vertex 0 0 -60
      vertex -41.5746 -17.2208 -60
      vertex -40.6795 -19.24 -60
    endloop
  endfacet
  facet normal -0.91421 -0.405241 0
    outer loop
      vertex -41.5746 -17.2208 -90
      vertex -40.6795 -19.24 -90
      vertex -40.6795 -19.24 -60
    endloop
  endfacet
  facet normal -0.91421 -0.405241 0
    outer loop
      vertex -41.5746 -17.2208 -90
      vertex -40.6795 -19.24 -60
      vertex -41.5746 -17.2208 -60
    endloop
  endfacet
  facet normal 0 0 -1
    outer loop
      vertex 0 0 -90
      vertex -39.6865 -21.2129 -90
      vertex -40.6795 -19.24 -90
    endloop
  endfacet
  facet normal 0 0 1
    outer loop
      vertex 0 0 -60
      vertex -40.6795 -19.24 -60
      vertex -39.6865 -21.2129 -60
    endloop
  endfacet
  facet normal -0.893224 -0.449611 0
    outer loop
      vertex -40.6795 -19.24 -90
      vertex -39.6865 -21.2129 -90
      vertex -39.6865 -21.2129 -60
    endloop
  endfacet
  facet normal -0.893224 -0.449611 0
    outer loop
      vertex -40.6795 -19.24 -90
      vertex -39.6865 -21.2129 -60
      vertex -40.6795 -19.24 -60
    endloop
  endfacet
  facet normal 0 0 -1
    outer loop
      vertex 0 0 -90
      vertex -38.5978 -23.1346 -90
      vertex -39.6865 -21.2129 -90
    endloop
  endfacet
  facet normal 0 0 1
    outer loop
      vertex 0 0 -60
      vertex -39.6865 -21.2129 -60
      vertex -38.5978 -23.1346 -60
    endloop
  endfacet
  facet normal -0.870087 -0.492898 0
    outer loop
      vertex -39.6865 -21.2129 -90
      vertex -38.5978 -23.1346 -90
      vertex -38.5978 -23.1346 -60
    endloop
  endfacet
  facet normal -0.870087 -0.492898 0
    outer loop
      vertex -39.6865 -21.2129 -90
      vertex -38.5978 -23.1346 -60
      vertex -39.6865 -21.2129 -60
    endloop
  endfacet
  facet normal 0 0 -1
    outer loop
      vertex 0 0 -90
      vertex -37.4161 -25.0007 -90
      vertex -38.5978 -23.1346 -90
    endloop
  endfacet
  facet normal 0 0 1
    outer loop
      vertex 0 0 -60
      vertex -38.5978 -23.1346 -60
      vertex -37.4161 -25.0007 -60
    endloop
  endfacet
  facet normal -0.844854 -0.534998 0
    outer loop
      vertex -38.5978 -23.1346 -90
      vertex -37.4161 -25.0007 -90
      vertex -37.4161 -25.0007 -60
    endloop
  endfacet
  facet normal -0.844854 -0.534998 0
    outer loop
      vertex -38.5978 -23.1346 -90
      vertex -37.4161 -25.0007 -60
      vertex -38.5978 -23.1346 -60
    endloop
  endfacet
  facet normal 0 0 -1
    outer loop
      vertex 0 0 -90
      vertex -36.1443 -26.8065 -90
      vertex -37.4161 -25.0007 -90
    endloop
  endfacet
  facet normal 0 0 1
    outer loop
      vertex 0 0 -60
      vertex -37.4161 -25.0007 -60
      vertex -36.1443 -26.8065 -60
    endloop
  endfacet
  facet normal -0.817585 -0.575808 0
    outer loop
      vertex -37.4161 -25.0007 -90
      vertex -36.1443 -26.8065 -90
      vertex -36.1443 -26.8065 -60
    endloop
  endfacet
  facet normal -0.817585 -0.575808 0
    outer loop
      vertex -37.4161 -25.0007 -90
      vertex -36.1443 -26.8065 -60
      vertex -37.4161 -25.0007 -60
    endloop
  endfacet
  facet normal 0 0 -1
    outer loop
      vertex 0 0 -90
      vertex -34.7855 -28.5477 -90
      vertex -36.1443 -26.8065 -90
    endloop
  endfacet
  facet normal 0 0 1
    outer loop
      vertex 0 0 -60
      vertex -36.1443 -26.8065 -60
      vertex -34.7855 -28.5477 -60
    endloop
  endfacet
  facet normal -0.788346 -0.615232 0
    outer loop
      vertex -36.1443 -26.8065 -90
      vertex -34.7855 -28.5477 -90
      vertex -34.7855 -28.5477 -60
    endloop
  endfacet
  facet normal -0.788346 -0.615232 0
    outer loop
      vertex -36.1443 -26.8065 -90
      vertex -34.7855 -28.5477 -60
      vertex -36.1443 -26.8065 -60
    endloop
  endfacet
  facet normal 0 0 -1
    outer loop
      vertex 0 0 -90
      vertex -33.3428 -30.2202 -90
      vertex -34.7855 -28.5477 -90
    endloop
  endfacet
  facet normal 0 0 1
    outer loop
      vertex 0 0 -60
      vertex -34.7855 -28.5477 -60
      vertex -33.3428 -30.2202 -60
    endloop
  endfacet
  facet normal -0.757209 -0.653173 0
    outer loop
      vertex -34.7855 -28.5477 -90
      vertex -33.3428 -30.2202 -90
      vertex -33.3428 -30.2202 -60
    endloop
  endfacet
  facet normal -0.757209 -0.653173 0
    outer loop
      vertex -34.7855 -28.5477 -90
      vertex -33.3428 -30.2202 -60
      vertex -34.7855 -28.5477 -60
    endloop
  endfacet
  facet normal 0 0 -1
    outer loop
      vertex 0 0 -90
      vertex -31.8198 -31.8198 -90
      vertex -33.3428 -30.2202 -90
    endloop
  endfacet
  facet normal 0 0 1
    outer loop
      vertex 0 0 -60
      vertex -33.3428 -30.2202 -60
      vertex -31.8198 -31.8198 -60
    endloop
  endfacet
  facet normal -0.724247 -0.689541 0
    outer loop
      vertex -33.3428 -30.2202 -90
      vertex -31.8198 -31.8198 -90
      vertex -31.8198 -31.8198 -60
    endloop
  endfacet
  facet normal -0.724247 -0.689541 0
    outer loop
      vertex -33.3428 -30.2202 -90
      vertex -31.8198 -31.8198 -60
      vertex -33.3428 -30.2202 -60
    endloop
  endfacet
  facet normal 0 0 -1
    outer loop
      vertex 0 0 -90
      vertex -30.2202 -33.3428 -90
      vertex -31.8198 -31.8198 -90
    endloop
  endfacet
  facet normal 0 0 1
    outer loop
      vertex 0 0 -60
      vertex -31.8198 -31.8198 -60
      vertex -30.2202 -33.3428 -60
    endloop
  endfacet
  facet normal -0.689541 -0.724247 0
    outer loop
      vertex -31.8198 -31.8198 -90
      vertex -30.2202 -33.3428 -90
      vertex -30.2202 -33.3428 -60
    endloop
  endfacet
  facet normal -0.689541 -0.724247 0
    outer loop
      vertex -31.8198 -31.8198 -90
      vertex -30.2202 -33.3428 -60
      vertex -31.8198 -31.8198 -60
    endloop
  endfacet
  facet normal 0 0 -1
    outer loop
      vertex 0 0 -90
      vertex -28.5477 -34.7855 -90
      vertex -30.2202 -33.3428 -90
    endloop
  endfacet
  facet normal 0 0 1
    outer loop
      vertex 0 0 -60
      vertex -30.2202 -33.3428 -60
      vertex -28.5477 -34.7855 -60
    endloop
  endfacet
  facet normal -0.653173 -0.757209 0
    outer loop
      vertex -30.2202 -33.3428 -90
      vertex -28.5477 -34.7855 -90
      vertex -28.5477 -34.7855 -60
    endloop
  endfacet
  facet normal -0.653173 -0.757209 0
    outer loop
      vertex -30.2202 -33.3428 -90
      vertex -28.5477 -34.7855 -60
      vertex -30.2202 -33.3428 -60
    endloop
  endfacet
  facet normal 0 0 -1
    outer loop
      vertex 0 0 -90
      vertex -26.8065 -36.1443 -90
      vertex -28.5477 -34.7855 -90
    endloop
  endfacet
  facet normal 0 0 1
    outer loop
      vertex 0 0 -60
      vertex -28.5477 -34.7855 -60
      vertex -26.8065 -36.1443 -60
    endloop
  endfacet
  facet normal -0.615232 -0.788346 0
    outer loop
      vertex -28.5477 -34.7855 -90
      vertex -26.8065 -36.1443 -90
      vertex -26.8065 -36.1443 -60
    endloop
  endfacet
  facet normal -0.615232 -0.788346 0
    outer loop
      vertex -28.5477 -34.7855 -90
      vertex -26.8065 -36.1443 -60
      vertex -28.5477 -34.7855 -60
    endloop
  endfacet
  facet normal 0 0 -1
    outer loop
      vertex 0 0 -90
      vertex -25.0007 -37.4161 -90
      vertex -26.8065 -36.1443 -90
    endloop
  endfacet
  facet normal 0 0 1
    outer loop
      vertex 0 0 -60
      vertex -26.8065 -36.1443 -60
      vertex -25.0007 -37.4161 -60
    endloop
  endfacet
  facet normal -0.575808 -0.817585 0
    outer loop
      vertex -26.8065 -36.1443 -90
      vertex -25.0007 -37.4161 -90
      vertex -25.0007 -37.4161 -60
    endloop
  endfacet
  facet normal -0.575808 -0.817585 0
    outer loop
      vertex -26.8065 -36.1443 -90
      vertex -25.0007 -37.4161 -60
      vertex -26.8065 -36.1443 -60
    endloop
  endfacet
  facet normal 0 0 -1
    outer loop
      vertex 0 0 -90
      vertex -23.1346 -38.5978 -90
      vertex -25.0007 -37.4161 -90
    endloop
  endfacet
  facet normal 0 0 1
    outer loop
      vertex 0 0 -60
      vertex -25.0007 -37.4161 -60
      vertex -23.1346 -38.5978 -60
    endloop
  endfacet
  facet normal -0.534998 -0.844854 0
    outer loop
      vertex -25.0007 -37.4161 -90
      vertex -23.1346 -38.5978 -90
      vertex -23.1346 -38.5978 -60
    endloop
  endfacet
  facet normal -0.534998 -0.844854 0
    outer loop
      vertex -25.0007 -37.4161 -90
      vertex -23.1346 -38.5978 -60
      vertex -25.0007 -37.4161 -60
    endloop
  endfacet
  facet normal 0 0 -1
    outer loop
      vertex 0 0 -90
      vertex -21.2129 -39.6865 -90
      vertex -23.1346 -38.5978 -90
    endloop
  endfacet
  facet normal 0 0 1
    outer loop
      vertex 0 0 -60
      vertex -23.1346 -38.5978 -60
      vertex -21.2129 -39.6865 -60
    endloop
  endfacet
  facet normal -0.492898 -0.870087 0
    outer loop
      vertex -23.1346 -38.5978 -90
      vertex -21.2129 -39.6865 -90
      vertex -21.2129 -39.6865 -60
    endloop
  endfacet
  facet normal -0.492898 -0.870087 0
    outer loop
      vertex -23.1346 -38.5978 -90
      vertex -21.2129 -39.6865 -60
      vertex -23.1346 -38.5978 -60
    endloop
  endfacet
  facet normal 0 0 -1
    outer loop
      vertex 0 0 -90
      vertex -19.24 -40.6795 -90
      vertex -21.2129 -39.6865 -90
    endloop
  endfacet
  facet normal 0 0 1
    outer loop
      vertex 0 0 -60
      vertex -21.2129 -39.6865 -60
      vertex -19.24 -40.6795 -60
    endloop
  endfacet
  facet normal -0.449611 -0.893224 0
    outer loop
      vertex -21.2129 -39.6865 -90
      vertex -19.24 -40.6795 -90
      vertex -19.24 -40.6795 -60
    endloop
  endfacet
  facet normal -0.449611 -0.893224 0
    outer loop
      vertex -21.2129 -39.6865 -90
      vertex -19.24 -40.6795 -60
      vertex -21.2129 -39.6865 -60
    endloop
  endfacet
  facet normal 0 0 -1
    outer loop
      vertex 0 0 -90
      vertex -17.2208 -41.5746 -90
      vertex -19.24 -40.6795 -90
    endloop
  endfacet
  facet normal 0 0 1
    outer loop
      vertex 0 0 -60
      vertex -19.24 -40.6795 -60
      vertex -17.2208 -41.5746 -60
    endloop
  endfacet
  facet normal -0.405241 -0.91421 0
    outer loop
      vertex -19.24 -40.6795 -90
      vertex -17.2208 -41.5746 -90
      vertex -17.2208 -41.5746 -60
    endloop
  endfacet
  facet normal -0.405241 -0.91421 0
    outer loop
      vertex -19.24 -40.6795 -90
      vertex -17.2208 -41.5746 -60
      vertex -19.24 -40.6795 -60
    endloop
  endfacet
  facet normal 0 0 -1
    outer loop
      vertex 0 0 -90
      vertex -15.16 -42.3695 -90
      vertex -17.2208 -41.5746 -90
    endloop
  endfacet
  facet normal 0 0 1
    outer loop
      vertex 0 0 -60
      vertex -17.2208 -41.5746 -60
      vertex -15.16 -42.3695 -60
    endloop
  endfacet
  facet normal -0.359895 -0.932993 0
    outer loop
      vertex -17.2208 -41.5746 -90
      vertex -15.16 -42.3695 -90
      vertex -15.16 -42.3695 -60
    endloop
  endfacet
  facet normal -0.359895 -0.932993 0
    outer loop
      vertex -17.2208 -41.5746 -90
      vertex -15.16 -42.3695 -60
      vertex -17.2208 -41.5746 -60
    endloop
  endfacet
  facet normal 0 0 -1
    outer loop
      vertex 0 0 -90
      vertex -13.0628 -43.0623 -90
      vertex -15.16 -42.3695 -90
    endloop
  endfacet
  facet normal 0 0 1
    outer loop
      vertex 0 0 -60
      vertex -15.16 -42.3695 -60
      vertex -13.0628 -43.0623 -60
    endloop
  endfacet
  facet normal -0.313682 -0.949528 0
    outer loop
      vertex -15.16 -42.3695 -90
      vertex -13.0628 -43.0623 -90
      vertex -13.0628 -43.0623 -60
    endloop
  endfacet
  facet normal -0.313682 -0.949528 0
    outer loop
      vertex -15.16 -42.3695 -90
      vertex -13.0628 -43.0623 -60
      vertex -15.16 -42.3695 -60
    endloop
  endfacet
  facet normal 0 0 -1
    outer loop
      vertex 0 0 -90
      vertex -10.9341 -43.6514 -90
      vertex -13.0628 -43.0623 -90
    endloop
  endfacet
  facet normal 0 0 1
    outer loop
      vertex 0 0 -60
      vertex -13.0628 -43.0623 -60
      vertex -10.9341 -43.6514 -60
    endloop
  endfacet
  facet normal -0.266713 -0.963776 0
    outer loop
      vertex -13.0628 -43.0623 -90
      vertex -10.9341 -43.6514 -90
      vertex -10.9341 -43.6514 -60
    endloop
  endfacet
  facet normal -0.266713 -0.963776 0
    outer loop
      vertex -13.0628 -43.0623 -90
      vertex -10.9341 -43.6514 -60
      vertex -13.0628 -43.0623 -60
    endloop
  endfacet
  facet normal 0 0 -1
    outer loop
      vertex 0 0 -90
      vertex -8.77906 -44.1353 -90
      vertex -10.9341 -43.6514 -90
    endloop
  endfacet
  facet normal 0 0 1
    outer loop
      vertex 0 0 -60
      vertex -10.9341 -43.6514 -60
      vertex -8.77906 -44.1353 -60
    endloop
  endfacet
  facet normal -0.219101 -0.975702 0
    outer loop
      vertex -10.9341 -43.6514 -90
      vertex -8.77906 -44.1353 -90
      vertex -8.77906 -44.1353 -60
    endloop
  endfacet
  facet normal -0.219101 -0.975702 0
    outer loop
      vertex -10.9341 -43.6514 -90
      vertex -8.77906 -44.1353 -60
      vertex -10.9341 -43.6514 -60
    endloop
  endfacet
  facet normal 0 0 -1
    outer loop
      vertex 0 0 -90
      vertex -6.60287 -44.5129 -90
      vertex -8.77906 -44.1353 -90
    endloop
  endfacet
  facet normal 0 0 1
    outer loop
      vertex 0 0 -60
      vertex -8.77906 -44.1353 -60
      vertex -6.60287 -44.5129 -60
    endloop
  endfacet
  facet normal -0.170962 -0.985278 0
    outer loop
      vertex -8.77906 -44.1353 -90
      vertex -6.60287 -44.5129 -90
      vertex -6.60287 -44.5129 -60
    endloop
  endfacet
  facet normal -0.170962 -0.985278 0
    outer loop
      vertex -8.77906 -44.1353 -90
      vertex -6.60287 -44.5129 -60
      vertex -8.77906 -44.1353 -60
    endloop
  endfacet
  facet normal 0 0 -1
    outer loop
      vertex 0 0 -90
      vertex -4.41077 -44.7833 -90
      vertex -6.60287 -44.5129 -90
    endloop
  endfacet
  facet normal 0 0 1
    outer loop
      vertex 0 0 -60
      vertex -6.60287 -44.5129 -60
      vertex -4.41077 -44.7833 -60
    endloop
  endfacet
  facet normal -0.122411 -0.99248 0
    outer loop
      vertex -6.60287 -44.5129 -90
      vertex -4.41077 -44.7833 -90
      vertex -4.41077 -44.7833 -60
    endloop
  endfacet
  facet normal -0.122411 -0.99248 0
    outer loop
      vertex -6.60287 -44.5129 -90
      vertex -4.41077 -44.7833 -60
      vertex -6.60287 -44.5129 -60
    endloop
  endfacet
  facet normal 0 0 -1
    outer loop
      vertex 0 0 -90
      vertex -2.20805 -44.9458 -90
      vertex -4.41077 -44.7833 -90
    endloop
  endfacet
  facet normal 0 0 1
    outer loop
      vertex 0 0 -60
      vertex -4.41077 -44.7833 -60
      vertex -2.20805 -44.9458 -60
    endloop
  endfacet
  facet normal -0.0735646 -0.99729 0
    outer loop
      vertex -4.41077 -44.7833 -90
      vertex -2.20805 -44.9458 -90
      vertex -2.20805 -44.9458 -60
    endloop
  endfacet
  facet normal -0.0735646 -0.99729 0
    outer loop
      vertex -4.41077 -44.7833 -90
      vertex -2.20805 -44.9458 -60
      vertex -4.41077 -44.7833 -60
    endloop
  endfacet
  facet normal 0 0 -1
    outer loop
      vertex 0 0 -90
      vertex -8.26637e-15 -45 -90
      vertex -2.20805 -44.9458 -90
    endloop
  endfacet
  facet normal 0 0 1
    outer loop
      vertex 0 0 -60
      vertex -2.20805 -44.9458 -60
      vertex -8.26637e-15 -45 -60
    endloop
  endfacet
  facet normal -0.0245412 -0.999699 0
    outer loop
      vertex -2.20805 -44.9458 -90
      vertex -8.26637e-15 -45 -90
      vertex -8.26637e-15 -45 -60
    endloop
  endfacet
  facet normal -0.0245412 -0.999699 0
    outer loop
      vertex -2.20805 -44.9458 -90
      vertex -8.26637e-15 -45 -60
      vertex -2.20805 -44.9458 -60
    endloop
  endfacet
  facet normal 0 0 -1
    outer loop
      vertex 0 0 -90
      vertex 2.20805 -44.9458 -90
      vertex -8.26637e-15 -45 -90
    endloop
  endfacet
  facet normal 0 0 1
    outer loop
      vertex 0 0 -60
      vertex -8.26637e-15 -45 -60
      vertex 2.20805 -44.9458 -60
    endloop
  endfacet
  facet normal 0.0245412 -0.999699 0
    outer loop
      vertex -8.26637e-15 -45 -90
      vertex 2.20805 -44.9458 -90
      vertex 2.20805 -44.9458 -60
    endloop
  endfacet
  facet normal 0.0245412 -0.999699 0
    outer loop
      vertex -8.26637e-15 -45 -90
      vertex 2.20805 -44.9458 -60
      vertex -8.26637e-15 -45 -60
    endloop
  endfacet
  facet normal 0 0 -1
    outer loop
      vertex 0 0 -90
      vertex 4.41077 -44.7833 -90
      vertex 2.20805 -44.9458 -90
    endloop
  endfacet
  facet normal 0 0 1
    outer loop
      vertex 0 0 -60
      vertex 2.20805 -44.9458 -60
      vertex 4.41077 -44.7833 -60
    endloop
  endfacet
  facet normal 0.0735646 -0.99729 0
    outer loop
      vertex 2.20805 -44.9458 -90
      vertex 4.41077 -44.7833 -90
      vertex 4.41077 -44.7833 -60
    endloop
  endfacet
  facet normal 0.0735646 -0.99729 0
    outer loop
      vertex 2.20805 -44.9458 -90
      vertex 4.41077 -44.7833 -60
      vertex 2.20805 -44.9458 -60
    endloop
  endfacet
  facet normal 0 0 -1
    outer loop
      vertex 0 0 -90
      vertex 6.60287 -44.5129 -90
      vertex 4.41077 -44.7833 -90
    endloop
  endfacet
  facet normal 0 0 1
    outer loop
      vertex 0 0 -60
      vertex 4.41077 -44.7833 -60
      vertex 6.60287 -44.5129 -60
    endloop
  endfacet
  facet normal 0.122411 -0.99248 0
    outer loop
      vertex 4.41077 -44.7833 -90
      vertex 6.60287 -44.5129 -90
      vertex 6.60287 -44.5129 -60
    endloop
  endfacet
  facet normal 0.122411 -0.99248 0
    outer loop
      vertex 4.41077 -44.7833 -90
      vertex 6.60287 -44.5129 -60
      vertex 4.41077 -44.7833 -60
    endloop
  endfacet
  facet normal 0 0 -1
    outer loop
      vertex 0 0 -90
      vertex 8.77906 -44.1353 -90
      vertex 6.60287 -44.5129 -90
    endloop
  endfacet
  facet normal 0 0 1
    outer loop
      vertex 0 0 -60
      vertex 6.60287 -44.5129 -60
      vertex 8.77906 -44.1353 -60
    endloop
  endfacet
  facet normal 0.170962 -0.985278 0
    outer loop
      vertex 6.60287 -44.5129 -90
      vertex 8.77906 -44.1353 -90
      vertex 8.77906 -44.1353 -60
    endloop
  endfacet
  facet normal 0.170962 -0.985278 0
    outer loop
      vertex 6.60287 -44.5129 -90
      vertex 8.77906 -44.1353 -60
      vertex 6.60287 -44.5129 -60
    endloop
  endfacet
  facet normal 0 0 -1
    outer loop
      vertex 0 0 -90
      vertex 10.9341 -43.6514 -90
      vertex 8.77906 -44.1353 -90
    endloop
  endfacet
  facet normal 0 0 1
    outer loop
      vertex 0 0 -60
      vertex 8.77906 -44.1353 -60
      vertex 10.9341 -43.6514 -60
    endloop
  endfacet
  facet normal 0.219101 -0.975702 0
    outer loop
      vertex 8.77906 -44.1353 -90
      vertex 10.9341 -43.6514 -90
      vertex 10.9341 -43.6514 -60
    endloop
  endfacet
  facet normal 0.219101 -0.975702 0
    outer loop
      vertex 8.77906 -44.1353 -90
      vertex 10.9341 -43.6514 -60
      vertex 8.77906 -44.1353 -60
    endloop
  endfacet
  facet normal 0 0 -1
    outer loop
      vertex 0 0 -90
      vertex 13.0628 -43.0623 -90
      vertex 10.9341 -43.6514 -90
    endloop
  endfacet
  facet normal 0 0 1
    outer loop
      vertex 0 0 -60
      vertex 10.9341 -43.6514 -60
      vertex 13.0628 -43.0623 -60
    endloop
  endfacet
  facet normal 0.266713 -0.963776 0
    outer loop
      vertex 10.9341 -43.6514 -90
      vertex 13.0628 -43.0623 -90
      vertex 13.0628 -43.0623 -60
    endloop
  endfacet
  facet normal 0.266713 -0.963776 0
    outer loop
      vertex 10.9341 -43.6514 -90
      vertex 13.0628 -43.0623 -60
      vertex 10.9341 -43.6514 -60
    endloop
  endfacet
  facet normal 0 0 -1
    outer loop
      vertex 0 0 -90
      vertex 15.16 -42.3695 -90
      vertex 13.0628 -43.0623 -90
    endloop
  endfacet
  facet normal 0 0 1
    outer loop
      vertex 0 0 -60
      vertex 13.0628 -43.0623 -60
      vertex 15.16 -42.3695 -60
    endloop
  endfacet
  facet normal 0.313682 -0.949528 0
    outer loop
      vertex 13.0628 -43.0623 -90
      vertex 15.16 -42.3695 -90
      vertex 15.16 -42.3695 -60
    endloop
  endfacet
  facet normal 0.313682 -0.949528 0
    outer loop
      vertex 13.0628 -43.0623 -90
      vertex 15.16 -42.3695 -60
      vertex 13.0628 -43.0623 -60
    endloop
  endfacet
  facet normal 0 0 -1
    outer loop
      vertex 0 0 -90
      vertex 17.2208 -41.5746 -90
      vertex 15.16 -42.3695 -90
    endloop
  endfacet
  facet normal 0 0 1
    outer loop
      vertex 0 0 -60
      vertex 15.16 -42.3695 -60
      vertex 17.2208 -41.5746 -60
    endloop
  endfacet
  facet normal 0.359895 -0.932993 0
    outer loop
      vertex 15.16 -42.3695 -90
      vertex 17.2208 -41.5746 -90
      vertex 17.2208 -41.5746 -60
    endloop
  endfacet
  facet normal 0.359895 -0.932993 0
    outer loop
      vertex 15.16 -42.3695 -90
      vertex 17.2208 -41.5746 -60
      vertex 15.16 -42.3695 -60
    endloop
  endfacet
  facet normal 0 0 -1
    outer loop
      vertex 0 0 -90
      vertex 19.24 -40.6795 -90
      vertex 17.2208 -41.5746 -90
    endloop
  endfacet
  facet normal 0 0 1
    outer loop
      vertex 0 0 -60
      vertex 17.2208 -41.5746 -60
      vertex 19.24 -40.6795 -60
    endloop
  endfacet
  facet normal 0.405241 -0.91421 0
    outer loop
      vertex 17.2208 -41.5746 -90
      vertex 19.24 -40.6795 -90
      vertex 19.24 -40.6795 -60
    endloop
  endfacet
  facet normal 0.405241 -0.91421 0
    outer loop
      vertex 17.2208 -41.5746 -90
      vertex 19.24 -40.6795 -60
      vertex 17.2208 -41.5746 -60
    endloop
  endfacet
  facet normal 0 0 -1
    outer loop
      vertex 0 0 -90
      vertex 21.2129 -39.6865 -90
      vertex 19.24 -40.6795 -90
    endloop
  endfacet
  facet normal 0 0 1
    outer loop
      vertex 0 0 -60
      vertex 19.24 -40.6795 -60
      vertex 21.2129 -39.6865 -60
    endloop
  endfacet
  facet normal 0.449611 -0.893224 0
    outer loop
      vertex 19.24 -40.6795 -90
      vertex 21.2129 -39.6865 -90
      vertex 21.2129 -39.6865 -60
    endloop
  endfacet
  facet normal 0.449611 -0.893224 0
    outer loop
      vertex 19.24 -40.6795 -90
      vertex 21.2129 -39.6865 -60
      vertex 19.24 -40.6795 -60
    endloop
  endfacet
  facet normal 0 0 -1
    outer loop
      vertex 0 0 -90
      vertex 23.1346 -38.5978 -90
      vertex 21.2129 -39.6865 -90
    endloop
  endfacet
  facet normal 0 0 1
    outer loop
      vertex 0 0 -60
      vertex 21.2129 -39.6865 -60
      vertex 23.1346 -38.5978 -60
    endloop
  endfacet
  facet normal 0.492898 -0.870087 0
    outer loop
      vertex 21.2129 -39.6865 -90
      vertex 23.1346 -38.5978 -90
      vertex 23.1346 -38.5978 -60
    endloop
  endfacet
  facet normal 0.492898 -0.870087 0
    outer loop
      vertex 21.2129 -39.6865 -90
      vertex 23.1346 -38.5978 -60
      vertex 21.2129 -39.6865 -60
    endloop
  endfacet
  facet normal 0 0 -1
    outer loop
      vertex 0 0 -90
      vertex 25.0007 -37.4161 -90
      vertex 23.1346 -38.5978 -90
    endloop
  endfacet
  facet normal 0 0 1
    outer loop
      vertex 0 0 -60
      vertex 23.1346 -38.5978 -60
      vertex 25.0007 -37.4161 -60
    endloop
  endfacet
  facet normal 0.534998 -0.844854 0
    outer loop
      vertex 23.1346 -38.5978 -90
      vertex 25.0007 -37.4161 -90
      vertex 25.0007 -37.4161 -60
    endloop
  endfacet
  facet normal 0.534998 -0.844854 0
    outer loop
      vertex 23.1346 -38.5978 -90
      vertex 25.0007 -37.4161 -60
      vertex 23.1346 -38.5978 -60
    endloop
  endfacet
  facet normal 0 0 -1
    outer loop
      vertex 0 0 -90
      vertex 26.8065 -36.1443 -90
      vertex 25.0007 -37.4161 -90
    endloop
  endfacet
  facet normal 0 0 1
    outer loop
      vertex 0 0 -60
      vertex 25.0007 -37.4161 -60
      vertex 26.8065 -36.1443 -60
    endloop
  endfacet
  facet normal 0.575808 -0.817585 0
    outer loop
      vertex 25.0007 -37.4161 -90
      vertex 26.8065 -36.1443 -90
      vertex 26.8065 -36.1443 -60
    endloop
  endfacet
  facet normal 0.575808 -0.817585 0
    outer loop
      vertex 25.0007 -37.4161 -90
      vertex 26.8065 -36.1443 -60
      vertex 25.0007 -37.4161 -60
    endloop
  endfacet
  facet normal 0 0 -1
    outer loop
      vertex 0 0 -90
      vertex 28.5477 -34.7855 -90
      vertex 26.8065 -36.1443 -90
    endloop
  endfacet
  facet normal 0 0 1
    outer loop
      vertex 0 0 -60
      vertex 26.8065 -36.1443 -60
      vertex 28.5477 -34.7855 -60
    endloop
  endfacet
  facet normal 0.615232 -0.788346 0
    outer loop
      vertex 26.8065 -36.1443 -90
      vertex 28.5477 -34.7855 -90
      vertex 28.5477 -34.7855 -60
    endloop
  endfacet
  facet normal 0.615232 -0.788346 0
    outer loop
      vertex 26.8065 -36.1443 -90
      vertex 28.5477 -34.7855 -60
      vertex 26.8065 -36.1443 -60
    endloop
  endfacet
  facet normal 0 0 -1
    outer loop
      vertex 0 0 -90
      vertex 30.2202 -33.3428 -90
      vertex 28.5477 -34.7855 -90
    endloop
  endfacet
  facet normal 0 0 1
    outer loop
      vertex 0 0 -60
      vertex 28.5477 -34.7855 -60
      vertex 30.2202 -33.3428 -60
    endloop
  endfacet
  facet normal 0.653173 -0.757209 0
    outer loop
      vertex 28.5477 -34.7855 -90
      vertex 30.2202 -33.3428 -90
      vertex 30.2202 -33.3428 -60
    endloop
  endfacet
  facet normal 0.653173 -0.757209 0
    outer loop
      vertex 28.5477 -34.7855 -90
      vertex 30.2202 -33.3428 -60
      vertex 28.5477 -34.7855 -60
    endloop
  endfacet
  facet normal 0 0 -1
    outer loop
      vertex 0 0 -90
      vertex 31.8198 -31.8198 -90
      vertex 30.2202 -33.3428 -90
    endloop
  endfacet
  facet normal 0 0 1
    outer loop
      vertex 0 0 -60
      vertex 30.2202 -33.3428 -60
      vertex 31.8198 -31.8198 -60
    endloop
  endfacet
  facet normal 0.689541 -0.724247 0
    outer loop
      vertex 30.2202 -33.3428 -90
      vertex 31.8198 -31.8198 -90
      vertex 31.8198 -31.8198 -60
    endloop
  endfacet
  facet normal 0.689541 -0.724247 0
    outer loop
      vertex 30.2202 -33.3428 -90
      vertex 31.8198 -31.8198 -60
      vertex 30.2202 -33.3428 -60
    endloop
  endfacet
  facet normal 0 0 -1
    outer loop
      vertex 0 0 -90
      vertex 33.3428 -30.2202 -90
      vertex 31.8198 -31.8198 -90
    endloop
  endfacet
  facet normal 0 0 1
    outer loop
      vertex 0 0 -60
      vertex 31.8198 -31.8198 -60
      vertex 33.3428 -30.2202 -60
    endloop
  endfacet
  facet normal 0.724247 -0.689541 0
    outer loop
      vertex 31.8198 -31.8198 -90
      vertex 33.3428 -30.2202 -90
      vertex 33.3428 -30.2202 -60
    endloop
  endfacet
  facet normal 0.724247 -0.689541 0
    outer loop
      vertex 31.8198 -31.8198 -90
      vertex 33.3428 -30.2202 -60
      vertex 31.8198 -31.8198 -60
    endloop
  endfacet
  facet normal 0 0 -1
    outer loop
      vertex 0 0 -90
      vertex 34.7855 -28.5477 -90
      vertex 33.3428 -30.2202 -90
    endloop
  endfacet
  facet normal 0 0 1
    outer loop
      vertex 0 0 -60
      vertex 33.3428 -30.2202 -60
      vertex 34.7855 -28.5477 -60
    endloop
  endfacet
  facet normal 0.757209 -0.653173 0
    outer loop
      vertex 33.3428 -30.2202 -90
      vertex 34.7855 -28.5477 -90
      vertex 34.7855 -28.5477 -60
    endloop
  endfacet
  facet normal 0.757209 -0.653173 0
    outer loop
      vertex 33.3428 -30.2202 -90
      vertex 34.7855 -28.5477 -60
      vertex 33.3428 -30.2202 -60
    endloop
  endfacet
  facet normal 0 0 -1
    outer loop
      vertex 0 0 -90
      vertex 36.1443 -26.8065 -90
      vertex 34.7855 -28.5477 -90
    endloop
  endfacet
  facet normal 0 0 1
    outer loop
      vertex 0 0 -60
      vertex 34.7855 -28.5477 -60
      vertex 36.1443 -26.8065 -60
    endloop
  endfacet
  facet normal 0.788346 -0.615232 0
    outer loop
      vertex 34.7855 -28.5477 -90
      vertex 36.1443 -26.8065 -90
      vertex 36.1443 -26.8065 -60
    endloop
  endfacet
  facet normal 0.788346 -0.615232 0
    outer loop
      vertex 34.7855 -28.5477 -90
      vertex 36.1443 -26.8065 -60
      vertex 34.7855 -28.5477 -60
    endloop
  endfacet
  facet normal 0 0 -1
    outer loop
      vertex 0 0 -90
      vertex 37.4161 -25.0007 -90
      vertex 36.1443 -26.8065 -90
    endloop
  endfacet
  facet normal 0 0 1
    outer loop
      vertex 0 0 -60
      vertex 36.1443 -26.8065 -60
      vertex 37.4161 -25.0007 -60
    endloop
  endfacet
  facet normal 0.817585 -0.575808 0
    outer loop
      vertex 36.1443 -26.8065 -90
      vertex 37.4161 -25.0007 -90
      vertex 37.4161 -25.0007 -60
    endloop
  endfacet
  facet normal 0.817585 -0.575808 0
    outer loop
      vertex 36.1443 -26.8065 -90
      vertex 37.4161 -25.0007 -60
      vertex 36.1443 -26.8065 -60
    endloop
  endfacet
  facet normal 0 0 -1
    outer loop
      vertex 0 0 -90
      vertex 38.5978 -23.1346 -90
      vertex 37.4161 -25.0007 -90
    endloop
  endfacet
  facet normal 0 0 1
    outer loop
      vertex 0 0 -60
      vertex 37.4161 -25.0007 -60
      vertex 38.5978 -23.1346 -60
    endloop
  endfacet
  facet normal 0.844854 -0.534998 0
    outer loop
      vertex 37.4161 -25.0007 -90
      vertex 38.5978 -23.1346 -90
      vertex 38.5978 -23.1346 -60
    endloop
  endfacet
  facet normal 0.844854 -0.534998 0
    outer loop
      vertex 37.4161 -25.0007 -90
      vertex 38.5978 -23.1346 -60
      vertex 37.4161 -25.0007 -60
    endloop
  endfacet
  facet normal 0 0 -1
    outer loop
      vertex 0 0 -90
      vertex 39.6865 -21.2129 -90
      vertex 38.5978 -23.1346 -90
    endloop
  endfacet
  facet normal 0 0 1
    outer loop
      vertex 0 0 -60
      vertex 38.5978 -23.1346 -60
      vertex 39.6865 -21.2129 -60
    endloop
  endfacet
  facet normal 0.870087 -0.492898 0
    outer loop
      vertex 38.5978 -23.1346 -90
      vertex 39.6865 -21.2129 -90
      vertex 39.6865 -21.2129 -60
    endloop
  endfacet
  facet normal 0.870087 -0.492898 0
    outer loop
      vertex 38.5978 -23.1346 -90
      vertex 39.6865 -21.2129 -60
      vertex 38.5978 -23.1346 -60
    endloop
  endfacet
  facet normal 0 0 -1
    outer loop
      vertex 0 0 -90
      vertex 40.6795 -19.24 -90
      vertex 39.6865 -21.2129 -90
    endloop
  endfacet
  facet normal 0 0 1
    outer loop
      vertex 0 0 -60
      vertex 39.6865 -21.2129 -60
      vertex 40.6795 -19.24 -60
    endloop
  endfacet
  facet normal 0.893224 -0.449611 0
    outer loop
      vertex 39.6865 -21.2129 -90
      vertex 40.6795 -19.24 -90
      vertex 40.6795 -19.24 -60
    endloop
  endfacet
  facet normal 0.893224 -0.449611 0
    outer loop
      vertex 39.6865 -21.2129 -90
      vertex 40.6795 -19.24 -60
      vertex 39.6865 -21.2129 -60
    endloop
  endfacet
  facet normal 0 0 -1
    outer loop
      vertex 0 0 -90
      vertex 41.5746 -17.2208 -90
      vertex 40.6795 -19.24 -90
    endloop
  endfacet
  facet normal 0 0 1
    outer loop
      vertex 0 0 -60
      vertex 40.6795 -19.24 -60
      vertex 41.5746 -17.2208 -60
    endloop
  endfacet
  facet normal 0.91421 -0.405241 0
    outer loop
      vertex 40.6795 -19.24 -90
      vertex 41.5746 -17.2208 -90
      vertex 41.5746 -17.2208 -60
    endloop
  endfacet
  facet normal 0.91421 -0.405241 0
    outer loop
      vertex 40.6795 -19.24 -90
      vertex 41.5746 -17.2208 -60
      vertex 40.6795 -19.24 -60
    endloop
  endfacet
  facet normal 0 0 -1
    outer loop
      vertex 0 0 -90
      vertex 42.3695 -15.16 -90
      vertex 41.5746 -17.2208 -90
    endloop
  endfacet
  facet normal 0 0 1
    outer loop
      vertex 0 0 -60
      vertex 41.5746 -17.2208 -60
      vertex 42.3695 -15.16 -60
    endloop
  endfacet
  facet normal 0.932993 -0.359895 0
    outer loop
      vertex 41.5746 -17.2208 -90
      vertex 42.3695 -15.16 -90
      vertex 42.3695 -15.16 -60
    endloop
  endfacet
  facet normal 0.932993 -0.359895 0
    outer loop
      vertex 41.5746 -17.2208 -90
      vertex 42.3695 -15.16 -60
      vertex 41.5746 -17.2208 -60
    endloop
  endfacet
  facet normal 0 0 -1
    outer loop
      vertex 0 0 -90
      vertex 43.0623 -13.0628 -90
      vertex 42.3695 -15.16 -90
    endloop
  endfacet
  facet normal 0 0 1
    outer loop
      vertex 0 0 -60
      vertex 42.3695 -15.16 -60
      vertex 43.0623 -13.0628 -60
    endloop
  endfacet
  facet normal 0.949528 -0.313682 0
    outer loop
      vertex 42.3695 -15.16 -90
      vertex 43.0623 -13.0628 -90
      vertex 43.0623 -13.0628 -60
    endloop
  endfacet
  facet normal 0.949528 -0.313682 0
    outer loop
      vertex 42.3695 -15.16 -90
      vertex 43.0623 -13.0628 -60
      vertex 42.3695 -15.16 -60
    endloop
  endfacet
  facet normal 0 0 -1
    outer loop
      vertex 0 0 -90
      vertex 43.6514 -10.9341 -90
      vertex 43.0623 -13.0628 -90
    endloop
  endfacet
  facet normal 0 0 1
    outer loop
      vertex 0 0 -60
      vertex 43.0623 -13.0628 -60
      vertex 43.6514 -10.9341 -60
    endloop
  endfacet
  facet normal 0.963776 -0.266713 0
    outer loop
      vertex 43.0623 -13.0628 -90
      vertex 43.6514 -10.9341 -90
      vertex 43.6514 -10.9341 -60
    endloop
  endfacet
  facet normal 0.963776 -0.266713 0
    outer loop
      vertex 43.0623 -13.0628 -90
      vertex 43.6514 -10.9341 -60
      vertex 43.0623 -13.0628 -60
    endloop
  endfacet
  facet normal 0 0 -1
    outer loop
      vertex 0 0 -90
      vertex 44.1353 -8.77906 -90
      vertex 43.6514 -10.9341 -90
    endloop
  endfacet
  facet normal 0 0 1
    outer loop
      vertex 0 0 -60
      vertex 43.6514 -10.9341 -60
      vertex 44.1353 -8.77906 -60
    endloop
  endfacet
  facet normal 0.975702 -0.219101 0
    outer loop
      vertex 43.6514 -10.9341 -90
      vertex 44.1353 -8.77906 -90
      vertex 44.1353 -8.77906 -60
    endloop
  endfacet
  facet normal 0.975702 -0.219101 0
    outer loop
      vertex 43.6514 -10.9341 -90
      vertex 44.1353 -8.77906 -60
      vertex 43.6514 -10.9341 -60
    endloop
  endfacet
  facet normal 0 0 -1
    outer loop
      vertex 0 0 -90
      vertex 44.5129 -6.60287 -90
      vertex 44.1353 -8.77906 -90
    endloop
  endfacet
  facet normal 0 0 1
    outer loop
      vertex 0 0 -60
      vertex 44.1353 -8.77906 -60
      vertex 44.5129 -6.60287 -60
    endloop
  endfacet
  facet normal 0.985278 -0.170962 0
    outer loop
      vertex 44.1353 -8.77906 -90
      vertex 44.5129 -6.60287 -90
      vertex 44.5129 -6.60287 -60
    endloop
  endfacet
  facet normal 0.985278 -0.170962 0
    outer loop
      vertex 44.1353 -8.77906 -90
      vertex 44.5129 -6.60287 -60
      vertex 44.1353 -8.77906 -60
    endloop
  endfacet
  facet normal 0 0 -1
    outer loop
      vertex 0 0 -90
      vertex 44.7833 -4.41077 -90
      vertex 44.5129 -6.60287 -90
    endloop
  endfacet
  facet normal 0 0 1
    outer loop
      vertex 0 0 -60
      vertex 44.5129 -6.60287 -60
      vertex 44.7833 -4.41077 -60
    endloop
  endfacet
  facet normal 0.99248 -0.122411 0
    outer loop
      vertex 44.5129 -6.60287 -90
      vertex 44.7833 -4.41077 -90
      vertex 44.7833 -4.41077 -60
    endloop
  endfacet
  facet normal 0.99248 -0.122411 0
    outer loop
      vertex 44.5129 -6.60287 -90
      vertex 44.7833 -4.41077 -60
      vertex 44.5129 -6.60287 -60
    endloop
  endfacet
  facet normal 0 0 -1
    outer loop
      vertex 0 0 -90
      vertex 44.9458 -2.20805 -90
      vertex 44.7833 -4.41077 -90
    endloop
  endfacet
  facet normal 0 0 1
    outer loop
      vertex 0 0 -60
      vertex 44.7833 -4.41077 -60
      vertex 44.9458 -2.20805 -60
    endloop
  endfacet
  facet normal 0.99729 -0.0735646 0
    outer loop
      vertex 44.7833 -4.41077 -90
      vertex 44.9458 -2.20805 -90
      vertex 44.9458 -2.20805 -60
    endloop
  endfacet
  facet normal 0.99729 -0.0735646 0
    outer loop
      vertex 44.7833 -4.41077 -90
      vertex 44.9458 -2.20805 -60
      vertex 44.7833 -4.41077 -60
    endloop
  endfacet
  facet normal 0 0 -1
    outer loop
      vertex 0 0 -90
      vertex 45 -1.10218e-14 -90
      vertex 44.9458 -2.20805 -90
    endloop
  endfacet
  facet normal 0 0 1
    outer loop
      vertex 0 0 -60
      vertex 44.9458 -2.20805 -60
      vertex 45 -1.10218e-14 -60
    endloop
  endfacet
  facet normal 0.999699 -0.0245412 0
    outer loop
      vertex 44.9458 -2.20805 -90
      vertex 45 -1.10218e-14 -90
      vertex 45 -1.10218e-14 -60
    endloop
  endfacet
  facet normal 0.999699 -0.0245412 0
    outer loop
      vertex 44.9458 -2.20805 -90
      vertex 45 -1.10218e-14 -60
      vertex 44.9458 -2.20805 -60
    endloop
  endfacet
  facet normal 0 0 -1
    outer loop
      vertex 0 0 60
      vertex 44.9458 2.20805 60
      vertex 45 0 60
    endloop
  endfacet
  facet normal 0 0 1
    outer loop
      vertex 0 0 90
      vertex 45 0 90
      vertex 44.9458 2.20805 90
    endloop
  endfacet
  facet normal 0.999699 0.0245412 0
    outer loop
      vertex 45 0 60
      vertex 44.9458 2.20805 60
      vertex 44.9458 2.20805 90
    endloop
  endfacet
  facet normal 0.999699 0.0245412 0
    outer loop
      vertex 45 0 60
      vertex 44.9458 2.20805 90
      vertex 45 0 90
    endloop
  endfacet
  facet normal 0 0 -1
    outer loop
      vertex 0 0 60
      vertex 44.7833 4.41077 60
      vertex 44.9458 2.20805 60
    endloop
  endfacet
  facet normal 0 0 1
    outer loop
      vertex 0 0 90
      vertex 44.9458 2.20805 90
      vertex 44.7833 4.41077 90
    endloop
  endfacet
  facet normal 0.99729 0.0735646 0
    outer loop
      vertex 44.9458 2.20805 60
      vertex 44.7833 4.41077 60
      vertex 44.7833 4.41077 90
    endloop
  endfacet
  facet normal 0.99729 0.0735646 0
    outer loop
      vertex 44.9458 2.20805 60
      vertex 44.7833 4.41077 90
      vertex 44.9458 2.20805 90
    endloop
  endfacet
  facet normal 0 0 -1
    outer loop
      vertex 0 0 60
      vertex 44.5129 6.60287 60
      vertex 44.7833 4.41077 60
    endloop
  endfacet
  facet normal 0 0 1
    outer loop
      vertex 0 0 90
      vertex 44.7833 4.41077 90
      vertex 44.5129 6.60287 90
    endloop
  endfacet
  facet normal 0.99248 0.122411 0
    outer loop
      vertex 44.7833 4.41077 60
      vertex 44.5129 6.60287 60
      vertex 44.5129 6.60287 90
    endloop
  endfacet
  facet normal 0.99248 0.122411 0
    outer loop
      vertex 44.7833 4.41077 60
      vertex 44.5129 6.60287 90
      vertex 44.7833 4.41077 90
    endloop
  endfacet
  facet normal 0 0 -1
    outer loop
      vertex 0 0 60
      vertex 44.1353 8.77906 60
      vertex 44.5129 6.60287 60
    endloop
  endfacet
  facet normal 0 0 1
    outer loop
      vertex 0 0 90
      vertex 44.5129 6.60287 90
      vertex 44.1353 8.77906 90
    endloop
  endfacet
  facet normal 0.985278 0.170962 0
    outer loop
      vertex 44.5129 6.60287 60
      vertex 44.1353 8.77906 60
      vertex 44.1353 8.77906 90
    endloop
  endfacet
  facet normal 0.985278 0.170962 0
    outer loop
      vertex 44.5129 6.60287 60
      vertex 44.1353 8.77906 90
      vertex 44.5129 6.60287 90
    endloop
  endfacet
  facet normal 0 0 -1
    outer loop
      vertex 0 0 60
      vertex 43.6514 10.9341 60
      vertex 44.1353 8.77906 60
    endloop
  endfacet
  facet normal 0 0 1
    outer loop
      vertex 0 0 90
      vertex 44.1353 8.77906 90
      vertex 43.6514 10.9341 90
    endloop
  endfacet
  facet normal 0.975702 0.219101 0
    outer loop
      vertex 44.1353 8.77906 60
      vertex 43.6514 10.9341 60
      vertex 43.6514 10.9341 90
    endloop
  endfacet
  facet normal 0.975702 0.219101 0
    outer loop
      vertex 44.1353 8.77906 60
      vertex 43.6514 10.9341 90
      vertex 44.1353 8.77906 90
    endloop
  endfacet
  facet normal 0 0 -1
    outer loop
      vertex 0 0 60
      vertex 43.0623 13.0628 60
      vertex 43.6514 10.9341 60
    endloop
  endfacet
  facet normal 0 0 1
    outer loop
      vertex 0 0 90
      vertex 43.6514 10.9341 90
      vertex 43.0623 13.0628 90
    endloop
  endfacet
  facet normal 0.963776 0.266713 0
    outer loop
      vertex 43.6514 10.9341 60
      vertex 43.0623 13.0628 60
      vertex 43.0623 13.0628 90
    endloop
  endfacet
  facet normal 0.963776 0.266713 0
    outer loop
      vertex 43.6514 10.9341 60
      vertex 43.0623 13.0628 90
      vertex 43.6514 10.9341 90
    endloop
  endfacet
  facet normal 0 0 -1
    outer loop
      vertex 0 0 60
      vertex 42.3695 15.16 60
      vertex 43.0623 13.0628 60
    endloop
  endfacet
  facet normal 0 0 1
    outer loop
      vertex 0 0 90
      vertex 43.0623 13.0628 90
      vertex 42.3695 15.16 90
    endloop
  endfacet
  facet normal 0.949528 0.313682 0
    outer loop
      vertex 43.0623 13.0628 60
      vertex 42.3695 15.16 60
      vertex 42.3695 15.16 90
    endloop
  endfacet
  facet normal 0.949528 0.313682 0
    outer loop
      vertex 43.0623 13.0628 60
      vertex 42.3695 15.16 90
      vertex 43.0623 13.0628 90
    endloop
  endfacet
  facet normal 0 0 -1
    outer loop
      vertex 0 0 60
      vertex 41.5746 17.2208 60
      vertex 42.3695 15.16 60
    endloop
  endfacet
  facet normal 0 0 1
    outer loop
      vertex 0 0 90
      vertex 42.3695 15.16 90
      vertex 41.5746 17.2208 90
    endloop
  endfacet
  facet normal 0.932993 0.359895 0
    outer loop
      vertex 42.3695 15.16 60
      vertex 41.5746 17.2208 60
      vertex 41.5746 17.2208 90
    endloop
  endfacet
  facet normal 0.932993 0.359895 0
    outer loop
      vertex 42.3695 15.16 60
      vertex 41.5746 17.2208 90
      vertex 42.3695 15.16 90
    endloop
  endfacet
  facet normal 0 0 -1
    outer loop
      vertex 0 0 60
      vertex 40.6795 19.24 60
      vertex 41.5746 17.2208 60
    endloop
  endfacet
  facet normal 0 0 1
    outer loop
      vertex 0 0 90
      vertex 41.5746 17.2208 90
      vertex 40.6795 19.24 90
    endloop
  endfacet
  facet normal 0.91421 0.405241 0
    outer loop
      vertex 41.5746 17.2208 60
      vertex 40.6795 19.24 60
      vertex 40.6795 19.24 90
    endloop
  endfacet
  facet normal 0.91421 0.405241 0
    outer loop
      vertex 41.5746 17.2208 60
      vertex 40.6795 19.24 90
      vertex 41.5746 17.2208 90
    endloop
  endfacet
  facet normal 0 0 -1
    outer loop
      vertex 0 0 60
      vertex 39.6865 21.2129 60
      vertex 40.6795 19.24 60
    endloop
  endfacet
  facet normal 0 0 1
    outer loop
      vertex 0 0 90
      vertex 40.6795 19.24 90
      vertex 39.6865 21.2129 90
    endloop
  endfacet
  facet normal 0.893224 0.449611 0
    outer loop
      vertex 40.6795 19.24 60
      vertex 39.6865 21.2129 60
      vertex 39.6865 21.2129 90
    endloop
  endfacet
  facet normal 0.893224 0.449611 0
    outer loop
      vertex 40.6795 19.24 60
      vertex 39.6865 21.2129 90
      vertex 40.6795 19.24 90
    endloop
  endfacet
  facet normal 0 0 -1
    outer loop
      vertex 0 0 60
      vertex 38.5978 23.1346 60
      vertex 39.6865 21.2129 60
    endloop
  endfacet
  facet normal 0 0 1
    outer loop
      vertex 0 0 90
      vertex 39.6865 21.2129 90
      vertex 38.5978 23.1346 90
    endloop
  endfacet
  facet normal 0.870087 0.492898 0
    outer loop
      vertex 39.6865 21.2129 60
      vertex 38.5978 23.1346 60
      vertex 38.5978 23.1346 90
    endloop
  endfacet
  facet normal 0.870087 0.492898 0
    outer loop
      vertex 39.6865 21.2129 60
      vertex 38.5978 23.1346 90
      vertex 39.6865 21.2129 90
    endloop
  endfacet
  facet normal 0 0 -1
    outer loop
      vertex 0 0 60
      vertex 37.4161 25.0007 60
      vertex 38.5978 23.1346 60
    endloop
  endfacet
  facet normal 0 0 1
    outer loop
      vertex 0 0 90
      vertex 38.5978 23.1346 90
      vertex 37.4161 25.0007 90
    endloop
  endfacet
  facet normal 0.844854 0.534998 0
    outer loop
      vertex 38.5978 23.1346 60
      vertex 37.4161 25.0007 60
      vertex 37.4161 25.0007 90
    endloop
  endfacet
  facet normal 0.844854 0.534998 0
    outer loop
      vertex 38.5978 23.1346 60
      vertex 37.4161 25.0007 90
      vertex 38.5978 23.1346 90
    endloop
  endfacet
  facet normal 0 0 -1
    outer loop
      vertex 0 0 60
      vertex 36.1443 26.8065 60
      vertex 37.4161 25.0007 60
    endloop
  endfacet
  facet normal 0 0 1
    outer loop
      vertex 0 0 90
      vertex 37.4161 25.0007 90
      vertex 36.1443 26.8065 90
    endloop
  endfacet
  facet normal 0.817585 0.575808 0
    outer loop
      vertex 37.4161 25.0007 60
      vertex 36.1443 26.8065 60
      vertex 36.1443 26.8065 90
    endloop
  endfacet
  facet normal 0.817585 0.575808 0
    outer loop
      vertex 37.4161 25.0007 60
      vertex 36.1443 26.8065 90
      vertex 37.4161 25.0007 90
    endloop
  endfacet
  facet normal 0 0 -1
    outer loop
      vertex 0 0 60
      vertex 34.7855 28.5477 60
      vertex 36.1443 26.8065 60
    endloop
  endfacet
  facet normal 0 0 1
    outer loop
      vertex 0 0 90
      vertex 36.1443 26.8065 90
      vertex 34.7855 28.5477 90
    endloop
  endfacet
  facet normal 0.788346 0.615232 0
    outer loop
      vertex 36.1443 26.8065 60
      vertex 34.7855 28.5477 60
      vertex 34.7855 28.5477 90
    endloop
  endfacet
  facet normal 0.788346 0.615232 0
    outer loop
      vertex 36.1443 26.8065 60
      vertex 34.7855 28.5477 90
      vertex 36.1443 26.8065 90
    endloop
  endfacet
  facet normal 0 0 -1
    outer loop
      vertex 0 0 60
      vertex 33.3428 30.2202 60
      vertex 34.7855 28.5477 60
    endloop
  endfacet
  facet normal 0 0 1
    outer loop
      vertex 0 0 90
      vertex 34.7855 28.5477 90
      vertex 33.3428 30.2202 90
    endloop
  endfacet
  facet normal 0.757209 0.653173 0
    outer loop
      vertex 34.7855 28.5477 60
      vertex 33.3428 30.2202 60
      vertex 33.3428 30.2202 90
    endloop
  endfacet
  facet normal 0.757209 0.653173 0
    outer loop
      vertex 34.7855 28.5477 60
      vertex 33.3428 30.2202 90
      vertex 34.7855 28.5477 90
    endloop
  endfacet
  facet normal 0 0 -1
    outer loop
      vertex 0 0 60
      vertex 31.8198 31.8198 60
      vertex 33.3428 30.2202 60
    endloop
  endfacet
  facet normal 0 0 1
    outer loop
      vertex 0 0 90
      vertex 33.3428 30.2202 90
      vertex 31.8198 31.8198 90
    endloop
  endfacet
  facet normal 0.724247 0.689541 0
    outer loop
      vertex 33.3428 30.2202 60
      vertex 31.8198 31.8198 60
      vertex 31.8198 31.8198 90
    endloop
  endfacet
  facet normal 0.724247 0.689541 0
    outer loop
      vertex 33.3428 30.2202 60
      vertex 31.8198 31.8198 90
      vertex 33.3428 30.2202 90
    endloop
  endfacet
  facet normal 0 0 -1
    outer loop
      vertex 0 0 60
      vertex 30.2202 33.3428 60
      vertex 31.8198 31.8198 60
    endloop
  endfacet
  facet normal 0 0 1
    outer loop
      vertex 0 0 90
      vertex 31.8198 31.8198 90
      vertex 30.2202 33.3428 90
    endloop
  endfacet
  facet normal 0.689541 0.724247 0
    outer loop
      vertex 31.8198 31.8198 60
      vertex 30.2202 33.3428 60
      vertex 30.2202 33.3428 90
    endloop
  endfacet
  facet normal 0.689541 0.724247 0
    outer loop
      vertex 31.8198 31.8198 60
      vertex 30.2202 33.3428 90
      vertex 31.8198 31.8198 90
    endloop
  endfacet
  facet normal 0 0 -1
    outer loop
      vertex 0 0 60
      vertex 28.5477 34.7855 60
      vertex 30.2202 33.3428 60
    endloop
  endfacet
  facet normal 0 0 1
    outer loop
      vertex 0 0 90
      vertex 30.2202 33.3428 90
      vertex 28.5477 34.7855 90
    endloop
  endfacet
  facet normal 0.653173 0.757209 0
    outer loop
      vertex 30.2202 33.3428 60
      vertex 28.5477 34.7855 60
      vertex 28.5477 34.7855 90
    endloop
  endfacet
  facet normal 0.653173 0.757209 0
    outer loop
      vertex 30.2202 33.3428 60
      vertex 28.5477 34.7855 90
      vertex 30.2202 33.3428 90
    endloop
  endfacet
  facet normal 0 0 -1
    outer loop
      vertex 0 0 60
      vertex 26.8065 36.1443 60
      vertex 28.5477 34.7855 60
    endloop
  endfacet
  facet normal 0 0 1
    outer loop
      vertex 0 0 90
      vertex 28.5477 34.7855 90
      vertex 26.8065 36.1443 90
    endloop
  endfacet
  facet normal 0.615232 0.788346 0
    outer loop
      vertex 28.5477 34.7855 60
      vertex 26.8065 36.1443 60
      vertex 26.8065 36.1443 90
    endloop
  endfacet
  facet normal 0.615232 0.788346 0
    outer loop
      vertex 28.5477 34.7855 60
      vertex 26.8065 36.1443 90
      vertex 28.5477 34.7855 90
    endloop
  endfacet
  facet normal 0 0 -1
    outer loop
      vertex 0 0 60
      vertex 25.0007 37.4161 60
      vertex 26.8065 36.1443 60
    endloop
  endfacet
  facet normal 0 0 1
    outer loop
      vertex 0 0 90
      vertex 26.8065 36.1443 90
      vertex 25.0007 37.4161 90
    endloop
  endfacet
  facet normal 0.575808 0.817585 0
    outer loop
      vertex 26.8065 36.1443 60
      vertex 25.0007 37.4161 60
      vertex 25.0007 37.4161 90
    endloop
  endfacet
  facet normal 0.575808 0.817585 0
    outer loop
      vertex 26.8065 36.1443 60
      vertex 25.0007 37.4161 90
      vertex 26.8065 36.1443 90
    endloop
  endfacet
  facet normal 0 0 -1
    outer loop
      vertex 0 0 60
      vertex 23.1346 38.5978 60
      vertex 25.0007 37.4161 60
    endloop
  endfacet
  facet normal 0 0 1
    outer loop
      vertex 0 0 90
      vertex 25.0007 37.4161 90
      vertex 23.1346 38.5978 90
    endloop
  endfacet
  facet normal 0.534998 0.844854 0
    outer loop
      vertex 25.0007 37.4161 60
      vertex 23.1346 38.5978 60
      vertex 23.1346 38.5978 90
    endloop
  endfacet
  facet normal 0.534998 0.844854 0
    outer loop
      vertex 25.0007 37.4161 60
      vertex 23.1346 38.5978 90
      vertex 25.0007 37.4161 90
    endloop
  endfacet
  facet normal 0 0 -1
    outer loop
      vertex 0 0 60
      vertex 21.2129 39.6865 60
      vertex 23.1346 38.5978 60
    endloop
  endfacet
  facet normal 0 0 1
    outer loop
      vertex 0 0 90
      vertex 23.1346 38.5978 90
      vertex 21.2129 39.6865 90
    endloop
  endfacet
  facet normal 0.492898 0.870087 0
    outer loop
      vertex 23.1346 38.5978 60
      vertex 21.2129 39.6865 60
      vertex 21.2129 39.6865 90
    endloop
  endfacet
  facet normal 0.492898 0.870087 0
    outer loop
      vertex 23.1346 38.5978 60
      vertex 21.2129 39.6865 90
      vertex 23.1346 38.5978 90
    endloop
  endfacet
  facet normal 0 0 -1
    outer loop
      vertex 0 0 60
      vertex 19.24 40.6795 60
      vertex 21.2129 39.6865 60
    endloop
  endfacet
  facet normal 0 0 1
    outer loop
      vertex 0 0 90
      vertex 21.2129 39.6865 90
      vertex 19.24 40.6795 90
    endloop
  endfacet
  facet normal 0.449611 0.893224 0
    outer loop
      vertex 21.2129 39.6865 60
      vertex 19.24 40.6795 60
      vertex 19.24 40.6795 90
    endloop
  endfacet
  facet normal 0.449611 0.893224 0
    outer loop
      vertex 21.2129 39.6865 60
      vertex 19.24 40.6795 90
      vertex 21.2129 39.6865 90
    endloop
  endfacet
  facet normal 0 0 -1
    outer loop
      vertex 0 0 60
      vertex 17.2208 41.5746 60
      vertex 19.24 40.6795 60
    endloop
  endfacet
  facet normal 0 0 1
    outer loop
      vertex 0 0 90
      vertex 19.24 40.6795 90
      vertex 17.2208 41.5746 90
    endloop
  endfacet
  facet normal 0.405241 0.91421 0
    outer loop
      vertex 19.24 40.6795 60
      vertex 17.2208 41.5746 60
      vertex 17.2208 41.5746 90
    endloop
  endfacet
  facet normal 0.405241 0.91421 0
    outer loop
      vertex 19.24 40.6795 60
      vertex 17.2208 41.5746 90
      vertex 19.24 40.6795 90
    endloop
  endfacet
  facet normal 0 0 -1
    outer loop
      vertex 0 0 60
      vertex 15.16 42.3695 60
      vertex 17.2208 41.5746 60
    endloop
  endfacet
  facet normal 0 0 1
    outer loop
      vertex 0 0 90
      vertex 17.2208 41.5746 90
      vertex 15.16 42.3695 90
    endloop
  endfacet
  facet normal 0.359895 0.932993 0
    outer loop
      vertex 17.2208 41.5746 60
      vertex 15.16 42.3695 60
      vertex 15.16 42.3695 90
    endloop
  endfacet
  facet normal 0.359895 0.932993 0
    outer loop
      vertex 17.2208 41.5746 60
      vertex 15.16 42.3695 90
      vertex 17.2208 41.5746 90
    endloop
  endfacet
  facet normal 0 0 -1
    outer loop
      vertex 0 0 60
      vertex 13.0628 43.0623 60
      vertex 15.16 42.3695 60
    endloop
  endfacet
  facet normal 0 0 1
    outer loop
      vertex 0 0 90
      vertex 15.16 42.3695 90
      vertex 13.0628 43.0623 90
    endloop
  endfacet
  facet normal 0.313682 0.949528 0
    outer loop
      vertex 15.16 42.3695 60
      vertex 13.0628 43.0623 60
      vertex 13.0628 43.0623 90
    endloop
  endfacet
  facet normal 0.313682 0.949528 0
    outer loop
      vertex 15.16 42.3695 60
      vertex 13.0628 43.0623 90
      vertex 15.16 42.3695 90
    endloop
  endfacet
  facet normal 0 0 -1
    outer loop
      vertex 0 0 60
      vertex 10.9341 43.6514 60
      vertex 13.0628 43.0623 60
    endloop
  endfacet
  facet normal 0 0 1
    outer loop
      vertex 0 0 90
      vertex 13.0628 43.0623 90
      vertex 10.9341 43.6514 90
    endloop
  endfacet
  facet normal 0.266713 0.963776 0
    outer loop
      vertex 13.0628 43.0623 60
      vertex 10.9341 43.6514 60
      vertex 10.9341 43.6514 90
    endloop
  endfacet
  facet normal 0.266713 0.963776 0
    outer loop
      vertex 13.0628 43.0623 60
      vertex 10.9341 43.6514 90
      vertex 13.0628 43.0623 90
    endloop
  endfacet
  facet normal 0 0 -1
    outer loop
      vertex 0 0 60
      vertex 8.77906 44.1353 60
      vertex 10.9341 43.6514 60
    endloop
  endfacet
  facet normal 0 0 1
    outer loop
      vertex 0 0 90
      vertex 10.9341 43.6514 90
      vertex 8.77906 44.1353 90
    endloop
  endfacet
  facet normal 0.219101 0.975702 0
    outer loop
      vertex 10.9341 43.6514 60
      vertex 8.77906 44.1353 60
      vertex 8.77906 44.1353 90
    endloop
  endfacet
  facet normal 0.219101 0.975702 0
    outer loop
      vertex 10.9341 43.6514 60
      vertex 8.77906 44.1353 90
      vertex 10.9341 43.6514 90
    endloop
  endfacet
  facet normal 0 0 -1
    outer loop
      vertex 0 0 60
      vertex 6.60287 44.5129 60
      vertex 8.77906 44.1353 60
    endloop
  endfacet
  facet normal 0 0 1
    outer loop
      vertex 0 0 90
      vertex 8.77906 44.1353 90
      vertex 6.60287 44.5129 90
    endloop
  endfacet
  facet normal 0.170962 0.985278 0
    outer loop
      vertex 8.77906 44.1353 60
      vertex 6.60287 44.5129 60
      vertex 6.60287 44.5129 90
    endloop
  endfacet
  facet normal 0.170962 0.985278 0
    outer loop
      vertex 8.77906 44.1353 60
      vertex 6.60287 44.5129 90
      vertex 8.77906 44.1353 90
    endloop
  endfacet
  facet normal 0 0 -1
    outer loop
      vertex 0 0 60
      vertex 4.41077 44.7833 60
      vertex 6.60287 44.5129 60
    endloop
  endfacet
  facet normal 0 0 1
    outer loop
      vertex 0 0 90
      vertex 6.60287 44.5129 90
      vertex 4.41077 44.7833 90
    endloop
  endfacet
  facet normal 0.122411 0.99248 0
    outer loop
      vertex 6.60287 44.5129 60
      vertex 4.41077 44.7833 60
      vertex 4.41077 44.7833 90
    endloop
  endfacet
  facet normal 0.122411 0.99248 0
    outer loop
      vertex 6.60287 44.5129 60
      vertex 4.41077 44.7833 90
      vertex 6.60287 44.5129 90
    endloop
  endfacet
  facet normal 0 0 -1
    outer loop
      vertex 0 0 60
      vertex 2.20805 44.9458 60
      vertex 4.41077 44.7833 60
    endloop
  endfacet
  facet normal 0 0 1
    outer loop
      vertex 0 0 90
      vertex 4.41077 44.7833 90
      vertex 2.20805 44.9458 90
    endloop
  endfacet
  facet normal 0.0735646 0.99729 0
    outer loop
      vertex 4.41077 44.7833 60
      vertex 2.20805 44.9458 60
      vertex 2.20805 44.9458 90
    endloop
  endfacet
  facet normal 0.0735646 0.99729 0
    outer loop
      vertex 4.41077 44.7833 60
      vertex 2.20805 44.9458 90
      vertex 4.41077 44.7833 90
    endloop
  endfacet
  facet normal 0 0 -1
    outer loop
      vertex 0 0 60
      vertex 2.75546e-15 45 60
      vertex 2.20805 44.9458 60
    endloop
  endfacet
  facet normal 0 0 1
    outer loop
      vertex 0 0 90
      vertex 2.20805 44.9458 90
      vertex 2.75546e-15 45 90
    endloop
  endfacet
  facet normal 0.0245412 0.999699 0
    outer loop
      vertex 2.20805 44.9458 60
      vertex 2.75546e-15 45 60
      vertex 2.75546e-15 45 90
    endloop
  endfacet
  facet normal 0.0245412 0.999699 0
    outer loop
      vertex 2.20805 44.9458 60
      vertex 2.75546e-15 45 90
      vertex 2.20805 44.9458 90
    endloop
  endfacet
  facet normal 0 0 -1
    outer loop
      vertex 0 0 60
      vertex -2.20805 44.9458 60
      vertex 2.75546e-15 45 60
    endloop
  endfacet
  facet normal 0 0 1
    outer loop
      vertex 0 0 90
      vertex 2.75546e-15 45 90
      vertex -2.20805 44.9458 90
    endloop
  endfacet
  facet normal -0.0245412 0.999699 0
    outer loop
      vertex 2.75546e-15 45 60
      vertex -2.20805 44.9458 60
      vertex -2.20805 44.9458 90
    endloop
  endfacet
  facet normal -0.0245412 0.999699 0
    outer loop
      vertex 2.75546e-15 45 60
      vertex -2.20805 44.9458 90
      vertex 2.75546e-15 45 90
    endloop
  endfacet
  facet normal 0 0 -1
    outer loop
      vertex 0 0 60
      vertex -4.41077 44.7833 60
      vertex -2.20805 44.9458 60
    endloop
  endfacet
  facet normal 0 0 1
    outer loop
      vertex 0 0 90
      vertex -2.20805 44.9458 90
      vertex -4.41077 44.7833 90
    endloop
  endfacet
  facet normal -0.0735646 0.99729 0
    outer loop
      vertex -2.20805 44.9458 60
      vertex -4.41077 44.7833 60
      vertex -4.41077 44.7833 90
    endloop
  endfacet
  facet normal -0.0735646 0.99729 0
    outer loop
      vertex -2.20805 44.9458 60
      vertex -4.41077 44.7833 90
      vertex -2.20805 44.9458 90
    endloop
  endfacet
  facet normal 0 0 -1
    outer loop
      vertex 0 0 60
      vertex -6.60287 44.5129 60
      vertex -4.41077 44.7833 60
    endloop
  endfacet
  facet normal 0 0 1
    outer loop
      vertex 0 0 90
      vertex -4.41077 44.7833 90
      vertex -6.60287 44.5129 90
    endloop
  endfacet
  facet normal -0.122411 0.99248 0
    outer loop
      vertex -4.41077 44.7833 60
      vertex -6.60287 44.5129 60
      vertex -6.60287 44.5129 90
    endloop
  endfacet
  facet normal -0.122411 0.99248 0
    outer loop
      vertex -4.41077 44.7833 60
      vertex -6.60287 44.5129 90
      vertex -4.41077 44.7833 90
    endloop
  endfacet
  facet normal 0 0 -1
    outer loop
      vertex 0 0 60
      vertex -8.77906 44.1353 60
      vertex -6.60287 44.5129 60
    endloop
  endfacet
  facet normal 0 0 1
    outer loop
      vertex 0 0 90
      vertex -6.60287 44.5129 90
      vertex -8.77906 44.1353 90
    endloop
  endfacet
  facet normal -0.170962 0.985278 0
    outer loop
      vertex -6.60287 44.5129 60
      vertex -8.77906 44.1353 60
      vertex -8.77906 44.1353 90
    endloop
  endfacet
  facet normal -0.170962 0.985278 0
    outer loop
      vertex -6.60287 44.5129 60
      vertex -8.77906 44.1353 90
      vertex -6.60287 44.5129 90
    endloop
  endfacet
  facet normal 0 0 -1
    outer loop
      vertex 0 0 60
      vertex -10.9341 43.6514 60
      vertex -8.77906 44.1353 60
    endloop
  endfacet
  facet normal 0 0 1
    outer loop
      vertex 0 0 90
      vertex -8.77906 44.1353 90
      vertex -10.9341 43.6514 90
    endloop
  endfacet
  facet normal -0.219101 0.975702 0
    outer loop
      vertex -8.77906 44.1353 60
      vertex -10.9341 43.6514 60
      vertex -10.9341 43.6514 90
    endloop
  endfacet
  facet normal -0.219101 0.975702 0
    outer loop
      vertex -8.77906 44.1353 60
      vertex -10.9341 43.6514 90
      vertex -8.77906 44.1353 90
    endloop
  endfacet
  facet normal 0 0 -1
    outer loop
      vertex 0 0 60
      vertex -13.0628 43.0623 60
      vertex -10.9341 43.6514 60
    endloop
  endfacet
  facet normal 0 0 1
    outer loop
      vertex 0 0 90
      vertex -10.9341 43.6514 90
      vertex -13.0628 43.0623 90
    endloop
  endfacet
  facet normal -0.266713 0.963776 0
    outer loop
      vertex -10.9341 43.6514 60
      vertex -13.0628 43.0623 60
      vertex -13.0628 43.0623 90
    endloop
  endfacet
  facet normal -0.266713 0.963776 0
    outer loop
      vertex -10.9341 43.6514 60
      vertex -13.0628 43.0623 90
      vertex -10.9341 43.6514 90
    endloop
  endfacet
  facet normal 0 0 -1
    outer loop
      vertex 0 0 60
      vertex -15.16 42.3695 60
      vertex -13.0628 43.0623 60
    endloop
  endfacet
  facet normal 0 0 1
    outer loop
      vertex 0 0 90
      vertex -13.0628 43.0623 90
      vertex -15.16 42.3695 90
    endloop
  endfacet
  facet normal -0.313682 0.949528 0
    outer loop
      vertex -13.0628 43.0623 60
      vertex -15.16 42.3695 60
      vertex -15.16 42.3695 90
    endloop
  endfacet
  facet normal -0.313682 0.949528 0
    outer loop
      vertex -13.0628 43.0623 60
      vertex -15.16 42.3695 90
      vertex -13.0628 43.0623 90
    endloop
  endfacet
  facet normal 0 0 -1
    outer loop
      vertex 0 0 60
      vertex -17.2208 41.5746 60
      vertex -15.16 42.3695 60
    endloop
  endfacet
  facet normal 0 0 1
    outer loop
      vertex 0 0 90
      vertex -15.16 42.3695 90
      vertex -17.2208 41.5746 90
    endloop
  endfacet
  facet normal -0.359895 0.932993 0
    outer loop
      vertex -15.16 42.3695 60
      vertex -17.2208 41.5746 60
      vertex -17.2208 41.5746 90
    endloop
  endfacet
  facet normal -0.359895 0.932993 0
    outer loop
      vertex -15.16 42.3695 60
      vertex -17.2208 41.5746 90
      vertex -15.16 42.3695 90
    endloop
  endfacet
  facet normal 0 0 -1
    outer loop
      vertex 0 0 60
      vertex -19.24 40.6795 60
      vertex -17.2208 41.5746 60
    endloop
  endfacet
  facet normal 0 0 1
    outer loop
      vertex 0 0 90
      vertex -17.2208 41.5746 90
      vertex -19.24 40.6795 90
    endloop
  endfacet
  facet normal -0.405241 0.91421 0
    outer loop
      vertex -17.2208 41.5746 60
      vertex -19.24 40.6795 60
      vertex -19.24 40.6795 90
    endloop
  endfacet
  facet normal -0.405241 0.91421 0
    outer loop
      vertex -17.2208 41.5746 60
      vertex -19.24 40.6795 90
      vertex -17.2208 41.5746 90
    endloop
  endfacet
  facet normal 0 0 -1
    outer loop
      vertex 0 0 60
      vertex -21.2129 39.6865 60
      vertex -19.24 40.6795 60
    endloop
  endfacet
  facet normal 0 0 1
    outer loop
      vertex 0 0 90
      vertex -19.24 40.6795 90
      vertex -21.2129 39.6865 90
    endloop
  endfacet
  facet normal -0.449611 0.893224 0
    outer loop
      vertex -19.24 40.6795 60
      vertex -21.2129 39.6865 60
      vertex -21.2129 39.6865 90
    endloop
  endfacet
  facet normal -0.449611 0.893224 0
    outer loop
      vertex -19.24 40.6795 60
      vertex -21.2129 39.6865 90
      vertex -19.24 40.6795 90
    endloop
  endfacet
  facet normal 0 0 -1
    outer loop
      vertex 0 0 60
      vertex -23.1346 38.5978 60
      vertex -21.2129 39.6865 60
    endloop
  endfacet
  facet normal 0 0 1
    outer loop
      vertex 0 0 90
      vertex -21.2129 39.6865 90
      vertex -23.1346 38.5978 90
    endloop
  endfacet
  facet normal -0.492898 0.870087 0
    outer loop
      vertex -21.2129 39.6865 60
      vertex -23.1346 38.5978 60
      vertex -23.1346 38.5978 90
    endloop
  endfacet
  facet normal -0.492898 0.870087 0
    outer loop
      vertex -21.2129 39.6865 60
      vertex -23.1346 38.5978 90
      vertex -21.2129 39.6865 90
    endloop
  endfacet
  facet normal 0 0 -1
    outer loop
      vertex 0 0 60
      vertex -25.0007 37.4161 60
      vertex -23.1346 38.5978 60
    endloop
  endfacet
  facet normal 0 0 1
    outer loop
      vertex 0 0 90
      vertex -23.1346 38.5978 90
      vertex -25.0007 37.4161 90
    endloop
  endfacet
  facet normal -0.534998 0.844854 0
    outer loop
      vertex -23.1346 38.5978 60
      vertex -25.0007 37.4161 60
      vertex -25.0007 37.4161 90
    endloop
  endfacet
  facet normal -0.534998 0.844854 0
    outer loop
      vertex -23.1346 38.5978 60
      vertex -25.0007 37.4161 90
      vertex -23.1346 38.5978 90
    endloop
  endfacet
  facet normal 0 0 -1
    outer loop
      vertex 0 0 60
      vertex -26.8065 36.1443 60
      vertex -25.0007 37.4161 60
    endloop
  endfacet
  facet normal 0 0 1
    outer loop
      vertex 0 0 90
      vertex -25.0007 37.4161 90
      vertex -26.8065 36.1443 90
    endloop
  endfacet
  facet normal -0.575808 0.817585 0
    outer loop
      vertex -25.0007 37.4161 60
      vertex -26.8065 36.1443 60
      vertex -26.8065 36.1443 90
    endloop
  endfacet
  facet normal -0.575808 0.817585 0
    outer loop
      vertex -25.0007 37.4161 60
      vertex -26.8065 36.1443 90
      vertex -25.0007 37.4161 90
    endloop
  endfacet
  facet normal 0 0 -1
    outer loop
      vertex 0 0 60
      vertex -28.5477 34.7855 60
      vertex -26.8065 36.1443 60
    endloop
  endfacet
  facet normal 0 0 1
    outer loop
      vertex 0 0 90
      vertex -26.8065 36.1443 90
      vertex -28.5477 34.7855 90
    endloop
  endfacet
  facet normal -0.615232 0.788346 0
    outer loop
      vertex -26.8065 36.1443 60
      vertex -28.5477 34.7855 60
      vertex -28.5477 34.7855 90
    endloop
  endfacet
  facet normal -0.615232 0.788346 0
    outer loop
      vertex -26.8065 36.1443 60
      vertex -28.5477 34.7855 90
      vertex -26.8065 36.1443 90
    endloop
  endfacet
  facet normal 0 0 -1
    outer loop
      vertex 0 0 60
      vertex -30.2202 33.3428 60
      vertex -28.5477 34.7855 60
    endloop
  endfacet
  facet normal 0 0 1
    outer loop
      vertex 0 0 90
      vertex -28.5477 34.7855 90
      vertex -30.2202 33.3428 90
    endloop
  endfacet
  facet normal -0.653173 0.757209 0
    outer loop
      vertex -28.5477 34.7855 60
      vertex -30.2202 33.3428 60
      vertex -30.2202 33.3428 90
    endloop
  endfacet
  facet normal -0.653173 0.757209 0
    outer loop
      vertex -28.5477 34.7855 60
      vertex -30.2202 33.3428 90
      vertex -28.5477 34.7855 90
    endloop
  endfacet
  facet normal 0 0 -1
    outer loop
      vertex 0 0 60
      vertex -31.8198 31.8198 60
      vertex -30.2202 33.3428 60
    endloop
  endfacet
  facet normal 0 0 1
    outer loop
      vertex 0 0 90
      vertex -30.2202 33.3428 90
      vertex -31.8198 31.8198 90
    endloop
  endfacet
  facet normal -0.689541 0.724247 0
    outer loop
      vertex -30.2202 33.3428 60
      vertex -31.8198 31.8198 60
      vertex -31.8198 31.8198 90
    endloop
  endfacet
  facet normal -0.689541 0.724247 0
    outer loop
      vertex -30.2202 33.3428 60
      vertex -31.8198 31.8198 90
      vertex -30.2202 33.3428 90
    endloop
  endfacet
  facet normal 0 0 -1
    outer loop
      vertex 0 0 60
      vertex -33.3428 30.2202 60
      vertex -31.8198 31.8198 60
    endloop
  endfacet
  facet normal 0 0 1
    outer loop
      vertex 0 0 90
      vertex -31.8198 31.8198 90
      vertex -33.3428 30.2202 90
    endloop
  endfacet
  facet normal -0.724247 0.689541 0
    outer loop
      vertex -31.8198 31.8198 60
      vertex -33.3428 30.2202 60
      vertex -33.3428 30.2202 90
    endloop
  endfacet
  facet normal -0.724247 0.689541 0
    outer loop
      vertex -31.8198 31.8198 60
      vertex -33.3428 30.2202 90
      vertex -31.8198 31.8198 90
    endloop
  endfacet
  facet normal 0 0 -1
    outer loop
      vertex 0 0 60
      vertex -34.7855 28.5477 60
      vertex -33.3428 30.2202 60
    endloop
  endfacet
  facet normal 0 0 1
    outer loop
      vertex 0 0 90
      vertex -33.3428 30.2202 90
      vertex -34.7855 28.5477 90
    endloop
  endfacet
  facet normal -0.757209 0.653173 0
    outer loop
      vertex -33.3428 30.2202 60
      vertex -34.7855 28.5477 60
      vertex -34.7855 28.5477 90
    endloop
  endfacet
  facet normal -0.757209 0.653173 0
    outer loop
      vertex -33.3428 30.2202 60
      vertex -34.7855 28.5477 90
      vertex -33.3428 30.2202 90
    endloop
  endfacet
  facet normal 0 0 -1
    outer loop
      vertex 0 0 60
      vertex -36.1443 26.8065 60
      vertex -34.7855 28.5477 60
    endloop
  endfacet
  facet normal 0 0 1
    outer loop
      vertex 0 0 90
      vertex -34.7855 28.5477 90
      vertex -36.1443 26.8065 90
    endloop
  endfacet
  facet normal -0.788346 0.615232 0
    outer loop
      vertex -34.7855 28.5477 60
      vertex -36.1443 26.8065 60
      vertex -36.1443 26.8065 90
    endloop
  endfacet
  facet normal -0.788346 0.615232 0
    outer loop
      vertex -34.7855 28.5477 60
      vertex -36.1443 26.8065 90
      vertex -34.7855 28.5477 90
    endloop
  endfacet
  facet normal 0 0 -1
    outer loop
      vertex 0 0 60
      vertex -37.4161 25.0007 60
      vertex -36.1443 26.8065 60
    endloop
  endfacet
  facet normal 0 0 1
    outer loop
      vertex 0 0 90
      vertex -36.1443 26.8065 90
      vertex -37.4161 25.0007 90
    endloop
  endfacet
  facet normal -0.817585 0.575808 0
    outer loop
      vertex -36.1443 26.8065 60
      vertex -37.4161 25.0007 60
      vertex -37.4161 25.0007 90
    endloop
  endfacet
  facet normal -0.817585 0.575808 0
    outer loop
      vertex -36.1443 26.8065 60
      vertex -37.4161 25.0007 90
      vertex -36.1443 26.8065 90
    endloop
  endfacet
  facet normal 0 0 -1
    outer loop
      vertex 0 0 60
      vertex -38.5978 23.1346 60
      vertex -37.4161 25.0007 60
    endloop
  endfacet
  facet normal 0 0 1
    outer loop
      vertex 0 0 90
      vertex -37.4161 25.0007 90
      vertex -38.5978 23.1346 90
    endloop
  endfacet
  facet normal -0.844854 0.534998 0
    outer loop
      vertex -37.4161 25.0007 60
      vertex -38.5978 23.1346 60
      vertex -38.5978 23.1346 90
    endloop
  endfacet
  facet normal -0.844854 0.534998 0
    outer loop
      vertex -37.4161 25.0007 60
      vertex -38.5978 23.1346 90
      vertex -37.4161 25.0007 90
    endloop
  endfacet
  facet normal 0 0 -1
    outer loop
      vertex 0 0 60
      vertex -39.6865 21.2129 60
      vertex -38.5978 23.1346 60
    endloop
  endfacet
  facet normal 0 0 1
    outer loop
      vertex 0 0 90
      vertex -38.5978 23.1346 90
      vertex -39.6865 21.2129 90
    endloop
  endfacet
  facet normal -0.870087 0.492898 0
    outer loop
      vertex -38.5978 23.1346 60
      vertex -39.6865 21.2129 60
      vertex -39.6865 21.2129 90
    endloop
  endfacet
  facet normal -0.870087 0.492898 0
    outer loop
      vertex -38.5978 23.1346 60
      vertex -39.6865 21.2129 90
      vertex -38.5978 23.1346 90
    endloop
  endfacet
  facet normal 0 0 -1
    outer loop
      vertex 0 0 60
      vertex -40.6795 19.24 60
      vertex -39.6865 21.2129 60
    endloop
  endfacet
  facet normal 0 0 1
    outer loop
      vertex 0 0 90
      vertex -39.6865 21.2129 90
      vertex -40.6795 19.24 90
    endloop
  endfacet
  facet normal -0.893224 0.449611 0
    outer loop
      vertex -39.6865 21.2129 60
      vertex -40.6795 19.24 60
      vertex -40.6795 19.24 90
    endloop
  endfacet
  facet normal -0.893224 0.449611 0
    outer loop
      vertex -39.6865 21.2129 60
      vertex -40.6795 19.24 90
      vertex -39.6865 21.2129 90
    endloop
  endfacet
  facet normal 0 0 -1
    outer loop
      vertex 0 0 60
      vertex -41.5746 17.2208 60
      vertex -40.6795 19.24 60
    endloop
  endfacet
  facet normal 0 0 1
    outer loop
      vertex 0 0 90
      vertex -40.6795 19.24 90
      vertex -41.5746 17.2208 90
    endloop
  endfacet
  facet normal -0.91421 0.405241 0
    outer loop
      vertex -40.6795 19.24 60
      vertex -41.5746 17.2208 60
      vertex -41.5746 17.2208 90
    endloop
  endfacet
  facet normal -0.91421 0.405241 0
    outer loop
      vertex -40.6795 19.24 60
      vertex -41.5746 17.2208 90
      vertex -40.6795 19.24 90
    endloop
  endfacet
  facet normal 0 0 -1
    outer loop
      vertex 0 0 60
      vertex -42.3695 15.16 60
      vertex -41.5746 17.2208 60
    endloop
  endfacet
  facet normal 0 0 1
    outer loop
      vertex 0 0 90
      vertex -41.5746 17.2208 90
      vertex -42.3695 15.16 90
    endloop
  endfacet
  facet normal -0.932993 0.359895 0
    outer loop
      vertex -41.5746 17.2208 60
      vertex -42.3695 15.16 60
      vertex -42.3695 15.16 90
    endloop
  endfacet
  facet normal -0.932993 0.359895 0
    outer loop
      vertex -41.5746 17.2208 60
      vertex -42.3695 15.16 90
      vertex -41.5746 17.2208 90
    endloop
  endfacet
  facet normal 0 0 -1
    outer loop
      vertex 0 0 60
      vertex -43.0623 13.0628 60
      vertex -42.3695 15.16 60
    endloop
  endfacet
  facet normal 0 0 1
    outer loop
      vertex 0 0 90
      vertex -42.3695 15.16 90
      vertex -43.0623 13.0628 90
    endloop
  endfacet
  facet normal -0.949528 0.313682 0
    outer loop
      vertex -42.3695 15.16 60
      vertex -43.0623 13.0628 60
      vertex -43.0623 13.0628 90
    endloop
  endfacet
  facet normal -0.949528 0.313682 0
    outer loop
      vertex -42.3695 15.16 60
      vertex -43.0623 13.0628 90
      vertex -42.3695 15.16 90
    endloop
  endfacet
  facet normal 0 0 -1
    outer loop
      vertex 0 0 60
      vertex -43.6514 10.9341 60
      vertex -43.0623 13.0628 60
    endloop
  endfacet
  facet normal 0 0 1
    outer loop
      vertex 0 0 90
      vertex -43.0623 13.0628 90
      vertex -43.6514 10.9341 90
    endloop
  endfacet
  facet normal -0.963776 0.266713 0
    outer loop
      vertex -43.0623 13.0628 60
      vertex -43.6514 10.9341 60
      vertex -43.6514 10.9341 90
    endloop
  endfacet
  facet normal -0.963776 0.266713 0
    outer loop
      vertex -43.0623 13.0628 60
      vertex -43.6514 10.9341 90
      vertex -43.0623 13.0628 90
    endloop
  endfacet
  facet normal 0 0 -1
    outer loop
      vertex 0 0 60
      vertex -44.1353 8.77906 60
      vertex -43.6514 10.9341 60
    endloop
  endfacet
  facet normal 0 0 1
    outer loop
      vertex 0 0 90
      vertex -43.6514 10.9341 90
      vertex -44.1353 8.77906 90
    endloop
  endfacet
  facet normal -0.975702 0.219101 0
    outer loop
      vertex -43.6514 10.9341 60
      vertex -44.1353 8.77906 60
      vertex -44.1353 8.77906 90
    endloop
  endfacet
  facet normal -0.975702 0.219101 0
    outer loop
      vertex -43.6514 10.9341 60
      vertex -44.1353 8.77906 90
      vertex -43.6514 10.9341 90
    endloop
  endfacet
  facet normal 0 0 -1
    outer loop
      vertex 0 0 60
      vertex -44.5129 6.60287 60
      vertex -44.1353 8.77906 60
    endloop
  endfacet
  facet normal 0 0 1
    outer loop
      vertex 0 0 90
      vertex -44.1353 8.77906 90
      vertex -44.5129 6.60287 90
    endloop
  endfacet
  facet normal -0.985278 0.170962 0
    outer loop
      vertex -44.1353 8.77906 60
      vertex -44.5129 6.60287 60
      vertex -44.5129 6.60287 90
    endloop
  endfacet
  facet normal -0.985278 0.170962 0
    outer loop
      vertex -44.1353 8.77906 60
      vertex -44.5129 6.60287 90
      vertex -44.1353 8.77906 90
    endloop
  endfacet
  facet normal 0 0 -1
    outer loop
      vertex 0 0 60
      vertex -44.7833 4.41077 60
      vertex -44.5129 6.60287 60
    endloop
  endfacet
  facet normal 0 0 1
    outer loop
      vertex 0 0 90
      vertex -44.5129 6.60287 90
      vertex -44.7833 4.41077 90
    endloop
  endfacet
  facet normal -0.99248 0.122411 0
    outer loop
      vertex -44.5129 6.60287 60
      vertex -44.7833 4.41077 60
      vertex -44.7833 4.41077 90
    endloop
  endfacet
  facet normal -0.99248 0.122411 0
    outer loop
      vertex -44.5129 6.60287 60
      vertex -44.7833 4.41077 90
      vertex -44.5129 6.60287 90
    endloop
  endfacet
  facet normal 0 0 -1
    outer loop
      vertex 0 0 60
      vertex -44.9458 2.20805 60
      vertex -44.7833 4.41077 60
    endloop
  endfacet
  facet normal 0 0 1
    outer loop
      vertex 0 0 90
      vertex -44.7833 4.41077 90
      vertex -44.9458 2.20805 90
    endloop
  endfacet
  facet normal -0.99729 0.0735646 0
    outer loop
      vertex -44.7833 4.41077 60
      vertex -44.9458 2.20805 60
      vertex -44.9458 2.20805 90
    endloop
  endfacet
  facet normal -0.99729 0.0735646 0
    outer loop
      vertex -44.7833 4.41077 60
      vertex -44.9458 2.20805 90
      vertex -44.7833 4.41077 90
    endloop
  endfacet
  facet normal 0 0 -1
    outer loop
      vertex 0 0 60
      vertex -45 5.51091e-15 60
      vertex -44.9458 2.20805 60
    endloop
  endfacet
  facet normal 0 0 1
    outer loop
      vertex 0 0 90
      vertex -44.9458 2.20805 90
      vertex -45 5.51091e-15 90
    endloop
  endfacet
  facet normal -0.999699 0.0245412 0
    outer loop
      vertex -44.9458 2.20805 60
      vertex -45 5.51091e-15 60
      vertex -45 5.51091e-15 90
    endloop
  endfacet
  facet normal -0.999699 0.0245412 0
    outer loop
      vertex -44.9458 2.20805 60
      vertex -45 5.51091e-15 90
      vertex -44.9458 2.20805 90
    endloop
  endfacet
  facet normal 0 0 -1
    outer loop
      vertex 0 0 60
      vertex -44.9458 -2.20805 60
      vertex -45 5.51091e-15 60
    endloop
  endfacet
  facet normal 0 0 1
    outer loop
      vertex 0 0 90
      vertex -45 5.51091e-15 90
      vertex -44.9458 -2.20805 90
    endloop
  endfacet
  facet normal -0.999699 -0.0245412 0
    outer loop
      vertex -45 5.51091e-15 60
      vertex -44.9458 -2.20805 60
      vertex -44.9458 -2.20805 90
    endloop
  endfacet
  facet normal -0.999699 -0.0245412 0
    outer loop
      vertex -45 5.51091e-15 60
      vertex -44.9458 -2.20805 90
      vertex -45 5.51091e-15 90
    endloop
  endfacet
  facet normal 0 0 -1
    outer loop
      vertex 0 0 60
      vertex -44.7833 -4.41077 60
      vertex -44.9458 -2.20805 60
    endloop
  endfacet
  facet normal 0 0 1
    outer loop
      vertex 0 0 90
      vertex -44.9458 -2.20805 90
      vertex -44.7833 -4.41077 90
    endloop
  endfacet
  facet normal -0.99729 -0.0735646 0
    outer loop
      vertex -44.9458 -2.20805 60
      vertex -44.7833 -4.41077 60
      vertex -44.7833 -4.41077 90
    endloop
  endfacet
  facet normal -0.99729 -0.0735646 0
    outer loop
      vertex -44.9458 -2.20805 60
      vertex -44.7833 -4.41077 90
      vertex -44.9458 -2.20805 90
    endloop
  endfacet
  facet normal 0 0 -1
    outer loop
      vertex 0 0 60
      vertex -44.5129 -6.60287 60
      vertex -44.7833 -4.41077 60
    endloop
  endfacet
  facet normal 0 0 1
    outer loop
      vertex 0 0 90
      vertex -44.7833 -4.41077 90
      vertex -44.5129 -6.60287 90
    endloop
  endfacet
  facet normal -0.99248 -0.122411 0
    outer loop
      vertex -44.7833 -4.41077 60
      vertex -44.5129 -6.60287 60
      vertex -44.5129 -6.60287 90
    endloop
  endfacet
  facet normal -0.99248 -0.122411 0
    outer loop
      vertex -44.7833 -4.41077 60
      vertex -44.5129 -6.60287 90
      vertex -44.7833 -4.41077 90
    endloop
  endfacet
  facet normal 0 0 -1
    outer loop
      vertex 0 0 60
      vertex -44.1353 -8.77906 60
      vertex -44.5129 -6.60287 60
    endloop
  endfacet
  facet normal 0 0 1
    outer loop
      vertex 0 0 90
      vertex -44.5129 -6.60287 90
      vertex -44.1353 -8.77906 90
    endloop
  endfacet
  facet normal -0.985278 -0.170962 0
    outer loop
      vertex -44.5129 -6.60287 60
      vertex -44.1353 -8.77906 60
      vertex -44.1353 -8.77906 90
    endloop
  endfacet
  facet normal -0.985278 -0.170962 0
    outer loop
      vertex -44.5129 -6.60287 60
      vertex -44.1353 -8.77906 90
      vertex -44.5129 -6.60287 90
    endloop
  endfacet
  facet normal 0 0 -1
    outer loop
      vertex 0 0 60
      vertex -43.6514 -10.9341 60
      vertex -44.1353 -8.77906 60
    endloop
  endfacet
  facet normal 0 0 1
    outer loop
      vertex 0 0 90
      vertex -44.1353 -8.77906 90
      vertex -43.6514 -10.9341 90
    endloop
  endfacet
  facet normal -0.975702 -0.219101 0
    outer loop
      vertex -44.1353 -8.77906 60
      vertex -43.6514 -10.9341 60
      vertex -43.6514 -10.9341 90
    endloop
  endfacet
  facet normal -0.975702 -0.219101 0
    outer loop
      vertex -44.1353 -8.77906 60
      vertex -43.6514 -10.9341 90
      vertex -44.1353 -8.77906 90
    endloop
  endfacet
  facet normal 0 0 -1
    outer loop
      vertex 0 0 60
      vertex -43.0623 -13.0628 60
      vertex -43.6514 -10.9341 60
    endloop
  endfacet
  facet normal 0 0 1
    outer loop
      vertex 0 0 90
      vertex -43.6514 -10.9341 90
      vertex -43.0623 -13.0628 90
    endloop
  endfacet
  facet normal -0.963776 -0.266713 0
    outer loop
      vertex -43.6514 -10.9341 60
      vertex -43.0623 -13.0628 60
      vertex -43.0623 -13.0628 90
    endloop
  endfacet
  facet normal -0.963776 -0.266713 0
    outer loop
      vertex -43.6514 -10.9341 60
      vertex -43.0623 -13.0628 90
      vertex -43.6514 -10.9341 90
    endloop
  endfacet
  facet normal 0 0 -1
    outer loop
      vertex 0 0 60
      vertex -42.3695 -15.16 60
      vertex -43.0623 -13.0628 60
    endloop
  endfacet
  facet normal 0 0 1
    outer loop
      vertex 0 0 90
      vertex -43.0623 -13.0628 90
      vertex -42.3695 -15.16 90
    endloop
  endfacet
  facet normal -0.949528 -0.313682 0
    outer loop
      vertex -43.0623 -13.0628 60
      vertex -42.3695 -15.16 60
      vertex -42.3695 -15.16 90
    endloop
  endfacet
  facet normal -0.949528 -0.313682 0
    outer loop
      vertex -43.0623 -13.0628 60
      vertex -42.3695 -15.16 90
      vertex -43.0623 -13.0628 90
    endloop
  endfacet
  facet normal 0 0 -1
    outer loop
      vertex 0 0 60
      vertex -41.5746 -17.2208 60
      vertex -42.3695 -15.16 60
    endloop
  endfacet
  facet normal 0 0 1
    outer loop
      vertex 0 0 90
      vertex -42.3695 -15.16 90
      vertex -41.5746 -17.2208 90
    endloop
  endfacet
  facet normal -0.932993 -0.359895 0
    outer loop
      vertex -42.3695 -15.16 60
      vertex -41.5746 -17.2208 60
      vertex -41.5746 -17.2208 90
    endloop
  endfacet
  facet normal -0.932993 -0.359895 0
    outer loop
      vertex -42.3695 -15.16 60
      vertex -41.5746 -17.2208 90
      vertex -42.3695 -15.16 90
    endloop
  endfacet
  facet normal 0 0 -1
    outer loop
      vertex 0 0 60
      vertex -40.6795 -19.24 60
      vertex -41.5746 -17.2208 60
    endloop
  endfacet
  facet normal 0 0 1
    outer loop
      vertex 0 0 90
      vertex -41.5746 -17.2208 90
      vertex -40.6795 -19.24 90
    endloop
  endfacet
  facet normal -0.91421 -0.405241 0
    outer loop
      vertex -41.5746 -17.2208 60
      vertex -40.6795 -19.24 60
      vertex -40.6795 -19.24 90
    endloop
  endfacet
  facet normal -0.91421 -0.405241 0
    outer loop
      vertex -41.5746 -17.2208 60
      vertex -40.6795 -19.24 90
      vertex -41.5746 -17.2208 90
    endloop
  endfacet
  facet normal 0 0 -1
    outer loop
      vertex 0 0 60
      vertex -39.6865 -21.2129 60
      vertex -40.6795 -19.24 60
    endloop
  endfacet
  facet normal 0 0 1
    outer loop
      vertex 0 0 90
      vertex -40.6795 -19.24 90
      vertex -39.6865 -21.2129 90
    endloop
  endfacet
  facet normal -0.893224 -0.449611 0
    outer loop
      vertex -40.6795 -19.24 60
      vertex -39.6865 -21.2129 60
      vertex -39.6865 -21.2129 90
    endloop
  endfacet
  facet normal -0.893224 -0.449611 0
    outer loop
      vertex -40.6795 -19.24 60
      vertex -39.6865 -21.2129 90
      vertex -40.6795 -19.24 90
    endloop
  endfacet
  facet normal 0 0 -1
    outer loop
      vertex 0 0 60
      vertex -38.5978 -23.1346 60
      vertex -39.6865 -21.2129 60
    endloop
  endfacet
  facet normal 0 0 1
    outer loop
      vertex 0 0 90
      vertex -39.6865 -21.2129 90
      vertex -38.5978 -23.1346 90
    endloop
  endfacet
  facet normal -0.870087 -0.492898 0
    outer loop
      vertex -39.6865 -21.2129 60
      vertex -38.5978 -23.1346 60
      vertex -38.5978 -23.1346 90
    endloop
  endfacet
  facet normal -0.870087 -0.492898 0
    outer loop
      vertex -39.6865 -21.2129 60
      vertex -38.5978 -23.1346 90
      vertex -39.6865 -21.2129 90
    endloop
  endfacet
  facet normal 0 0 -1
    outer loop
      vertex 0 0 60
      vertex -37.4161 -25.0007 60
      vertex -38.5978 -23.1346 60
    endloop
  endfacet
  facet normal 0 0 1
    outer loop
      vertex 0 0 90
      vertex -38.5978 -23.1346 90
      vertex -37.4161 -25.0007 90
    endloop
  endfacet
  facet normal -0.844854 -0.534998 0
    outer loop
      vertex -38.5978 -23.1346 60
      vertex -37.4161 -25.0007 60
      vertex -37.4161 -25.0007 90
    endloop
  endfacet
  facet normal -0.844854 -0.534998 0
    outer loop
      vertex -38.5978 -23.1346 60
      vertex -37.4161 -25.0007 90
      vertex -38.5978 -23.1346 90
    endloop
  endfacet
  facet normal 0 0 -1
    outer loop
      vertex 0 0 60
      vertex -36.1443 -26.8065 60
      vertex -37.4161 -25.0007 60
    endloop
  endfacet
  facet normal 0 0 1
    outer loop
      vertex 0 0 90
      vertex -37.4161 -25.0007 90
      vertex -36.1443 -26.8065 90
    endloop
  endfacet
  facet normal -0.817585 -0.575808 0
    outer loop
      vertex -37.4161 -25.0007 60
      vertex -36.1443 -26.8065 60
      vertex -36.1443 -26.8065 90
    endloop
  endfacet
  facet normal -0.817585 -0.575808 0
    outer loop
      vertex -37.4161 -25.0007 60
      vertex -36.1443 -26.8065 90
      vertex -37.4161 -25.0007 90
    endloop
  endfacet
  facet normal 0 0 -1
    outer loop
      vertex 0 0 60
      vertex -34.7855 -28.5477 60
      vertex -36.1443 -26.8065 60
    endloop
  endfacet
  facet normal 0 0 1
    outer loop
      vertex 0 0 90
      vertex -36.1443 -26.8065 90
      vertex -34.7855 -28.5477 90
    endloop
  endfacet
  facet normal -0.788346 -0.615232 0
    outer loop
      vertex -36.1443 -26.8065 60
      vertex -34.7855 -28.5477 60
      vertex -34.7855 -28.5477 90
    endloop
  endfacet
  facet normal -0.788346 -0.615232 0
    outer loop
      vertex -36.1443 -26.8065 60
      vertex -34.7855 -28.5477 90
      vertex -36.1443 -26.8065 90
    endloop
  endfacet
  facet normal 0 0 -1
    outer loop
      vertex 0 0 60
      vertex -33.3428 -30.2202 60
      vertex -34.7855 -28.5477 60
    endloop
  endfacet
  facet normal 0 0 1
    outer loop
      vertex 0 0 90
      vertex -34.7855 -28.5477 90
      vertex -33.3428 -30.2202 90
    endloop
  endfacet
  facet normal -0.757209 -0.653173 0
    outer loop
      vertex -34.7855 -28.5477 60
      vertex -33.3428 -30.2202 60
      vertex -33.3428 -30.2202 90
    endloop
  endfacet
  facet normal -0.757209 -0.653173 0
    outer loop
      vertex -34.7855 -28.5477 60
      vertex -33.3428 -30.2202 90
      vertex -34.7855 -28.5477 90
    endloop
  endfacet
  facet normal 0 0 -1
    outer loop
      vertex 0 0 60
      vertex -31.8198 -31.8198 60
      vertex -33.3428 -30.2202 60
    endloop
  endfacet
  facet normal 0 0 1
    outer loop
      vertex 0 0 90
      vertex -33.3428 -30.2202 90
      vertex -31.8198 -31.8198 90
    endloop
  endfacet
  facet normal -0.724247 -0.689541 0
    outer loop
      vertex -33.3428 -30.2202 60
      vertex -31.8198 -31.8198 60
      vertex -31.8198 -31.8198 90
    endloop
  endfacet
  facet normal -0.724247 -0.689541 0
    outer loop
      vertex -33.3428 -30.2202 60
      vertex -31.8198 -31.8198 90
      vertex -33.3428 -30.2202 90
    endloop
  endfacet
  facet normal 0 0 -1
    outer loop
      vertex 0 0 60
      vertex -30.2202 -33.3428 60
      vertex -31.8198 -31.8198 60
    endloop
  endfacet
  facet normal 0 0 1
    outer loop
      vertex 0 0 90
      vertex -31.8198 -31.8198 90
      vertex -30.2202 -33.3428 90
    endloop
  endfacet
  facet normal -0.689541 -0.724247 0
    outer loop
      vertex -31.8198 -31.8198 60
      vertex -30.2202 -33.3428 60
      vertex -30.2202 -33.3428 90
    endloop
  endfacet
  facet normal -0.689541 -0.724247 0
    outer loop
      vertex -31.8198 -31.8198 60
      vertex -30.2202 -33.3428 90
      vertex -31.8198 -31.8198 90
    endloop
  endfacet
  facet normal 0 0 -1
    outer loop
      vertex 0 0 60
      vertex -28.5477 -34.7855 60
      vertex -30.2202 -33.3428 60
    endloop
  endfacet
  facet normal 0 0 1
    outer loop
      vertex 0 0 90
      vertex -30.2202 -33.3428 90
      vertex -28.5477 -34.7855 90
    endloop
  endfacet
  facet normal -0.653173 -0.757209 0
    outer loop
      vertex -30.2202 -33.3428 60
      vertex -28.5477 -34.7855 60
      vertex -28.5477 -34.7855 90
    endloop
  endfacet
  facet normal -0.653173 -0.757209 0
    outer loop
      vertex -30.2202 -33.3428 60
      vertex -28.5477 -34.7855 90
      vertex -30.2202 -33.3428 90
    endloop
  endfacet
  facet normal 0 0 -1
    outer loop
      vertex 0 0 60
      vertex -26.8065 -36.1443 60
      vertex -28.5477 -34.7855 60
    endloop
  endfacet
  facet normal 0 0 1
    outer loop
      vertex 0 0 90
      vertex -28.5477 -34.7855 90
      vertex -26.8065 -36.1443 90
    endloop
  endfacet
  facet normal -0.615232 -0.788346 0
    outer loop
      vertex -28.5477 -34.7855 60
      vertex -26.8065 -36.1443 60
      vertex -26.8065 -36.1443 90
    endloop
  endfacet
  facet normal -0.615232 -0.788346 0
    outer loop
      vertex -28.5477 -34.7855 60
      vertex -26.8065 -36.1443 90
      vertex -28.5477 -34.7855 90
    endloop
  endfacet
  facet normal 0 0 -1
    outer loop
      vertex 0 0 60
      vertex -25.0007 -37.4161 60
      vertex -26.8065 -36.1443 60
    endloop
  endfacet
  facet normal 0 0 1
    outer loop
      vertex 0 0 90
      vertex -26.8065 -36.1443 90
      vertex -25.0007 -37.4161 90
    endloop
  endfacet
  facet normal -0.575808 -0.817585 0
    outer loop
      vertex -26.8065 -36.1443 60
      vertex -25.0007 -37.4161 60
      vertex -25.0007 -37.4161 90
    endloop
  endfacet
  facet normal -0.575808 -0.817585 0
    outer loop
      vertex -26.8065 -36.1443 60
      vertex -25.0007 -37.4161 90
      vertex -26.8065 -36.1443 90
    endloop
  endfacet
  facet normal 0 0 -1
    outer loop
      vertex 0 0 60
      vertex -23.1346 -38.5978 60
      vertex -25.0007 -37.4161 60
    endloop
  endfacet
  facet normal 0 0 1
    outer loop
      vertex 0 0 90
      vertex -25.0007 -37.4161 90
      vertex -23.1346 -38.5978 90
    endloop
  endfacet
  facet normal -0.534998 -0.844854 0
    outer loop
      vertex -25.0007 -37.4161 60
      vertex -23.1346 -38.5978 60
      vertex -23.1346 -38.5978 90
    endloop
  endfacet
  facet normal -0.534998 -0.844854 0
    outer loop
      vertex -25.0007 -37.4161 60
      vertex -23.1346 -38.5978 90
      vertex -25.0007 -37.4161 90
    endloop
  endfacet
  facet normal 0 0 -1
    outer loop
      vertex 0 0 60
      vertex -21.2129 -39.6865 60
      vertex -23.1346 -38.5978 60
    endloop
  endfacet
  facet normal 0 0 1
    outer loop
      vertex 0 0 90
      vertex -23.1346 -38.5978 90
      vertex -21.2129 -39.6865 90
    endloop
  endfacet
  facet normal -0.492898 -0.870087 0
    outer loop
      vertex -23.1346 -38.5978 60
      vertex -21.2129 -39.6865 60
      vertex -21.2129 -39.6865 90
    endloop
  endfacet
  facet normal -0.492898 -0.870087 0
    outer loop
      vertex -23.1346 -38.5978 60
      vertex -21.2129 -39.6865 90
      vertex -23.1346 -38.5978 90
    endloop
  endfacet
  facet normal 0 0 -1
    outer loop
      vertex 0 0 60
      vertex -19.24 -40.6795 60
      vertex -21.2129 -39.6865 60
    endloop
  endfacet
  facet normal 0 0 1
    outer loop
      vertex 0 0 90
      vertex -21.2129 -39.6865 90
      vertex -19.24 -40.6795 90
    endloop
  endfacet
  facet normal -0.449611 -0.893224 0
    outer loop
      vertex -21.2129 -39.6865 60
      vertex -19.24 -40.6795 60
      vertex -19.24 -40.6795 90
    endloop
  endfacet
  facet normal -0.449611 -0.893224 0
    outer loop
      vertex -21.2129 -39.6865 60
      vertex -19.24 -40.6795 90
      vertex -21.2129 -39.6865 90
    endloop
  endfacet
  facet normal 0 0 -1
    outer loop
      vertex 0 0 60
      vertex -17.2208 -41.5746 60
      vertex -19.24 -40.6795 60
    endloop
  endfacet
  facet normal 0 0 1
    outer loop
      vertex 0 0 90
      vertex -19.24 -40.6795 90
      vertex -17.2208 -41.5746 90
    endloop
  endfacet
  facet normal -0.405241 -0.91421 0
    outer loop
      vertex -19.24 -40.6795 60
      vertex -17.2208 -41.5746 60
      vertex -17.2208 -41.5746 90
    endloop
  endfacet
  facet normal -0.405241 -0.91421 0
    outer loop
      vertex -19.24 -40.6795 60
      vertex -17.2208 -41.5746 90
      vertex -19.24 -40.6795 90
    endloop
  endfacet
  facet normal 0 0 -1
    outer loop
      vertex 0 0 60
      vertex -15.16 -42.3695 60
      vertex -17.2208 -41.5746 60
    endloop
  endfacet
  facet normal 0 0 1
    outer loop
      vertex 0 0 90
      vertex -17.2208 -41.5746 90
      vertex -15.16 -42.3695 90
    endloop
  endfacet
  facet normal -0.359895 -0.932993 0
    outer loop
      vertex -17.2208 -41.5746 60
      vertex -15.16 -42.3695 60
      vertex -15.16 -42.3695 90
    endloop
  endfacet
  facet normal -0.359895 -0.932993 0
    outer loop
      vertex -17.2208 -41.5746 60
      vertex -15.16 -42.3695 90
      vertex -17.2208 -41.5746 90
    endloop
  endfacet
  facet normal 0 0 -1
    outer loop
      vertex 0 0 60
      vertex -13.0628 -43.0623 60
      vertex -15.16 -42.3695 60
    endloop
  endfacet
  facet normal 0 0 1
    outer loop
      vertex 0 0 90
      vertex -15.16 -42.3695 90
      vertex -13.0628 -43.0623 90
    endloop
  endfacet
  facet normal -0.313682 -0.949528 0
    outer loop
      vertex -15.16 -42.3695 60
      vertex -13.0628 -43.0623 60
      vertex -13.0628 -43.0623 90
    endloop
  endfacet
  facet normal -0.313682 -0.949528 0
    outer loop
      vertex -15.16 -42.3695 60
      vertex -13.0628 -43.0623 90
      vertex -15.16 -42.3695 90
    endloop
  endfacet
  facet normal 0 0 -1
    outer loop
      vertex 0 0 60
      vertex -10.9341 -43.6514 60
      vertex -13.0628 -43.0623 60
    endloop
  endfacet
  facet normal 0 0 1
    outer loop
      vertex 0 0 90
      vertex -13.0628 -43.0623 90
      vertex -10.9341 -43.6514 90
    endloop
  endfacet
  facet normal -0.266713 -0.963776 0
    outer loop
      vertex -13.0628 -43.0623 60
      vertex -10.9341 -43.6514 60
      vertex -10.9341 -43.6514 90
    endloop
  endfacet
  facet normal -0.266713 -0.963776 0
    outer loop
      vertex -13.0628 -43.0623 60
      vertex -10.9341 -43.6514 90
      vertex -13.0628 -43.0623 90
    endloop
  endfacet
  facet normal 0 0 -1
    outer loop
      vertex 0 0 60
      vertex -8.77906 -44.1353 60
      vertex -10.9341 -43.6514 60
    endloop
  endfacet
  facet normal 0 0 1
    outer loop
      vertex 0 0 90
      vertex -10.9341 -43.6514 90
      vertex -8.77906 -44.1353 90
    endloop
  endfacet
  facet normal -0.219101 -0.975702 0
    outer loop
      vertex -10.9341 -43.6514 60
      vertex -8.77906 -44.1353 60
      vertex -8.77906 -44.1353 90
    endloop
  endfacet
  facet normal -0.219101 -0.975702 0
    outer loop
      vertex -10.9341 -43.6514 60
      vertex -8.77906 -44.1353 90
      vertex -10.9341 -43.6514 90
    endloop
  endfacet
  facet normal 0 0 -1
    outer loop
      vertex 0 0 60
      vertex -6.60287 -44.5129 60
      vertex -8.77906 -44.1353 60
    endloop
  endfacet
  facet normal 0 0 1
    outer loop
      vertex 0 0 90
      vertex -8.77906 -44.1353 90
      vertex -6.60287 -44.5129 90
    endloop
  endfacet
  facet normal -0.170962 -0.985278 0
    outer loop
      vertex -8.77906 -44.1353 60
      vertex -6.60287 -44.5129 60
      vertex -6.60287 -44.5129 90
    endloop
  endfacet
  facet normal -0.170962 -0.985278 0
    outer loop
      vertex -8.77906 -44.1353 60
      vertex -6.60287 -44.5129 90
      vertex -8.77906 -44.1353 90
    endloop
  endfacet
  facet normal 0 0 -1
    outer loop
      vertex 0 0 60
      vertex -4.41077 -44.7833 60
      vertex -6.60287 -44.5129 60
    endloop
  endfacet
  facet normal 0 0 1
    outer loop
      vertex 0 0 90
      vertex -6.60287 -44.5129 90
      vertex -4.41077 -44.7833 90
    endloop
  endfacet
  facet normal -0.122411 -0.99248 0
    outer loop
      vertex -6.60287 -44.5129 60
      vertex -4.41077 -44.7833 60
      vertex -4.41077 -44.7833 90
    endloop
  endfacet
  facet normal -0.122411 -0.99248 0
    outer loop
      vertex -6.60287 -44.5129 60
      vertex -4.41077 -44.7833 90
      vertex -6.60287 -44.5129 90
    endloop
  endfacet
  facet normal 0 0 -1
    outer loop
      vertex 0 0 60
      vertex -2.20805 -44.9458 60
      vertex -4.41077 -44.7833 60
    endloop
  endfacet
  facet normal 0 0 1
    outer loop
      vertex 0 0 90
      vertex -4.41077 -44.7833 90
      vertex -2.20805 -44.9458 90
    endloop
  endfacet
  facet normal -0.0735646 -0.99729 0
    outer loop
      vertex -4.41077 -44.7833 60
      vertex -2.20805 -44.9458 60
      vertex -2.20805 -44.9458 90
    endloop
  endfacet
  facet normal -0.0735646 -0.99729 0
    outer loop
      vertex -4.41077 -44.7833 60
      vertex -2.20805 -44.9458 90
      vertex -4.41077 -44.7833 90
    endloop
  endfacet
  facet normal 0 0 -1
    outer loop
      vertex 0 0 60
      vertex -8.26637e-15 -45 60
      vertex -2.20805 -44.9458 60
    endloop
  endfacet
  facet normal 0 0 1
    outer loop
      vertex 0 0 90
      vertex -2.20805 -44.9458 90
      vertex -8.26637e-15 -45 90
    endloop
  endfacet
  facet normal -0.0245412 -0.999699 0
    outer loop
      vertex -2.20805 -44.9458 60
      vertex -8.26637e-15 -45 60
      vertex -8.26637e-15 -45 90
    endloop
  endfacet
  facet normal -0.0245412 -0.999699 0
    outer loop
      vertex -2.20805 -44.9458 60
      vertex -8.26637e-15 -45 90
      vertex -2.20805 -44.9458 90
    endloop
  endfacet
  facet normal 0 0 -1
    outer loop
      vertex 0 0 60
      vertex 2.20805 -44.9458 60
      vertex -8.26637e-15 -45 60
    endloop
  endfacet
  facet normal 0 0 1
    outer loop
      vertex 0 0 90
      vertex -8.26637e-15 -45 90
      vertex 2.20805 -44.9458 90
    endloop
  endfacet
  facet normal 0.0245412 -0.999699 0
    outer loop
      vertex -8.26637e-15 -45 60
      vertex 2.20805 -44.9458 60
      vertex 2.20805 -44.9458 90
    endloop
  endfacet
  facet normal 0.0245412 -0.999699 0
    outer loop
      vertex -8.26637e-15 -45 60
      vertex 2.20805 -44.9458 90
      vertex -8.26637e-15 -45 90
    endloop
  endfacet
  facet normal 0 0 -1
    outer loop
      vertex 0 0 60
      vertex 4.41077 -44.7833 60
      vertex 2.20805 -44.9458 60
    endloop
  endfacet
  facet normal 0 0 1
    outer loop
      vertex 0 0 90
      vertex 2.20805 -44.9458 90
      vertex 4.41077 -44.7833 90
    endloop
  endfacet
  facet normal 0.0735646 -0.99729 0
    outer loop
      vertex 2.20805 -44.9458 60
      vertex 4.41077 -44.7833 60
      vertex 4.41077 -44.7833 90
    endloop
  endfacet
  facet normal 0.0735646 -0.99729 0
    outer loop
      vertex 2.20805 -44.9458 60
      vertex 4.41077 -44.7833 90
      vertex 2.20805 -44.9458 90
    endloop
  endfacet
  facet normal 0 0 -1
    outer loop
      vertex 0 0 60
      vertex 6.60287 -44.5129 60
      vertex 4.41077 -44.7833 60
    endloop
  endfacet
  facet normal 0 0 1
    outer loop
      vertex 0 0 90
      vertex 4.41077 -44.7833 90
      vertex 6.60287 -44.5129 90
    endloop
  endfacet
  facet normal 0.122411 -0.99248 0
    outer loop
      vertex 4.41077 -44.7833 60
      vertex 6.60287 -44.5129 60
      vertex 6.60287 -44.5129 90
    endloop
  endfacet
  facet normal 0.122411 -0.99248 0
    outer loop
      vertex 4.41077 -44.7833 60
      vertex 6.60287 -44.5129 90
      vertex 4.41077 -44.7833 90
    endloop
  endfacet
  facet normal 0 0 -1
    outer loop
      vertex 0 0 60
      vertex 8.77906 -44.1353 60
      vertex 6.60287 -44.5129 60
    endloop
  endfacet
  facet normal 0 0 1
    outer loop
      vertex 0 0 90
      vertex 6.60287 -44.5129 90
      vertex 8.77906 -44.1353 90
    endloop
  endfacet
  facet normal 0.170962 -0.985278 0
    outer loop
      vertex 6.60287 -44.5129 60
      vertex 8.77906 -44.1353 60
      vertex 8.77906 -44.1353 90
    endloop
  endfacet
  facet normal 0.170962 -0.985278 0
    outer loop
      vertex 6.60287 -44.5129 60
      vertex 8.77906 -44.1353 90
      vertex 6.60287 -44.5129 90
    endloop
  endfacet
  facet normal 0 0 -1
    outer loop
      vertex 0 0 60
      vertex 10.9341 -43.6514 60
      vertex 8.77906 -44.1353 60
    endloop
  endfacet
  facet normal 0 0 1
    outer loop
      vertex 0 0 90
      vertex 8.77906 -44.1353 90
      vertex 10.9341 -43.6514 90
    endloop
  endfacet
  facet normal 0.219101 -0.975702 0
    outer loop
      vertex 8.77906 -44.1353 60
      vertex 10.9341 -43.6514 60
      vertex 10.9341 -43.6514 90
    endloop
  endfacet
  facet normal 0.219101 -0.975702 0
    outer loop
      vertex 8.77906 -44.1353 60
      vertex 10.9341 -43.6514 90
      vertex 8.77906 -44.1353 90
    endloop
  endfacet
  facet normal 0 0 -1
    outer loop
      vertex 0 0 60
      vertex 13.0628 -43.0623 60
      vertex 10.9341 -43.6514 60
    endloop
  endfacet
  facet normal 0 0 1
    outer loop
      vertex 0 0 90
      vertex 10.9341 -43.6514 90
      vertex 13.0628 -43.0623 90
    endloop
  endfacet
  facet normal 0.266713 -0.963776 0
    outer loop
      vertex 10.9341 -43.6514 60
      vertex 13.0628 -43.0623 60
      vertex 13.0628 -43.0623 90
    endloop
  endfacet
  facet normal 0.266713 -0.963776 0
    outer loop
      vertex 10.9341 -43.6514 60
      vertex 13.0628 -43.0623 90
      vertex 10.9341 -43.6514 90
    endloop
  endfacet
  facet normal 0 0 -1
    outer loop
      vertex 0 0 60
      vertex 15.16 -42.3695 60
      vertex 13.0628 -43.0623 60
    endloop
  endfacet
  facet normal 0 0 1
    outer loop
      vertex 0 0 90
      vertex 13.0628 -43.0623 90
      vertex 15.16 -42.3695 90
    endloop
  endfacet
  facet normal 0.313682 -0.949528 0
    outer loop
      vertex 13.0628 -43.0623 60
      vertex 15.16 -42.3695 60
      vertex 15.16 -42.3695 90
    endloop
  endfacet
  facet normal 0.313682 -0.949528 0
    outer loop
      vertex 13.0628 -43.0623 60
      vertex 15.16 -42.3695 90
      vertex 13.0628 -43.0623 90
    endloop
  endfacet
  facet normal 0 0 -1
    outer loop
      vertex 0 0 60
      vertex 17.2208 -41.5746 60
      vertex 15.16 -42.3695 60
    endloop
  endfacet
  facet normal 0 0 1
    outer loop
      vertex 0 0 90
      vertex 15.16 -42.3695 90
      vertex 17.2208 -41.5746 90
    endloop
  endfacet
  facet normal 0.359895 -0.932993 0
    outer loop
      vertex 15.16 -42.3695 60
      vertex 17.2208 -41.5746 60
      vertex 17.2208 -41.5746 90
    endloop
  endfacet
  facet normal 0.359895 -0.932993 0
    outer loop
      vertex 15.16 -42.3695 60
      vertex 17.2208 -41.5746 90
      vertex 15.16 -42.3695 90
    endloop
  endfacet
  facet normal 0 0 -1
    outer loop
      vertex 0 0 60
      vertex 19.24 -40.6795 60
      vertex 17.2208 -41.5746 60
    endloop
  endfacet
  facet normal 0 0 1
    outer loop
      vertex 0 0 90
      vertex 17.2208 -41.5746 90
      vertex 19.24 -40.6795 90
    endloop
  endfacet
  facet normal 0.405241 -0.91421 0
    outer loop
      vertex 17.2208 -41.5746 60
      vertex 19.24 -40.6795 60
      vertex 19.24 -40.6795 90
    endloop
  endfacet
  facet normal 0.405241 -0.91421 0
    outer loop
      vertex 17.2208 -41.5746 60
      vertex 19.24 -40.6795 90
      vertex 17.2208 -41.5746 90
    endloop
  endfacet
  facet normal 0 0 -1
    outer loop
      vertex 0 0 60
      vertex 21.2129 -39.6865 60
      vertex 19.24 -40.6795 60
    endloop
  endfacet
  facet normal 0 0 1
    outer loop
      vertex 0 0 90
      vertex 19.24 -40.6795 90
      vertex 21.2129 -39.6865 90
    endloop
  endfacet
  facet normal 0.449611 -0.893224 0
    outer loop
      vertex 19.24 -40.6795 60
      vertex 21.2129 -39.6865 60
      vertex 21.2129 -39.6865 90
    endloop
  endfacet
  facet normal 0.449611 -0.893224 0
    outer loop
      vertex 19.24 -40.6795 60
      vertex 21.2129 -39.6865 90
      vertex 19.24 -40.6795 90
    endloop
  endfacet
  facet normal 0 0 -1
    outer loop
      vertex 0 0 60
      vertex 23.1346 -38.5978 60
      vertex 21.2129 -39.6865 60
    endloop
  endfacet
  facet normal 0 0 1
    outer loop
      vertex 0 0 90
      vertex 21.2129 -39.6865 90
      vertex 23.1346 -38.5978 90
    endloop
  endfacet
  facet normal 0.492898 -0.870087 0
    outer loop
      vertex 21.2129 -39.6865 60
      vertex 23.1346 -38.5978 60
      vertex 23.1346 -38.5978 90
    endloop
  endfacet
  facet normal 0.492898 -0.870087 0
    outer loop
      vertex 21.2129 -39.6865 60
      vertex 23.1346 -38.5978 90
      vertex 21.2129 -39.6865 90
    endloop
  endfacet
  facet normal 0 0 -1
    outer loop
      vertex 0 0 60
      vertex 25.0007 -37.4161 60
      vertex 23.1346 -38.5978 60
    endloop
  endfacet
  facet normal 0 0 1
    outer loop
      vertex 0 0 90
      vertex 23.1346 -38.5978 90
      vertex 25.0007 -37.4161 90
    endloop
  endfacet
  facet normal 0.534998 -0.844854 0
    outer loop
      vertex 23.1346 -38.5978 60
      vertex 25.0007 -37.4161 60
      vertex 25.0007 -37.4161 90
    endloop
  endfacet
  facet normal 0.534998 -0.844854 0
    outer loop
      vertex 23.1346 -38.5978 60
      vertex 25.0007 -37.4161 90
      vertex 23.1346 -38.5978 90
    endloop
  endfacet
  facet normal 0 0 -1
    outer loop
      vertex 0 0 60
      vertex 26.8065 -36.1443 60
      vertex 25.0007 -37.4161 60
    endloop
  endfacet
  facet normal 0 0 1
    outer loop
      vertex 0 0 90
      vertex 25.0007 -37.4161 90
      vertex 26.8065 -36.1443 90
    endloop
  endfacet
  facet normal 0.575808 -0.817585 0
    outer loop
      vertex 25.0007 -37.4161 60
      vertex 26.8065 -36.1443 60
      vertex 26.8065 -36.1443 90
    endloop
  endfacet
  facet normal 0.575808 -0.817585 0
    outer loop
      vertex 25.0007 -37.4161 60
      vertex 26.8065 -36.1443 90
      vertex 25.0007 -37.4161 90
    endloop
  endfacet
  facet normal 0 0 -1
    outer loop
      vertex 0 0 60
      vertex 28.5477 -34.7855 60
      vertex 26.8065 -36.1443 60
    endloop
  endfacet
  facet normal 0 0 1
    outer loop
      vertex 0 0 90
      vertex 26.8065 -36.1443 90
      vertex 28.5477 -34.7855 90
    endloop
  endfacet
  facet normal 0.615232 -0.788346 0
    outer loop
      vertex 26.8065 -36.1443 60
      vertex 28.5477 -34.7855 60
      vertex 28.5477 -34.7855 90
    endloop
  endfacet
  facet normal 0.615232 -0.788346 0
    outer loop
      vertex 26.8065 -36.1443 60
      vertex 28.5477 -34.7855 90
      vertex 26.8065 -36.1443 90
    endloop
  endfacet
  facet normal 0 0 -1
    outer loop
      vertex 0 0 60
      vertex 30.2202 -33.3428 60
      vertex 28.5477 -34.7855 60
    endloop
  endfacet
  facet normal 0 0 1
    outer loop
      vertex 0 0 90
      vertex 28.5477 -34.7855 90
      vertex 30.2202 -33.3428 90
    endloop
  endfacet
  facet normal 0.653173 -0.757209 0
    outer loop
      vertex 28.5477 -34.7855 60
      vertex 30.2202 -33.3428 60
      vertex 30.2202 -33.3428 90
    endloop
  endfacet
  facet normal 0.653173 -0.757209 0
    outer loop
      vertex 28.5477 -34.7855 60
      vertex 30.2202 -33.3428 90
      vertex 28.5477 -34.7855 90
    endloop
  endfacet
  facet normal 0 0 -1
    outer loop
      vertex 0 0 60
      vertex 31.8198 -31.8198 60
      vertex 30.2202 -33.3428 60
    endloop
  endfacet
  facet normal 0 0 1
    outer loop
      vertex 0 0 90
      vertex 30.2202 -33.3428 90
      vertex 31.8198 -31.8198 90
    endloop
  endfacet
  facet normal 0.689541 -0.724247 0
    outer loop
      vertex 30.2202 -33.3428 60
      vertex 31.8198 -31.8198 60
      vertex 31.8198 -31.8198 90
    endloop
  endfacet
  facet normal 0.689541 -0.724247 0
    outer loop
      vertex 30.2202 -33.3428 60
      vertex 31.8198 -31.8198 90
      vertex 30.2202 -33.3428 90
    endloop
  endfacet
  facet normal 0 0 -1
    outer loop
      vertex 0 0 60
      vertex 33.3428 -30.2202 60
      vertex 31.8198 -31.8198 60
    endloop
  endfacet
  facet normal 0 0 1
    outer loop
      vertex 0 0 90
      vertex 31.8198 -31.8198 90
      vertex 33.3428 -30.2202 90
    endloop
  endfacet
  facet normal 0.724247 -0.689541 0
    outer loop
      vertex 31.8198 -31.8198 60
      vertex 33.3428 -30.2202 60
      vertex 33.3428 -30.2202 90
    endloop
  endfacet
  facet normal 0.724247 -0.689541 0
    outer loop
      vertex 31.8198 -31.8198 60
      vertex 33.3428 -30.2202 90
      vertex 31.8198 -31.8198 90
    endloop
  endfacet
  facet normal 0 0 -1
    outer loop
      vertex 0 0 60
      vertex 34.7855 -28.5477 60
      vertex 33.3428 -30.2202 60
    endloop
  endfacet
  facet normal 0 0 1
    outer loop
      vertex 0 0 90
      vertex 33.3428 -30.2202 90
      vertex 34.7855 -28.5477 90
    endloop
  endfacet
  facet normal 0.757209 -0.653173 0
    outer loop
      vertex 33.3428 -30.2202 60
      vertex 34.7855 -28.5477 60
      vertex 34.7855 -28.5477 90
    endloop
  endfacet
  facet normal 0.757209 -0.653173 0
    outer loop
      vertex 33.3428 -30.2202 60
      vertex 34.7855 -28.5477 90
      vertex 33.3428 -30.2202 90
    endloop
  endfacet
  facet normal 0 0 -1
    outer loop
      vertex 0 0 60
      vertex 36.1443 -26.8065 60
      vertex 34.7855 -28.5477 60
    endloop
  endfacet
  facet normal 0 0 1
    outer loop
      vertex 0 0 90
      vertex 34.7855 -28.5477 90
      vertex 36.1443 -26.8065 90
    endloop
  endfacet
  facet normal 0.788346 -0.615232 0
    outer loop
      vertex 34.7855 -28.5477 60
      vertex 36.1443 -26.8065 60
      vertex 36.1443 -26.8065 90
    endloop
  endfacet
  facet normal 0.788346 -0.615232 0
    outer loop
      vertex 34.7855 -28.5477 60
      vertex 36.1443 -26.8065 90
      vertex 34.7855 -28.5477 90
    endloop
  endfacet
  facet normal 0 0 -1
    outer loop
      vertex 0 0 60
      vertex 37.4161 -25.0007 60
      vertex 36.1443 -26.8065 60
    endloop
  endfacet
  facet normal 0 0 1
    outer loop
      vertex 0 0 90
      vertex 36.1443 -26.8065 90
      vertex 37.4161 -25.0007 90
    endloop
  endfacet
  facet normal 0.817585 -0.575808 0
    outer loop
      vertex 36.1443 -26.8065 60
      vertex 37.4161 -25.0007 60
      vertex 37.4161 -25.0007 90
    endloop
  endfacet
  facet normal 0.817585 -0.575808 0
    outer loop
      vertex 36.1443 -26.8065 60
      vertex 37.4161 -25.0007 90
      vertex 36.1443 -26.8065 90
    endloop
  endfacet
  facet normal 0 0 -1
    outer loop
      vertex 0 0 60
      vertex 38.5978 -23.1346 60
      vertex 37.4161 -25.0007 60
    endloop
  endfacet
  facet normal 0 0 1
    outer loop
      vertex 0 0 90
      vertex 37.4161 -25.0007 90
      vertex 38.5978 -23.1346 90
    endloop
  endfacet
  facet normal 0.844854 -0.534998 0
    outer loop
      vertex 37.4161 -25.0007 60
      vertex 38.5978 -23.1346 60
      vertex 38.5978 -23.1346 90
    endloop
  endfacet
  facet normal 0.844854 -0.534998 0
    outer loop
      vertex 37.4161 -25.0007 60
      vertex 38.5978 -23.1346 90
      vertex 37.4161 -25.0007 90
    endloop
  endfacet
  facet normal 0 0 -1
    outer loop
      vertex 0 0 60
      vertex 39.6865 -21.2129 60
      vertex 38.5978 -23.1346 60
    endloop
  endfacet
  facet normal 0 0 1
    outer loop
      vertex 0 0 90
      vertex 38.5978 -23.1346 90
      vertex 39.6865 -21.2129 90
    endloop
  endfacet
  facet normal 0.870087 -0.492898 0
    outer loop
      vertex 38.5978 -23.1346 60
      vertex 39.6865 -21.2129 60
      vertex 39.6865 -21.2129 90
    endloop
  endfacet
  facet normal 0.870087 -0.492898 0
    outer loop
      vertex 38.5978 -23.1346 60
      vertex 39.6865 -21.2129 90
      vertex 38.5978 -23.1346 90
    endloop
  endfacet
  facet normal 0 0 -1
    outer loop
      vertex 0 0 60
      vertex 40.6795 -19.24 60
      vertex 39.6865 -21.2129 60
    endloop
  endfacet
  facet normal 0 0 1
    outer loop
      vertex 0 0 90
      vertex 39.6865 -21.2129 90
      vertex 40.6795 -19.24 90
    endloop
  endfacet
  facet normal 0.893224 -0.449611 0
    outer loop
      vertex 39.6865 -21.2129 60
      vertex 40.6795 -19.24 60
      vertex 40.6795 -19.24 90
    endloop
  endfacet
  facet normal 0.893224 -0.449611 0
    outer loop
      vertex 39.6865 -21.2129 60
      vertex 40.6795 -19.24 90
      vertex 39.6865 -21.2129 90
    endloop
  endfacet
  facet normal 0 0 -1
    outer loop
      vertex 0 0 60
      vertex 41.5746 -17.2208 60
      vertex 40.6795 -19.24 60
    endloop
  endfacet
  facet normal 0 0 1
    outer loop
      vertex 0 0 90
      vertex 40.6795 -19.24 90
      vertex 41.5746 -17.2208 90
    endloop
  endfacet
  facet normal 0.91421 -0.405241 0
    outer loop
      vertex 40.6795 -19.24 60
      vertex 41.5746 -17.2208 60
      vertex 41.5746 -17.2208 90
    endloop
  endfacet
  facet normal 0.91421 -0.405241 0
    outer loop
      vertex 40.6795 -19.24 60
      vertex 41.5746 -17.2208 90
      vertex 40.6795 -19.24 90
    endloop
  endfacet
  facet normal 0 0 -1
    outer loop
      vertex 0 0 60
      vertex 42.3695 -15.16 60
      vertex 41.5746 -17.2208 60
    endloop
  endfacet
  facet normal 0 0 1
    outer loop
      vertex 0 0 90
      vertex 41.5746 -17.2208 90
      vertex 42.3695 -15.16 90
    endloop
  endfacet
  facet normal 0.932993 -0.359895 0
    outer loop
      vertex 41.5746 -17.2208 60
      vertex 42.3695 -15.16 60
      vertex 42.3695 -15.16 90
    endloop
  endfacet
  facet normal 0.932993 -0.359895 0
    outer loop
      vertex 41.5746 -17.2208 60
      vertex 42.3695 -15.16 90
      vertex 41.5746 -17.2208 90
    endloop
  endfacet
  facet normal 0 0 -1
    outer loop
      vertex 0 0 60
      vertex 43.0623 -13.0628 60
      vertex 42.3695 -15.16 60
    endloop
  endfacet
  facet normal 0 0 1
    outer loop
      vertex 0 0 90
      vertex 42.3695 -15.16 90
      vertex 43.0623 -13.0628 90
    endloop
  endfacet
  facet normal 0.949528 -0.313682 0
    outer loop
      vertex 42.3695 -15.16 60
      vertex 43.0623 -13.0628 60
      vertex 43.0623 -13.0628 90
    endloop
  endfacet
  facet normal 0.949528 -0.313682 0
    outer loop
      vertex 42.3695 -15.16 60
      vertex 43.0623 -13.0628 90
      vertex 42.3695 -15.16 90
    endloop
  endfacet
  facet normal 0 0 -1
    outer loop
      vertex 0 0 60
      vertex 43.6514 -10.9341 60
      vertex 43.0623 -13.0628 60
    endloop
  endfacet
  facet normal 0 0 1
    outer loop
      vertex 0 0 90
      vertex 43.0623 -13.0628 90
      vertex 43.6514 -10.9341 90
    endloop
  endfacet
  facet normal 0.963776 -0.266713 0
    outer loop
      vertex 43.0623 -13.0628 60
      vertex 43.6514 -10.9341 60
      vertex 43.6514 -10.9341 90
    endloop
  endfacet
  facet normal 0.963776 -0.266713 0
    outer loop
      vertex 43.0623 -13.0628 60
      vertex 43.6514 -10.9341 90
      vertex 43.0623 -13.0628 90
    endloop
  endfacet
  facet normal 0 0 -1
    outer loop
      vertex 0 0 60
      vertex 44.1353 -8.77906 60
      vertex 43.6514 -10.9341 60
    endloop
  endfacet
  facet normal 0 0 1
    outer loop
      vertex 0 0 90
      vertex 43.6514 -10.9341 90
      vertex 44.1353 -8.77906 90
    endloop
  endfacet
  facet normal 0.975702 -0.219101 0
    outer loop
      vertex 43.6514 -10.9341 60
      vertex 44.1353 -8.77906 60
      vertex 44.1353 -8.77906 90
    endloop
  endfacet
  facet normal 0.975702 -0.219101 0
    outer loop
      vertex 43.6514 -10.9341 60
      vertex 44.1353 -8.77906 90
      vertex 43.6514 -10.9341 90
    endloop
  endfacet
  facet normal 0 0 -1
    outer loop
      vertex 0 0 60
      vertex 44.5129 -6.60287 60
      vertex 44.1353 -8.77906 60
    endloop
  endfacet
  facet normal 0 0 1
    outer loop
      vertex 0 0 90
      vertex 44.1353 -8.77906 90
      vertex 44.5129 -6.60287 90
    endloop
  endfacet
  facet normal 0.985278 -0.170962 0
    outer loop
      vertex 44.1353 -8.77906 60
      vertex 44.5129 -6.60287 60
      vertex 44.5129 -6.60287 90
    endloop
  endfacet
  facet normal 0.985278 -0.170962 0
    outer loop
      vertex 44.1353 -8.77906 60
      vertex 44.5129 -6.60287 90
      vertex 44.1353 -8.77906 90
    endloop
  endfacet
  facet normal 0 0 -1
    outer loop
      vertex 0 0 60
      vertex 44.7833 -4.41077 60
      vertex 44.5129 -6.60287 60
    endloop
  endfacet
  facet normal 0 0 1
    outer loop
      vertex 0 0 90
      vertex 44.5129 -6.60287 90
      vertex 44.7833 -4.41077 90
    endloop
  endfacet
  facet normal 0.99248 -0.122411 0
    outer loop
      vertex 44.5129 -6.60287 60
      vertex 44.7833 -4.41077 60
      vertex 44.7833 -4.41077 90
    endloop
  endfacet
  facet normal 0.99248 -0.122411 0
    outer loop
      vertex 44.5129 -6.60287 60
      vertex 44.7833 -4.41077 90
      vertex 44.5129 -6.60287 90
    endloop
  endfacet
  facet normal 0 0 -1
    outer loop
      vertex 0 0 60
      vertex 44.9458 -2.20805 60
      vertex 44.7833 -4.41077 60
    endloop
  endfacet
  facet normal 0 0 1
    outer loop
      vertex 0 0 90
      vertex 44.7833 -4.41077 90
      vertex 44.9458 -2.20805 90
    endloop
  endfacet
  facet normal 0.99729 -0.0735646 0
    outer loop
      vertex 44.7833 -4.41077 60
      vertex 44.9458 -2.20805 60
      vertex 44.9458 -2.20805 90
    endloop
  endfacet
  facet normal 0.99729 -0.0735646 0
    outer loop
      vertex 44.7833 -4.41077 60
      vertex 44.9458 -2.20805 90
      vertex 44.7833 -4.41077 90
    endloop
  endfacet
  facet normal 0 0 -1
    outer loop
      vertex 0 0 60
      vertex 45 -1.10218e-14 60
      vertex 44.9458 -2.20805 60
    endloop
  endfacet
  facet normal 0 0 1
    outer loop
      vertex 0 0 90
      vertex 44.9458 -2.20805 90
      vertex 45 -1.10218e-14 90
    endloop
  endfacet
  facet normal 0.999699 -0.0245412 0
    outer loop
      vertex 44.9458 -2.20805 60
      vertex 45 -1.10218e-14 60
      vertex 45 -1.10218e-14 90
    endloop
  endfacet
  facet normal 0.999699 -0.0245412 0
    outer loop
      vertex 44.9458 -2.20805 60
      vertex 45 -1.10218e-14 90
      vertex 44.9458 -2.20805 90
    endloop
  endfacet
  facet normal 0 0 -1
    outer loop
      vertex 0 50 -20
      vertex 37.4548 51.84 -20
      vertex 37.5 50 -20
    endloop
  endfacet
  facet normal 0 0 1
    outer loop
      vertex 0 50 20
      vertex 37.5 50 20
      vertex 37.4548 51.84 20
    endloop
  endfacet
  facet normal 0.999699 0.0245412 0
    outer loop
      vertex 37.5 50 -20
      vertex 37.4548 51.84 -20
      vertex 37.4548 51.84 20
    endloop
  endfacet
  facet normal 0.999699 0.0245412 0
    outer loop
      vertex 37.5 50 -20
      vertex 37.4548 51.84 20
      vertex 37.5 50 20
    endloop
  endfacet
  facet normal 0 0 -1
    outer loop
      vertex 0 50 -20
      vertex 37.3194 53.6756 -20
      vertex 37.4548 51.84 -20
    endloop
  endfacet
  facet normal 0 0 1
    outer loop
      vertex 0 50 20
      vertex 37.4548 51.84 20
      vertex 37.3194 53.6756 20
    endloop
  endfacet
  facet normal 0.99729 0.0735646 0
    outer loop
      vertex 37.4548 51.84 -20
      vertex 37.3194 53.6756 -20
      vertex 37.3194 53.6756 20
    endloop
  endfacet
  facet normal 0.99729 0.0735646 0
    outer loop
      vertex 37.4548 51.84 -20
      vertex 37.3194 53.6756 20
      vertex 37.4548 51.84 20
    endloop
  endfacet
  facet normal 0 0 -1
    outer loop
      vertex 0 50 -20
      vertex 37.0941 55.5024 -20
      vertex 37.3194 53.6756 -20
    endloop
  endfacet
  facet normal 0 0 1
    outer loop
      vertex 0 50 20
      vertex 37.3194 53.6756 20
      vertex 37.0941 55.5024 20
    endloop
  endfacet
  facet normal 0.99248 0.122411 0
    outer loop
      vertex 37.3194 53.6756 -20
      vertex 37.0941 55.5024 -20
      vertex 37.0941 55.5024 20
    endloop
  endfacet
  facet normal 0.99248 0.122411 0
    outer loop
      vertex 37.3194 53.6756 -20
      vertex 37.0941 55.5024 20
      vertex 37.3194 53.6756 20
    endloop
  endfacet
  facet normal 0 0 -1
    outer loop
      vertex 0 50 -20
      vertex 36.7794 57.3159 -20
      vertex 37.0941 55.5024 -20
    endloop
  endfacet
  facet normal 0 0 1
    outer loop
      vertex 0 50 20
      vertex 37.0941 55.5024 20
      vertex 36.7794 57.3159 20
    endloop
  endfacet
  facet normal 0.985278 0.170962 0
    outer loop
      vertex 37.0941 55.5024 -20
      vertex 36.7794 57.3159 -20
      vertex 36.7794 57.3159 20
    endloop
  endfacet
  facet normal 0.985278 0.170962 0
    outer loop
      vertex 37.0941 55.5024 -20
      vertex 36.7794 57.3159 20
      vertex 37.0941 55.5024 20
    endloop
  endfacet
  facet normal 0 0 -1
    outer loop
      vertex 0 50 -20
      vertex 36.3762 59.1118 -20
      vertex 36.7794 57.3159 -20
    endloop
  endfacet
  facet normal 0 0 1
    outer loop
      vertex 0 50 20
      vertex 36.7794 57.3159 20
      vertex 36.3762 59.1118 20
    endloop
  endfacet
  facet normal 0.975702 0.219101 0
    outer loop
      vertex 36.7794 57.3159 -20
      vertex 36.3762 59.1118 -20
      vertex 36.3762 59.1118 20
    endloop
  endfacet
  facet normal 0.975702 0.219101 0
    outer loop
      vertex 36.7794 57.3159 -20
      vertex 36.3762 59.1118 20
      vertex 36.7794 57.3159 20
    endloop
  endfacet
  facet normal 0 0 -1
    outer loop
      vertex 0 50 -20
      vertex 35.8853 60.8857 -20
      vertex 36.3762 59.1118 -20
    endloop
  endfacet
  facet normal 0 0 1
    outer loop
      vertex 0 50 20
      vertex 36.3762 59.1118 20
      vertex 35.8853 60.8857 20
    endloop
  endfacet
  facet normal 0.963776 0.266713 0
    outer loop
      vertex 36.3762 59.1118 -20
      vertex 35.8853 60.8857 -20
      vertex 35.8853 60.8857 20
    endloop
  endfacet
  facet normal 0.963776 0.266713 0
    outer loop
      vertex 36.3762 59.1118 -20
      vertex 35.8853 60.8857 20
      vertex 36.3762 59.1118 20
    endloop
  endfacet
  facet normal 0 0 -1
    outer loop
      vertex 0 50 -20
      vertex 35.3079 62.6334 -20
      vertex 35.8853 60.8857 -20
    endloop
  endfacet
  facet normal 0 0 1
    outer loop
      vertex 0 50 20
      vertex 35.8853 60.8857 20
      vertex 35.3079 62.6334 20
    endloop
  endfacet
  facet normal 0.949528 0.313682 0
    outer loop
      vertex 35.8853 60.8857 -20
      vertex 35.3079 62.6334 -20
      vertex 35.3079 62.6334 20
    endloop
  endfacet
  facet normal 0.949528 0.313682 0
    outer loop
      vertex 35.8853 60.8857 -20
      vertex 35.3079 62.6334 20
      vertex 35.8853 60.8857 20
    endloop
  endfacet
  facet normal 0 0 -1
    outer loop
      vertex 0 50 -20
      vertex 34.6455 64.3506 -20
      vertex 35.3079 62.6334 -20
    endloop
  endfacet
  facet normal 0 0 1
    outer loop
      vertex 0 50 20
      vertex 35.3079 62.6334 20
      vertex 34.6455 64.3506 20
    endloop
  endfacet
  facet normal 0.932993 0.359895 0
    outer loop
      vertex 35.3079 62.6334 -20
      vertex 34.6455 64.3506 -20
      vertex 34.6455 64.3506 20
    endloop
  endfacet
  facet normal 0.932993 0.359895 0
    outer loop
      vertex 35.3079 62.6334 -20
      vertex 34.6455 64.3506 20
      vertex 35.3079 62.6334 20
    endloop
  endfacet
  facet normal 0 0 -1
    outer loop
      vertex 0 50 -20
      vertex 33.8996 66.0333 -20
      vertex 34.6455 64.3506 -20
    endloop
  endfacet
  facet normal 0 0 1
    outer loop
      vertex 0 50 20
      vertex 34.6455 64.3506 20
      vertex 33.8996 66.0333 20
    endloop
  endfacet
  facet normal 0.91421 0.405241 0
    outer loop
      vertex 34.6455 64.3506 -20
      vertex 33.8996 66.0333 -20
      vertex 33.8996 66.0333 20
    endloop
  endfacet
  facet normal 0.91421 0.405241 0
    outer loop
      vertex 34.6455 64.3506 -20
      vertex 33.8996 66.0333 20
      vertex 34.6455 64.3506 20
    endloop
  endfacet
  facet normal 0 0 -1
    outer loop
      vertex 0 50 -20
      vertex 33.072 67.6774 -20
      vertex 33.8996 66.0333 -20
    endloop
  endfacet
  facet normal 0 0 1
    outer loop
      vertex 0 50 20
      vertex 33.8996 66.0333 20
      vertex 33.072 67.6774 20
    endloop
  endfacet
  facet normal 0.893224 0.449611 0
    outer loop
      vertex 33.8996 66.0333 -20
      vertex 33.072 67.6774 -20
      vertex 33.072 67.6774 20
    endloop
  endfacet
  facet normal 0.893224 0.449611 0
    outer loop
      vertex 33.8996 66.0333 -20
      vertex 33.072 67.6774 20
      vertex 33.8996 66.0333 20
    endloop
  endfacet
  facet normal 0 0 -1
    outer loop
      vertex 0 50 -20
      vertex 32.1648 69.2789 -20
      vertex 33.072 67.6774 -20
    endloop
  endfacet
  facet normal 0 0 1
    outer loop
      vertex 0 50 20
      vertex 33.072 67.6774 20
      vertex 32.1648 69.2789 20
    endloop
  endfacet
  facet normal 0.870087 0.492898 0
    outer loop
      vertex 33.072 67.6774 -20
      vertex 32.1648 69.2789 -20
      vertex 32.1648 69.2789 20
    endloop
  endfacet
  facet normal 0.870087 0.492898 0
    outer loop
      vertex 33.072 67.6774 -20
      vertex 32.1648 69.2789 20
      vertex 33.072 67.6774 20
    endloop
  endfacet
  facet normal 0 0 -1
    outer loop
      vertex 0 50 -20
      vertex 31.1801 70.8339 -20
      vertex 32.1648 69.2789 -20
    endloop
  endfacet
  facet normal 0 0 1
    outer loop
      vertex 0 50 20
      vertex 32.1648 69.2789 20
      vertex 31.1801 70.8339 20
    endloop
  endfacet
  facet normal 0.844854 0.534998 0
    outer loop
      vertex 32.1648 69.2789 -20
      vertex 31.1801 70.8339 -20
      vertex 31.1801 70.8339 20
    endloop
  endfacet
  facet normal 0.844854 0.534998 0
    outer loop
      vertex 32.1648 69.2789 -20
      vertex 31.1801 70.8339 20
      vertex 32.1648 69.2789 20
    endloop
  endfacet
  facet normal 0 0 -1
    outer loop
      vertex 0 50 -20
      vertex 30.1203 72.3387 -20
      vertex 31.1801 70.8339 -20
    endloop
  endfacet
  facet normal 0 0 1
    outer loop
      vertex 0 50 20
      vertex 31.1801 70.8339 20
      vertex 30.1203 72.3387 20
    endloop
  endfacet
  facet normal 0.817585 0.575808 0
    outer loop
      vertex 31.1801 70.8339 -20
      vertex 30.1203 72.3387 -20
      vertex 30.1203 72.3387 20
    endloop
  endfacet
  facet normal 0.817585 0.575808 0
    outer loop
      vertex 31.1801 70.8339 -20
      vertex 30.1203 72.3387 20
      vertex 31.1801 70.8339 20
    endloop
  endfacet
  facet normal 0 0 -1
    outer loop
      vertex 0 50 -20
      vertex 28.9879 73.7897 -20
      vertex 30.1203 72.3387 -20
    endloop
  endfacet
  facet normal 0 0 1
    outer loop
      vertex 0 50 20
      vertex 30.1203 72.3387 20
      vertex 28.9879 73.7897 20
    endloop
  endfacet
  facet normal 0.788346 0.615232 0
    outer loop
      vertex 30.1203 72.3387 -20
      vertex 28.9879 73.7897 -20
      vertex 28.9879 73.7897 20
    endloop
  endfacet
  facet normal 0.788346 0.615232 0
    outer loop
      vertex 30.1203 72.3387 -20
      vertex 28.9879 73.7897 20
      vertex 30.1203 72.3387 20
    endloop
  endfacet
  facet normal 0 0 -1
    outer loop
      vertex 0 50 -20
      vertex 27.7857 75.1835 -20
      vertex 28.9879 73.7897 -20
    endloop
  endfacet
  facet normal 0 0 1
    outer loop
      vertex 0 50 20
      vertex 28.9879 73.7897 20
      vertex 27.7857 75.1835 20
    endloop
  endfacet
  facet normal 0.757209 0.653173 0
    outer loop
      vertex 28.9879 73.7897 -20
      vertex 27.7857 75.1835 -20
      vertex 27.7857 75.1835 20
    endloop
  endfacet
  facet normal 0.757209 0.653173 0
    outer loop
      vertex 28.9879 73.7897 -20
      vertex 27.7857 75.1835 20
      vertex 28.9879 73.7897 20
    endloop
  endfacet
  facet normal 0 0 -1
    outer loop
      vertex 0 50 -20
      vertex 26.5165 76.5165 -20
      vertex 27.7857 75.1835 -20
    endloop
  endfacet
  facet normal 0 0 1
    outer loop
      vertex 0 50 20
      vertex 27.7857 75.1835 20
      vertex 26.5165 76.5165 20
    endloop
  endfacet
  facet normal 0.724247 0.689541 0
    outer loop
      vertex 27.7857 75.1835 -20
      vertex 26.5165 76.5165 -20
      vertex 26.5165 76.5165 20
    endloop
  endfacet
  facet normal 0.724247 0.689541 0
    outer loop
      vertex 27.7857 75.1835 -20
      vertex 26.5165 76.5165 20
      vertex 27.7857 75.1835 20
    endloop
  endfacet
  facet normal 0 0 -1
    outer loop
      vertex 0 50 -20
      vertex 25.1835 77.7857 -20
      vertex 26.5165 76.5165 -20
    endloop
  endfacet
  facet normal 0 0 1
    outer loop
      vertex 0 50 20
      vertex 26.5165 76.5165 20
      vertex 25.1835 77.7857 20
    endloop
  endfacet
  facet normal 0.689541 0.724247 0
    outer loop
      vertex 26.5165 76.5165 -20
      vertex 25.1835 77.7857 -20
      vertex 25.1835 77.7857 20
    endloop
  endfacet
  facet normal 0.689541 0.724247 0
    outer loop
      vertex 26.5165 76.5165 -20
      vertex 25.1835 77.7857 20
      vertex 26.5165 76.5165 20
    endloop
  endfacet
  facet normal 0 0 -1
    outer loop
      vertex 0 50 -20
      vertex 23.7897 78.9879 -20
      vertex 25.1835 77.7857 -20
    endloop
  endfacet
  facet normal 0 0 1
    outer loop
      vertex 0 50 20
      vertex 25.1835 77.7857 20
      vertex 23.7897 78.9879 20
    endloop
  endfacet
  facet normal 0.653173 0.757209 0
    outer loop
      vertex 25.1835 77.7857 -20
      vertex 23.7897 78.9879 -20
      vertex 23.7897 78.9879 20
    endloop
  endfacet
  facet normal 0.653173 0.757209 0
    outer loop
      vertex 25.1835 77.7857 -20
      vertex 23.7897 78.9879 20
      vertex 25.1835 77.7857 20
    endloop
  endfacet
  facet normal 0 0 -1
    outer loop
      vertex 0 50 -20
      vertex 22.3387 80.1203 -20
      vertex 23.7897 78.9879 -20
    endloop
  endfacet
  facet normal 0 0 1
    outer loop
      vertex 0 50 20
      vertex 23.7897 78.9879 20
      vertex 22.3387 80.1203 20
    endloop
  endfacet
  facet normal 0.615232 0.788346 0
    outer loop
      vertex 23.7897 78.9879 -20
      vertex 22.3387 80.1203 -20
      vertex 22.3387 80.1203 20
    endloop
  endfacet
  facet normal 0.615232 0.788346 0
    outer loop
      vertex 23.7897 78.9879 -20
      vertex 22.3387 80.1203 20
      vertex 23.7897 78.9879 20
    endloop
  endfacet
  facet normal 0 0 -1
    outer loop
      vertex 0 50 -20
      vertex 20.8339 81.1801 -20
      vertex 22.3387 80.1203 -20
    endloop
  endfacet
  facet normal 0 0 1
    outer loop
      vertex 0 50 20
      vertex 22.3387 80.1203 20
      vertex 20.8339 81.1801 20
    endloop
  endfacet
  facet normal 0.575808 0.817585 0
    outer loop
      vertex 22.3387 80.1203 -20
      vertex 20.8339 81.1801 -20
      vertex 20.8339 81.1801 20
    endloop
  endfacet
  facet normal 0.575808 0.817585 0
    outer loop
      vertex 22.3387 80.1203 -20
      vertex 20.8339 81.1801 20
      vertex 22.3387 80.1203 20
    endloop
  endfacet
  facet normal 0 0 -1
    outer loop
      vertex 0 50 -20
      vertex 19.2789 82.1648 -20
      vertex 20.8339 81.1801 -20
    endloop
  endfacet
  facet normal 0 0 1
    outer loop
      vertex 0 50 20
      vertex 20.8339 81.1801 20
      vertex 19.2789 82.1648 20
    endloop
  endfacet
  facet normal 0.534998 0.844854 0
    outer loop
      vertex 20.8339 81.1801 -20
      vertex 19.2789 82.1648 -20
      vertex 19.2789 82.1648 20
    endloop
  endfacet
  facet normal 0.534998 0.844854 0
    outer loop
      vertex 20.8339 81.1801 -20
      vertex 19.2789 82.1648 20
      vertex 20.8339 81.1801 20
    endloop
  endfacet
  facet normal 0 0 -1
    outer loop
      vertex 0 50 -20
      vertex 17.6774 83.072 -20
      vertex 19.2789 82.1648 -20
    endloop
  endfacet
  facet normal 0 0 1
    outer loop
      vertex 0 50 20
      vertex 19.2789 82.1648 20
      vertex 17.6774 83.072 20
    endloop
  endfacet
  facet normal 0.492898 0.870087 0
    outer loop
      vertex 19.2789 82.1648 -20
      vertex 17.6774 83.072 -20
      vertex 17.6774 83.072 20
    endloop
  endfacet
  facet normal 0.492898 0.870087 0
    outer loop
      vertex 19.2789 82.1648 -20
      vertex 17.6774 83.072 20
      vertex 19.2789 82.1648 20
    endloop
  endfacet
  facet normal 0 0 -1
    outer loop
      vertex 0 50 -20
      vertex 16.0333 83.8996 -20
      vertex 17.6774 83.072 -20
    endloop
  endfacet
  facet normal 0 0 1
    outer loop
      vertex 0 50 20
      vertex 17.6774 83.072 20
      vertex 16.0333 83.8996 20
    endloop
  endfacet
  facet normal 0.449611 0.893224 0
    outer loop
      vertex 17.6774 83.072 -20
      vertex 16.0333 83.8996 -20
      vertex 16.0333 83.8996 20
    endloop
  endfacet
  facet normal 0.449611 0.893224 0
    outer loop
      vertex 17.6774 83.072 -20
      vertex 16.0333 83.8996 20
      vertex 17.6774 83.072 20
    endloop
  endfacet
  facet normal 0 0 -1
    outer loop
      vertex 0 50 -20
      vertex 14.3506 84.6455 -20
      vertex 16.0333 83.8996 -20
    endloop
  endfacet
  facet normal 0 0 1
    outer loop
      vertex 0 50 20
      vertex 16.0333 83.8996 20
      vertex 14.3506 84.6455 20
    endloop
  endfacet
  facet normal 0.405241 0.91421 0
    outer loop
      vertex 16.0333 83.8996 -20
      vertex 14.3506 84.6455 -20
      vertex 14.3506 84.6455 20
    endloop
  endfacet
  facet normal 0.405241 0.91421 0
    outer loop
      vertex 16.0333 83.8996 -20
      vertex 14.3506 84.6455 20
      vertex 16.0333 83.8996 20
    endloop
  endfacet
  facet normal 0 0 -1
    outer loop
      vertex 0 50 -20
      vertex 12.6334 85.3079 -20
      vertex 14.3506 84.6455 -20
    endloop
  endfacet
  facet normal 0 0 1
    outer loop
      vertex 0 50 20
      vertex 14.3506 84.6455 20
      vertex 12.6334 85.3079 20
    endloop
  endfacet
  facet normal 0.359895 0.932993 0
    outer loop
      vertex 14.3506 84.6455 -20
      vertex 12.6334 85.3079 -20
      vertex 12.6334 85.3079 20
    endloop
  endfacet
  facet normal 0.359895 0.932993 0
    outer loop
      vertex 14.3506 84.6455 -20
      vertex 12.6334 85.3079 20
      vertex 14.3506 84.6455 20
    endloop
  endfacet
  facet normal 0 0 -1
    outer loop
      vertex 0 50 -20
      vertex 10.8857 85.8853 -20
      vertex 12.6334 85.3079 -20
    endloop
  endfacet
  facet normal 0 0 1
    outer loop
      vertex 0 50 20
      vertex 12.6334 85.3079 20
      vertex 10.8857 85.8853 20
    endloop
  endfacet
  facet normal 0.313682 0.949528 0
    outer loop
      vertex 12.6334 85.3079 -20
      vertex 10.8857 85.8853 -20
      vertex 10.8857 85.8853 20
    endloop
  endfacet
  facet normal 0.313682 0.949528 0
    outer loop
      vertex 12.6334 85.3079 -20
      vertex 10.8857 85.8853 20
      vertex 12.6334 85.3079 20
    endloop
  endfacet
  facet normal 0 0 -1
    outer loop
      vertex 0 50 -20
      vertex 9.11176 86.3762 -20
      vertex 10.8857 85.8853 -20
    endloop
  endfacet
  facet normal 0 0 1
    outer loop
      vertex 0 50 20
      vertex 10.8857 85.8853 20
      vertex 9.11176 86.3762 20
    endloop
  endfacet
  facet normal 0.266713 0.963776 0
    outer loop
      vertex 10.8857 85.8853 -20
      vertex 9.11176 86.3762 -20
      vertex 9.11176 86.3762 20
    endloop
  endfacet
  facet normal 0.266713 0.963776 0
    outer loop
      vertex 10.8857 85.8853 -20
      vertex 9.11176 86.3762 20
      vertex 10.8857 85.8853 20
    endloop
  endfacet
  facet normal 0 0 -1
    outer loop
      vertex 0 50 -20
      vertex 7.31589 86.7794 -20
      vertex 9.11176 86.3762 -20
    endloop
  endfacet
  facet normal 0 0 1
    outer loop
      vertex 0 50 20
      vertex 9.11176 86.3762 20
      vertex 7.31589 86.7794 20
    endloop
  endfacet
  facet normal 0.219101 0.975702 0
    outer loop
      vertex 9.11176 86.3762 -20
      vertex 7.31589 86.7794 -20
      vertex 7.31589 86.7794 20
    endloop
  endfacet
  facet normal 0.219101 0.975702 0
    outer loop
      vertex 9.11176 86.3762 -20
      vertex 7.31589 86.7794 20
      vertex 9.11176 86.3762 20
    endloop
  endfacet
  facet normal 0 0 -1
    outer loop
      vertex 0 50 -20
      vertex 5.50239 87.0941 -20
      vertex 7.31589 86.7794 -20
    endloop
  endfacet
  facet normal 0 0 1
    outer loop
      vertex 0 50 20
      vertex 7.31589 86.7794 20
      vertex 5.50239 87.0941 20
    endloop
  endfacet
  facet normal 0.170962 0.985278 0
    outer loop
      vertex 7.31589 86.7794 -20
      vertex 5.50239 87.0941 -20
      vertex 5.50239 87.0941 20
    endloop
  endfacet
  facet normal 0.170962 0.985278 0
    outer loop
      vertex 7.31589 86.7794 -20
      vertex 5.50239 87.0941 20
      vertex 7.31589 86.7794 20
    endloop
  endfacet
  facet normal 0 0 -1
    outer loop
      vertex 0 50 -20
      vertex 3.67564 87.3194 -20
      vertex 5.50239 87.0941 -20
    endloop
  endfacet
  facet normal 0 0 1
    outer loop
      vertex 0 50 20
      vertex 5.50239 87.0941 20
      vertex 3.67564 87.3194 20
    endloop
  endfacet
  facet normal 0.122411 0.99248 0
    outer loop
      vertex 5.50239 87.0941 -20
      vertex 3.67564 87.3194 -20
      vertex 3.67564 87.3194 20
    endloop
  endfacet
  facet normal 0.122411 0.99248 0
    outer loop
      vertex 5.50239 87.0941 -20
      vertex 3.67564 87.3194 20
      vertex 5.50239 87.0941 20
    endloop
  endfacet
  facet normal 0 0 -1
    outer loop
      vertex 0 50 -20
      vertex 1.84004 87.4548 -20
      vertex 3.67564 87.3194 -20
    endloop
  endfacet
  facet normal 0 0 1
    outer loop
      vertex 0 50 20
      vertex 3.67564 87.3194 20
      vertex 1.84004 87.4548 20
    endloop
  endfacet
  facet normal 0.0735646 0.99729 0
    outer loop
      vertex 3.67564 87.3194 -20
      vertex 1.84004 87.4548 -20
      vertex 1.84004 87.4548 20
    endloop
  endfacet
  facet normal 0.0735646 0.99729 0
    outer loop
      vertex 3.67564 87.3194 -20
      vertex 1.84004 87.4548 20
      vertex 3.67564 87.3194 20
    endloop
  endfacet
  facet normal 0 0 -1
    outer loop
      vertex 0 50 -20
      vertex 2.29621e-15 87.5 -20
      vertex 1.84004 87.4548 -20
    endloop
  endfacet
  facet normal 0 0 1
    outer loop
      vertex 0 50 20
      vertex 1.84004 87.4548 20
      vertex 2.29621e-15 87.5 20
    endloop
  endfacet
  facet normal 0.0245412 0.999699 0
    outer loop
      vertex 1.84004 87.4548 -20
      vertex 2.29621e-15 87.5 -20
      vertex 2.29621e-15 87.5 20
    endloop
  endfacet
  facet normal 0.0245412 0.999699 0
    outer loop
      vertex 1.84004 87.4548 -20
      vertex 2.29621e-15 87.5 20
      vertex 1.84004 87.4548 20
    endloop
  endfacet
  facet normal 0 0 -1
    outer loop
      vertex 0 50 -20
      vertex -1.84004 87.4548 -20
      vertex 2.29621e-15 87.5 -20
    endloop
  endfacet
  facet normal 0 0 1
    outer loop
      vertex 0 50 20
      vertex 2.29621e-15 87.5 20
      vertex -1.84004 87.4548 20
    endloop
  endfacet
  facet normal -0.0245412 0.999699 0
    outer loop
      vertex 2.29621e-15 87.5 -20
      vertex -1.84004 87.4548 -20
      vertex -1.84004 87.4548 20
    endloop
  endfacet
  facet normal -0.0245412 0.999699 0
    outer loop
      vertex 2.29621e-15 87.5 -20
      vertex -1.84004 87.4548 20
      vertex 2.29621e-15 87.5 20
    endloop
  endfacet
  facet normal 0 0 -1
    outer loop
      vertex 0 50 -20
      vertex -3.67564 87.3194 -20
      vertex -1.84004 87.4548 -20
    endloop
  endfacet
  facet normal 0 0 1
    outer loop
      vertex 0 50 20
      vertex -1.84004 87.4548 20
      vertex -3.67564 87.3194 20
    endloop
  endfacet
  facet normal -0.0735646 0.99729 0
    outer loop
      vertex -1.84004 87.4548 -20
      vertex -3.67564 87.3194 -20
      vertex -3.67564 87.3194 20
    endloop
  endfacet
  facet normal -0.0735646 0.99729 0
    outer loop
      vertex -1.84004 87.4548 -20
      vertex -3.67564 87.3194 20
      vertex -1.84004 87.4548 20
    endloop
  endfacet
  facet normal 0 0 -1
    outer loop
      vertex 0 50 -20
      vertex -5.50239 87.0941 -20
      vertex -3.67564 87.3194 -20
    endloop
  endfacet
  facet normal 0 0 1
    outer loop
      vertex 0 50 20
      vertex -3.67564 87.3194 20
      vertex -5.50239 87.0941 20
    endloop
  endfacet
  facet normal -0.122411 0.99248 0
    outer loop
      vertex -3.67564 87.3194 -20
      vertex -5.50239 87.0941 -20
      vertex -5.50239 87.0941 20
    endloop
  endfacet
  facet normal -0.122411 0.99248 0
    outer loop
      vertex -3.67564 87.3194 -20
      vertex -5.50239 87.0941 20
      vertex -3.67564 87.3194 20
    endloop
  endfacet
  facet normal 0 0 -1
    outer loop
      vertex 0 50 -20
      vertex -7.31589 86.7794 -20
      vertex -5.50239 87.0941 -20
    endloop
  endfacet
  facet normal 0 0 1
    outer loop
      vertex 0 50 20
      vertex -5.50239 87.0941 20
      vertex -7.31589 86.7794 20
    endloop
  endfacet
  facet normal -0.170962 0.985278 0
    outer loop
      vertex -5.50239 87.0941 -20
      vertex -7.31589 86.7794 -20
      vertex -7.31589 86.7794 20
    endloop
  endfacet
  facet normal -0.170962 0.985278 0
    outer loop
      vertex -5.50239 87.0941 -20
      vertex -7.31589 86.7794 20
      vertex -5.50239 87.0941 20
    endloop
  endfacet
  facet normal 0 0 -1
    outer loop
      vertex 0 50 -20
      vertex -9.11176 86.3762 -20
      vertex -7.31589 86.7794 -20
    endloop
  endfacet
  facet normal 0 0 1
    outer loop
      vertex 0 50 20
      vertex -7.31589 86.7794 20
      vertex -9.11176 86.3762 20
    endloop
  endfacet
  facet normal -0.219101 0.975702 0
    outer loop
      vertex -7.31589 86.7794 -20
      vertex -9.11176 86.3762 -20
      vertex -9.11176 86.3762 20
    endloop
  endfacet
  facet normal -0.219101 0.975702 0
    outer loop
      vertex -7.31589 86.7794 -20
      vertex -9.11176 86.3762 20
      vertex -7.31589 86.7794 20
    endloop
  endfacet
  facet normal 0 0 -1
    outer loop
      vertex 0 50 -20
      vertex -10.8857 85.8853 -20
      vertex -9.11176 86.3762 -20
    endloop
  endfacet
  facet normal 0 0 1
    outer loop
      vertex 0 50 20
      vertex -9.11176 86.3762 20
      vertex -10.8857 85.8853 20
    endloop
  endfacet
  facet normal -0.266713 0.963776 0
    outer loop
      vertex -9.11176 86.3762 -20
      vertex -10.8857 85.8853 -20
      vertex -10.8857 85.8853 20
    endloop
  endfacet
  facet normal -0.266713 0.963776 0
    outer loop
      vertex -9.11176 86.3762 -20
      vertex -10.8857 85.8853 20
      vertex -9.11176 86.3762 20
    endloop
  endfacet
  facet normal 0 0 -1
    outer loop
      vertex 0 50 -20
      vertex -12.6334 85.3079 -20
      vertex -10.8857 85.8853 -20
    endloop
  endfacet
  facet normal 0 0 1
    outer loop
      vertex 0 50 20
      vertex -10.8857 85.8853 20
      vertex -12.6334 85.3079 20
    endloop
  endfacet
  facet normal -0.313682 0.949528 0
    outer loop
      vertex -10.8857 85.8853 -20
      vertex -12.6334 85.3079 -20
      vertex -12.6334 85.3079 20
    endloop
  endfacet
  facet normal -0.313682 0.949528 0
    outer loop
      vertex -10.8857 85.8853 -20
      vertex -12.6334 85.3079 20
      vertex -10.8857 85.8853 20
    endloop
  endfacet
  facet normal 0 0 -1
    outer loop
      vertex 0 50 -20
      vertex -14.3506 84.6455 -20
      vertex -12.6334 85.3079 -20
    endloop
  endfacet
  facet normal 0 0 1
    outer loop
      vertex 0 50 20
      vertex -12.6334 85.3079 20
      vertex -14.3506 84.6455 20
    endloop
  endfacet
  facet normal -0.359895 0.932993 0
    outer loop
      vertex -12.6334 85.3079 -20
      vertex -14.3506 84.6455 -20
      vertex -14.3506 84.6455 20
    endloop
  endfacet
  facet normal -0.359895 0.932993 0
    outer loop
      vertex -12.6334 85.3079 -20
      vertex -14.3506 84.6455 20
      vertex -12.6334 85.3079 20
    endloop
  endfacet
  facet normal 0 0 -1
    outer loop
      vertex 0 50 -20
      vertex -16.0333 83.8996 -20
      vertex -14.3506 84.6455 -20
    endloop
  endfacet
  facet normal 0 0 1
    outer loop
      vertex 0 50 20
      vertex -14.3506 84.6455 20
      vertex -16.0333 83.8996 20
    endloop
  endfacet
  facet normal -0.405241 0.91421 0
    outer loop
      vertex -14.3506 84.6455 -20
      vertex -16.0333 83.8996 -20
      vertex -16.0333 83.8996 20
    endloop
  endfacet
  facet normal -0.405241 0.91421 0
    outer loop
      vertex -14.3506 84.6455 -20
      vertex -16.0333 83.8996 20
      vertex -14.3506 84.6455 20
    endloop
  endfacet
  facet normal 0 0 -1
    outer loop
      vertex 0 50 -20
      vertex -17.6774 83.072 -20
      vertex -16.0333 83.8996 -20
    endloop
  endfacet
  facet normal 0 0 1
    outer loop
      vertex 0 50 20
      vertex -16.0333 83.8996 20
      vertex -17.6774 83.072 20
    endloop
  endfacet
  facet normal -0.449611 0.893224 0
    outer loop
      vertex -16.0333 83.8996 -20
      vertex -17.6774 83.072 -20
      vertex -17.6774 83.072 20
    endloop
  endfacet
  facet normal -0.449611 0.893224 0
    outer loop
      vertex -16.0333 83.8996 -20
      vertex -17.6774 83.072 20
      vertex -16.0333 83.8996 20
    endloop
  endfacet
  facet normal 0 0 -1
    outer loop
      vertex 0 50 -20
      vertex -19.2789 82.1648 -20
      vertex -17.6774 83.072 -20
    endloop
  endfacet
  facet normal 0 0 1
    outer loop
      vertex 0 50 20
      vertex -17.6774 83.072 20
      vertex -19.2789 82.1648 20
    endloop
  endfacet
  facet normal -0.492898 0.870087 0
    outer loop
      vertex -17.6774 83.072 -20
      vertex -19.2789 82.1648 -20
      vertex -19.2789 82.1648 20
    endloop
  endfacet
  facet normal -0.492898 0.870087 0
    outer loop
      vertex -17.6774 83.072 -20
      vertex -19.2789 82.1648 20
      vertex -17.6774 83.072 20
    endloop
  endfacet
  facet normal 0 0 -1
    outer loop
      vertex 0 50 -20
      vertex -20.8339 81.1801 -20
      vertex -19.2789 82.1648 -20
    endloop
  endfacet
  facet normal 0 0 1
    outer loop
      vertex 0 50 20
      vertex -19.2789 82.1648 20
      vertex -20.8339 81.1801 20
    endloop
  endfacet
  facet normal -0.534998 0.844854 0
    outer loop
      vertex -19.2789 82.1648 -20
      vertex -20.8339 81.1801 -20
      vertex -20.8339 81.1801 20
    endloop
  endfacet
  facet normal -0.534998 0.844854 0
    outer loop
      vertex -19.2789 82.1648 -20
      vertex -20.8339 81.1801 20
      vertex -19.2789 82.1648 20
    endloop
  endfacet
  facet normal 0 0 -1
    outer loop
      vertex 0 50 -20
      vertex -22.3387 80.1203 -20
      vertex -20.8339 81.1801 -20
    endloop
  endfacet
  facet normal 0 0 1
    outer loop
      vertex 0 50 20
      vertex -20.8339 81.1801 20
      vertex -22.3387 80.1203 20
    endloop
  endfacet
  facet normal -0.575808 0.817585 0
    outer loop
      vertex -20.8339 81.1801 -20
      vertex -22.3387 80.1203 -20
      vertex -22.3387 80.1203 20
    endloop
  endfacet
  facet normal -0.575808 0.817585 0
    outer loop
      vertex -20.8339 81.1801 -20
      vertex -22.3387 80.1203 20
      vertex -20.8339 81.1801 20
    endloop
  endfacet
  facet normal 0 0 -1
    outer loop
      vertex 0 50 -20
      vertex -23.7897 78.9879 -20
      vertex -22.3387 80.1203 -20
    endloop
  endfacet
  facet normal 0 0 1
    outer loop
      vertex 0 50 20
      vertex -22.3387 80.1203 20
      vertex -23.7897 78.9879 20
    endloop
  endfacet
  facet normal -0.615232 0.788346 0
    outer loop
      vertex -22.3387 80.1203 -20
      vertex -23.7897 78.9879 -20
      vertex -23.7897 78.9879 20
    endloop
  endfacet
  facet normal -0.615232 0.788346 0
    outer loop
      vertex -22.3387 80.1203 -20
      vertex -23.7897 78.9879 20
      vertex -22.3387 80.1203 20
    endloop
  endfacet
  facet normal 0 0 -1
    outer loop
      vertex 0 50 -20
      vertex -25.1835 77.7857 -20
      vertex -23.7897 78.9879 -20
    endloop
  endfacet
  facet normal 0 0 1
    outer loop
      vertex 0 50 20
      vertex -23.7897 78.9879 20
      vertex -25.1835 77.7857 20
    endloop
  endfacet
  facet normal -0.653173 0.757209 0
    outer loop
      vertex -23.7897 78.9879 -20
      vertex -25.1835 77.7857 -20
      vertex -25.1835 77.7857 20
    endloop
  endfacet
  facet normal -0.653173 0.757209 0
    outer loop
      vertex -23.7897 78.9879 -20
      vertex -25.1835 77.7857 20
      vertex -23.7897 78.9879 20
    endloop
  endfacet
  facet normal 0 0 -1
    outer loop
      vertex 0 50 -20
      vertex -26.5165 76.5165 -20
      vertex -25.1835 77.7857 -20
    endloop
  endfacet
  facet normal 0 0 1
    outer loop
      vertex 0 50 20
      vertex -25.1835 77.7857 20
      vertex -26.5165 76.5165 20
    endloop
  endfacet
  facet normal -0.689541 0.724247 0
    outer loop
      vertex -25.1835 77.7857 -20
      vertex -26.5165 76.5165 -20
      vertex -26.5165 76.5165 20
    endloop
  endfacet
  facet normal -0.689541 0.724247 0
    outer loop
      vertex -25.1835 77.7857 -20
      vertex -26.5165 76.5165 20
      vertex -25.1835 77.7857 20
    endloop
  endfacet
  facet normal 0 0 -1
    outer loop
      vertex 0 50 -20
      vertex -27.7857 75.1835 -20
      vertex -26.5165 76.5165 -20
    endloop
  endfacet
  facet normal 0 0 1
    outer loop
      vertex 0 50 20
      vertex -26.5165 76.5165 20
      vertex -27.7857 75.1835 20
    endloop
  endfacet
  facet normal -0.724247 0.689541 0
    outer loop
      vertex -26.5165 76.5165 -20
      vertex -27.7857 75.1835 -20
      vertex -27.7857 75.1835 20
    endloop
  endfacet
  facet normal -0.724247 0.689541 0
    outer loop
      vertex -26.5165 76.5165 -20
      vertex -27.7857 75.1835 20
      vertex -26.5165 76.5165 20
    endloop
  endfacet
  facet normal 0 0 -1
    outer loop
      vertex 0 50 -20
      vertex -28.9879 73.7897 -20
      vertex -27.7857 75.1835 -20
    endloop
  endfacet
  facet normal 0 0 1
    outer loop
      vertex 0 50 20
      vertex -27.7857 75.1835 20
      vertex -28.9879 73.7897 20
    endloop
  endfacet
  facet normal -0.757209 0.653173 0
    outer loop
      vertex -27.7857 75.1835 -20
      vertex -28.9879 73.7897 -20
      vertex -28.9879 73.7897 20
    endloop
  endfacet
  facet normal -0.757209 0.653173 0
    outer loop
      vertex -27.7857 75.1835 -20
      vertex -28.9879 73.7897 20
      vertex -27.7857 75.1835 20
    endloop
  endfacet
  facet normal 0 0 -1
    outer loop
      vertex 0 50 -20
      vertex -30.1203 72.3387 -20
      vertex -28.9879 73.7897 -20
    endloop
  endfacet
  facet normal 0 0 1
    outer loop
      vertex 0 50 20
      vertex -28.9879 73.7897 20
      vertex -30.1203 72.3387 20
    endloop
  endfacet
  facet normal -0.788346 0.615232 0
    outer loop
      vertex -28.9879 73.7897 -20
      vertex -30.1203 72.3387 -20
      vertex -30.1203 72.3387 20
    endloop
  endfacet
  facet normal -0.788346 0.615232 0
    outer loop
      vertex -28.9879 73.7897 -20
      vertex -30.1203 72.3387 20
      vertex -28.9879 73.7897 20
    endloop
  endfacet
  facet normal 0 0 -1
    outer loop
      vertex 0 50 -20
      vertex -31.1801 70.8339 -20
      vertex -30.1203 72.3387 -20
    endloop
  endfacet
  facet normal 0 0 1
    outer loop
      vertex 0 50 20
      vertex -30.1203 72.3387 20
      vertex -31.1801 70.8339 20
    endloop
  endfacet
  facet normal -0.817585 0.575808 0
    outer loop
      vertex -30.1203 72.3387 -20
      vertex -31.1801 70.8339 -20
      vertex -31.1801 70.8339 20
    endloop
  endfacet
  facet normal -0.817585 0.575808 0
    outer loop
      vertex -30.1203 72.3387 -20
      vertex -31.1801 70.8339 20
      vertex -30.1203 72.3387 20
    endloop
  endfacet
  facet normal 0 0 -1
    outer loop
      vertex 0 50 -20
      vertex -32.1648 69.2789 -20
      vertex -31.1801 70.8339 -20
    endloop
  endfacet
  facet normal 0 0 1
    outer loop
      vertex 0 50 20
      vertex -31.1801 70.8339 20
      vertex -32.1648 69.2789 20
    endloop
  endfacet
  facet normal -0.844854 0.534998 0
    outer loop
      vertex -31.1801 70.8339 -20
      vertex -32.1648 69.2789 -20
      vertex -32.1648 69.2789 20
    endloop
  endfacet
  facet normal -0.844854 0.534998 0
    outer loop
      vertex -31.1801 70.8339 -20
      vertex -32.1648 69.2789 20
      vertex -31.1801 70.8339 20
    endloop
  endfacet
  facet normal 0 0 -1
    outer loop
      vertex 0 50 -20
      vertex -33.072 67.6774 -20
      vertex -32.1648 69.2789 -20
    endloop
  endfacet
  facet normal 0 0 1
    outer loop
      vertex 0 50 20
      vertex -32.1648 69.2789 20
      vertex -33.072 67.6774 20
    endloop
  endfacet
  facet normal -0.870087 0.492898 0
    outer loop
      vertex -32.1648 69.2789 -20
      vertex -33.072 67.6774 -20
      vertex -33.072 67.6774 20
    endloop
  endfacet
  facet normal -0.870087 0.492898 0
    outer loop
      vertex -32.1648 69.2789 -20
      vertex -33.072 67.6774 20
      vertex -32.1648 69.2789 20
    endloop
  endfacet
  facet normal 0 0 -1
    outer loop
      vertex 0 50 -20
      vertex -33.8996 66.0333 -20
      vertex -33.072 67.6774 -20
    endloop
  endfacet
  facet normal 0 0 1
    outer loop
      vertex 0 50 20
      vertex -33.072 67.6774 20
      vertex -33.8996 66.0333 20
    endloop
  endfacet
  facet normal -0.893224 0.449611 0
    outer loop
      vertex -33.072 67.6774 -20
      vertex -33.8996 66.0333 -20
      vertex -33.8996 66.0333 20
    endloop
  endfacet
  facet normal -0.893224 0.449611 0
    outer loop
      vertex -33.072 67.6774 -20
      vertex -33.8996 66.0333 20
      vertex -33.072 67.6774 20
    endloop
  endfacet
  facet normal 0 0 -1
    outer loop
      vertex 0 50 -20
      vertex -34.6455 64.3506 -20
      vertex -33.8996 66.0333 -20
    endloop
  endfacet
  facet normal 0 0 1
    outer loop
      vertex 0 50 20
      vertex -33.8996 66.0333 20
      vertex -34.6455 64.3506 20
    endloop
  endfacet
  facet normal -0.91421 0.405241 0
    outer loop
      vertex -33.8996 66.0333 -20
      vertex -34.6455 64.3506 -20
      vertex -34.6455 64.3506 20
    endloop
  endfacet
  facet normal -0.91421 0.405241 0
    outer loop
      vertex -33.8996 66.0333 -20
      vertex -34.6455 64.3506 20
      vertex -33.8996 66.0333 20
    endloop
  endfacet
  facet normal 0 0 -1
    outer loop
      vertex 0 50 -20
      vertex -35.3079 62.6334 -20
      vertex -34.6455 64.3506 -20
    endloop
  endfacet
  facet normal 0 0 1
    outer loop
      vertex 0 50 20
      vertex -34.6455 64.3506 20
      vertex -35.3079 62.6334 20
    endloop
  endfacet
  facet normal -0.932993 0.359895 0
    outer loop
      vertex -34.6455 64.3506 -20
      vertex -35.3079 62.6334 -20
      vertex -35.3079 62.6334 20
    endloop
  endfacet
  facet normal -0.932993 0.359895 0
    outer loop
      vertex -34.6455 64.3506 -20
      vertex -35.3079 62.6334 20
      vertex -34.6455 64.3506 20
    endloop
  endfacet
  facet normal 0 0 -1
    outer loop
      vertex 0 50 -20
      vertex -35.8853 60.8857 -20
      vertex -35.3079 62.6334 -20
    endloop
  endfacet
  facet normal 0 0 1
    outer loop
      vertex 0 50 20
      vertex -35.3079 62.6334 20
      vertex -35.8853 60.8857 20
    endloop
  endfacet
  facet normal -0.949528 0.313682 0
    outer loop
      vertex -35.3079 62.6334 -20
      vertex -35.8853 60.8857 -20
      vertex -35.8853 60.8857 20
    endloop
  endfacet
  facet normal -0.949528 0.313682 0
    outer loop
      vertex -35.3079 62.6334 -20
      vertex -35.8853 60.8857 20
      vertex -35.3079 62.6334 20
    endloop
  endfacet
  facet normal 0 0 -1
    outer loop
      vertex 0 50 -20
      vertex -36.3762 59.1118 -20
      vertex -35.8853 60.8857 -20
    endloop
  endfacet
  facet normal 0 0 1
    outer loop
      vertex 0 50 20
      vertex -35.8853 60.8857 20
      vertex -36.3762 59.1118 20
    endloop
  endfacet
  facet normal -0.963776 0.266713 0
    outer loop
      vertex -35.8853 60.8857 -20
      vertex -36.3762 59.1118 -20
      vertex -36.3762 59.1118 20
    endloop
  endfacet
  facet normal -0.963776 0.266713 0
    outer loop
      vertex -35.8853 60.8857 -20
      vertex -36.3762 59.1118 20
      vertex -35.8853 60.8857 20
    endloop
  endfacet
  facet normal 0 0 -1
    outer loop
      vertex 0 50 -20
      vertex -36.7794 57.3159 -20
      vertex -36.3762 59.1118 -20
    endloop
  endfacet
  facet normal 0 0 1
    outer loop
      vertex 0 50 20
      vertex -36.3762 59.1118 20
      vertex -36.7794 57.3159 20
    endloop
  endfacet
  facet normal -0.975702 0.219101 0
    outer loop
      vertex -36.3762 59.1118 -20
      vertex -36.7794 57.3159 -20
      vertex -36.7794 57.3159 20
    endloop
  endfacet
  facet normal -0.975702 0.219101 0
    outer loop
      vertex -36.3762 59.1118 -20
      vertex -36.7794 57.3159 20
      vertex -36.3762 59.1118 20
    endloop
  endfacet
  facet normal 0 0 -1
    outer loop
      vertex 0 50 -20
      vertex -37.0941 55.5024 -20
      vertex -36.7794 57.3159 -20
    endloop
  endfacet
  facet normal 0 0 1
    outer loop
      vertex 0 50 20
      vertex -36.7794 57.3159 20
      vertex -37.0941 55.5024 20
    endloop
  endfacet
  facet normal -0.985278 0.170962 0
    outer loop
      vertex -36.7794 57.3159 -20
      vertex -37.0941 55.5024 -20
      vertex -37.0941 55.5024 20
    endloop
  endfacet
  facet normal -0.985278 0.170962 0
    outer loop
      vertex -36.7794 57.3159 -20
      vertex -37.0941 55.5024 20
      vertex -36.7794 57.3159 20
    endloop
  endfacet
  facet normal 0 0 -1
    outer loop
      vertex 0 50 -20
      vertex -37.3194 53.6756 -20
      vertex -37.0941 55.5024 -20
    endloop
  endfacet
  facet normal 0 0 1
    outer loop
      vertex 0 50 20
      vertex -37.0941 55.5024 20
      vertex -37.3194 53.6756 20
    endloop
  endfacet
  facet normal -0.99248 0.122411 0
    outer loop
      vertex -37.0941 55.5024 -20
      vertex -37.3194 53.6756 -20
      vertex -37.3194 53.6756 20
    endloop
  endfacet
  facet normal -0.99248 0.122411 0
    outer loop
      vertex -37.0941 55.5024 -20
      vertex -37.3194 53.6756 20
      vertex -37.0941 55.5024 20
    endloop
  endfacet
  facet normal 0 0 -1
    outer loop
      vertex 0 50 -20
      vertex -37.4548 51.84 -20
      vertex -37.3194 53.6756 -20
    endloop
  endfacet
  facet normal 0 0 1
    outer loop
      vertex 0 50 20
      vertex -37.3194 53.6756 20
      vertex -37.4548 51.84 20
    endloop
  endfacet
  facet normal -0.99729 0.0735646 0
    outer loop
      vertex -37.3194 53.6756 -20
      vertex -37.4548 51.84 -20
      vertex -37.4548 51.84 20
    endloop
  endfacet
  facet normal -0.99729 0.0735646 0
    outer loop
      vertex -37.3194 53.6756 -20
      vertex -37.4548 51.84 20
      vertex -37.3194 53.6756 20
    endloop
  endfacet
  facet normal 0 0 -1
    outer loop
      vertex 0 50 -20
      vertex -37.5 50 -20
      vertex -37.4548 51.84 -20
    endloop
  endfacet
  facet normal 0 0 1
    outer loop
      vertex 0 50 20
      vertex -37.4548 51.84 20
      vertex -37.5 50 20
    endloop
  endfacet
  facet normal -0.999699 0.0245412 0
    outer loop
      vertex -37.4548 51.84 -20
      vertex -37.5 50 -20
      vertex -37.5 50 20
    endloop
  endfacet
  facet normal -0.999699 0.0245412 0
    outer loop
      vertex -37.4548 51.84 -20
      vertex -37.5 50 20
      vertex -37.4548 51.84 20
    endloop
  endfacet
  facet normal 0 0 -1
    outer loop
      vertex 0 50 -20
      vertex -37.4548 48.16 -20
      vertex -37.5 50 -20
    endloop
  endfacet
  facet normal 0 0 1
    outer loop
      vertex 0 50 20
      vertex -37.5 50 20
      vertex -37.4548 48.16 20
    endloop
  endfacet
  facet normal -0.999699 -0.0245412 0
    outer loop
      vertex -37.5 50 -20
      vertex -37.4548 48.16 -20
      vertex -37.4548 48.16 20
    endloop
  endfacet
  facet normal -0.999699 -0.0245412 0
    outer loop
      vertex -37.5 50 -20
      vertex -37.4548 48.16 20
      vertex -37.5 50 20
    endloop
  endfacet
  facet normal 0 0 -1
    outer loop
      vertex 0 50 -20
      vertex -37.3194 46.3244 -20
      vertex -37.4548 48.16 -20
    endloop
  endfacet
  facet normal 0 0 1
    outer loop
      vertex 0 50 20
      vertex -37.4548 48.16 20
      vertex -37.3194 46.3244 20
    endloop
  endfacet
  facet normal -0.99729 -0.0735646 0
    outer loop
      vertex -37.4548 48.16 -20
      vertex -37.3194 46.3244 -20
      vertex -37.3194 46.3244 20
    endloop
  endfacet
  facet normal -0.99729 -0.0735646 0
    outer loop
      vertex -37.4548 48.16 -20
      vertex -37.3194 46.3244 20
      vertex -37.4548 48.16 20
    endloop
  endfacet
  facet normal 0 0 -1
    outer loop
      vertex 0 50 -20
      vertex -37.0941 44.4976 -20
      vertex -37.3194 46.3244 -20
    endloop
  endfacet
  facet normal 0 0 1
    outer loop
      vertex 0 50 20
      vertex -37.3194 46.3244 20
      vertex -37.0941 44.4976 20
    endloop
  endfacet
  facet normal -0.99248 -0.122411 0
    outer loop
      vertex -37.3194 46.3244 -20
      vertex -37.0941 44.4976 -20
      vertex -37.0941 44.4976 20
    endloop
  endfacet
  facet normal -0.99248 -0.122411 0
    outer loop
      vertex -37.3194 46.3244 -20
      vertex -37.0941 44.4976 20
      vertex -37.3194 46.3244 20
    endloop
  endfacet
  facet normal 0 0 -1
    outer loop
      vertex 0 50 -20
      vertex -36.7794 42.6841 -20
      vertex -37.0941 44.4976 -20
    endloop
  endfacet
  facet normal 0 0 1
    outer loop
      vertex 0 50 20
      vertex -37.0941 44.4976 20
      vertex -36.7794 42.6841 20
    endloop
  endfacet
  facet normal -0.985278 -0.170962 0
    outer loop
      vertex -37.0941 44.4976 -20
      vertex -36.7794 42.6841 -20
      vertex -36.7794 42.6841 20
    endloop
  endfacet
  facet normal -0.985278 -0.170962 0
    outer loop
      vertex -37.0941 44.4976 -20
      vertex -36.7794 42.6841 20
      vertex -37.0941 44.4976 20
    endloop
  endfacet
  facet normal 0 0 -1
    outer loop
      vertex 0 50 -20
      vertex -36.3762 40.8882 -20
      vertex -36.7794 42.6841 -20
    endloop
  endfacet
  facet normal 0 0 1
    outer loop
      vertex 0 50 20
      vertex -36.7794 42.6841 20
      vertex -36.3762 40.8882 20
    endloop
  endfacet
  facet normal -0.975702 -0.219101 0
    outer loop
      vertex -36.7794 42.6841 -20
      vertex -36.3762 40.8882 -20
      vertex -36.3762 40.8882 20
    endloop
  endfacet
  facet normal -0.975702 -0.219101 0
    outer loop
      vertex -36.7794 42.6841 -20
      vertex -36.3762 40.8882 20
      vertex -36.7794 42.6841 20
    endloop
  endfacet
  facet normal 0 0 -1
    outer loop
      vertex 0 50 -20
      vertex -35.8853 39.1143 -20
      vertex -36.3762 40.8882 -20
    endloop
  endfacet
  facet normal 0 0 1
    outer loop
      vertex 0 50 20
      vertex -36.3762 40.8882 20
      vertex -35.8853 39.1143 20
    endloop
  endfacet
  facet normal -0.963776 -0.266713 0
    outer loop
      vertex -36.3762 40.8882 -20
      vertex -35.8853 39.1143 -20
      vertex -35.8853 39.1143 20
    endloop
  endfacet
  facet normal -0.963776 -0.266713 0
    outer loop
      vertex -36.3762 40.8882 -20
      vertex -35.8853 39.1143 20
      vertex -36.3762 40.8882 20
    endloop
  endfacet
  facet normal 0 0 -1
    outer loop
      vertex 0 50 -20
      vertex -35.3079 37.3666 -20
      vertex -35.8853 39.1143 -20
    endloop
  endfacet
  facet normal 0 0 1
    outer loop
      vertex 0 50 20
      vertex -35.8853 39.1143 20
      vertex -35.3079 37.3666 20
    endloop
  endfacet
  facet normal -0.949528 -0.313682 0
    outer loop
      vertex -35.8853 39.1143 -20
      vertex -35.3079 37.3666 -20
      vertex -35.3079 37.3666 20
    endloop
  endfacet
  facet normal -0.949528 -0.313682 0
    outer loop
      vertex -35.8853 39.1143 -20
      vertex -35.3079 37.3666 20
      vertex -35.8853 39.1143 20
    endloop
  endfacet
  facet normal 0 0 -1
    outer loop
      vertex 0 50 -20
      vertex -34.6455 35.6494 -20
      vertex -35.3079 37.3666 -20
    endloop
  endfacet
  facet normal 0 0 1
    outer loop
      vertex 0 50 20
      vertex -35.3079 37.3666 20
      vertex -34.6455 35.6494 20
    endloop
  endfacet
  facet normal -0.932993 -0.359895 0
    outer loop
      vertex -35.3079 37.3666 -20
      vertex -34.6455 35.6494 -20
      vertex -34.6455 35.6494 20
    endloop
  endfacet
  facet normal -0.932993 -0.359895 0
    outer loop
      vertex -35.3079 37.3666 -20
      vertex -34.6455 35.6494 20
      vertex -35.3079 37.3666 20
    endloop
  endfacet
  facet normal 0 0 -1
    outer loop
      vertex 0 50 -20
      vertex -33.8996 33.9667 -20
      vertex -34.6455 35.6494 -20
    endloop
  endfacet
  facet normal 0 0 1
    outer loop
      vertex 0 50 20
      vertex -34.6455 35.6494 20
      vertex -33.8996 33.9667 20
    endloop
  endfacet
  facet normal -0.91421 -0.405241 0
    outer loop
      vertex -34.6455 35.6494 -20
      vertex -33.8996 33.9667 -20
      vertex -33.8996 33.9667 20
    endloop
  endfacet
  facet normal -0.91421 -0.405241 0
    outer loop
      vertex -34.6455 35.6494 -20
      vertex -33.8996 33.9667 20
      vertex -34.6455 35.6494 20
    endloop
  endfacet
  facet normal 0 0 -1
    outer loop
      vertex 0 50 -20
      vertex -33.072 32.3226 -20
      vertex -33.8996 33.9667 -20
    endloop
  endfacet
  facet normal 0 0 1
    outer loop
      vertex 0 50 20
      vertex -33.8996 33.9667 20
      vertex -33.072 32.3226 20
    endloop
  endfacet
  facet normal -0.893224 -0.449611 0
    outer loop
      vertex -33.8996 33.9667 -20
      vertex -33.072 32.3226 -20
      vertex -33.072 32.3226 20
    endloop
  endfacet
  facet normal -0.893224 -0.449611 0
    outer loop
      vertex -33.8996 33.9667 -20
      vertex -33.072 32.3226 20
      vertex -33.8996 33.9667 20
    endloop
  endfacet
  facet normal 0 0 -1
    outer loop
      vertex 0 50 -20
      vertex -32.1648 30.7211 -20
      vertex -33.072 32.3226 -20
    endloop
  endfacet
  facet normal 0 0 1
    outer loop
      vertex 0 50 20
      vertex -33.072 32.3226 20
      vertex -32.1648 30.7211 20
    endloop
  endfacet
  facet normal -0.870087 -0.492898 0
    outer loop
      vertex -33.072 32.3226 -20
      vertex -32.1648 30.7211 -20
      vertex -32.1648 30.7211 20
    endloop
  endfacet
  facet normal -0.870087 -0.492898 0
    outer loop
      vertex -33.072 32.3226 -20
      vertex -32.1648 30.7211 20
      vertex -33.072 32.3226 20
    endloop
  endfacet
  facet normal 0 0 -1
    outer loop
      vertex 0 50 -20
      vertex -31.1801 29.1661 -20
      vertex -32.1648 30.7211 -20
    endloop
  endfacet
  facet normal 0 0 1
    outer loop
      vertex 0 50 20
      vertex -32.1648 30.7211 20
      vertex -31.1801 29.1661 20
    endloop
  endfacet
  facet normal -0.844854 -0.534998 0
    outer loop
      vertex -32.1648 30.7211 -20
      vertex -31.1801 29.1661 -20
      vertex -31.1801 29.1661 20
    endloop
  endfacet
  facet normal -0.844854 -0.534998 0
    outer loop
      vertex -32.1648 30.7211 -20
      vertex -31.1801 29.1661 20
      vertex -32.1648 30.7211 20
    endloop
  endfacet
  facet normal 0 0 -1
    outer loop
      vertex 0 50 -20
      vertex -30.1203 27.6613 -20
      vertex -31.1801 29.1661 -20
    endloop
  endfacet
  facet normal 0 0 1
    outer loop
      vertex 0 50 20
      vertex -31.1801 29.1661 20
      vertex -30.1203 27.6613 20
    endloop
  endfacet
  facet normal -0.817585 -0.575808 0
    outer loop
      vertex -31.1801 29.1661 -20
      vertex -30.1203 27.6613 -20
      vertex -30.1203 27.6613 20
    endloop
  endfacet
  facet normal -0.817585 -0.575808 0
    outer loop
      vertex -31.1801 29.1661 -20
      vertex -30.1203 27.6613 20
      vertex -31.1801 29.1661 20
    endloop
  endfacet
  facet normal 0 0 -1
    outer loop
      vertex 0 50 -20
      vertex -28.9879 26.2103 -20
      vertex -30.1203 27.6613 -20
    endloop
  endfacet
  facet normal 0 0 1
    outer loop
      vertex 0 50 20
      vertex -30.1203 27.6613 20
      vertex -28.9879 26.2103 20
    endloop
  endfacet
  facet normal -0.788346 -0.615232 0
    outer loop
      vertex -30.1203 27.6613 -20
      vertex -28.9879 26.2103 -20
      vertex -28.9879 26.2103 20
    endloop
  endfacet
  facet normal -0.788346 -0.615232 0
    outer loop
      vertex -30.1203 27.6613 -20
      vertex -28.9879 26.2103 20
      vertex -30.1203 27.6613 20
    endloop
  endfacet
  facet normal 0 0 -1
    outer loop
      vertex 0 50 -20
      vertex -27.7857 24.8165 -20
      vertex -28.9879 26.2103 -20
    endloop
  endfacet
  facet normal 0 0 1
    outer loop
      vertex 0 50 20
      vertex -28.9879 26.2103 20
      vertex -27.7857 24.8165 20
    endloop
  endfacet
  facet normal -0.757209 -0.653173 0
    outer loop
      vertex -28.9879 26.2103 -20
      vertex -27.7857 24.8165 -20
      vertex -27.7857 24.8165 20
    endloop
  endfacet
  facet normal -0.757209 -0.653173 0
    outer loop
      vertex -28.9879 26.2103 -20
      vertex -27.7857 24.8165 20
      vertex -28.9879 26.2103 20
    endloop
  endfacet
  facet normal 0 0 -1
    outer loop
      vertex 0 50 -20
      vertex -26.5165 23.4835 -20
      vertex -27.7857 24.8165 -20
    endloop
  endfacet
  facet normal 0 0 1
    outer loop
      vertex 0 50 20
      vertex -27.7857 24.8165 20
      vertex -26.5165 23.4835 20
    endloop
  endfacet
  facet normal -0.724247 -0.689541 0
    outer loop
      vertex -27.7857 24.8165 -20
      vertex -26.5165 23.4835 -20
      vertex -26.5165 23.4835 20
    endloop
  endfacet
  facet normal -0.724247 -0.689541 0
    outer loop
      vertex -27.7857 24.8165 -20
      vertex -26.5165 23.4835 20
      vertex -27.7857 24.8165 20
    endloop
  endfacet
  facet normal 0 0 -1
    outer loop
      vertex 0 50 -20
      vertex -25.1835 22.2143 -20
      vertex -26.5165 23.4835 -20
    endloop
  endfacet
  facet normal 0 0 1
    outer loop
      vertex 0 50 20
      vertex -26.5165 23.4835 20
      vertex -25.1835 22.2143 20
    endloop
  endfacet
  facet normal -0.689541 -0.724247 0
    outer loop
      vertex -26.5165 23.4835 -20
      vertex -25.1835 22.2143 -20
      vertex -25.1835 22.2143 20
    endloop
  endfacet
  facet normal -0.689541 -0.724247 0
    outer loop
      vertex -26.5165 23.4835 -20
      vertex -25.1835 22.2143 20
      vertex -26.5165 23.4835 20
    endloop
  endfacet
  facet normal 0 0 -1
    outer loop
      vertex 0 50 -20
      vertex -23.7897 21.0121 -20
      vertex -25.1835 22.2143 -20
    endloop
  endfacet
  facet normal 0 0 1
    outer loop
      vertex 0 50 20
      vertex -25.1835 22.2143 20
      vertex -23.7897 21.0121 20
    endloop
  endfacet
  facet normal -0.653173 -0.757209 0
    outer loop
      vertex -25.1835 22.2143 -20
      vertex -23.7897 21.0121 -20
      vertex -23.7897 21.0121 20
    endloop
  endfacet
  facet normal -0.653173 -0.757209 0
    outer loop
      vertex -25.1835 22.2143 -20
      vertex -23.7897 21.0121 20
      vertex -25.1835 22.2143 20
    endloop
  endfacet
  facet normal 0 0 -1
    outer loop
      vertex 0 50 -20
      vertex -22.3387 19.8797 -20
      vertex -23.7897 21.0121 -20
    endloop
  endfacet
  facet normal 0 0 1
    outer loop
      vertex 0 50 20
      vertex -23.7897 21.0121 20
      vertex -22.3387 19.8797 20
    endloop
  endfacet
  facet normal -0.615232 -0.788346 0
    outer loop
      vertex -23.7897 21.0121 -20
      vertex -22.3387 19.8797 -20
      vertex -22.3387 19.8797 20
    endloop
  endfacet
  facet normal -0.615232 -0.788346 0
    outer loop
      vertex -23.7897 21.0121 -20
      vertex -22.3387 19.8797 20
      vertex -23.7897 21.0121 20
    endloop
  endfacet
  facet normal 0 0 -1
    outer loop
      vertex 0 50 -20
      vertex -20.8339 18.8199 -20
      vertex -22.3387 19.8797 -20
    endloop
  endfacet
  facet normal 0 0 1
    outer loop
      vertex 0 50 20
      vertex -22.3387 19.8797 20
      vertex -20.8339 18.8199 20
    endloop
  endfacet
  facet normal -0.575808 -0.817585 0
    outer loop
      vertex -22.3387 19.8797 -20
      vertex -20.8339 18.8199 -20
      vertex -20.8339 18.8199 20
    endloop
  endfacet
  facet normal -0.575808 -0.817585 0
    outer loop
      vertex -22.3387 19.8797 -20
      vertex -20.8339 18.8199 20
      vertex -22.3387 19.8797 20
    endloop
  endfacet
  facet normal 0 0 -1
    outer loop
      vertex 0 50 -20
      vertex -19.2789 17.8352 -20
      vertex -20.8339 18.8199 -20
    endloop
  endfacet
  facet normal 0 0 1
    outer loop
      vertex 0 50 20
      vertex -20.8339 18.8199 20
      vertex -19.2789 17.8352 20
    endloop
  endfacet
  facet normal -0.534998 -0.844854 0
    outer loop
      vertex -20.8339 18.8199 -20
      vertex -19.2789 17.8352 -20
      vertex -19.2789 17.8352 20
    endloop
  endfacet
  facet normal -0.534998 -0.844854 0
    outer loop
      vertex -20.8339 18.8199 -20
      vertex -19.2789 17.8352 20
      vertex -20.8339 18.8199 20
    endloop
  endfacet
  facet normal 0 0 -1
    outer loop
      vertex 0 50 -20
      vertex -17.6774 16.928 -20
      vertex -19.2789 17.8352 -20
    endloop
  endfacet
  facet normal 0 0 1
    outer loop
      vertex 0 50 20
      vertex -19.2789 17.8352 20
      vertex -17.6774 16.928 20
    endloop
  endfacet
  facet normal -0.492898 -0.870087 0
    outer loop
      vertex -19.2789 17.8352 -20
      vertex -17.6774 16.928 -20
      vertex -17.6774 16.928 20
    endloop
  endfacet
  facet normal -0.492898 -0.870087 0
    outer loop
      vertex -19.2789 17.8352 -20
      vertex -17.6774 16.928 20
      vertex -19.2789 17.8352 20
    endloop
  endfacet
  facet normal 0 0 -1
    outer loop
      vertex 0 50 -20
      vertex -16.0333 16.1004 -20
      vertex -17.6774 16.928 -20
    endloop
  endfacet
  facet normal 0 0 1
    outer loop
      vertex 0 50 20
      vertex -17.6774 16.928 20
      vertex -16.0333 16.1004 20
    endloop
  endfacet
  facet normal -0.449611 -0.893224 0
    outer loop
      vertex -17.6774 16.928 -20
      vertex -16.0333 16.1004 -20
      vertex -16.0333 16.1004 20
    endloop
  endfacet
  facet normal -0.449611 -0.893224 0
    outer loop
      vertex -17.6774 16.928 -20
      vertex -16.0333 16.1004 20
      vertex -17.6774 16.928 20
    endloop
  endfacet
  facet normal 0 0 -1
    outer loop
      vertex 0 50 -20
      vertex -14.3506 15.3545 -20
      vertex -16.0333 16.1004 -20
    endloop
  endfacet
  facet normal 0 0 1
    outer loop
      vertex 0 50 20
      vertex -16.0333 16.1004 20
      vertex -14.3506 15.3545 20
    endloop
  endfacet
  facet normal -0.405241 -0.91421 0
    outer loop
      vertex -16.0333 16.1004 -20
      vertex -14.3506 15.3545 -20
      vertex -14.3506 15.3545 20
    endloop
  endfacet
  facet normal -0.405241 -0.91421 0
    outer loop
      vertex -16.0333 16.1004 -20
      vertex -14.3506 15.3545 20
      vertex -16.0333 16.1004 20
    endloop
  endfacet
  facet normal 0 0 -1
    outer loop
      vertex 0 50 -20
      vertex -12.6334 14.6921 -20
      vertex -14.3506 15.3545 -20
    endloop
  endfacet
  facet normal 0 0 1
    outer loop
      vertex 0 50 20
      vertex -14.3506 15.3545 20
      vertex -12.6334 14.6921 20
    endloop
  endfacet
  facet normal -0.359895 -0.932993 0
    outer loop
      vertex -14.3506 15.3545 -20
      vertex -12.6334 14.6921 -20
      vertex -12.6334 14.6921 20
    endloop
  endfacet
  facet normal -0.359895 -0.932993 0
    outer loop
      vertex -14.3506 15.3545 -20
      vertex -12.6334 14.6921 20
      vertex -14.3506 15.3545 20
    endloop
  endfacet
  facet normal 0 0 -1
    outer loop
      vertex 0 50 -20
      vertex -10.8857 14.1147 -20
      vertex -12.6334 14.6921 -20
    endloop
  endfacet
  facet normal 0 0 1
    outer loop
      vertex 0 50 20
      vertex -12.6334 14.6921 20
      vertex -10.8857 14.1147 20
    endloop
  endfacet
  facet normal -0.313682 -0.949528 0
    outer loop
      vertex -12.6334 14.6921 -20
      vertex -10.8857 14.1147 -20
      vertex -10.8857 14.1147 20
    endloop
  endfacet
  facet normal -0.313682 -0.949528 0
    outer loop
      vertex -12.6334 14.6921 -20
      vertex -10.8857 14.1147 20
      vertex -12.6334 14.6921 20
    endloop
  endfacet
  facet normal 0 0 -1
    outer loop
      vertex 0 50 -20
      vertex -9.11176 13.6238 -20
      vertex -10.8857 14.1147 -20
    endloop
  endfacet
  facet normal 0 0 1
    outer loop
      vertex 0 50 20
      vertex -10.8857 14.1147 20
      vertex -9.11176 13.6238 20
    endloop
  endfacet
  facet normal -0.266713 -0.963776 0
    outer loop
      vertex -10.8857 14.1147 -20
      vertex -9.11176 13.6238 -20
      vertex -9.11176 13.6238 20
    endloop
  endfacet
  facet normal -0.266713 -0.963776 0
    outer loop
      vertex -10.8857 14.1147 -20
      vertex -9.11176 13.6238 20
      vertex -10.8857 14.1147 20
    endloop
  endfacet
  facet normal 0 0 -1
    outer loop
      vertex 0 50 -20
      vertex -7.31589 13.2206 -20
      vertex -9.11176 13.6238 -20
    endloop
  endfacet
  facet normal 0 0 1
    outer loop
      vertex 0 50 20
      vertex -9.11176 13.6238 20
      vertex -7.31589 13.2206 20
    endloop
  endfacet
  facet normal -0.219101 -0.975702 0
    outer loop
      vertex -9.11176 13.6238 -20
      vertex -7.31589 13.2206 -20
      vertex -7.31589 13.2206 20
    endloop
  endfacet
  facet normal -0.219101 -0.975702 0
    outer loop
      vertex -9.11176 13.6238 -20
      vertex -7.31589 13.2206 20
      vertex -9.11176 13.6238 20
    endloop
  endfacet
  facet normal 0 0 -1
    outer loop
      vertex 0 50 -20
      vertex -5.50239 12.9059 -20
      vertex -7.31589 13.2206 -20
    endloop
  endfacet
  facet normal 0 0 1
    outer loop
      vertex 0 50 20
      vertex -7.31589 13.2206 20
      vertex -5.50239 12.9059 20
    endloop
  endfacet
  facet normal -0.170962 -0.985278 0
    outer loop
      vertex -7.31589 13.2206 -20
      vertex -5.50239 12.9059 -20
      vertex -5.50239 12.9059 20
    endloop
  endfacet
  facet normal -0.170962 -0.985278 0
    outer loop
      vertex -7.31589 13.2206 -20
      vertex -5.50239 12.9059 20
      vertex -7.31589 13.2206 20
    endloop
  endfacet
  facet normal 0 0 -1
    outer loop
      vertex 0 50 -20
      vertex -3.67564 12.6806 -20
      vertex -5.50239 12.9059 -20
    endloop
  endfacet
  facet normal 0 0 1
    outer loop
      vertex 0 50 20
      vertex -5.50239 12.9059 20
      vertex -3.67564 12.6806 20
    endloop
  endfacet
  facet normal -0.122411 -0.99248 0
    outer loop
      vertex -5.50239 12.9059 -20
      vertex -3.67564 12.6806 -20
      vertex -3.67564 12.6806 20
    endloop
  endfacet
  facet normal -0.122411 -0.99248 0
    outer loop
      vertex -5.50239 12.9059 -20
      vertex -3.67564 12.6806 20
      vertex -5.50239 12.9059 20
    endloop
  endfacet
  facet normal 0 0 -1
    outer loop
      vertex 0 50 -20
      vertex -1.84004 12.5452 -20
      vertex -3.67564 12.6806 -20
    endloop
  endfacet
  facet normal 0 0 1
    outer loop
      vertex 0 50 20
      vertex -3.67564 12.6806 20
      vertex -1.84004 12.5452 20
    endloop
  endfacet
  facet normal -0.0735646 -0.99729 0
    outer loop
      vertex -3.67564 12.6806 -20
      vertex -1.84004 12.5452 -20
      vertex -1.84004 12.5452 20
    endloop
  endfacet
  facet normal -0.0735646 -0.99729 0
    outer loop
      vertex -3.67564 12.6806 -20
      vertex -1.84004 12.5452 20
      vertex -3.67564 12.6806 20
    endloop
  endfacet
  facet normal 0 0 -1
    outer loop
      vertex 0 50 -20
      vertex -6.88864e-15 12.5 -20
      vertex -1.84004 12.5452 -20
    endloop
  endfacet
  facet normal 0 0 1
    outer loop
      vertex 0 50 20
      vertex -1.84004 12.5452 20
      vertex -6.88864e-15 12.5 20
    endloop
  endfacet
  facet normal -0.0245412 -0.999699 0
    outer loop
      vertex -1.84004 12.5452 -20
      vertex -6.88864e-15 12.5 -20
      vertex -6.88864e-15 12.5 20
    endloop
  endfacet
  facet normal -0.0245412 -0.999699 0
    outer loop
      vertex -1.84004 12.5452 -20
      vertex -6.88864e-15 12.5 20
      vertex -1.84004 12.5452 20
    endloop
  endfacet
  facet normal 0 0 -1
    outer loop
      vertex 0 50 -20
      vertex 1.84004 12.5452 -20
      vertex -6.88864e-15 12.5 -20
    endloop
  endfacet
  facet normal 0 0 1
    outer loop
      vertex 0 50 20
      vertex -6.88864e-15 12.5 20
      vertex 1.84004 12.5452 20
    endloop
  endfacet
  facet normal 0.0245412 -0.999699 0
    outer loop
      vertex -6.88864e-15 12.5 -20
      vertex 1.84004 12.5452 -20
      vertex 1.84004 12.5452 20
    endloop
  endfacet
  facet normal 0.0245412 -0.999699 0
    outer loop
      vertex -6.88864e-15 12.5 -20
      vertex 1.84004 12.5452 20
      vertex -6.88864e-15 12.5 20
    endloop
  endfacet
  facet normal 0 0 -1
    outer loop
      vertex 0 50 -20
      vertex 3.67564 12.6806 -20
      vertex 1.84004 12.5452 -20
    endloop
  endfacet
  facet normal 0 0 1
    outer loop
      vertex 0 50 20
      vertex 1.84004 12.5452 20
      vertex 3.67564 12.6806 20
    endloop
  endfacet
  facet normal 0.0735646 -0.99729 0
    outer loop
      vertex 1.84004 12.5452 -20
      vertex 3.67564 12.6806 -20
      vertex 3.67564 12.6806 20
    endloop
  endfacet
  facet normal 0.0735646 -0.99729 0
    outer loop
      vertex 1.84004 12.5452 -20
      vertex 3.67564 12.6806 20
      vertex 1.84004 12.5452 20
    endloop
  endfacet
  facet normal 0 0 -1
    outer loop
      vertex 0 50 -20
      vertex 5.50239 12.9059 -20
      vertex 3.67564 12.6806 -20
    endloop
  endfacet
  facet normal 0 0 1
    outer loop
      vertex 0 50 20
      vertex 3.67564 12.6806 20
      vertex 5.50239 12.9059 20
    endloop
  endfacet
  facet normal 0.122411 -0.99248 0
    outer loop
      vertex 3.67564 12.6806 -20
      vertex 5.50239 12.9059 -20
      vertex 5.50239 12.9059 20
    endloop
  endfacet
  facet normal 0.122411 -0.99248 0
    outer loop
      vertex 3.67564 12.6806 -20
      vertex 5.50239 12.9059 20
      vertex 3.67564 12.6806 20
    endloop
  endfacet
  facet normal 0 0 -1
    outer loop
      vertex 0 50 -20
      vertex 7.31589 13.2206 -20
      vertex 5.50239 12.9059 -20
    endloop
  endfacet
  facet normal 0 0 1
    outer loop
      vertex 0 50 20
      vertex 5.50239 12.9059 20
      vertex 7.31589 13.2206 20
    endloop
  endfacet
  facet normal 0.170962 -0.985278 0
    outer loop
      vertex 5.50239 12.9059 -20
      vertex 7.31589 13.2206 -20
      vertex 7.31589 13.2206 20
    endloop
  endfacet
  facet normal 0.170962 -0.985278 0
    outer loop
      vertex 5.50239 12.9059 -20
      vertex 7.31589 13.2206 20
      vertex 5.50239 12.9059 20
    endloop
  endfacet
  facet normal 0 0 -1
    outer loop
      vertex 0 50 -20
      vertex 9.11176 13.6238 -20
      vertex 7.31589 13.2206 -20
    endloop
  endfacet
  facet normal 0 0 1
    outer loop
      vertex 0 50 20
      vertex 7.31589 13.2206 20
      vertex 9.11176 13.6238 20
    endloop
  endfacet
  facet normal 0.219101 -0.975702 0
    outer loop
      vertex 7.31589 13.2206 -20
      vertex 9.11176 13.6238 -20
      vertex 9.11176 13.6238 20
    endloop
  endfacet
  facet normal 0.219101 -0.975702 0
    outer loop
      vertex 7.31589 13.2206 -20
      vertex 9.11176 13.6238 20
      vertex 7.31589 13.2206 20
    endloop
  endfacet
  facet normal 0 0 -1
    outer loop
      vertex 0 50 -20
      vertex 10.8857 14.1147 -20
      vertex 9.11176 13.6238 -20
    endloop
  endfacet
  facet normal 0 0 1
    outer loop
      vertex 0 50 20
      vertex 9.11176 13.6238 20
      vertex 10.8857 14.1147 20
    endloop
  endfacet
  facet normal 0.266713 -0.963776 0
    outer loop
      vertex 9.11176 13.6238 -20
      vertex 10.8857 14.1147 -20
      vertex 10.8857 14.1147 20
    endloop
  endfacet
  facet normal 0.266713 -0.963776 0
    outer loop
      vertex 9.11176 13.6238 -20
      vertex 10.8857 14.1147 20
      vertex 9.11176 13.6238 20
    endloop
  endfacet
  facet normal 0 0 -1
    outer loop
      vertex 0 50 -20
      vertex 12.6334 14.6921 -20
      vertex 10.8857 14.1147 -20
    endloop
  endfacet
  facet normal 0 0 1
    outer loop
      vertex 0 50 20
      vertex 10.8857 14.1147 20
      vertex 12.6334 14.6921 20
    endloop
  endfacet
  facet normal 0.313682 -0.949528 0
    outer loop
      vertex 10.8857 14.1147 -20
      vertex 12.6334 14.6921 -20
      vertex 12.6334 14.6921 20
    endloop
  endfacet
  facet normal 0.313682 -0.949528 0
    outer loop
      vertex 10.8857 14.1147 -20
      vertex 12.6334 14.6921 20
      vertex 10.8857 14.1147 20
    endloop
  endfacet
  facet normal 0 0 -1
    outer loop
      vertex 0 50 -20
      vertex 14.3506 15.3545 -20
      vertex 12.6334 14.6921 -20
    endloop
  endfacet
  facet normal 0 0 1
    outer loop
      vertex 0 50 20
      vertex 12.6334 14.6921 20
      vertex 14.3506 15.3545 20
    endloop
  endfacet
  facet normal 0.359895 -0.932993 0
    outer loop
      vertex 12.6334 14.6921 -20
      vertex 14.3506 15.3545 -20
      vertex 14.3506 15.3545 20
    endloop
  endfacet
  facet normal 0.359895 -0.932993 0
    outer loop
      vertex 12.6334 14.6921 -20
      vertex 14.3506 15.3545 20
      vertex 12.6334 14.6921 20
    endloop
  endfacet
  facet normal 0 0 -1
    outer loop
      vertex 0 50 -20
      vertex 16.0333 16.1004 -20
      vertex 14.3506 15.3545 -20
    endloop
  endfacet
  facet normal 0 0 1
    outer loop
      vertex 0 50 20
      vertex 14.3506 15.3545 20
      vertex 16.0333 16.1004 20
    endloop
  endfacet
  facet normal 0.405241 -0.91421 0
    outer loop
      vertex 14.3506 15.3545 -20
      vertex 16.0333 16.1004 -20
      vertex 16.0333 16.1004 20
    endloop
  endfacet
  facet normal 0.405241 -0.91421 0
    outer loop
      vertex 14.3506 15.3545 -20
      vertex 16.0333 16.1004 20
      vertex 14.3506 15.3545 20
    endloop
  endfacet
  facet normal 0 0 -1
    outer loop
      vertex 0 50 -20
      vertex 17.6774 16.928 -20
      vertex 16.0333 16.1004 -20
    endloop
  endfacet
  facet normal 0 0 1
    outer loop
      vertex 0 50 20
      vertex 16.0333 16.1004 20
      vertex 17.6774 16.928 20
    endloop
  endfacet
  facet normal 0.449611 -0.893224 0
    outer loop
      vertex 16.0333 16.1004 -20
      vertex 17.6774 16.928 -20
      vertex 17.6774 16.928 20
    endloop
  endfacet
  facet normal 0.449611 -0.893224 0
    outer loop
      vertex 16.0333 16.1004 -20
      vertex 17.6774 16.928 20
      vertex 16.0333 16.1004 20
    endloop
  endfacet
  facet normal 0 0 -1
    outer loop
      vertex 0 50 -20
      vertex 19.2789 17.8352 -20
      vertex 17.6774 16.928 -20
    endloop
  endfacet
  facet normal 0 0 1
    outer loop
      vertex 0 50 20
      vertex 17.6774 16.928 20
      vertex 19.2789 17.8352 20
    endloop
  endfacet
  facet normal 0.492898 -0.870087 0
    outer loop
      vertex 17.6774 16.928 -20
      vertex 19.2789 17.8352 -20
      vertex 19.2789 17.8352 20
    endloop
  endfacet
  facet normal 0.492898 -0.870087 0
    outer loop
      vertex 17.6774 16.928 -20
      vertex 19.2789 17.8352 20
      vertex 17.6774 16.928 20
    endloop
  endfacet
  facet normal 0 0 -1
    outer loop
      vertex 0 50 -20
      vertex 20.8339 18.8199 -20
      vertex 19.2789 17.8352 -20
    endloop
  endfacet
  facet normal 0 0 1
    outer loop
      vertex 0 50 20
      vertex 19.2789 17.8352 20
      vertex 20.8339 18.8199 20
    endloop
  endfacet
  facet normal 0.534998 -0.844854 0
    outer loop
      vertex 19.2789 17.8352 -20
      vertex 20.8339 18.8199 -20
      vertex 20.8339 18.8199 20
    endloop
  endfacet
  facet normal 0.534998 -0.844854 0
    outer loop
      vertex 19.2789 17.8352 -20
      vertex 20.8339 18.8199 20
      vertex 19.2789 17.8352 20
    endloop
  endfacet
  facet normal 0 0 -1
    outer loop
      vertex 0 50 -20
      vertex 22.3387 19.8797 -20
      vertex 20.8339 18.8199 -20
    endloop
  endfacet
  facet normal 0 0 1
    outer loop
      vertex 0 50 20
      vertex 20.8339 18.8199 20
      vertex 22.3387 19.8797 20
    endloop
  endfacet
  facet normal 0.575808 -0.817585 0
    outer loop
      vertex 20.8339 18.8199 -20
      vertex 22.3387 19.8797 -20
      vertex 22.3387 19.8797 20
    endloop
  endfacet
  facet normal 0.575808 -0.817585 0
    outer loop
      vertex 20.8339 18.8199 -20
      vertex 22.3387 19.8797 20
      vertex 20.8339 18.8199 20
    endloop
  endfacet
  facet normal 0 0 -1
    outer loop
      vertex 0 50 -20
      vertex 23.7897 21.0121 -20
      vertex 22.3387 19.8797 -20
    endloop
  endfacet
  facet normal 0 0 1
    outer loop
      vertex 0 50 20
      vertex 22.3387 19.8797 20
      vertex 23.7897 21.0121 20
    endloop
  endfacet
  facet normal 0.615232 -0.788346 0
    outer loop
      vertex 22.3387 19.8797 -20
      vertex 23.7897 21.0121 -20
      vertex 23.7897 21.0121 20
    endloop
  endfacet
  facet normal 0.615232 -0.788346 0
    outer loop
      vertex 22.3387 19.8797 -20
      vertex 23.7897 21.0121 20
      vertex 22.3387 19.8797 20
    endloop
  endfacet
  facet normal 0 0 -1
    outer loop
      vertex 0 50 -20
      vertex 25.1835 22.2143 -20
      vertex 23.7897 21.0121 -20
    endloop
  endfacet
  facet normal 0 0 1
    outer loop
      vertex 0 50 20
      vertex 23.7897 21.0121 20
      vertex 25.1835 22.2143 20
    endloop
  endfacet
  facet normal 0.653173 -0.757209 0
    outer loop
      vertex 23.7897 21.0121 -20
      vertex 25.1835 22.2143 -20
      vertex 25.1835 22.2143 20
    endloop
  endfacet
  facet normal 0.653173 -0.757209 0
    outer loop
      vertex 23.7897 21.0121 -20
      vertex 25.1835 22.2143 20
      vertex 23.7897 21.0121 20
    endloop
  endfacet
  facet normal 0 0 -1
    outer loop
      vertex 0 50 -20
      vertex 26.5165 23.4835 -20
      vertex 25.1835 22.2143 -20
    endloop
  endfacet
  facet normal 0 0 1
    outer loop
      vertex 0 50 20
      vertex 25.1835 22.2143 20
      vertex 26.5165 23.4835 20
    endloop
  endfacet
  facet normal 0.689541 -0.724247 0
    outer loop
      vertex 25.1835 22.2143 -20
      vertex 26.5165 23.4835 -20
      vertex 26.5165 23.4835 20
    endloop
  endfacet
  facet normal 0.689541 -0.724247 0
    outer loop
      vertex 25.1835 22.2143 -20
      vertex 26.5165 23.4835 20
      vertex 25.1835 22.2143 20
    endloop
  endfacet
  facet normal 0 0 -1
    outer loop
      vertex 0 50 -20
      vertex 27.7857 24.8165 -20
      vertex 26.5165 23.4835 -20
    endloop
  endfacet
  facet normal 0 0 1
    outer loop
      vertex 0 50 20
      vertex 26.5165 23.4835 20
      vertex 27.7857 24.8165 20
    endloop
  endfacet
  facet normal 0.724247 -0.689541 0
    outer loop
      vertex 26.5165 23.4835 -20
      vertex 27.7857 24.8165 -20
      vertex 27.7857 24.8165 20
    endloop
  endfacet
  facet normal 0.724247 -0.689541 0
    outer loop
      vertex 26.5165 23.4835 -20
      vertex 27.7857 24.8165 20
      vertex 26.5165 23.4835 20
    endloop
  endfacet
  facet normal 0 0 -1
    outer loop
      vertex 0 50 -20
      vertex 28.9879 26.2103 -20
      vertex 27.7857 24.8165 -20
    endloop
  endfacet
  facet normal 0 0 1
    outer loop
      vertex 0 50 20
      vertex 27.7857 24.8165 20
      vertex 28.9879 26.2103 20
    endloop
  endfacet
  facet normal 0.757209 -0.653173 0
    outer loop
      vertex 27.7857 24.8165 -20
      vertex 28.9879 26.2103 -20
      vertex 28.9879 26.2103 20
    endloop
  endfacet
  facet normal 0.757209 -0.653173 0
    outer loop
      vertex 27.7857 24.8165 -20
      vertex 28.9879 26.2103 20
      vertex 27.7857 24.8165 20
    endloop
  endfacet
  facet normal 0 0 -1
    outer loop
      vertex 0 50 -20
      vertex 30.1203 27.6613 -20
      vertex 28.9879 26.2103 -20
    endloop
  endfacet
  facet normal 0 0 1
    outer loop
      vertex 0 50 20
      vertex 28.9879 26.2103 20
      vertex 30.1203 27.6613 20
    endloop
  endfacet
  facet normal 0.788346 -0.615232 0
    outer loop
      vertex 28.9879 26.2103 -20
      vertex 30.1203 27.6613 -20
      vertex 30.1203 27.6613 20
    endloop
  endfacet
  facet normal 0.788346 -0.615232 0
    outer loop
      vertex 28.9879 26.2103 -20
      vertex 30.1203 27.6613 20
      vertex 28.9879 26.2103 20
    endloop
  endfacet
  facet normal 0 0 -1
    outer loop
      vertex 0 50 -20
      vertex 31.1801 29.1661 -20
      vertex 30.1203 27.6613 -20
    endloop
  endfacet
  facet normal 0 0 1
    outer loop
      vertex 0 50 20
      vertex 30.1203 27.6613 20
      vertex 31.1801 29.1661 20
    endloop
  endfacet
  facet normal 0.817585 -0.575808 0
    outer loop
      vertex 30.1203 27.6613 -20
      vertex 31.1801 29.1661 -20
      vertex 31.1801 29.1661 20
    endloop
  endfacet
  facet normal 0.817585 -0.575808 0
    outer loop
      vertex 30.1203 27.6613 -20
      vertex 31.1801 29.1661 20
      vertex 30.1203 27.6613 20
    endloop
  endfacet
  facet normal 0 0 -1
    outer loop
      vertex 0 50 -20
      vertex 32.1648 30.7211 -20
      vertex 31.1801 29.1661 -20
    endloop
  endfacet
  facet normal 0 0 1
    outer loop
      vertex 0 50 20
      vertex 31.1801 29.1661 20
      vertex 32.1648 30.7211 20
    endloop
  endfacet
  facet normal 0.844854 -0.534998 0
    outer loop
      vertex 31.1801 29.1661 -20
      vertex 32.1648 30.7211 -20
      vertex 32.1648 30.7211 20
    endloop
  endfacet
  facet normal 0.844854 -0.534998 0
    outer loop
      vertex 31.1801 29.1661 -20
      vertex 32.1648 30.7211 20
      vertex 31.1801 29.1661 20
    endloop
  endfacet
  facet normal 0 0 -1
    outer loop
      vertex 0 50 -20
      vertex 33.072 32.3226 -20
      vertex 32.1648 30.7211 -20
    endloop
  endfacet
  facet normal 0 0 1
    outer loop
      vertex 0 50 20
      vertex 32.1648 30.7211 20
      vertex 33.072 32.3226 20
    endloop
  endfacet
  facet normal 0.870087 -0.492898 0
    outer loop
      vertex 32.1648 30.7211 -20
      vertex 33.072 32.3226 -20
      vertex 33.072 32.3226 20
    endloop
  endfacet
  facet normal 0.870087 -0.492898 0
    outer loop
      vertex 32.1648 30.7211 -20
      vertex 33.072 32.3226 20
      vertex 32.1648 30.7211 20
    endloop
  endfacet
  facet normal 0 0 -1
    outer loop
      vertex 0 50 -20
      vertex 33.8996 33.9667 -20
      vertex 33.072 32.3226 -20
    endloop
  endfacet
  facet normal 0 0 1
    outer loop
      vertex 0 50 20
      vertex 33.072 32.3226 20
      vertex 33.8996 33.9667 20
    endloop
  endfacet
  facet normal 0.893224 -0.449611 0
    outer loop
      vertex 33.072 32.3226 -20
      vertex 33.8996 33.9667 -20
      vertex 33.8996 33.9667 20
    endloop
  endfacet
  facet normal 0.893224 -0.449611 0
    outer loop
      vertex 33.072 32.3226 -20
      vertex 33.8996 33.9667 20
      vertex 33.072 32.3226 20
    endloop
  endfacet
  facet normal 0 0 -1
    outer loop
      vertex 0 50 -20
      vertex 34.6455 35.6494 -20
      vertex 33.8996 33.9667 -20
    endloop
  endfacet
  facet normal 0 0 1
    outer loop
      vertex 0 50 20
      vertex 33.8996 33.9667 20
      vertex 34.6455 35.6494 20
    endloop
  endfacet
  facet normal 0.91421 -0.405241 0
    outer loop
      vertex 33.8996 33.9667 -20
      vertex 34.6455 35.6494 -20
      vertex 34.6455 35.6494 20
    endloop
  endfacet
  facet normal 0.91421 -0.405241 0
    outer loop
      vertex 33.8996 33.9667 -20
      vertex 34.6455 35.6494 20
      vertex 33.8996 33.9667 20
    endloop
  endfacet
  facet normal 0 0 -1
    outer loop
      vertex 0 50 -20
      vertex 35.3079 37.3666 -20
      vertex 34.6455 35.6494 -20
    endloop
  endfacet
  facet normal 0 0 1
    outer loop
      vertex 0 50 20
      vertex 34.6455 35.6494 20
      vertex 35.3079 37.3666 20
    endloop
  endfacet
  facet normal 0.932993 -0.359895 0
    outer loop
      vertex 34.6455 35.6494 -20
      vertex 35.3079 37.3666 -20
      vertex 35.3079 37.3666 20
    endloop
  endfacet
  facet normal 0.932993 -0.359895 0
    outer loop
      vertex 34.6455 35.6494 -20
      vertex 35.3079 37.3666 20
      vertex 34.6455 35.6494 20
    endloop
  endfacet
  facet normal 0 0 -1
    outer loop
      vertex 0 50 -20
      vertex 35.8853 39.1143 -20
      vertex 35.3079 37.3666 -20
    endloop
  endfacet
  facet normal 0 0 1
    outer loop
      vertex 0 50 20
      vertex 35.3079 37.3666 20
      vertex 35.8853 39.1143 20
    endloop
  endfacet
  facet normal 0.949528 -0.313682 0
    outer loop
      vertex 35.3079 37.3666 -20
      vertex 35.8853 39.1143 -20
      vertex 35.8853 39.1143 20
    endloop
  endfacet
  facet normal 0.949528 -0.313682 0
    outer loop
      vertex 35.3079 37.3666 -20
      vertex 35.8853 39.1143 20
      vertex 35.3079 37.3666 20
    endloop
  endfacet
  facet normal 0 0 -1
    outer loop
      vertex 0 50 -20
      vertex 36.3762 40.8882 -20
      vertex 35.8853 39.1143 -20
    endloop
  endfacet
  facet normal 0 0 1
    outer loop
      vertex 0 50 20
      vertex 35.8853 39.1143 20
      vertex 36.3762 40.8882 20
    endloop
  endfacet
  facet normal 0.963776 -0.266713 0
    outer loop
      vertex 35.8853 39.1143 -20
      vertex 36.3762 40.8882 -20
      vertex 36.3762 40.8882 20
    endloop
  endfacet
  facet normal 0.963776 -0.266713 0
    outer loop
      vertex 35.8853 39.1143 -20
      vertex 36.3762 40.8882 20
      vertex 35.8853 39.1143 20
    endloop
  endfacet
  facet normal 0 0 -1
    outer loop
      vertex 0 50 -20
      vertex 36.7794 42.6841 -20
      vertex 36.3762 40.8882 -20
    endloop
  endfacet
  facet normal 0 0 1
    outer loop
      vertex 0 50 20
      vertex 36.3762 40.8882 20
      vertex 36.7794 42.6841 20
    endloop
  endfacet
  facet normal 0.975702 -0.219101 0
    outer loop
      vertex 36.3762 40.8882 -20
      vertex 36.7794 42.6841 -20
      vertex 36.7794 42.6841 20
    endloop
  endfacet
  facet normal 0.975702 -0.219101 0
    outer loop
      vertex 36.3762 40.8882 -20
      vertex 36.7794 42.6841 20
      vertex 36.3762 40.8882 20
    endloop
  endfacet
  facet normal 0 0 -1
    outer loop
      vertex 0 50 -20
      vertex 37.0941 44.4976 -20
      vertex 36.7794 42.6841 -20
    endloop
  endfacet
  facet normal 0 0 1
    outer loop
      vertex 0 50 20
      vertex 36.7794 42.6841 20
      vertex 37.0941 44.4976 20
    endloop
  endfacet
  facet normal 0.985278 -0.170962 0
    outer loop
      vertex 36.7794 42.6841 -20
      vertex 37.0941 44.4976 -20
      vertex 37.0941 44.4976 20
    endloop
  endfacet
  facet normal 0.985278 -0.170962 0
    outer loop
      vertex 36.7794 42.6841 -20
      vertex 37.0941 44.4976 20
      vertex 36.7794 42.6841 20
    endloop
  endfacet
  facet normal 0 0 -1
    outer loop
      vertex 0 50 -20
      vertex 37.3194 46.3244 -20
      vertex 37.0941 44.4976 -20
    endloop
  endfacet
  facet normal 0 0 1
    outer loop
      vertex 0 50 20
      vertex 37.0941 44.4976 20
      vertex 37.3194 46.3244 20
    endloop
  endfacet
  facet normal 0.99248 -0.122411 0
    outer loop
      vertex 37.0941 44.4976 -20
      vertex 37.3194 46.3244 -20
      vertex 37.3194 46.3244 20
    endloop
  endfacet
  facet normal 0.99248 -0.122411 0
    outer loop
      vertex 37.0941 44.4976 -20
      vertex 37.3194 46.3244 20
      vertex 37.0941 44.4976 20
    endloop
  endfacet
  facet normal 0 0 -1
    outer loop
      vertex 0 50 -20
      vertex 37.4548 48.16 -20
      vertex 37.3194 46.3244 -20
    endloop
  endfacet
  facet normal 0 0 1
    outer loop
      vertex 0 50 20
      vertex 37.3194 46.3244 20
      vertex 37.4548 48.16 20
    endloop
  endfacet
  facet normal 0.99729 -0.0735646 0
    outer loop
      vertex 37.3194 46.3244 -20
      vertex 37.4548 48.16 -20
      vertex 37.4548 48.16 20
    endloop
  endfacet
  facet normal 0.99729 -0.0735646 0
    outer loop
      vertex 37.3194 46.3244 -20
      vertex 37.4548 48.16 20
      vertex 37.3194 46.3244 20
    endloop
  endfacet
  facet normal 0 0 -1
    outer loop
      vertex 0 50 -20
      vertex 37.5 50 -20
      vertex 37.4548 48.16 -20
    endloop
  endfacet
  facet normal 0 0 1
    outer loop
      vertex 0 50 20
      vertex 37.4548 48.16 20
      vertex 37.5 50 20
    endloop
  endfacet
  facet normal 0.999699 -0.0245412 0
    outer loop
      vertex 37.4548 48.16 -20
      vertex 37.5 50 -20
      vertex 37.5 50 20
    endloop
  endfacet
  facet normal 0.999699 -0.0245412 0
    outer loop
      vertex 37.4548 48.16 -20
      vertex 37.5 50 20
      vertex 37.4548 48.16 20
    endloop
  endfacet
  facet normal 0 0 -1
    outer loop
      vertex -49 0 -60
      vertex 41.5 50 -60
      vertex 49 0 -60
    endloop
  endfacet
  facet normal 0 0 -1
    outer loop
      vertex -49 0 -60
      vertex -41.5 50 -60
      vertex 41.5 50 -60
    endloop
  endfacet
  facet normal 0 0 1
    outer loop
      vertex -49 0 -20
      vertex 49 0 -20
      vertex 41.5 50 -20
    endloop
  endfacet
  facet normal 0 0 1
    outer loop
      vertex -49 0 -20
      vertex 41.5 50 -20
      vertex -41.5 50 -20
    endloop
  endfacet
  facet normal -1 0 0
    outer loop
      vertex -49 0 -60
      vertex -49 0 -20
      vertex -41.5 50 -20
    endloop
  endfacet
  facet normal -1 0 0
    outer loop
      vertex -49 0 -60
      vertex -41.5 50 -20
      vertex -41.5 50 -60
    endloop
  endfacet
  facet normal 1 0 0
    outer loop
      vertex 49 0 -60
      vertex 41.5 50 -60
      vertex 41.5 50 -20
    endloop
  endfacet
  facet normal 1 0 0
    outer loop
      vertex 49 0 -60
      vertex 41.5 50 -20
      vertex 49 0 -20
    endloop
  endfacet
  facet normal 0 -1 0
    outer loop
      vertex -49 0 -60
      vertex 49 0 -60
      vertex 49 0 -20
    endloop
  endfacet
  facet normal 0 -1 0
    outer loop
      vertex -49 0 -60
      vertex 49 0 -20
      vertex -49 0 -20
    endloop
  endfacet
  facet normal 0 1 0
    outer loop
      vertex -41.5 50 -60
      vertex -41.5 50 -20
      vertex 41.5 50 -20
    endloop
  endfacet
  facet normal 0 1 0
    outer loop
      vertex -41.5 50 -60
      vertex 41.5 50 -20
      vertex 41.5 50 -60
    endloop
  endfacet
  facet normal 0 0 -1
    outer loop
      vertex 0 0 -60
      vertex 48.941 2.40432 -60
      vertex 49 0 -60
    endloop
  endfacet
  facet normal 0 0 1
    outer loop
      vertex 0 0 -20
      vertex 49 0 -20
      vertex 48.941 2.40432 -20
    endloop
  endfacet
  facet normal 0.999699 0.0245412 0
    outer loop
      vertex 49 0 -60
      vertex 48.941 2.40432 -60
      vertex 48.941 2.40432 -20
    endloop
  endfacet
  facet normal 0.999699 0.0245412 0
    outer loop
      vertex 49 0 -60
      vertex 48.941 2.40432 -20
      vertex 49 0 -20
    endloop
  endfacet
  facet normal 0 0 -1
    outer loop
      vertex 0 0 -60
      vertex 48.7641 4.80284 -60
      vertex 48.941 2.40432 -60
    endloop
  endfacet
  facet normal 0 0 1
    outer loop
      vertex 0 0 -20
      vertex 48.941 2.40432 -20
      vertex 48.7641 4.80284 -20
    endloop
  endfacet
  facet normal 0.99729 0.0735646 0
    outer loop
      vertex 48.941 2.40432 -60
      vertex 48.7641 4.80284 -60
      vertex 48.7641 4.80284 -20
    endloop
  endfacet
  facet normal 0.99729 0.0735646 0
    outer loop
      vertex 48.941 2.40432 -60
      vertex 48.7641 4.80284 -20
      vertex 48.941 2.40432 -20
    endloop
  endfacet
  facet normal 0 0 -1
    outer loop
      vertex 0 0 -60
      vertex 48.4696 7.18979 -60
      vertex 48.7641 4.80284 -60
    endloop
  endfacet
  facet normal 0 0 1
    outer loop
      vertex 0 0 -20
      vertex 48.7641 4.80284 -20
      vertex 48.4696 7.18979 -20
    endloop
  endfacet
  facet normal 0.99248 0.122411 0
    outer loop
      vertex 48.7641 4.80284 -60
      vertex 48.4696 7.18979 -60
      vertex 48.4696 7.18979 -20
    endloop
  endfacet
  facet normal 0.99248 0.122411 0
    outer loop
      vertex 48.7641 4.80284 -60
      vertex 48.4696 7.18979 -20
      vertex 48.7641 4.80284 -20
    endloop
  endfacet
  facet normal 0 0 -1
    outer loop
      vertex 0 0 -60
      vertex 48.0585 9.55943 -60
      vertex 48.4696 7.18979 -60
    endloop
  endfacet
  facet normal 0 0 1
    outer loop
      vertex 0 0 -20
      vertex 48.4696 7.18979 -20
      vertex 48.0585 9.55943 -20
    endloop
  endfacet
  facet normal 0.985278 0.170962 0
    outer loop
      vertex 48.4696 7.18979 -60
      vertex 48.0585 9.55943 -60
      vertex 48.0585 9.55943 -20
    endloop
  endfacet
  facet normal 0.985278 0.170962 0
    outer loop
      vertex 48.4696 7.18979 -60
      vertex 48.0585 9.55943 -20
      vertex 48.4696 7.18979 -20
    endloop
  endfacet
  facet normal 0 0 -1
    outer loop
      vertex 0 0 -60
      vertex 47.5315 11.906 -60
      vertex 48.0585 9.55943 -60
    endloop
  endfacet
  facet normal 0 0 1
    outer loop
      vertex 0 0 -20
      vertex 48.0585 9.55943 -20
      vertex 47.5315 11.906 -20
    endloop
  endfacet
  facet normal 0.975702 0.219101 0
    outer loop
      vertex 48.0585 9.55943 -60
      vertex 47.5315 11.906 -60
      vertex 47.5315 11.906 -20
    endloop
  endfacet
  facet normal 0.975702 0.219101 0
    outer loop
      vertex 48.0585 9.55943 -60
      vertex 47.5315 11.906 -20
      vertex 48.0585 9.55943 -20
    endloop
  endfacet
  facet normal 0 0 -1
    outer loop
      vertex 0 0 -60
      vertex 46.8901 14.2239 -60
      vertex 47.5315 11.906 -60
    endloop
  endfacet
  facet normal 0 0 1
    outer loop
      vertex 0 0 -20
      vertex 47.5315 11.906 -20
      vertex 46.8901 14.2239 -20
    endloop
  endfacet
  facet normal 0.963776 0.266713 0
    outer loop
      vertex 47.5315 11.906 -60
      vertex 46.8901 14.2239 -60
      vertex 46.8901 14.2239 -20
    endloop
  endfacet
  facet normal 0.963776 0.266713 0
    outer loop
      vertex 47.5315 11.906 -60
      vertex 46.8901 14.2239 -20
      vertex 47.5315 11.906 -20
    endloop
  endfacet
  facet normal 0 0 -1
    outer loop
      vertex 0 0 -60
      vertex 46.1357 16.5076 -60
      vertex 46.8901 14.2239 -60
    endloop
  endfacet
  facet normal 0 0 1
    outer loop
      vertex 0 0 -20
      vertex 46.8901 14.2239 -20
      vertex 46.1357 16.5076 -20
    endloop
  endfacet
  facet normal 0.949528 0.313682 0
    outer loop
      vertex 46.8901 14.2239 -60
      vertex 46.1357 16.5076 -60
      vertex 46.1357 16.5076 -20
    endloop
  endfacet
  facet normal 0.949528 0.313682 0
    outer loop
      vertex 46.8901 14.2239 -60
      vertex 46.1357 16.5076 -20
      vertex 46.8901 14.2239 -20
    endloop
  endfacet
  facet normal 0 0 -1
    outer loop
      vertex 0 0 -60
      vertex 45.2701 18.7515 -60
      vertex 46.1357 16.5076 -60
    endloop
  endfacet
  facet normal 0 0 1
    outer loop
      vertex 0 0 -20
      vertex 46.1357 16.5076 -20
      vertex 45.2701 18.7515 -20
    endloop
  endfacet
  facet normal 0.932993 0.359895 0
    outer loop
      vertex 46.1357 16.5076 -60
      vertex 45.2701 18.7515 -60
      vertex 45.2701 18.7515 -20
    endloop
  endfacet
  facet normal 0.932993 0.359895 0
    outer loop
      vertex 46.1357 16.5076 -60
      vertex 45.2701 18.7515 -20
      vertex 46.1357 16.5076 -20
    endloop
  endfacet
  facet normal 0 0 -1
    outer loop
      vertex 0 0 -60
      vertex 44.2955 20.9502 -60
      vertex 45.2701 18.7515 -60
    endloop
  endfacet
  facet normal 0 0 1
    outer loop
      vertex 0 0 -20
      vertex 45.2701 18.7515 -20
      vertex 44.2955 20.9502 -20
    endloop
  endfacet
  facet normal 0.91421 0.405241 0
    outer loop
      vertex 45.2701 18.7515 -60
      vertex 44.2955 20.9502 -60
      vertex 44.2955 20.9502 -20
    endloop
  endfacet
  facet normal 0.91421 0.405241 0
    outer loop
      vertex 45.2701 18.7515 -60
      vertex 44.2955 20.9502 -20
      vertex 45.2701 18.7515 -20
    endloop
  endfacet
  facet normal 0 0 -1
    outer loop
      vertex 0 0 -60
      vertex 43.2141 23.0984 -60
      vertex 44.2955 20.9502 -60
    endloop
  endfacet
  facet normal 0 0 1
    outer loop
      vertex 0 0 -20
      vertex 44.2955 20.9502 -20
      vertex 43.2141 23.0984 -20
    endloop
  endfacet
  facet normal 0.893224 0.449611 0
    outer loop
      vertex 44.2955 20.9502 -60
      vertex 43.2141 23.0984 -60
      vertex 43.2141 23.0984 -20
    endloop
  endfacet
  facet normal 0.893224 0.449611 0
    outer loop
      vertex 44.2955 20.9502 -60
      vertex 43.2141 23.0984 -20
      vertex 44.2955 20.9502 -20
    endloop
  endfacet
  facet normal 0 0 -1
    outer loop
      vertex 0 0 -60
      vertex 42.0287 25.191 -60
      vertex 43.2141 23.0984 -60
    endloop
  endfacet
  facet normal 0 0 1
    outer loop
      vertex 0 0 -20
      vertex 43.2141 23.0984 -20
      vertex 42.0287 25.191 -20
    endloop
  endfacet
  facet normal 0.870087 0.492898 0
    outer loop
      vertex 43.2141 23.0984 -60
      vertex 42.0287 25.191 -60
      vertex 42.0287 25.191 -20
    endloop
  endfacet
  facet normal 0.870087 0.492898 0
    outer loop
      vertex 43.2141 23.0984 -60
      vertex 42.0287 25.191 -20
      vertex 43.2141 23.0984 -20
    endloop
  endfacet
  facet normal 0 0 -1
    outer loop
      vertex 0 0 -60
      vertex 40.742 27.2229 -60
      vertex 42.0287 25.191 -60
    endloop
  endfacet
  facet normal 0 0 1
    outer loop
      vertex 0 0 -20
      vertex 42.0287 25.191 -20
      vertex 40.742 27.2229 -20
    endloop
  endfacet
  facet normal 0.844854 0.534998 0
    outer loop
      vertex 42.0287 25.191 -60
      vertex 40.742 27.2229 -60
      vertex 40.742 27.2229 -20
    endloop
  endfacet
  facet normal 0.844854 0.534998 0
    outer loop
      vertex 42.0287 25.191 -60
      vertex 40.742 27.2229 -20
      vertex 42.0287 25.191 -20
    endloop
  endfacet
  facet normal 0 0 -1
    outer loop
      vertex 0 0 -60
      vertex 39.3572 29.1893 -60
      vertex 40.742 27.2229 -60
    endloop
  endfacet
  facet normal 0 0 1
    outer loop
      vertex 0 0 -20
      vertex 40.742 27.2229 -20
      vertex 39.3572 29.1893 -20
    endloop
  endfacet
  facet normal 0.817585 0.575808 0
    outer loop
      vertex 40.742 27.2229 -60
      vertex 39.3572 29.1893 -60
      vertex 39.3572 29.1893 -20
    endloop
  endfacet
  facet normal 0.817585 0.575808 0
    outer loop
      vertex 40.742 27.2229 -60
      vertex 39.3572 29.1893 -20
      vertex 40.742 27.2229 -20
    endloop
  endfacet
  facet normal 0 0 -1
    outer loop
      vertex 0 0 -60
      vertex 37.8775 31.0853 -60
      vertex 39.3572 29.1893 -60
    endloop
  endfacet
  facet normal 0 0 1
    outer loop
      vertex 0 0 -20
      vertex 39.3572 29.1893 -20
      vertex 37.8775 31.0853 -20
    endloop
  endfacet
  facet normal 0.788346 0.615232 0
    outer loop
      vertex 39.3572 29.1893 -60
      vertex 37.8775 31.0853 -60
      vertex 37.8775 31.0853 -20
    endloop
  endfacet
  facet normal 0.788346 0.615232 0
    outer loop
      vertex 39.3572 29.1893 -60
      vertex 37.8775 31.0853 -20
      vertex 39.3572 29.1893 -20
    endloop
  endfacet
  facet normal 0 0 -1
    outer loop
      vertex 0 0 -60
      vertex 36.3066 32.9064 -60
      vertex 37.8775 31.0853 -60
    endloop
  endfacet
  facet normal 0 0 1
    outer loop
      vertex 0 0 -20
      vertex 37.8775 31.0853 -20
      vertex 36.3066 32.9064 -20
    endloop
  endfacet
  facet normal 0.757209 0.653173 0
    outer loop
      vertex 37.8775 31.0853 -60
      vertex 36.3066 32.9064 -60
      vertex 36.3066 32.9064 -20
    endloop
  endfacet
  facet normal 0.757209 0.653173 0
    outer loop
      vertex 37.8775 31.0853 -60
      vertex 36.3066 32.9064 -20
      vertex 37.8775 31.0853 -20
    endloop
  endfacet
  facet normal 0 0 -1
    outer loop
      vertex 0 0 -60
      vertex 34.6482 34.6482 -60
      vertex 36.3066 32.9064 -60
    endloop
  endfacet
  facet normal 0 0 1
    outer loop
      vertex 0 0 -20
      vertex 36.3066 32.9064 -20
      vertex 34.6482 34.6482 -20
    endloop
  endfacet
  facet normal 0.724247 0.689541 0
    outer loop
      vertex 36.3066 32.9064 -60
      vertex 34.6482 34.6482 -60
      vertex 34.6482 34.6482 -20
    endloop
  endfacet
  facet normal 0.724247 0.689541 0
    outer loop
      vertex 36.3066 32.9064 -60
      vertex 34.6482 34.6482 -20
      vertex 36.3066 32.9064 -20
    endloop
  endfacet
  facet normal 0 0 -1
    outer loop
      vertex 0 0 -60
      vertex 32.9064 36.3066 -60
      vertex 34.6482 34.6482 -60
    endloop
  endfacet
  facet normal 0 0 1
    outer loop
      vertex 0 0 -20
      vertex 34.6482 34.6482 -20
      vertex 32.9064 36.3066 -20
    endloop
  endfacet
  facet normal 0.689541 0.724247 0
    outer loop
      vertex 34.6482 34.6482 -60
      vertex 32.9064 36.3066 -60
      vertex 32.9064 36.3066 -20
    endloop
  endfacet
  facet normal 0.689541 0.724247 0
    outer loop
      vertex 34.6482 34.6482 -60
      vertex 32.9064 36.3066 -20
      vertex 34.6482 34.6482 -20
    endloop
  endfacet
  facet normal 0 0 -1
    outer loop
      vertex 0 0 -60
      vertex 31.0853 37.8775 -60
      vertex 32.9064 36.3066 -60
    endloop
  endfacet
  facet normal 0 0 1
    outer loop
      vertex 0 0 -20
      vertex 32.9064 36.3066 -20
      vertex 31.0853 37.8775 -20
    endloop
  endfacet
  facet normal 0.653173 0.757209 0
    outer loop
      vertex 32.9064 36.3066 -60
      vertex 31.0853 37.8775 -60
      vertex 31.0853 37.8775 -20
    endloop
  endfacet
  facet normal 0.653173 0.757209 0
    outer loop
      vertex 32.9064 36.3066 -60
      vertex 31.0853 37.8775 -20
      vertex 32.9064 36.3066 -20
    endloop
  endfacet
  facet normal 0 0 -1
    outer loop
      vertex 0 0 -60
      vertex 29.1893 39.3572 -60
      vertex 31.0853 37.8775 -60
    endloop
  endfacet
  facet normal 0 0 1
    outer loop
      vertex 0 0 -20
      vertex 31.0853 37.8775 -20
      vertex 29.1893 39.3572 -20
    endloop
  endfacet
  facet normal 0.615232 0.788346 0
    outer loop
      vertex 31.0853 37.8775 -60
      vertex 29.1893 39.3572 -60
      vertex 29.1893 39.3572 -20
    endloop
  endfacet
  facet normal 0.615232 0.788346 0
    outer loop
      vertex 31.0853 37.8775 -60
      vertex 29.1893 39.3572 -20
      vertex 31.0853 37.8775 -20
    endloop
  endfacet
  facet normal 0 0 -1
    outer loop
      vertex 0 0 -60
      vertex 27.2229 40.742 -60
      vertex 29.1893 39.3572 -60
    endloop
  endfacet
  facet normal 0 0 1
    outer loop
      vertex 0 0 -20
      vertex 29.1893 39.3572 -20
      vertex 27.2229 40.742 -20
    endloop
  endfacet
  facet normal 0.575808 0.817585 0
    outer loop
      vertex 29.1893 39.3572 -60
      vertex 27.2229 40.742 -60
      vertex 27.2229 40.742 -20
    endloop
  endfacet
  facet normal 0.575808 0.817585 0
    outer loop
      vertex 29.1893 39.3572 -60
      vertex 27.2229 40.742 -20
      vertex 29.1893 39.3572 -20
    endloop
  endfacet
  facet normal 0 0 -1
    outer loop
      vertex 0 0 -60
      vertex 25.191 42.0287 -60
      vertex 27.2229 40.742 -60
    endloop
  endfacet
  facet normal 0 0 1
    outer loop
      vertex 0 0 -20
      vertex 27.2229 40.742 -20
      vertex 25.191 42.0287 -20
    endloop
  endfacet
  facet normal 0.534998 0.844854 0
    outer loop
      vertex 27.2229 40.742 -60
      vertex 25.191 42.0287 -60
      vertex 25.191 42.0287 -20
    endloop
  endfacet
  facet normal 0.534998 0.844854 0
    outer loop
      vertex 27.2229 40.742 -60
      vertex 25.191 42.0287 -20
      vertex 27.2229 40.742 -20
    endloop
  endfacet
  facet normal 0 0 -1
    outer loop
      vertex 0 0 -60
      vertex 23.0984 43.2141 -60
      vertex 25.191 42.0287 -60
    endloop
  endfacet
  facet normal 0 0 1
    outer loop
      vertex 0 0 -20
      vertex 25.191 42.0287 -20
      vertex 23.0984 43.2141 -20
    endloop
  endfacet
  facet normal 0.492898 0.870087 0
    outer loop
      vertex 25.191 42.0287 -60
      vertex 23.0984 43.2141 -60
      vertex 23.0984 43.2141 -20
    endloop
  endfacet
  facet normal 0.492898 0.870087 0
    outer loop
      vertex 25.191 42.0287 -60
      vertex 23.0984 43.2141 -20
      vertex 25.191 42.0287 -20
    endloop
  endfacet
  facet normal 0 0 -1
    outer loop
      vertex 0 0 -60
      vertex 20.9502 44.2955 -60
      vertex 23.0984 43.2141 -60
    endloop
  endfacet
  facet normal 0 0 1
    outer loop
      vertex 0 0 -20
      vertex 23.0984 43.2141 -20
      vertex 20.9502 44.2955 -20
    endloop
  endfacet
  facet normal 0.449611 0.893224 0
    outer loop
      vertex 23.0984 43.2141 -60
      vertex 20.9502 44.2955 -60
      vertex 20.9502 44.2955 -20
    endloop
  endfacet
  facet normal 0.449611 0.893224 0
    outer loop
      vertex 23.0984 43.2141 -60
      vertex 20.9502 44.2955 -20
      vertex 23.0984 43.2141 -20
    endloop
  endfacet
  facet normal 0 0 -1
    outer loop
      vertex 0 0 -60
      vertex 18.7515 45.2701 -60
      vertex 20.9502 44.2955 -60
    endloop
  endfacet
  facet normal 0 0 1
    outer loop
      vertex 0 0 -20
      vertex 20.9502 44.2955 -20
      vertex 18.7515 45.2701 -20
    endloop
  endfacet
  facet normal 0.405241 0.91421 0
    outer loop
      vertex 20.9502 44.2955 -60
      vertex 18.7515 45.2701 -60
      vertex 18.7515 45.2701 -20
    endloop
  endfacet
  facet normal 0.405241 0.91421 0
    outer loop
      vertex 20.9502 44.2955 -60
      vertex 18.7515 45.2701 -20
      vertex 20.9502 44.2955 -20
    endloop
  endfacet
  facet normal 0 0 -1
    outer loop
      vertex 0 0 -60
      vertex 16.5076 46.1357 -60
      vertex 18.7515 45.2701 -60
    endloop
  endfacet
  facet normal 0 0 1
    outer loop
      vertex 0 0 -20
      vertex 18.7515 45.2701 -20
      vertex 16.5076 46.1357 -20
    endloop
  endfacet
  facet normal 0.359895 0.932993 0
    outer loop
      vertex 18.7515 45.2701 -60
      vertex 16.5076 46.1357 -60
      vertex 16.5076 46.1357 -20
    endloop
  endfacet
  facet normal 0.359895 0.932993 0
    outer loop
      vertex 18.7515 45.2701 -60
      vertex 16.5076 46.1357 -20
      vertex 18.7515 45.2701 -20
    endloop
  endfacet
  facet normal 0 0 -1
    outer loop
      vertex 0 0 -60
      vertex 14.2239 46.8901 -60
      vertex 16.5076 46.1357 -60
    endloop
  endfacet
  facet normal 0 0 1
    outer loop
      vertex 0 0 -20
      vertex 16.5076 46.1357 -20
      vertex 14.2239 46.8901 -20
    endloop
  endfacet
  facet normal 0.313682 0.949528 0
    outer loop
      vertex 16.5076 46.1357 -60
      vertex 14.2239 46.8901 -60
      vertex 14.2239 46.8901 -20
    endloop
  endfacet
  facet normal 0.313682 0.949528 0
    outer loop
      vertex 16.5076 46.1357 -60
      vertex 14.2239 46.8901 -20
      vertex 16.5076 46.1357 -20
    endloop
  endfacet
  facet normal 0 0 -1
    outer loop
      vertex 0 0 -60
      vertex 11.906 47.5315 -60
      vertex 14.2239 46.8901 -60
    endloop
  endfacet
  facet normal 0 0 1
    outer loop
      vertex 0 0 -20
      vertex 14.2239 46.8901 -20
      vertex 11.906 47.5315 -20
    endloop
  endfacet
  facet normal 0.266713 0.963776 0
    outer loop
      vertex 14.2239 46.8901 -60
      vertex 11.906 47.5315 -60
      vertex 11.906 47.5315 -20
    endloop
  endfacet
  facet normal 0.266713 0.963776 0
    outer loop
      vertex 14.2239 46.8901 -60
      vertex 11.906 47.5315 -20
      vertex 14.2239 46.8901 -20
    endloop
  endfacet
  facet normal 0 0 -1
    outer loop
      vertex 0 0 -60
      vertex 9.55943 48.0585 -60
      vertex 11.906 47.5315 -60
    endloop
  endfacet
  facet normal 0 0 1
    outer loop
      vertex 0 0 -20
      vertex 11.906 47.5315 -20
      vertex 9.55943 48.0585 -20
    endloop
  endfacet
  facet normal 0.219101 0.975702 0
    outer loop
      vertex 11.906 47.5315 -60
      vertex 9.55943 48.0585 -60
      vertex 9.55943 48.0585 -20
    endloop
  endfacet
  facet normal 0.219101 0.975702 0
    outer loop
      vertex 11.906 47.5315 -60
      vertex 9.55943 48.0585 -20
      vertex 11.906 47.5315 -20
    endloop
  endfacet
  facet normal 0 0 -1
    outer loop
      vertex 0 0 -60
      vertex 7.18979 48.4696 -60
      vertex 9.55943 48.0585 -60
    endloop
  endfacet
  facet normal 0 0 1
    outer loop
      vertex 0 0 -20
      vertex 9.55943 48.0585 -20
      vertex 7.18979 48.4696 -20
    endloop
  endfacet
  facet normal 0.170962 0.985278 0
    outer loop
      vertex 9.55943 48.0585 -60
      vertex 7.18979 48.4696 -60
      vertex 7.18979 48.4696 -20
    endloop
  endfacet
  facet normal 0.170962 0.985278 0
    outer loop
      vertex 9.55943 48.0585 -60
      vertex 7.18979 48.4696 -20
      vertex 9.55943 48.0585 -20
    endloop
  endfacet
  facet normal 0 0 -1
    outer loop
      vertex 0 0 -60
      vertex 4.80284 48.7641 -60
      vertex 7.18979 48.4696 -60
    endloop
  endfacet
  facet normal 0 0 1
    outer loop
      vertex 0 0 -20
      vertex 7.18979 48.4696 -20
      vertex 4.80284 48.7641 -20
    endloop
  endfacet
  facet normal 0.122411 0.99248 0
    outer loop
      vertex 7.18979 48.4696 -60
      vertex 4.80284 48.7641 -60
      vertex 4.80284 48.7641 -20
    endloop
  endfacet
  facet normal 0.122411 0.99248 0
    outer loop
      vertex 7.18979 48.4696 -60
      vertex 4.80284 48.7641 -20
      vertex 7.18979 48.4696 -20
    endloop
  endfacet
  facet normal 0 0 -1
    outer loop
      vertex 0 0 -60
      vertex 2.40432 48.941 -60
      vertex 4.80284 48.7641 -60
    endloop
  endfacet
  facet normal 0 0 1
    outer loop
      vertex 0 0 -20
      vertex 4.80284 48.7641 -20
      vertex 2.40432 48.941 -20
    endloop
  endfacet
  facet normal 0.0735646 0.99729 0
    outer loop
      vertex 4.80284 48.7641 -60
      vertex 2.40432 48.941 -60
      vertex 2.40432 48.941 -20
    endloop
  endfacet
  facet normal 0.0735646 0.99729 0
    outer loop
      vertex 4.80284 48.7641 -60
      vertex 2.40432 48.941 -20
      vertex 4.80284 48.7641 -20
    endloop
  endfacet
  facet normal 0 0 -1
    outer loop
      vertex 0 0 -60
      vertex 3.00038e-15 49 -60
      vertex 2.40432 48.941 -60
    endloop
  endfacet
  facet normal 0 0 1
    outer loop
      vertex 0 0 -20
      vertex 2.40432 48.941 -20
      vertex 3.00038e-15 49 -20
    endloop
  endfacet
  facet normal 0.0245412 0.999699 0
    outer loop
      vertex 2.40432 48.941 -60
      vertex 3.00038e-15 49 -60
      vertex 3.00038e-15 49 -20
    endloop
  endfacet
  facet normal 0.0245412 0.999699 0
    outer loop
      vertex 2.40432 48.941 -60
      vertex 3.00038e-15 49 -20
      vertex 2.40432 48.941 -20
    endloop
  endfacet
  facet normal 0 0 -1
    outer loop
      vertex 0 0 -60
      vertex -2.40432 48.941 -60
      vertex 3.00038e-15 49 -60
    endloop
  endfacet
  facet normal 0 0 1
    outer loop
      vertex 0 0 -20
      vertex 3.00038e-15 49 -20
      vertex -2.40432 48.941 -20
    endloop
  endfacet
  facet normal -0.0245412 0.999699 0
    outer loop
      vertex 3.00038e-15 49 -60
      vertex -2.40432 48.941 -60
      vertex -2.40432 48.941 -20
    endloop
  endfacet
  facet normal -0.0245412 0.999699 0
    outer loop
      vertex 3.00038e-15 49 -60
      vertex -2.40432 48.941 -20
      vertex 3.00038e-15 49 -20
    endloop
  endfacet
  facet normal 0 0 -1
    outer loop
      vertex 0 0 -60
      vertex -4.80284 48.7641 -60
      vertex -2.40432 48.941 -60
    endloop
  endfacet
  facet normal 0 0 1
    outer loop
      vertex 0 0 -20
      vertex -2.40432 48.941 -20
      vertex -4.80284 48.7641 -20
    endloop
  endfacet
  facet normal -0.0735646 0.99729 0
    outer loop
      vertex -2.40432 48.941 -60
      vertex -4.80284 48.7641 -60
      vertex -4.80284 48.7641 -20
    endloop
  endfacet
  facet normal -0.0735646 0.99729 0
    outer loop
      vertex -2.40432 48.941 -60
      vertex -4.80284 48.7641 -20
      vertex -2.40432 48.941 -20
    endloop
  endfacet
  facet normal 0 0 -1
    outer loop
      vertex 0 0 -60
      vertex -7.18979 48.4696 -60
      vertex -4.80284 48.7641 -60
    endloop
  endfacet
  facet normal 0 0 1
    outer loop
      vertex 0 0 -20
      vertex -4.80284 48.7641 -20
      vertex -7.18979 48.4696 -20
    endloop
  endfacet
  facet normal -0.122411 0.99248 0
    outer loop
      vertex -4.80284 48.7641 -60
      vertex -7.18979 48.4696 -60
      vertex -7.18979 48.4696 -20
    endloop
  endfacet
  facet normal -0.122411 0.99248 0
    outer loop
      vertex -4.80284 48.7641 -60
      vertex -7.18979 48.4696 -20
      vertex -4.80284 48.7641 -20
    endloop
  endfacet
  facet normal 0 0 -1
    outer loop
      vertex 0 0 -60
      vertex -9.55943 48.0585 -60
      vertex -7.18979 48.4696 -60
    endloop
  endfacet
  facet normal 0 0 1
    outer loop
      vertex 0 0 -20
      vertex -7.18979 48.4696 -20
      vertex -9.55943 48.0585 -20
    endloop
  endfacet
  facet normal -0.170962 0.985278 0
    outer loop
      vertex -7.18979 48.4696 -60
      vertex -9.55943 48.0585 -60
      vertex -9.55943 48.0585 -20
    endloop
  endfacet
  facet normal -0.170962 0.985278 0
    outer loop
      vertex -7.18979 48.4696 -60
      vertex -9.55943 48.0585 -20
      vertex -7.18979 48.4696 -20
    endloop
  endfacet
  facet normal 0 0 -1
    outer loop
      vertex 0 0 -60
      vertex -11.906 47.5315 -60
      vertex -9.55943 48.0585 -60
    endloop
  endfacet
  facet normal 0 0 1
    outer loop
      vertex 0 0 -20
      vertex -9.55943 48.0585 -20
      vertex -11.906 47.5315 -20
    endloop
  endfacet
  facet normal -0.219101 0.975702 0
    outer loop
      vertex -9.55943 48.0585 -60
      vertex -11.906 47.5315 -60
      vertex -11.906 47.5315 -20
    endloop
  endfacet
  facet normal -0.219101 0.975702 0
    outer loop
      vertex -9.55943 48.0585 -60
      vertex -11.906 47.5315 -20
      vertex -9.55943 48.0585 -20
    endloop
  endfacet
  facet normal 0 0 -1
    outer loop
      vertex 0 0 -60
      vertex -14.2239 46.8901 -60
      vertex -11.906 47.5315 -60
    endloop
  endfacet
  facet normal 0 0 1
    outer loop
      vertex 0 0 -20
      vertex -11.906 47.5315 -20
      vertex -14.2239 46.8901 -20
    endloop
  endfacet
  facet normal -0.266713 0.963776 0
    outer loop
      vertex -11.906 47.5315 -60
      vertex -14.2239 46.8901 -60
      vertex -14.2239 46.8901 -20
    endloop
  endfacet
  facet normal -0.266713 0.963776 0
    outer loop
      vertex -11.906 47.5315 -60
      vertex -14.2239 46.8901 -20
      vertex -11.906 47.5315 -20
    endloop
  endfacet
  facet normal 0 0 -1
    outer loop
      vertex 0 0 -60
      vertex -16.5076 46.1357 -60
      vertex -14.2239 46.8901 -60
    endloop
  endfacet
  facet normal 0 0 1
    outer loop
      vertex 0 0 -20
      vertex -14.2239 46.8901 -20
      vertex -16.5076 46.1357 -20
    endloop
  endfacet
  facet normal -0.313682 0.949528 0
    outer loop
      vertex -14.2239 46.8901 -60
      vertex -16.5076 46.1357 -60
      vertex -16.5076 46.1357 -20
    endloop
  endfacet
  facet normal -0.313682 0.949528 0
    outer loop
      vertex -14.2239 46.8901 -60
      vertex -16.5076 46.1357 -20
      vertex -14.2239 46.8901 -20
    endloop
  endfacet
  facet normal 0 0 -1
    outer loop
      vertex 0 0 -60
      vertex -18.7515 45.2701 -60
      vertex -16.5076 46.1357 -60
    endloop
  endfacet
  facet normal 0 0 1
    outer loop
      vertex 0 0 -20
      vertex -16.5076 46.1357 -20
      vertex -18.7515 45.2701 -20
    endloop
  endfacet
  facet normal -0.359895 0.932993 0
    outer loop
      vertex -16.5076 46.1357 -60
      vertex -18.7515 45.2701 -60
      vertex -18.7515 45.2701 -20
    endloop
  endfacet
  facet normal -0.359895 0.932993 0
    outer loop
      vertex -16.5076 46.1357 -60
      vertex -18.7515 45.2701 -20
      vertex -16.5076 46.1357 -20
    endloop
  endfacet
  facet normal 0 0 -1
    outer loop
      vertex 0 0 -60
      vertex -20.9502 44.2955 -60
      vertex -18.7515 45.2701 -60
    endloop
  endfacet
  facet normal 0 0 1
    outer loop
      vertex 0 0 -20
      vertex -18.7515 45.2701 -20
      vertex -20.9502 44.2955 -20
    endloop
  endfacet
  facet normal -0.405241 0.91421 0
    outer loop
      vertex -18.7515 45.2701 -60
      vertex -20.9502 44.2955 -60
      vertex -20.9502 44.2955 -20
    endloop
  endfacet
  facet normal -0.405241 0.91421 0
    outer loop
      vertex -18.7515 45.2701 -60
      vertex -20.9502 44.2955 -20
      vertex -18.7515 45.2701 -20
    endloop
  endfacet
  facet normal 0 0 -1
    outer loop
      vertex 0 0 -60
      vertex -23.0984 43.2141 -60
      vertex -20.9502 44.2955 -60
    endloop
  endfacet
  facet normal 0 0 1
    outer loop
      vertex 0 0 -20
      vertex -20.9502 44.2955 -20
      vertex -23.0984 43.2141 -20
    endloop
  endfacet
  facet normal -0.449611 0.893224 0
    outer loop
      vertex -20.9502 44.2955 -60
      vertex -23.0984 43.2141 -60
      vertex -23.0984 43.2141 -20
    endloop
  endfacet
  facet normal -0.449611 0.893224 0
    outer loop
      vertex -20.9502 44.2955 -60
      vertex -23.0984 43.2141 -20
      vertex -20.9502 44.2955 -20
    endloop
  endfacet
  facet normal 0 0 -1
    outer loop
      vertex 0 0 -60
      vertex -25.191 42.0287 -60
      vertex -23.0984 43.2141 -60
    endloop
  endfacet
  facet normal 0 0 1
    outer loop
      vertex 0 0 -20
      vertex -23.0984 43.2141 -20
      vertex -25.191 42.0287 -20
    endloop
  endfacet
  facet normal -0.492898 0.870087 0
    outer loop
      vertex -23.0984 43.2141 -60
      vertex -25.191 42.0287 -60
      vertex -25.191 42.0287 -20
    endloop
  endfacet
  facet normal -0.492898 0.870087 0
    outer loop
      vertex -23.0984 43.2141 -60
      vertex -25.191 42.0287 -20
      vertex -23.0984 43.2141 -20
    endloop
  endfacet
  facet normal 0 0 -1
    outer loop
      vertex 0 0 -60
      vertex -27.2229 40.742 -60
      vertex -25.191 42.0287 -60
    endloop
  endfacet
  facet normal 0 0 1
    outer loop
      vertex 0 0 -20
      vertex -25.191 42.0287 -20
      vertex -27.2229 40.742 -20
    endloop
  endfacet
  facet normal -0.534998 0.844854 0
    outer loop
      vertex -25.191 42.0287 -60
      vertex -27.2229 40.742 -60
      vertex -27.2229 40.742 -20
    endloop
  endfacet
  facet normal -0.534998 0.844854 0
    outer loop
      vertex -25.191 42.0287 -60
      vertex -27.2229 40.742 -20
      vertex -25.191 42.0287 -20
    endloop
  endfacet
  facet normal 0 0 -1
    outer loop
      vertex 0 0 -60
      vertex -29.1893 39.3572 -60
      vertex -27.2229 40.742 -60
    endloop
  endfacet
  facet normal 0 0 1
    outer loop
      vertex 0 0 -20
      vertex -27.2229 40.742 -20
      vertex -29.1893 39.3572 -20
    endloop
  endfacet
  facet normal -0.575808 0.817585 0
    outer loop
      vertex -27.2229 40.742 -60
      vertex -29.1893 39.3572 -60
      vertex -29.1893 39.3572 -20
    endloop
  endfacet
  facet normal -0.575808 0.817585 0
    outer loop
      vertex -27.2229 40.742 -60
      vertex -29.1893 39.3572 -20
      vertex -27.2229 40.742 -20
    endloop
  endfacet
  facet normal 0 0 -1
    outer loop
      vertex 0 0 -60
      vertex -31.0853 37.8775 -60
      vertex -29.1893 39.3572 -60
    endloop
  endfacet
  facet normal 0 0 1
    outer loop
      vertex 0 0 -20
      vertex -29.1893 39.3572 -20
      vertex -31.0853 37.8775 -20
    endloop
  endfacet
  facet normal -0.615232 0.788346 0
    outer loop
      vertex -29.1893 39.3572 -60
      vertex -31.0853 37.8775 -60
      vertex -31.0853 37.8775 -20
    endloop
  endfacet
  facet normal -0.615232 0.788346 0
    outer loop
      vertex -29.1893 39.3572 -60
      vertex -31.0853 37.8775 -20
      vertex -29.1893 39.3572 -20
    endloop
  endfacet
  facet normal 0 0 -1
    outer loop
      vertex 0 0 -60
      vertex -32.9064 36.3066 -60
      vertex -31.0853 37.8775 -60
    endloop
  endfacet
  facet normal 0 0 1
    outer loop
      vertex 0 0 -20
      vertex -31.0853 37.8775 -20
      vertex -32.9064 36.3066 -20
    endloop
  endfacet
  facet normal -0.653173 0.757209 0
    outer loop
      vertex -31.0853 37.8775 -60
      vertex -32.9064 36.3066 -60
      vertex -32.9064 36.3066 -20
    endloop
  endfacet
  facet normal -0.653173 0.757209 0
    outer loop
      vertex -31.0853 37.8775 -60
      vertex -32.9064 36.3066 -20
      vertex -31.0853 37.8775 -20
    endloop
  endfacet
  facet normal 0 0 -1
    outer loop
      vertex 0 0 -60
      vertex -34.6482 34.6482 -60
      vertex -32.9064 36.3066 -60
    endloop
  endfacet
  facet normal 0 0 1
    outer loop
      vertex 0 0 -20
      vertex -32.9064 36.3066 -20
      vertex -34.6482 34.6482 -20
    endloop
  endfacet
  facet normal -0.689541 0.724247 0
    outer loop
      vertex -32.9064 36.3066 -60
      vertex -34.6482 34.6482 -60
      vertex -34.6482 34.6482 -20
    endloop
  endfacet
  facet normal -0.689541 0.724247 0
    outer loop
      vertex -32.9064 36.3066 -60
      vertex -34.6482 34.6482 -20
      vertex -32.9064 36.3066 -20
    endloop
  endfacet
  facet normal 0 0 -1
    outer loop
      vertex 0 0 -60
      vertex -36.3066 32.9064 -60
      vertex -34.6482 34.6482 -60
    endloop
  endfacet
  facet normal 0 0 1
    outer loop
      vertex 0 0 -20
      vertex -34.6482 34.6482 -20
      vertex -36.3066 32.9064 -20
    endloop
  endfacet
  facet normal -0.724247 0.689541 0
    outer loop
      vertex -34.6482 34.6482 -60
      vertex -36.3066 32.9064 -60
      vertex -36.3066 32.9064 -20
    endloop
  endfacet
  facet normal -0.724247 0.689541 0
    outer loop
      vertex -34.6482 34.6482 -60
      vertex -36.3066 32.9064 -20
      vertex -34.6482 34.6482 -20
    endloop
  endfacet
  facet normal 0 0 -1
    outer loop
      vertex 0 0 -60
      vertex -37.8775 31.0853 -60
      vertex -36.3066 32.9064 -60
    endloop
  endfacet
  facet normal 0 0 1
    outer loop
      vertex 0 0 -20
      vertex -36.3066 32.9064 -20
      vertex -37.8775 31.0853 -20
    endloop
  endfacet
  facet normal -0.757209 0.653173 0
    outer loop
      vertex -36.3066 32.9064 -60
      vertex -37.8775 31.0853 -60
      vertex -37.8775 31.0853 -20
    endloop
  endfacet
  facet normal -0.757209 0.653173 0
    outer loop
      vertex -36.3066 32.9064 -60
      vertex -37.8775 31.0853 -20
      vertex -36.3066 32.9064 -20
    endloop
  endfacet
  facet normal 0 0 -1
    outer loop
      vertex 0 0 -60
      vertex -39.3572 29.1893 -60
      vertex -37.8775 31.0853 -60
    endloop
  endfacet
  facet normal 0 0 1
    outer loop
      vertex 0 0 -20
      vertex -37.8775 31.0853 -20
      vertex -39.3572 29.1893 -20
    endloop
  endfacet
  facet normal -0.788346 0.615232 0
    outer loop
      vertex -37.8775 31.0853 -60
      vertex -39.3572 29.1893 -60
      vertex -39.3572 29.1893 -20
    endloop
  endfacet
  facet normal -0.788346 0.615232 0
    outer loop
      vertex -37.8775 31.0853 -60
      vertex -39.3572 29.1893 -20
      vertex -37.8775 31.0853 -20
    endloop
  endfacet
  facet normal 0 0 -1
    outer loop
      vertex 0 0 -60
      vertex -40.742 27.2229 -60
      vertex -39.3572 29.1893 -60
    endloop
  endfacet
  facet normal 0 0 1
    outer loop
      vertex 0 0 -20
      vertex -39.3572 29.1893 -20
      vertex -40.742 27.2229 -20
    endloop
  endfacet
  facet normal -0.817585 0.575808 0
    outer loop
      vertex -39.3572 29.1893 -60
      vertex -40.742 27.2229 -60
      vertex -40.742 27.2229 -20
    endloop
  endfacet
  facet normal -0.817585 0.575808 0
    outer loop
      vertex -39.3572 29.1893 -60
      vertex -40.742 27.2229 -20
      vertex -39.3572 29.1893 -20
    endloop
  endfacet
  facet normal 0 0 -1
    outer loop
      vertex 0 0 -60
      vertex -42.0287 25.191 -60
      vertex -40.742 27.2229 -60
    endloop
  endfacet
  facet normal 0 0 1
    outer loop
      vertex 0 0 -20
      vertex -40.742 27.2229 -20
      vertex -42.0287 25.191 -20
    endloop
  endfacet
  facet normal -0.844854 0.534998 0
    outer loop
      vertex -40.742 27.2229 -60
      vertex -42.0287 25.191 -60
      vertex -42.0287 25.191 -20
    endloop
  endfacet
  facet normal -0.844854 0.534998 0
    outer loop
      vertex -40.742 27.2229 -60
      vertex -42.0287 25.191 -20
      vertex -40.742 27.2229 -20
    endloop
  endfacet
  facet normal 0 0 -1
    outer loop
      vertex 0 0 -60
      vertex -43.2141 23.0984 -60
      vertex -42.0287 25.191 -60
    endloop
  endfacet
  facet normal 0 0 1
    outer loop
      vertex 0 0 -20
      vertex -42.0287 25.191 -20
      vertex -43.2141 23.0984 -20
    endloop
  endfacet
  facet normal -0.870087 0.492898 0
    outer loop
      vertex -42.0287 25.191 -60
      vertex -43.2141 23.0984 -60
      vertex -43.2141 23.0984 -20
    endloop
  endfacet
  facet normal -0.870087 0.492898 0
    outer loop
      vertex -42.0287 25.191 -60
      vertex -43.2141 23.0984 -20
      vertex -42.0287 25.191 -20
    endloop
  endfacet
  facet normal 0 0 -1
    outer loop
      vertex 0 0 -60
      vertex -44.2955 20.9502 -60
      vertex -43.2141 23.0984 -60
    endloop
  endfacet
  facet normal 0 0 1
    outer loop
      vertex 0 0 -20
      vertex -43.2141 23.0984 -20
      vertex -44.2955 20.9502 -20
    endloop
  endfacet
  facet normal -0.893224 0.449611 0
    outer loop
      vertex -43.2141 23.0984 -60
      vertex -44.2955 20.9502 -60
      vertex -44.2955 20.9502 -20
    endloop
  endfacet
  facet normal -0.893224 0.449611 0
    outer loop
      vertex -43.2141 23.0984 -60
      vertex -44.2955 20.9502 -20
      vertex -43.2141 23.0984 -20
    endloop
  endfacet
  facet normal 0 0 -1
    outer loop
      vertex 0 0 -60
      vertex -45.2701 18.7515 -60
      vertex -44.2955 20.9502 -60
    endloop
  endfacet
  facet normal 0 0 1
    outer loop
      vertex 0 0 -20
      vertex -44.2955 20.9502 -20
      vertex -45.2701 18.7515 -20
    endloop
  endfacet
  facet normal -0.91421 0.405241 0
    outer loop
      vertex -44.2955 20.9502 -60
      vertex -45.2701 18.7515 -60
      vertex -45.2701 18.7515 -20
    endloop
  endfacet
  facet normal -0.91421 0.405241 0
    outer loop
      vertex -44.2955 20.9502 -60
      vertex -45.2701 18.7515 -20
      vertex -44.2955 20.9502 -20
    endloop
  endfacet
  facet normal 0 0 -1
    outer loop
      vertex 0 0 -60
      vertex -46.1357 16.5076 -60
      vertex -45.2701 18.7515 -60
    endloop
  endfacet
  facet normal 0 0 1
    outer loop
      vertex 0 0 -20
      vertex -45.2701 18.7515 -20
      vertex -46.1357 16.5076 -20
    endloop
  endfacet
  facet normal -0.932993 0.359895 0
    outer loop
      vertex -45.2701 18.7515 -60
      vertex -46.1357 16.5076 -60
      vertex -46.1357 16.5076 -20
    endloop
  endfacet
  facet normal -0.932993 0.359895 0
    outer loop
      vertex -45.2701 18.7515 -60
      vertex -46.1357 16.5076 -20
      vertex -45.2701 18.7515 -20
    endloop
  endfacet
  facet normal 0 0 -1
    outer loop
      vertex 0 0 -60
      vertex -46.8901 14.2239 -60
      vertex -46.1357 16.5076 -60
    endloop
  endfacet
  facet normal 0 0 1
    outer loop
      vertex 0 0 -20
      vertex -46.1357 16.5076 -20
      vertex -46.8901 14.2239 -20
    endloop
  endfacet
  facet normal -0.949528 0.313682 0
    outer loop
      vertex -46.1357 16.5076 -60
      vertex -46.8901 14.2239 -60
      vertex -46.8901 14.2239 -20
    endloop
  endfacet
  facet normal -0.949528 0.313682 0
    outer loop
      vertex -46.1357 16.5076 -60
      vertex -46.8901 14.2239 -20
      vertex -46.1357 16.5076 -20
    endloop
  endfacet
  facet normal 0 0 -1
    outer loop
      vertex 0 0 -60
      vertex -47.5315 11.906 -60
      vertex -46.8901 14.2239 -60
    endloop
  endfacet
  facet normal 0 0 1
    outer loop
      vertex 0 0 -20
      vertex -46.8901 14.2239 -20
      vertex -47.5315 11.906 -20
    endloop
  endfacet
  facet normal -0.963776 0.266713 0
    outer loop
      vertex -46.8901 14.2239 -60
      vertex -47.5315 11.906 -60
      vertex -47.5315 11.906 -20
    endloop
  endfacet
  facet normal -0.963776 0.266713 0
    outer loop
      vertex -46.8901 14.2239 -60
      vertex -47.5315 11.906 -20
      vertex -46.8901 14.2239 -20
    endloop
  endfacet
  facet normal 0 0 -1
    outer loop
      vertex 0 0 -60
      vertex -48.0585 9.55943 -60
      vertex -47.5315 11.906 -60
    endloop
  endfacet
  facet normal 0 0 1
    outer loop
      vertex 0 0 -20
      vertex -47.5315 11.906 -20
      vertex -48.0585 9.55943 -20
    endloop
  endfacet
  facet normal -0.975702 0.219101 0
    outer loop
      vertex -47.5315 11.906 -60
      vertex -48.0585 9.55943 -60
      vertex -48.0585 9.55943 -20
    endloop
  endfacet
  facet normal -0.975702 0.219101 0
    outer loop
      vertex -47.5315 11.906 -60
      vertex -48.0585 9.55943 -20
      vertex -47.5315 11.906 -20
    endloop
  endfacet
  facet normal 0 0 -1
    outer loop
      vertex 0 0 -60
      vertex -48.4696 7.18979 -60
      vertex -48.0585 9.55943 -60
    endloop
  endfacet
  facet normal 0 0 1
    outer loop
      vertex 0 0 -20
      vertex -48.0585 9.55943 -20
      vertex -48.4696 7.18979 -20
    endloop
  endfacet
  facet normal -0.985278 0.170962 0
    outer loop
      vertex -48.0585 9.55943 -60
      vertex -48.4696 7.18979 -60
      vertex -48.4696 7.18979 -20
    endloop
  endfacet
  facet normal -0.985278 0.170962 0
    outer loop
      vertex -48.0585 9.55943 -60
      vertex -48.4696 7.18979 -20
      vertex -48.0585 9.55943 -20
    endloop
  endfacet
  facet normal 0 0 -1
    outer loop
      vertex 0 0 -60
      vertex -48.7641 4.80284 -60
      vertex -48.4696 7.18979 -60
    endloop
  endfacet
  facet normal 0 0 1
    outer loop
      vertex 0 0 -20
      vertex -48.4696 7.18979 -20
      vertex -48.7641 4.80284 -20
    endloop
  endfacet
  facet normal -0.99248 0.122411 0
    outer loop
      vertex -48.4696 7.18979 -60
      vertex -48.7641 4.80284 -60
      vertex -48.7641 4.80284 -20
    endloop
  endfacet
  facet normal -0.99248 0.122411 0
    outer loop
      vertex -48.4696 7.18979 -60
      vertex -48.7641 4.80284 -20
      vertex -48.4696 7.18979 -20
    endloop
  endfacet
  facet normal 0 0 -1
    outer loop
      vertex 0 0 -60
      vertex -48.941 2.40432 -60
      vertex -48.7641 4.80284 -60
    endloop
  endfacet
  facet normal 0 0 1
    outer loop
      vertex 0 0 -20
      vertex -48.7641 4.80284 -20
      vertex -48.941 2.40432 -20
    endloop
  endfacet
  facet normal -0.99729 0.0735646 0
    outer loop
      vertex -48.7641 4.80284 -60
      vertex -48.941 2.40432 -60
      vertex -48.941 2.40432 -20
    endloop
  endfacet
  facet normal -0.99729 0.0735646 0
    outer loop
      vertex -48.7641 4.80284 -60
      vertex -48.941 2.40432 -20
      vertex -48.7641 4.80284 -20
    endloop
  endfacet
  facet normal 0 0 -1
    outer loop
      vertex 0 0 -60
      vertex -49 6.00077e-15 -60
      vertex -48.941 2.40432 -60
    endloop
  endfacet
  facet normal 0 0 1
    outer loop
      vertex 0 0 -20
      vertex -48.941 2.40432 -20
      vertex -49 6.00077e-15 -20
    endloop
  endfacet
  facet normal -0.999699 0.0245412 0
    outer loop
      vertex -48.941 2.40432 -60
      vertex -49 6.00077e-15 -60
      vertex -49 6.00077e-15 -20
    endloop
  endfacet
  facet normal -0.999699 0.0245412 0
    outer loop
      vertex -48.941 2.40432 -60
      vertex -49 6.00077e-15 -20
      vertex -48.941 2.40432 -20
    endloop
  endfacet
  facet normal 0 0 -1
    outer loop
      vertex 0 0 -60
      vertex -48.941 -2.40432 -60
      vertex -49 6.00077e-15 -60
    endloop
  endfacet
  facet normal 0 0 1
    outer loop
      vertex 0 0 -20
      vertex -49 6.00077e-15 -20
      vertex -48.941 -2.40432 -20
    endloop
  endfacet
  facet normal -0.999699 -0.0245412 0
    outer loop
      vertex -49 6.00077e-15 -60
      vertex -48.941 -2.40432 -60
      vertex -48.941 -2.40432 -20
    endloop
  endfacet
  facet normal -0.999699 -0.0245412 0
    outer loop
      vertex -49 6.00077e-15 -60
      vertex -48.941 -2.40432 -20
      vertex -49 6.00077e-15 -20
    endloop
  endfacet
  facet normal 0 0 -1
    outer loop
      vertex 0 0 -60
      vertex -48.7641 -4.80284 -60
      vertex -48.941 -2.40432 -60
    endloop
  endfacet
  facet normal 0 0 1
    outer loop
      vertex 0 0 -20
      vertex -48.941 -2.40432 -20
      vertex -48.7641 -4.80284 -20
    endloop
  endfacet
  facet normal -0.99729 -0.0735646 0
    outer loop
      vertex -48.941 -2.40432 -60
      vertex -48.7641 -4.80284 -60
      vertex -48.7641 -4.80284 -20
    endloop
  endfacet
  facet normal -0.99729 -0.0735646 0
    outer loop
      vertex -48.941 -2.40432 -60
      vertex -48.7641 -4.80284 -20
      vertex -48.941 -2.40432 -20
    endloop
  endfacet
  facet normal 0 0 -1
    outer loop
      vertex 0 0 -60
      vertex -48.4696 -7.18979 -60
      vertex -48.7641 -4.80284 -60
    endloop
  endfacet
  facet normal 0 0 1
    outer loop
      vertex 0 0 -20
      vertex -48.7641 -4.80284 -20
      vertex -48.4696 -7.18979 -20
    endloop
  endfacet
  facet normal -0.99248 -0.122411 0
    outer loop
      vertex -48.7641 -4.80284 -60
      vertex -48.4696 -7.18979 -60
      vertex -48.4696 -7.18979 -20
    endloop
  endfacet
  facet normal -0.99248 -0.122411 0
    outer loop
      vertex -48.7641 -4.80284 -60
      vertex -48.4696 -7.18979 -20
      vertex -48.7641 -4.80284 -20
    endloop
  endfacet
  facet normal 0 0 -1
    outer loop
      vertex 0 0 -60
      vertex -48.0585 -9.55943 -60
      vertex -48.4696 -7.18979 -60
    endloop
  endfacet
  facet normal 0 0 1
    outer loop
      vertex 0 0 -20
      vertex -48.4696 -7.18979 -20
      vertex -48.0585 -9.55943 -20
    endloop
  endfacet
  facet normal -0.985278 -0.170962 0
    outer loop
      vertex -48.4696 -7.18979 -60
      vertex -48.0585 -9.55943 -60
      vertex -48.0585 -9.55943 -20
    endloop
  endfacet
  facet normal -0.985278 -0.170962 0
    outer loop
      vertex -48.4696 -7.18979 -60
      vertex -48.0585 -9.55943 -20
      vertex -48.4696 -7.18979 -20
    endloop
  endfacet
  facet normal 0 0 -1
    outer loop
      vertex 0 0 -60
      vertex -47.5315 -11.906 -60
      vertex -48.0585 -9.55943 -60
    endloop
  endfacet
  facet normal 0 0 1
    outer loop
      vertex 0 0 -20
      vertex -48.0585 -9.55943 -20
      vertex -47.5315 -11.906 -20
    endloop
  endfacet
  facet normal -0.975702 -0.219101 0
    outer loop
      vertex -48.0585 -9.55943 -60
      vertex -47.5315 -11.906 -60
      vertex -47.5315 -11.906 -20
    endloop
  endfacet
  facet normal -0.975702 -0.219101 0
    outer loop
      vertex -48.0585 -9.55943 -60
      vertex -47.5315 -11.906 -20
      vertex -48.0585 -9.55943 -20
    endloop
  endfacet
  facet normal 0 0 -1
    outer loop
      vertex 0 0 -60
      vertex -46.8901 -14.2239 -60
      vertex -47.5315 -11.906 -60
    endloop
  endfacet
  facet normal 0 0 1
    outer loop
      vertex 0 0 -20
      vertex -47.5315 -11.906 -20
      vertex -46.8901 -14.2239 -20
    endloop
  endfacet
  facet normal -0.963776 -0.266713 0
    outer loop
      vertex -47.5315 -11.906 -60
      vertex -46.8901 -14.2239 -60
      vertex -46.8901 -14.2239 -20
    endloop
  endfacet
  facet normal -0.963776 -0.266713 0
    outer loop
      vertex -47.5315 -11.906 -60
      vertex -46.8901 -14.2239 -20
      vertex -47.5315 -11.906 -20
    endloop
  endfacet
  facet normal 0 0 -1
    outer loop
      vertex 0 0 -60
      vertex -46.1357 -16.5076 -60
      vertex -46.8901 -14.2239 -60
    endloop
  endfacet
  facet normal 0 0 1
    outer loop
      vertex 0 0 -20
      vertex -46.8901 -14.2239 -20
      vertex -46.1357 -16.5076 -20
    endloop
  endfacet
  facet normal -0.949528 -0.313682 0
    outer loop
      vertex -46.8901 -14.2239 -60
      vertex -46.1357 -16.5076 -60
      vertex -46.1357 -16.5076 -20
    endloop
  endfacet
  facet normal -0.949528 -0.313682 0
    outer loop
      vertex -46.8901 -14.2239 -60
      vertex -46.1357 -16.5076 -20
      vertex -46.8901 -14.2239 -20
    endloop
  endfacet
  facet normal 0 0 -1
    outer loop
      vertex 0 0 -60
      vertex -45.2701 -18.7515 -60
      vertex -46.1357 -16.5076 -60
    endloop
  endfacet
  facet normal 0 0 1
    outer loop
      vertex 0 0 -20
      vertex -46.1357 -16.5076 -20
      vertex -45.2701 -18.7515 -20
    endloop
  endfacet
  facet normal -0.932993 -0.359895 0
    outer loop
      vertex -46.1357 -16.5076 -60
      vertex -45.2701 -18.7515 -60
      vertex -45.2701 -18.7515 -20
    endloop
  endfacet
  facet normal -0.932993 -0.359895 0
    outer loop
      vertex -46.1357 -16.5076 -60
      vertex -45.2701 -18.7515 -20
      vertex -46.1357 -16.5076 -20
    endloop
  endfacet
  facet normal 0 0 -1
    outer loop
      vertex 0 0 -60
      vertex -44.2955 -20.9502 -60
      vertex -45.2701 -18.7515 -60
    endloop
  endfacet
  facet normal 0 0 1
    outer loop
      vertex 0 0 -20
      vertex -45.2701 -18.7515 -20
      vertex -44.2955 -20.9502 -20
    endloop
  endfacet
  facet normal -0.91421 -0.405241 0
    outer loop
      vertex -45.2701 -18.7515 -60
      vertex -44.2955 -20.9502 -60
      vertex -44.2955 -20.9502 -20
    endloop
  endfacet
  facet normal -0.91421 -0.405241 0
    outer loop
      vertex -45.2701 -18.7515 -60
      vertex -44.2955 -20.9502 -20
      vertex -45.2701 -18.7515 -20
    endloop
  endfacet
  facet normal 0 0 -1
    outer loop
      vertex 0 0 -60
      vertex -43.2141 -23.0984 -60
      vertex -44.2955 -20.9502 -60
    endloop
  endfacet
  facet normal 0 0 1
    outer loop
      vertex 0 0 -20
      vertex -44.2955 -20.9502 -20
      vertex -43.2141 -23.0984 -20
    endloop
  endfacet
  facet normal -0.893224 -0.449611 0
    outer loop
      vertex -44.2955 -20.9502 -60
      vertex -43.2141 -23.0984 -60
      vertex -43.2141 -23.0984 -20
    endloop
  endfacet
  facet normal -0.893224 -0.449611 0
    outer loop
      vertex -44.2955 -20.9502 -60
      vertex -43.2141 -23.0984 -20
      vertex -44.2955 -20.9502 -20
    endloop
  endfacet
  facet normal 0 0 -1
    outer loop
      vertex 0 0 -60
      vertex -42.0287 -25.191 -60
      vertex -43.2141 -23.0984 -60
    endloop
  endfacet
  facet normal 0 0 1
    outer loop
      vertex 0 0 -20
      vertex -43.2141 -23.0984 -20
      vertex -42.0287 -25.191 -20
    endloop
  endfacet
  facet normal -0.870087 -0.492898 0
    outer loop
      vertex -43.2141 -23.0984 -60
      vertex -42.0287 -25.191 -60
      vertex -42.0287 -25.191 -20
    endloop
  endfacet
  facet normal -0.870087 -0.492898 0
    outer loop
      vertex -43.2141 -23.0984 -60
      vertex -42.0287 -25.191 -20
      vertex -43.2141 -23.0984 -20
    endloop
  endfacet
  facet normal 0 0 -1
    outer loop
      vertex 0 0 -60
      vertex -40.742 -27.2229 -60
      vertex -42.0287 -25.191 -60
    endloop
  endfacet
  facet normal 0 0 1
    outer loop
      vertex 0 0 -20
      vertex -42.0287 -25.191 -20
      vertex -40.742 -27.2229 -20
    endloop
  endfacet
  facet normal -0.844854 -0.534998 0
    outer loop
      vertex -42.0287 -25.191 -60
      vertex -40.742 -27.2229 -60
      vertex -40.742 -27.2229 -20
    endloop
  endfacet
  facet normal -0.844854 -0.534998 0
    outer loop
      vertex -42.0287 -25.191 -60
      vertex -40.742 -27.2229 -20
      vertex -42.0287 -25.191 -20
    endloop
  endfacet
  facet normal 0 0 -1
    outer loop
      vertex 0 0 -60
      vertex -39.3572 -29.1893 -60
      vertex -40.742 -27.2229 -60
    endloop
  endfacet
  facet normal 0 0 1
    outer loop
      vertex 0 0 -20
      vertex -40.742 -27.2229 -20
      vertex -39.3572 -29.1893 -20
    endloop
  endfacet
  facet normal -0.817585 -0.575808 0
    outer loop
      vertex -40.742 -27.2229 -60
      vertex -39.3572 -29.1893 -60
      vertex -39.3572 -29.1893 -20
    endloop
  endfacet
  facet normal -0.817585 -0.575808 0
    outer loop
      vertex -40.742 -27.2229 -60
      vertex -39.3572 -29.1893 -20
      vertex -40.742 -27.2229 -20
    endloop
  endfacet
  facet normal 0 0 -1
    outer loop
      vertex 0 0 -60
      vertex -37.8775 -31.0853 -60
      vertex -39.3572 -29.1893 -60
    endloop
  endfacet
  facet normal 0 0 1
    outer loop
      vertex 0 0 -20
      vertex -39.3572 -29.1893 -20
      vertex -37.8775 -31.0853 -20
    endloop
  endfacet
  facet normal -0.788346 -0.615232 0
    outer loop
      vertex -39.3572 -29.1893 -60
      vertex -37.8775 -31.0853 -60
      vertex -37.8775 -31.0853 -20
    endloop
  endfacet
  facet normal -0.788346 -0.615232 0
    outer loop
      vertex -39.3572 -29.1893 -60
      vertex -37.8775 -31.0853 -20
      vertex -39.3572 -29.1893 -20
    endloop
  endfacet
  facet normal 0 0 -1
    outer loop
      vertex 0 0 -60
      vertex -36.3066 -32.9064 -60
      vertex -37.8775 -31.0853 -60
    endloop
  endfacet
  facet normal 0 0 1
    outer loop
      vertex 0 0 -20
      vertex -37.8775 -31.0853 -20
      vertex -36.3066 -32.9064 -20
    endloop
  endfacet
  facet normal -0.757209 -0.653173 0
    outer loop
      vertex -37.8775 -31.0853 -60
      vertex -36.3066 -32.9064 -60
      vertex -36.3066 -32.9064 -20
    endloop
  endfacet
  facet normal -0.757209 -0.653173 0
    outer loop
      vertex -37.8775 -31.0853 -60
      vertex -36.3066 -32.9064 -20
      vertex -37.8775 -31.0853 -20
    endloop
  endfacet
  facet normal 0 0 -1
    outer loop
      vertex 0 0 -60
      vertex -34.6482 -34.6482 -60
      vertex -36.3066 -32.9064 -60
    endloop
  endfacet
  facet normal 0 0 1
    outer loop
      vertex 0 0 -20
      vertex -36.3066 -32.9064 -20
      vertex -34.6482 -34.6482 -20
    endloop
  endfacet
  facet normal -0.724247 -0.689541 0
    outer loop
      vertex -36.3066 -32.9064 -60
      vertex -34.6482 -34.6482 -60
      vertex -34.6482 -34.6482 -20
    endloop
  endfacet
  facet normal -0.724247 -0.689541 0
    outer loop
      vertex -36.3066 -32.9064 -60
      vertex -34.6482 -34.6482 -20
      vertex -36.3066 -32.9064 -20
    endloop
  endfacet
  facet normal 0 0 -1
    outer loop
      vertex 0 0 -60
      vertex -32.9064 -36.3066 -60
      vertex -34.6482 -34.6482 -60
    endloop
  endfacet
  facet normal 0 0 1
    outer loop
      vertex 0 0 -20
      vertex -34.6482 -34.6482 -20
      vertex -32.9064 -36.3066 -20
    endloop
  endfacet
  facet normal -0.689541 -0.724247 0
    outer loop
      vertex -34.6482 -34.6482 -60
      vertex -32.9064 -36.3066 -60
      vertex -32.9064 -36.3066 -20
    endloop
  endfacet
  facet normal -0.689541 -0.724247 0
    outer loop
      vertex -34.6482 -34.6482 -60
      vertex -32.9064 -36.3066 -20
      vertex -34.6482 -34.6482 -20
    endloop
  endfacet
  facet normal 0 0 -1
    outer loop
      vertex 0 0 -60
      vertex -31.0853 -37.8775 -60
      vertex -32.9064 -36.3066 -60
    endloop
  endfacet
  facet normal 0 0 1
    outer loop
      vertex 0 0 -20
      vertex -32.9064 -36.3066 -20
      vertex -31.0853 -37.8775 -20
    endloop
  endfacet
  facet normal -0.653173 -0.757209 0
    outer loop
      vertex -32.9064 -36.3066 -60
      vertex -31.0853 -37.8775 -60
      vertex -31.0853 -37.8775 -20
    endloop
  endfacet
  facet normal -0.653173 -0.757209 0
    outer loop
      vertex -32.9064 -36.3066 -60
      vertex -31.0853 -37.8775 -20
      vertex -32.9064 -36.3066 -20
    endloop
  endfacet
  facet normal 0 0 -1
    outer loop
      vertex 0 0 -60
      vertex -29.1893 -39.3572 -60
      vertex -31.0853 -37.8775 -60
    endloop
  endfacet
  facet normal 0 0 1
    outer loop
      vertex 0 0 -20
      vertex -31.0853 -37.8775 -20
      vertex -29.1893 -39.3572 -20
    endloop
  endfacet
  facet normal -0.615232 -0.788346 0
    outer loop
      vertex -31.0853 -37.8775 -60
      vertex -29.1893 -39.3572 -60
      vertex -29.1893 -39.3572 -20
    endloop
  endfacet
  facet normal -0.615232 -0.788346 0
    outer loop
      vertex -31.0853 -37.8775 -60
      vertex -29.1893 -39.3572 -20
      vertex -31.0853 -37.8775 -20
    endloop
  endfacet
  facet normal 0 0 -1
    outer loop
      vertex 0 0 -60
      vertex -27.2229 -40.742 -60
      vertex -29.1893 -39.3572 -60
    endloop
  endfacet
  facet normal 0 0 1
    outer loop
      vertex 0 0 -20
      vertex -29.1893 -39.3572 -20
      vertex -27.2229 -40.742 -20
    endloop
  endfacet
  facet normal -0.575808 -0.817585 0
    outer loop
      vertex -29.1893 -39.3572 -60
      vertex -27.2229 -40.742 -60
      vertex -27.2229 -40.742 -20
    endloop
  endfacet
  facet normal -0.575808 -0.817585 0
    outer loop
      vertex -29.1893 -39.3572 -60
      vertex -27.2229 -40.742 -20
      vertex -29.1893 -39.3572 -20
    endloop
  endfacet
  facet normal 0 0 -1
    outer loop
      vertex 0 0 -60
      vertex -25.191 -42.0287 -60
      vertex -27.2229 -40.742 -60
    endloop
  endfacet
  facet normal 0 0 1
    outer loop
      vertex 0 0 -20
      vertex -27.2229 -40.742 -20
      vertex -25.191 -42.0287 -20
    endloop
  endfacet
  facet normal -0.534998 -0.844854 0
    outer loop
      vertex -27.2229 -40.742 -60
      vertex -25.191 -42.0287 -60
      vertex -25.191 -42.0287 -20
    endloop
  endfacet
  facet normal -0.534998 -0.844854 0
    outer loop
      vertex -27.2229 -40.742 -60
      vertex -25.191 -42.0287 -20
      vertex -27.2229 -40.742 -20
    endloop
  endfacet
  facet normal 0 0 -1
    outer loop
      vertex 0 0 -60
      vertex -23.0984 -43.2141 -60
      vertex -25.191 -42.0287 -60
    endloop
  endfacet
  facet normal 0 0 1
    outer loop
      vertex 0 0 -20
      vertex -25.191 -42.0287 -20
      vertex -23.0984 -43.2141 -20
    endloop
  endfacet
  facet normal -0.492898 -0.870087 0
    outer loop
      vertex -25.191 -42.0287 -60
      vertex -23.0984 -43.2141 -60
      vertex -23.0984 -43.2141 -20
    endloop
  endfacet
  facet normal -0.492898 -0.870087 0
    outer loop
      vertex -25.191 -42.0287 -60
      vertex -23.0984 -43.2141 -20
      vertex -25.191 -42.0287 -20
    endloop
  endfacet
  facet normal 0 0 -1
    outer loop
      vertex 0 0 -60
      vertex -20.9502 -44.2955 -60
      vertex -23.0984 -43.2141 -60
    endloop
  endfacet
  facet normal 0 0 1
    outer loop
      vertex 0 0 -20
      vertex -23.0984 -43.2141 -20
      vertex -20.9502 -44.2955 -20
    endloop
  endfacet
  facet normal -0.449611 -0.893224 0
    outer loop
      vertex -23.0984 -43.2141 -60
      vertex -20.9502 -44.2955 -60
      vertex -20.9502 -44.2955 -20
    endloop
  endfacet
  facet normal -0.449611 -0.893224 0
    outer loop
      vertex -23.0984 -43.2141 -60
      vertex -20.9502 -44.2955 -20
      vertex -23.0984 -43.2141 -20
    endloop
  endfacet
  facet normal 0 0 -1
    outer loop
      vertex 0 0 -60
      vertex -18.7515 -45.2701 -60
      vertex -20.9502 -44.2955 -60
    endloop
  endfacet
  facet normal 0 0 1
    outer loop
      vertex 0 0 -20
      vertex -20.9502 -44.2955 -20
      vertex -18.7515 -45.2701 -20
    endloop
  endfacet
  facet normal -0.405241 -0.91421 0
    outer loop
      vertex -20.9502 -44.2955 -60
      vertex -18.7515 -45.2701 -60
      vertex -18.7515 -45.2701 -20
    endloop
  endfacet
  facet normal -0.405241 -0.91421 0
    outer loop
      vertex -20.9502 -44.2955 -60
      vertex -18.7515 -45.2701 -20
      vertex -20.9502 -44.2955 -20
    endloop
  endfacet
  facet normal 0 0 -1
    outer loop
      vertex 0 0 -60
      vertex -16.5076 -46.1357 -60
      vertex -18.7515 -45.2701 -60
    endloop
  endfacet
  facet normal 0 0 1
    outer loop
      vertex 0 0 -20
      vertex -18.7515 -45.2701 -20
      vertex -16.5076 -46.1357 -20
    endloop
  endfacet
  facet normal -0.359895 -0.932993 0
    outer loop
      vertex -18.7515 -45.2701 -60
      vertex -16.5076 -46.1357 -60
      vertex -16.5076 -46.1357 -20
    endloop
  endfacet
  facet normal -0.359895 -0.932993 0
    outer loop
      vertex -18.7515 -45.2701 -60
      vertex -16.5076 -46.1357 -20
      vertex -18.7515 -45.2701 -20
    endloop
  endfacet
  facet normal 0 0 -1
    outer loop
      vertex 0 0 -60
      vertex -14.2239 -46.8901 -60
      vertex -16.5076 -46.1357 -60
    endloop
  endfacet
  facet normal 0 0 1
    outer loop
      vertex 0 0 -20
      vertex -16.5076 -46.1357 -20
      vertex -14.2239 -46.8901 -20
    endloop
  endfacet
  facet normal -0.313682 -0.949528 0
    outer loop
      vertex -16.5076 -46.1357 -60
      vertex -14.2239 -46.8901 -60
      vertex -14.2239 -46.8901 -20
    endloop
  endfacet
  facet normal -0.313682 -0.949528 0
    outer loop
      vertex -16.5076 -46.1357 -60
      vertex -14.2239 -46.8901 -20
      vertex -16.5076 -46.1357 -20
    endloop
  endfacet
  facet normal 0 0 -1
    outer loop
      vertex 0 0 -60
      vertex -11.906 -47.5315 -60
      vertex -14.2239 -46.8901 -60
    endloop
  endfacet
  facet normal 0 0 1
    outer loop
      vertex 0 0 -20
      vertex -14.2239 -46.8901 -20
      vertex -11.906 -47.5315 -20
    endloop
  endfacet
  facet normal -0.266713 -0.963776 0
    outer loop
      vertex -14.2239 -46.8901 -60
      vertex -11.906 -47.5315 -60
      vertex -11.906 -47.5315 -20
    endloop
  endfacet
  facet normal -0.266713 -0.963776 0
    outer loop
      vertex -14.2239 -46.8901 -60
      vertex -11.906 -47.5315 -20
      vertex -14.2239 -46.8901 -20
    endloop
  endfacet
  facet normal 0 0 -1
    outer loop
      vertex 0 0 -60
      vertex -9.55943 -48.0585 -60
      vertex -11.906 -47.5315 -60
    endloop
  endfacet
  facet normal 0 0 1
    outer loop
      vertex 0 0 -20
      vertex -11.906 -47.5315 -20
      vertex -9.55943 -48.0585 -20
    endloop
  endfacet
  facet normal -0.219101 -0.975702 0
    outer loop
      vertex -11.906 -47.5315 -60
      vertex -9.55943 -48.0585 -60
      vertex -9.55943 -48.0585 -20
    endloop
  endfacet
  facet normal -0.219101 -0.975702 0
    outer loop
      vertex -11.906 -47.5315 -60
      vertex -9.55943 -48.0585 -20
      vertex -11.906 -47.5315 -20
    endloop
  endfacet
  facet normal 0 0 -1
    outer loop
      vertex 0 0 -60
      vertex -7.18979 -48.4696 -60
      vertex -9.55943 -48.0585 -60
    endloop
  endfacet
  facet normal 0 0 1
    outer loop
      vertex 0 0 -20
      vertex -9.55943 -48.0585 -20
      vertex -7.18979 -48.4696 -20
    endloop
  endfacet
  facet normal -0.170962 -0.985278 0
    outer loop
      vertex -9.55943 -48.0585 -60
      vertex -7.18979 -48.4696 -60
      vertex -7.18979 -48.4696 -20
    endloop
  endfacet
  facet normal -0.170962 -0.985278 0
    outer loop
      vertex -9.55943 -48.0585 -60
      vertex -7.18979 -48.4696 -20
      vertex -9.55943 -48.0585 -20
    endloop
  endfacet
  facet normal 0 0 -1
    outer loop
      vertex 0 0 -60
      vertex -4.80284 -48.7641 -60
      vertex -7.18979 -48.4696 -60
    endloop
  endfacet
  facet normal 0 0 1
    outer loop
      vertex 0 0 -20
      vertex -7.18979 -48.4696 -20
      vertex -4.80284 -48.7641 -20
    endloop
  endfacet
  facet normal -0.122411 -0.99248 0
    outer loop
      vertex -7.18979 -48.4696 -60
      vertex -4.80284 -48.7641 -60
      vertex -4.80284 -48.7641 -20
    endloop
  endfacet
  facet normal -0.122411 -0.99248 0
    outer loop
      vertex -7.18979 -48.4696 -60
      vertex -4.80284 -48.7641 -20
      vertex -7.18979 -48.4696 -20
    endloop
  endfacet
  facet normal 0 0 -1
    outer loop
      vertex 0 0 -60
      vertex -2.40432 -48.941 -60
      vertex -4.80284 -48.7641 -60
    endloop
  endfacet
  facet normal 0 0 1
    outer loop
      vertex 0 0 -20
      vertex -4.80284 -48.7641 -20
      vertex -2.40432 -48.941 -20
    endloop
  endfacet
  facet normal -0.0735646 -0.99729 0
    outer loop
      vertex -4.80284 -48.7641 -60
      vertex -2.40432 -48.941 -60
      vertex -2.40432 -48.941 -20
    endloop
  endfacet
  facet normal -0.0735646 -0.99729 0
    outer loop
      vertex -4.80284 -48.7641 -60
      vertex -2.40432 -48.941 -20
      vertex -4.80284 -48.7641 -20
    endloop
  endfacet
  facet normal 0 0 -1
    outer loop
      vertex 0 0 -60
      vertex -9.00115e-15 -49 -60
      vertex -2.40432 -48.941 -60
    endloop
  endfacet
  facet normal 0 0 1
    outer loop
      vertex 0 0 -20
      vertex -2.40432 -48.941 -20
      vertex -9.00115e-15 -49 -20
    endloop
  endfacet
  facet normal -0.0245412 -0.999699 0
    outer loop
      vertex -2.40432 -48.941 -60
      vertex -9.00115e-15 -49 -60
      vertex -9.00115e-15 -49 -20
    endloop
  endfacet
  facet normal -0.0245412 -0.999699 0
    outer loop
      vertex -2.40432 -48.941 -60
      vertex -9.00115e-15 -49 -20
      vertex -2.40432 -48.941 -20
    endloop
  endfacet
  facet normal 0 0 -1
    outer loop
      vertex 0 0 -60
      vertex 2.40432 -48.941 -60
      vertex -9.00115e-15 -49 -60
    endloop
  endfacet
  facet normal 0 0 1
    outer loop
      vertex 0 0 -20
      vertex -9.00115e-15 -49 -20
      vertex 2.40432 -48.941 -20
    endloop
  endfacet
  facet normal 0.0245412 -0.999699 0
    outer loop
      vertex -9.00115e-15 -49 -60
      vertex 2.40432 -48.941 -60
      vertex 2.40432 -48.941 -20
    endloop
  endfacet
  facet normal 0.0245412 -0.999699 0
    outer loop
      vertex -9.00115e-15 -49 -60
      vertex 2.40432 -48.941 -20
      vertex -9.00115e-15 -49 -20
    endloop
  endfacet
  facet normal 0 0 -1
    outer loop
      vertex 0 0 -60
      vertex 4.80284 -48.7641 -60
      vertex 2.40432 -48.941 -60
    endloop
  endfacet
  facet normal 0 0 1
    outer loop
      vertex 0 0 -20
      vertex 2.40432 -48.941 -20
      vertex 4.80284 -48.7641 -20
    endloop
  endfacet
  facet normal 0.0735646 -0.99729 0
    outer loop
      vertex 2.40432 -48.941 -60
      vertex 4.80284 -48.7641 -60
      vertex 4.80284 -48.7641 -20
    endloop
  endfacet
  facet normal 0.0735646 -0.99729 0
    outer loop
      vertex 2.40432 -48.941 -60
      vertex 4.80284 -48.7641 -20
      vertex 2.40432 -48.941 -20
    endloop
  endfacet
  facet normal 0 0 -1
    outer loop
      vertex 0 0 -60
      vertex 7.18979 -48.4696 -60
      vertex 4.80284 -48.7641 -60
    endloop
  endfacet
  facet normal 0 0 1
    outer loop
      vertex 0 0 -20
      vertex 4.80284 -48.7641 -20
      vertex 7.18979 -48.4696 -20
    endloop
  endfacet
  facet normal 0.122411 -0.99248 0
    outer loop
      vertex 4.80284 -48.7641 -60
      vertex 7.18979 -48.4696 -60
      vertex 7.18979 -48.4696 -20
    endloop
  endfacet
  facet normal 0.122411 -0.99248 0
    outer loop
      vertex 4.80284 -48.7641 -60
      vertex 7.18979 -48.4696 -20
      vertex 4.80284 -48.7641 -20
    endloop
  endfacet
  facet normal 0 0 -1
    outer loop
      vertex 0 0 -60
      vertex 9.55943 -48.0585 -60
      vertex 7.18979 -48.4696 -60
    endloop
  endfacet
  facet normal 0 0 1
    outer loop
      vertex 0 0 -20
      vertex 7.18979 -48.4696 -20
      vertex 9.55943 -48.0585 -20
    endloop
  endfacet
  facet normal 0.170962 -0.985278 0
    outer loop
      vertex 7.18979 -48.4696 -60
      vertex 9.55943 -48.0585 -60
      vertex 9.55943 -48.0585 -20
    endloop
  endfacet
  facet normal 0.170962 -0.985278 0
    outer loop
      vertex 7.18979 -48.4696 -60
      vertex 9.55943 -48.0585 -20
      vertex 7.18979 -48.4696 -20
    endloop
  endfacet
  facet normal 0 0 -1
    outer loop
      vertex 0 0 -60
      vertex 11.906 -47.5315 -60
      vertex 9.55943 -48.0585 -60
    endloop
  endfacet
  facet normal 0 0 1
    outer loop
      vertex 0 0 -20
      vertex 9.55943 -48.0585 -20
      vertex 11.906 -47.5315 -20
    endloop
  endfacet
  facet normal 0.219101 -0.975702 0
    outer loop
      vertex 9.55943 -48.0585 -60
      vertex 11.906 -47.5315 -60
      vertex 11.906 -47.5315 -20
    endloop
  endfacet
  facet normal 0.219101 -0.975702 0
    outer loop
      vertex 9.55943 -48.0585 -60
      vertex 11.906 -47.5315 -20
      vertex 9.55943 -48.0585 -20
    endloop
  endfacet
  facet normal 0 0 -1
    outer loop
      vertex 0 0 -60
      vertex 14.2239 -46.8901 -60
      vertex 11.906 -47.5315 -60
    endloop
  endfacet
  facet normal 0 0 1
    outer loop
      vertex 0 0 -20
      vertex 11.906 -47.5315 -20
      vertex 14.2239 -46.8901 -20
    endloop
  endfacet
  facet normal 0.266713 -0.963776 0
    outer loop
      vertex 11.906 -47.5315 -60
      vertex 14.2239 -46.8901 -60
      vertex 14.2239 -46.8901 -20
    endloop
  endfacet
  facet normal 0.266713 -0.963776 0
    outer loop
      vertex 11.906 -47.5315 -60
      vertex 14.2239 -46.8901 -20
      vertex 11.906 -47.5315 -20
    endloop
  endfacet
  facet normal 0 0 -1
    outer loop
      vertex 0 0 -60
      vertex 16.5076 -46.1357 -60
      vertex 14.2239 -46.8901 -60
    endloop
  endfacet
  facet normal 0 0 1
    outer loop
      vertex 0 0 -20
      vertex 14.2239 -46.8901 -20
      vertex 16.5076 -46.1357 -20
    endloop
  endfacet
  facet normal 0.313682 -0.949528 0
    outer loop
      vertex 14.2239 -46.8901 -60
      vertex 16.5076 -46.1357 -60
      vertex 16.5076 -46.1357 -20
    endloop
  endfacet
  facet normal 0.313682 -0.949528 0
    outer loop
      vertex 14.2239 -46.8901 -60
      vertex 16.5076 -46.1357 -20
      vertex 14.2239 -46.8901 -20
    endloop
  endfacet
  facet normal 0 0 -1
    outer loop
      vertex 0 0 -60
      vertex 18.7515 -45.2701 -60
      vertex 16.5076 -46.1357 -60
    endloop
  endfacet
  facet normal 0 0 1
    outer loop
      vertex 0 0 -20
      vertex 16.5076 -46.1357 -20
      vertex 18.7515 -45.2701 -20
    endloop
  endfacet
  facet normal 0.359895 -0.932993 0
    outer loop
      vertex 16.5076 -46.1357 -60
      vertex 18.7515 -45.2701 -60
      vertex 18.7515 -45.2701 -20
    endloop
  endfacet
  facet normal 0.359895 -0.932993 0
    outer loop
      vertex 16.5076 -46.1357 -60
      vertex 18.7515 -45.2701 -20
      vertex 16.5076 -46.1357 -20
    endloop
  endfacet
  facet normal 0 0 -1
    outer loop
      vertex 0 0 -60
      vertex 20.9502 -44.2955 -60
      vertex 18.7515 -45.2701 -60
    endloop
  endfacet
  facet normal 0 0 1
    outer loop
      vertex 0 0 -20
      vertex 18.7515 -45.2701 -20
      vertex 20.9502 -44.2955 -20
    endloop
  endfacet
  facet normal 0.405241 -0.91421 0
    outer loop
      vertex 18.7515 -45.2701 -60
      vertex 20.9502 -44.2955 -60
      vertex 20.9502 -44.2955 -20
    endloop
  endfacet
  facet normal 0.405241 -0.91421 0
    outer loop
      vertex 18.7515 -45.2701 -60
      vertex 20.9502 -44.2955 -20
      vertex 18.7515 -45.2701 -20
    endloop
  endfacet
  facet normal 0 0 -1
    outer loop
      vertex 0 0 -60
      vertex 23.0984 -43.2141 -60
      vertex 20.9502 -44.2955 -60
    endloop
  endfacet
  facet normal 0 0 1
    outer loop
      vertex 0 0 -20
      vertex 20.9502 -44.2955 -20
      vertex 23.0984 -43.2141 -20
    endloop
  endfacet
  facet normal 0.449611 -0.893224 0
    outer loop
      vertex 20.9502 -44.2955 -60
      vertex 23.0984 -43.2141 -60
      vertex 23.0984 -43.2141 -20
    endloop
  endfacet
  facet normal 0.449611 -0.893224 0
    outer loop
      vertex 20.9502 -44.2955 -60
      vertex 23.0984 -43.2141 -20
      vertex 20.9502 -44.2955 -20
    endloop
  endfacet
  facet normal 0 0 -1
    outer loop
      vertex 0 0 -60
      vertex 25.191 -42.0287 -60
      vertex 23.0984 -43.2141 -60
    endloop
  endfacet
  facet normal 0 0 1
    outer loop
      vertex 0 0 -20
      vertex 23.0984 -43.2141 -20
      vertex 25.191 -42.0287 -20
    endloop
  endfacet
  facet normal 0.492898 -0.870087 0
    outer loop
      vertex 23.0984 -43.2141 -60
      vertex 25.191 -42.0287 -60
      vertex 25.191 -42.0287 -20
    endloop
  endfacet
  facet normal 0.492898 -0.870087 0
    outer loop
      vertex 23.0984 -43.2141 -60
      vertex 25.191 -42.0287 -20
      vertex 23.0984 -43.2141 -20
    endloop
  endfacet
  facet normal 0 0 -1
    outer loop
      vertex 0 0 -60
      vertex 27.2229 -40.742 -60
      vertex 25.191 -42.0287 -60
    endloop
  endfacet
  facet normal 0 0 1
    outer loop
      vertex 0 0 -20
      vertex 25.191 -42.0287 -20
      vertex 27.2229 -40.742 -20
    endloop
  endfacet
  facet normal 0.534998 -0.844854 0
    outer loop
      vertex 25.191 -42.0287 -60
      vertex 27.2229 -40.742 -60
      vertex 27.2229 -40.742 -20
    endloop
  endfacet
  facet normal 0.534998 -0.844854 0
    outer loop
      vertex 25.191 -42.0287 -60
      vertex 27.2229 -40.742 -20
      vertex 25.191 -42.0287 -20
    endloop
  endfacet
  facet normal 0 0 -1
    outer loop
      vertex 0 0 -60
      vertex 29.1893 -39.3572 -60
      vertex 27.2229 -40.742 -60
    endloop
  endfacet
  facet normal 0 0 1
    outer loop
      vertex 0 0 -20
      vertex 27.2229 -40.742 -20
      vertex 29.1893 -39.3572 -20
    endloop
  endfacet
  facet normal 0.575808 -0.817585 0
    outer loop
      vertex 27.2229 -40.742 -60
      vertex 29.1893 -39.3572 -60
      vertex 29.1893 -39.3572 -20
    endloop
  endfacet
  facet normal 0.575808 -0.817585 0
    outer loop
      vertex 27.2229 -40.742 -60
      vertex 29.1893 -39.3572 -20
      vertex 27.2229 -40.742 -20
    endloop
  endfacet
  facet normal 0 0 -1
    outer loop
      vertex 0 0 -60
      vertex 31.0853 -37.8775 -60
      vertex 29.1893 -39.3572 -60
    endloop
  endfacet
  facet normal 0 0 1
    outer loop
      vertex 0 0 -20
      vertex 29.1893 -39.3572 -20
      vertex 31.0853 -37.8775 -20
    endloop
  endfacet
  facet normal 0.615232 -0.788346 0
    outer loop
      vertex 29.1893 -39.3572 -60
      vertex 31.0853 -37.8775 -60
      vertex 31.0853 -37.8775 -20
    endloop
  endfacet
  facet normal 0.615232 -0.788346 0
    outer loop
      vertex 29.1893 -39.3572 -60
      vertex 31.0853 -37.8775 -20
      vertex 29.1893 -39.3572 -20
    endloop
  endfacet
  facet normal 0 0 -1
    outer loop
      vertex 0 0 -60
      vertex 32.9064 -36.3066 -60
      vertex 31.0853 -37.8775 -60
    endloop
  endfacet
  facet normal 0 0 1
    outer loop
      vertex 0 0 -20
      vertex 31.0853 -37.8775 -20
      vertex 32.9064 -36.3066 -20
    endloop
  endfacet
  facet normal 0.653173 -0.757209 0
    outer loop
      vertex 31.0853 -37.8775 -60
      vertex 32.9064 -36.3066 -60
      vertex 32.9064 -36.3066 -20
    endloop
  endfacet
  facet normal 0.653173 -0.757209 0
    outer loop
      vertex 31.0853 -37.8775 -60
      vertex 32.9064 -36.3066 -20
      vertex 31.0853 -37.8775 -20
    endloop
  endfacet
  facet normal 0 0 -1
    outer loop
      vertex 0 0 -60
      vertex 34.6482 -34.6482 -60
      vertex 32.9064 -36.3066 -60
    endloop
  endfacet
  facet normal 0 0 1
    outer loop
      vertex 0 0 -20
      vertex 32.9064 -36.3066 -20
      vertex 34.6482 -34.6482 -20
    endloop
  endfacet
  facet normal 0.689541 -0.724247 0
    outer loop
      vertex 32.9064 -36.3066 -60
      vertex 34.6482 -34.6482 -60
      vertex 34.6482 -34.6482 -20
    endloop
  endfacet
  facet normal 0.689541 -0.724247 0
    outer loop
      vertex 32.9064 -36.3066 -60
      vertex 34.6482 -34.6482 -20
      vertex 32.9064 -36.3066 -20
    endloop
  endfacet
  facet normal 0 0 -1
    outer loop
      vertex 0 0 -60
      vertex 36.3066 -32.9064 -60
      vertex 34.6482 -34.6482 -60
    endloop
  endfacet
  facet normal 0 0 1
    outer loop
      vertex 0 0 -20
      vertex 34.6482 -34.6482 -20
      vertex 36.3066 -32.9064 -20
    endloop
  endfacet
  facet normal 0.724247 -0.689541 0
    outer loop
      vertex 34.6482 -34.6482 -60
      vertex 36.3066 -32.9064 -60
      vertex 36.3066 -32.9064 -20
    endloop
  endfacet
  facet normal 0.724247 -0.689541 0
    outer loop
      vertex 34.6482 -34.6482 -60
      vertex 36.3066 -32.9064 -20
      vertex 34.6482 -34.6482 -20
    endloop
  endfacet
  facet normal 0 0 -1
    outer loop
      vertex 0 0 -60
      vertex 37.8775 -31.0853 -60
      vertex 36.3066 -32.9064 -60
    endloop
  endfacet
  facet normal 0 0 1
    outer loop
      vertex 0 0 -20
      vertex 36.3066 -32.9064 -20
      vertex 37.8775 -31.0853 -20
    endloop
  endfacet
  facet normal 0.757209 -0.653173 0
    outer loop
      vertex 36.3066 -32.9064 -60
      vertex 37.8775 -31.0853 -60
      vertex 37.8775 -31.0853 -20
    endloop
  endfacet
  facet normal 0.757209 -0.653173 0
    outer loop
      vertex 36.3066 -32.9064 -60
      vertex 37.8775 -31.0853 -20
      vertex 36.3066 -32.9064 -20
    endloop
  endfacet
  facet normal 0 0 -1
    outer loop
      vertex 0 0 -60
      vertex 39.3572 -29.1893 -60
      vertex 37.8775 -31.0853 -60
    endloop
  endfacet
  facet normal 0 0 1
    outer loop
      vertex 0 0 -20
      vertex 37.8775 -31.0853 -20
      vertex 39.3572 -29.1893 -20
    endloop
  endfacet
  facet normal 0.788346 -0.615232 0
    outer loop
      vertex 37.8775 -31.0853 -60
      vertex 39.3572 -29.1893 -60
      vertex 39.3572 -29.1893 -20
    endloop
  endfacet
  facet normal 0.788346 -0.615232 0
    outer loop
      vertex 37.8775 -31.0853 -60
      vertex 39.3572 -29.1893 -20
      vertex 37.8775 -31.0853 -20
    endloop
  endfacet
  facet normal 0 0 -1
    outer loop
      vertex 0 0 -60
      vertex 40.742 -27.2229 -60
      vertex 39.3572 -29.1893 -60
    endloop
  endfacet
  facet normal 0 0 1
    outer loop
      vertex 0 0 -20
      vertex 39.3572 -29.1893 -20
      vertex 40.742 -27.2229 -20
    endloop
  endfacet
  facet normal 0.817585 -0.575808 0
    outer loop
      vertex 39.3572 -29.1893 -60
      vertex 40.742 -27.2229 -60
      vertex 40.742 -27.2229 -20
    endloop
  endfacet
  facet normal 0.817585 -0.575808 0
    outer loop
      vertex 39.3572 -29.1893 -60
      vertex 40.742 -27.2229 -20
      vertex 39.3572 -29.1893 -20
    endloop
  endfacet
  facet normal 0 0 -1
    outer loop
      vertex 0 0 -60
      vertex 42.0287 -25.191 -60
      vertex 40.742 -27.2229 -60
    endloop
  endfacet
  facet normal 0 0 1
    outer loop
      vertex 0 0 -20
      vertex 40.742 -27.2229 -20
      vertex 42.0287 -25.191 -20
    endloop
  endfacet
  facet normal 0.844854 -0.534998 0
    outer loop
      vertex 40.742 -27.2229 -60
      vertex 42.0287 -25.191 -60
      vertex 42.0287 -25.191 -20
    endloop
  endfacet
  facet normal 0.844854 -0.534998 0
    outer loop
      vertex 40.742 -27.2229 -60
      vertex 42.0287 -25.191 -20
      vertex 40.742 -27.2229 -20
    endloop
  endfacet
  facet normal 0 0 -1
    outer loop
      vertex 0 0 -60
      vertex 43.2141 -23.0984 -60
      vertex 42.0287 -25.191 -60
    endloop
  endfacet
  facet normal 0 0 1
    outer loop
      vertex 0 0 -20
      vertex 42.0287 -25.191 -20
      vertex 43.2141 -23.0984 -20
    endloop
  endfacet
  facet normal 0.870087 -0.492898 0
    outer loop
      vertex 42.0287 -25.191 -60
      vertex 43.2141 -23.0984 -60
      vertex 43.2141 -23.0984 -20
    endloop
  endfacet
  facet normal 0.870087 -0.492898 0
    outer loop
      vertex 42.0287 -25.191 -60
      vertex 43.2141 -23.0984 -20
      vertex 42.0287 -25.191 -20
    endloop
  endfacet
  facet normal 0 0 -1
    outer loop
      vertex 0 0 -60
      vertex 44.2955 -20.9502 -60
      vertex 43.2141 -23.0984 -60
    endloop
  endfacet
  facet normal 0 0 1
    outer loop
      vertex 0 0 -20
      vertex 43.2141 -23.0984 -20
      vertex 44.2955 -20.9502 -20
    endloop
  endfacet
  facet normal 0.893224 -0.449611 0
    outer loop
      vertex 43.2141 -23.0984 -60
      vertex 44.2955 -20.9502 -60
      vertex 44.2955 -20.9502 -20
    endloop
  endfacet
  facet normal 0.893224 -0.449611 0
    outer loop
      vertex 43.2141 -23.0984 -60
      vertex 44.2955 -20.9502 -20
      vertex 43.2141 -23.0984 -20
    endloop
  endfacet
  facet normal 0 0 -1
    outer loop
      vertex 0 0 -60
      vertex 45.2701 -18.7515 -60
      vertex 44.2955 -20.9502 -60
    endloop
  endfacet
  facet normal 0 0 1
    outer loop
      vertex 0 0 -20
      vertex 44.2955 -20.9502 -20
      vertex 45.2701 -18.7515 -20
    endloop
  endfacet
  facet normal 0.91421 -0.405241 0
    outer loop
      vertex 44.2955 -20.9502 -60
      vertex 45.2701 -18.7515 -60
      vertex 45.2701 -18.7515 -20
    endloop
  endfacet
  facet normal 0.91421 -0.405241 0
    outer loop
      vertex 44.2955 -20.9502 -60
      vertex 45.2701 -18.7515 -20
      vertex 44.2955 -20.9502 -20
    endloop
  endfacet
  facet normal 0 0 -1
    outer loop
      vertex 0 0 -60
      vertex 46.1357 -16.5076 -60
      vertex 45.2701 -18.7515 -60
    endloop
  endfacet
  facet normal 0 0 1
    outer loop
      vertex 0 0 -20
      vertex 45.2701 -18.7515 -20
      vertex 46.1357 -16.5076 -20
    endloop
  endfacet
  facet normal 0.932993 -0.359895 0
    outer loop
      vertex 45.2701 -18.7515 -60
      vertex 46.1357 -16.5076 -60
      vertex 46.1357 -16.5076 -20
    endloop
  endfacet
  facet normal 0.932993 -0.359895 0
    outer loop
      vertex 45.2701 -18.7515 -60
      vertex 46.1357 -16.5076 -20
      vertex 45.2701 -18.7515 -20
    endloop
  endfacet
  facet normal 0 0 -1
    outer loop
      vertex 0 0 -60
      vertex 46.8901 -14.2239 -60
      vertex 46.1357 -16.5076 -60
    endloop
  endfacet
  facet normal 0 0 1
    outer loop
      vertex 0 0 -20
      vertex 46.1357 -16.5076 -20
      vertex 46.8901 -14.2239 -20
    endloop
  endfacet
  facet normal 0.949528 -0.313682 0
    outer loop
      vertex 46.1357 -16.5076 -60
      vertex 46.8901 -14.2239 -60
      vertex 46.8901 -14.2239 -20
    endloop
  endfacet
  facet normal 0.949528 -0.313682 0
    outer loop
      vertex 46.1357 -16.5076 -60
      vertex 46.8901 -14.2239 -20
      vertex 46.1357 -16.5076 -20
    endloop
  endfacet
  facet normal 0 0 -1
    outer loop
      vertex 0 0 -60
      vertex 47.5315 -11.906 -60
      vertex 46.8901 -14.2239 -60
    endloop
  endfacet
  facet normal 0 0 1
    outer loop
      vertex 0 0 -20
      vertex 46.8901 -14.2239 -20
      vertex 47.5315 -11.906 -20
    endloop
  endfacet
  facet normal 0.963776 -0.266713 0
    outer loop
      vertex 46.8901 -14.2239 -60
      vertex 47.5315 -11.906 -60
      vertex 47.5315 -11.906 -20
    endloop
  endfacet
  facet normal 0.963776 -0.266713 0
    outer loop
      vertex 46.8901 -14.2239 -60
      vertex 47.5315 -11.906 -20
      vertex 46.8901 -14.2239 -20
    endloop
  endfacet
  facet normal 0 0 -1
    outer loop
      vertex 0 0 -60
      vertex 48.0585 -9.55943 -60
      vertex 47.5315 -11.906 -60
    endloop
  endfacet
  facet normal 0 0 1
    outer loop
      vertex 0 0 -20
      vertex 47.5315 -11.906 -20
      vertex 48.0585 -9.55943 -20
    endloop
  endfacet
  facet normal 0.975702 -0.219101 0
    outer loop
      vertex 47.5315 -11.906 -60
      vertex 48.0585 -9.55943 -60
      vertex 48.0585 -9.55943 -20
    endloop
  endfacet
  facet normal 0.975702 -0.219101 0
    outer loop
      vertex 47.5315 -11.906 -60
      vertex 48.0585 -9.55943 -20
      vertex 47.5315 -11.906 -20
    endloop
  endfacet
  facet normal 0 0 -1
    outer loop
      vertex 0 0 -60
      vertex 48.4696 -7.18979 -60
      vertex 48.0585 -9.55943 -60
    endloop
  endfacet
  facet normal 0 0 1
    outer loop
      vertex 0 0 -20
      vertex 48.0585 -9.55943 -20
      vertex 48.4696 -7.18979 -20
    endloop
  endfacet
  facet normal 0.985278 -0.170962 0
    outer loop
      vertex 48.0585 -9.55943 -60
      vertex 48.4696 -7.18979 -60
      vertex 48.4696 -7.18979 -20
    endloop
  endfacet
  facet normal 0.985278 -0.170962 0
    outer loop
      vertex 48.0585 -9.55943 -60
      vertex 48.4696 -7.18979 -20
      vertex 48.0585 -9.55943 -20
    endloop
  endfacet
  facet normal 0 0 -1
    outer loop
      vertex 0 0 -60
      vertex 48.7641 -4.80284 -60
      vertex 48.4696 -7.18979 -60
    endloop
  endfacet
  facet normal 0 0 1
    outer loop
      vertex 0 0 -20
      vertex 48.4696 -7.18979 -20
      vertex 48.7641 -4.80284 -20
    endloop
  endfacet
  facet normal 0.99248 -0.122411 0
    outer loop
      vertex 48.4696 -7.18979 -60
      vertex 48.7641 -4.80284 -60
      vertex 48.7641 -4.80284 -20
    endloop
  endfacet
  facet normal 0.99248 -0.122411 0
    outer loop
      vertex 48.4696 -7.18979 -60
      vertex 48.7641 -4.80284 -20
      vertex 48.4696 -7.18979 -20
    endloop
  endfacet
  facet normal 0 0 -1
    outer loop
      vertex 0 0 -60
      vertex 48.941 -2.40432 -60
      vertex 48.7641 -4.80284 -60
    endloop
  endfacet
  facet normal 0 0 1
    outer loop
      vertex 0 0 -20
      vertex 48.7641 -4.80284 -20
      vertex 48.941 -2.40432 -20
    endloop
  endfacet
  facet normal 0.99729 -0.0735646 0
    outer loop
      vertex 48.7641 -4.80284 -60
      vertex 48.941 -2.40432 -60
      vertex 48.941 -2.40432 -20
    endloop
  endfacet
  facet normal 0.99729 -0.0735646 0
    outer loop
      vertex 48.7641 -4.80284 -60
      vertex 48.941 -2.40432 -20
      vertex 48.7641 -4.80284 -20
    endloop
  endfacet
  facet normal 0 0 -1
    outer loop
      vertex 0 0 -60
      vertex 49 -1.20015e-14 -60
      vertex 48.941 -2.40432 -60
    endloop
  endfacet
  facet normal 0 0 1
    outer loop
      vertex 0 0 -20
      vertex 48.941 -2.40432 -20
      vertex 49 -1.20015e-14 -20
    endloop
  endfacet
  facet normal 0.999699 -0.0245412 0
    outer loop
      vertex 48.941 -2.40432 -60
      vertex 49 -1.20015e-14 -60
      vertex 49 -1.20015e-14 -20
    endloop
  endfacet
  facet normal 0.999699 -0.0245412 0
    outer loop
      vertex 48.941 -2.40432 -60
      vertex 49 -1.20015e-14 -20
      vertex 48.941 -2.40432 -20
    endloop
  endfacet
  facet normal 0 0 -1
    outer loop
      vertex 0 50 -60
      vertex 41.45 52.0363 -60
      vertex 41.5 50 -60
    endloop
  endfacet
  facet normal 0 0 1
    outer loop
      vertex 0 50 -20
      vertex 41.5 50 -20
      vertex 41.45 52.0363 -20
    endloop
  endfacet
  facet normal 0.999699 0.0245412 0
    outer loop
      vertex 41.5 50 -60
      vertex 41.45 52.0363 -60
      vertex 41.45 52.0363 -20
    endloop
  endfacet
  facet normal 0.999699 0.0245412 0
    outer loop
      vertex 41.5 50 -60
      vertex 41.45 52.0363 -20
      vertex 41.5 50 -20
    endloop
  endfacet
  facet normal 0 0 -1
    outer loop
      vertex 0 50 -60
      vertex 41.3002 54.0677 -60
      vertex 41.45 52.0363 -60
    endloop
  endfacet
  facet normal 0 0 1
    outer loop
      vertex 0 50 -20
      vertex 41.45 52.0363 -20
      vertex 41.3002 54.0677 -20
    endloop
  endfacet
  facet normal 0.99729 0.0735646 0
    outer loop
      vertex 41.45 52.0363 -60
      vertex 41.3002 54.0677 -60
      vertex 41.3002 54.0677 -20
    endloop
  endfacet
  facet normal 0.99729 0.0735646 0
    outer loop
      vertex 41.45 52.0363 -60
      vertex 41.3002 54.0677 -20
      vertex 41.45 52.0363 -20
    endloop
  endfacet
  facet normal 0 0 -1
    outer loop
      vertex 0 50 -60
      vertex 41.0508 56.0893 -60
      vertex 41.3002 54.0677 -60
    endloop
  endfacet
  facet normal 0 0 1
    outer loop
      vertex 0 50 -20
      vertex 41.3002 54.0677 -20
      vertex 41.0508 56.0893 -20
    endloop
  endfacet
  facet normal 0.99248 0.122411 0
    outer loop
      vertex 41.3002 54.0677 -60
      vertex 41.0508 56.0893 -60
      vertex 41.0508 56.0893 -20
    endloop
  endfacet
  facet normal 0.99248 0.122411 0
    outer loop
      vertex 41.3002 54.0677 -60
      vertex 41.0508 56.0893 -20
      vertex 41.3002 54.0677 -20
    endloop
  endfacet
  facet normal 0 0 -1
    outer loop
      vertex 0 50 -60
      vertex 40.7026 58.0962 -60
      vertex 41.0508 56.0893 -60
    endloop
  endfacet
  facet normal 0 0 1
    outer loop
      vertex 0 50 -20
      vertex 41.0508 56.0893 -20
      vertex 40.7026 58.0962 -20
    endloop
  endfacet
  facet normal 0.985278 0.170962 0
    outer loop
      vertex 41.0508 56.0893 -60
      vertex 40.7026 58.0962 -60
      vertex 40.7026 58.0962 -20
    endloop
  endfacet
  facet normal 0.985278 0.170962 0
    outer loop
      vertex 41.0508 56.0893 -60
      vertex 40.7026 58.0962 -20
      vertex 41.0508 56.0893 -20
    endloop
  endfacet
  facet normal 0 0 -1
    outer loop
      vertex 0 50 -60
      vertex 40.2563 60.0837 -60
      vertex 40.7026 58.0962 -60
    endloop
  endfacet
  facet normal 0 0 1
    outer loop
      vertex 0 50 -20
      vertex 40.7026 58.0962 -20
      vertex 40.2563 60.0837 -20
    endloop
  endfacet
  facet normal 0.975702 0.219101 0
    outer loop
      vertex 40.7026 58.0962 -60
      vertex 40.2563 60.0837 -60
      vertex 40.2563 60.0837 -20
    endloop
  endfacet
  facet normal 0.975702 0.219101 0
    outer loop
      vertex 40.7026 58.0962 -60
      vertex 40.2563 60.0837 -20
      vertex 40.7026 58.0962 -20
    endloop
  endfacet
  facet normal 0 0 -1
    outer loop
      vertex 0 50 -60
      vertex 39.713 62.0468 -60
      vertex 40.2563 60.0837 -60
    endloop
  endfacet
  facet normal 0 0 1
    outer loop
      vertex 0 50 -20
      vertex 40.2563 60.0837 -20
      vertex 39.713 62.0468 -20
    endloop
  endfacet
  facet normal 0.963776 0.266713 0
    outer loop
      vertex 40.2563 60.0837 -60
      vertex 39.713 62.0468 -60
      vertex 39.713 62.0468 -20
    endloop
  endfacet
  facet normal 0.963776 0.266713 0
    outer loop
      vertex 40.2563 60.0837 -60
      vertex 39.713 62.0468 -20
      vertex 40.2563 60.0837 -20
    endloop
  endfacet
  facet normal 0 0 -1
    outer loop
      vertex 0 50 -60
      vertex 39.0741 63.9809 -60
      vertex 39.713 62.0468 -60
    endloop
  endfacet
  facet normal 0 0 1
    outer loop
      vertex 0 50 -20
      vertex 39.713 62.0468 -20
      vertex 39.0741 63.9809 -20
    endloop
  endfacet
  facet normal 0.949528 0.313682 0
    outer loop
      vertex 39.713 62.0468 -60
      vertex 39.0741 63.9809 -60
      vertex 39.0741 63.9809 -20
    endloop
  endfacet
  facet normal 0.949528 0.313682 0
    outer loop
      vertex 39.713 62.0468 -60
      vertex 39.0741 63.9809 -20
      vertex 39.713 62.0468 -20
    endloop
  endfacet
  facet normal 0 0 -1
    outer loop
      vertex 0 50 -60
      vertex 38.341 65.8814 -60
      vertex 39.0741 63.9809 -60
    endloop
  endfacet
  facet normal 0 0 1
    outer loop
      vertex 0 50 -20
      vertex 39.0741 63.9809 -20
      vertex 38.341 65.8814 -20
    endloop
  endfacet
  facet normal 0.932993 0.359895 0
    outer loop
      vertex 39.0741 63.9809 -60
      vertex 38.341 65.8814 -60
      vertex 38.341 65.8814 -20
    endloop
  endfacet
  facet normal 0.932993 0.359895 0
    outer loop
      vertex 39.0741 63.9809 -60
      vertex 38.341 65.8814 -20
      vertex 39.0741 63.9809 -20
    endloop
  endfacet
  facet normal 0 0 -1
    outer loop
      vertex 0 50 -60
      vertex 37.5156 67.7435 -60
      vertex 38.341 65.8814 -60
    endloop
  endfacet
  facet normal 0 0 1
    outer loop
      vertex 0 50 -20
      vertex 38.341 65.8814 -20
      vertex 37.5156 67.7435 -20
    endloop
  endfacet
  facet normal 0.91421 0.405241 0
    outer loop
      vertex 38.341 65.8814 -60
      vertex 37.5156 67.7435 -60
      vertex 37.5156 67.7435 -20
    endloop
  endfacet
  facet normal 0.91421 0.405241 0
    outer loop
      vertex 38.341 65.8814 -60
      vertex 37.5156 67.7435 -20
      vertex 38.341 65.8814 -20
    endloop
  endfacet
  facet normal 0 0 -1
    outer loop
      vertex 0 50 -60
      vertex 36.5997 69.563 -60
      vertex 37.5156 67.7435 -60
    endloop
  endfacet
  facet normal 0 0 1
    outer loop
      vertex 0 50 -20
      vertex 37.5156 67.7435 -20
      vertex 36.5997 69.563 -20
    endloop
  endfacet
  facet normal 0.893224 0.449611 0
    outer loop
      vertex 37.5156 67.7435 -60
      vertex 36.5997 69.563 -60
      vertex 36.5997 69.563 -20
    endloop
  endfacet
  facet normal 0.893224 0.449611 0
    outer loop
      vertex 37.5156 67.7435 -60
      vertex 36.5997 69.563 -20
      vertex 37.5156 67.7435 -20
    endloop
  endfacet
  facet normal 0 0 -1
    outer loop
      vertex 0 50 -60
      vertex 35.5957 71.3353 -60
      vertex 36.5997 69.563 -60
    endloop
  endfacet
  facet normal 0 0 1
    outer loop
      vertex 0 50 -20
      vertex 36.5997 69.563 -20
      vertex 35.5957 71.3353 -20
    endloop
  endfacet
  facet normal 0.870087 0.492898 0
    outer loop
      vertex 36.5997 69.563 -60
      vertex 35.5957 71.3353 -60
      vertex 35.5957 71.3353 -20
    endloop
  endfacet
  facet normal 0.870087 0.492898 0
    outer loop
      vertex 36.5997 69.563 -60
      vertex 35.5957 71.3353 -20
      vertex 36.5997 69.563 -20
    endloop
  endfacet
  facet normal 0 0 -1
    outer loop
      vertex 0 50 -60
      vertex 34.506 73.0562 -60
      vertex 35.5957 71.3353 -60
    endloop
  endfacet
  facet normal 0 0 1
    outer loop
      vertex 0 50 -20
      vertex 35.5957 71.3353 -20
      vertex 34.506 73.0562 -20
    endloop
  endfacet
  facet normal 0.844854 0.534998 0
    outer loop
      vertex 35.5957 71.3353 -60
      vertex 34.506 73.0562 -60
      vertex 34.506 73.0562 -20
    endloop
  endfacet
  facet normal 0.844854 0.534998 0
    outer loop
      vertex 35.5957 71.3353 -60
      vertex 34.506 73.0562 -20
      vertex 35.5957 71.3353 -20
    endloop
  endfacet
  facet normal 0 0 -1
    outer loop
      vertex 0 50 -60
      vertex 33.3331 74.7215 -60
      vertex 34.506 73.0562 -60
    endloop
  endfacet
  facet normal 0 0 1
    outer loop
      vertex 0 50 -20
      vertex 34.506 73.0562 -20
      vertex 33.3331 74.7215 -20
    endloop
  endfacet
  facet normal 0.817585 0.575808 0
    outer loop
      vertex 34.506 73.0562 -60
      vertex 33.3331 74.7215 -60
      vertex 33.3331 74.7215 -20
    endloop
  endfacet
  facet normal 0.817585 0.575808 0
    outer loop
      vertex 34.506 73.0562 -60
      vertex 33.3331 74.7215 -20
      vertex 34.506 73.0562 -20
    endloop
  endfacet
  facet normal 0 0 -1
    outer loop
      vertex 0 50 -60
      vertex 32.0799 76.3273 -60
      vertex 33.3331 74.7215 -60
    endloop
  endfacet
  facet normal 0 0 1
    outer loop
      vertex 0 50 -20
      vertex 33.3331 74.7215 -20
      vertex 32.0799 76.3273 -20
    endloop
  endfacet
  facet normal 0.788346 0.615232 0
    outer loop
      vertex 33.3331 74.7215 -60
      vertex 32.0799 76.3273 -60
      vertex 32.0799 76.3273 -20
    endloop
  endfacet
  facet normal 0.788346 0.615232 0
    outer loop
      vertex 33.3331 74.7215 -60
      vertex 32.0799 76.3273 -20
      vertex 33.3331 74.7215 -20
    endloop
  endfacet
  facet normal 0 0 -1
    outer loop
      vertex 0 50 -60
      vertex 30.7495 77.8697 -60
      vertex 32.0799 76.3273 -60
    endloop
  endfacet
  facet normal 0 0 1
    outer loop
      vertex 0 50 -20
      vertex 32.0799 76.3273 -20
      vertex 30.7495 77.8697 -20
    endloop
  endfacet
  facet normal 0.757209 0.653173 0
    outer loop
      vertex 32.0799 76.3273 -60
      vertex 30.7495 77.8697 -60
      vertex 30.7495 77.8697 -20
    endloop
  endfacet
  facet normal 0.757209 0.653173 0
    outer loop
      vertex 32.0799 76.3273 -60
      vertex 30.7495 77.8697 -20
      vertex 32.0799 76.3273 -20
    endloop
  endfacet
  facet normal 0 0 -1
    outer loop
      vertex 0 50 -60
      vertex 29.3449 79.3449 -60
      vertex 30.7495 77.8697 -60
    endloop
  endfacet
  facet normal 0 0 1
    outer loop
      vertex 0 50 -20
      vertex 30.7495 77.8697 -20
      vertex 29.3449 79.3449 -20
    endloop
  endfacet
  facet normal 0.724247 0.689541 0
    outer loop
      vertex 30.7495 77.8697 -60
      vertex 29.3449 79.3449 -60
      vertex 29.3449 79.3449 -20
    endloop
  endfacet
  facet normal 0.724247 0.689541 0
    outer loop
      vertex 30.7495 77.8697 -60
      vertex 29.3449 79.3449 -20
      vertex 30.7495 77.8697 -20
    endloop
  endfacet
  facet normal 0 0 -1
    outer loop
      vertex 0 50 -60
      vertex 27.8697 80.7495 -60
      vertex 29.3449 79.3449 -60
    endloop
  endfacet
  facet normal 0 0 1
    outer loop
      vertex 0 50 -20
      vertex 29.3449 79.3449 -20
      vertex 27.8697 80.7495 -20
    endloop
  endfacet
  facet normal 0.689541 0.724247 0
    outer loop
      vertex 29.3449 79.3449 -60
      vertex 27.8697 80.7495 -60
      vertex 27.8697 80.7495 -20
    endloop
  endfacet
  facet normal 0.689541 0.724247 0
    outer loop
      vertex 29.3449 79.3449 -60
      vertex 27.8697 80.7495 -20
      vertex 29.3449 79.3449 -20
    endloop
  endfacet
  facet normal 0 0 -1
    outer loop
      vertex 0 50 -60
      vertex 26.3273 82.0799 -60
      vertex 27.8697 80.7495 -60
    endloop
  endfacet
  facet normal 0 0 1
    outer loop
      vertex 0 50 -20
      vertex 27.8697 80.7495 -20
      vertex 26.3273 82.0799 -20
    endloop
  endfacet
  facet normal 0.653173 0.757209 0
    outer loop
      vertex 27.8697 80.7495 -60
      vertex 26.3273 82.0799 -60
      vertex 26.3273 82.0799 -20
    endloop
  endfacet
  facet normal 0.653173 0.757209 0
    outer loop
      vertex 27.8697 80.7495 -60
      vertex 26.3273 82.0799 -20
      vertex 27.8697 80.7495 -20
    endloop
  endfacet
  facet normal 0 0 -1
    outer loop
      vertex 0 50 -60
      vertex 24.7215 83.3331 -60
      vertex 26.3273 82.0799 -60
    endloop
  endfacet
  facet normal 0 0 1
    outer loop
      vertex 0 50 -20
      vertex 26.3273 82.0799 -20
      vertex 24.7215 83.3331 -20
    endloop
  endfacet
  facet normal 0.615232 0.788346 0
    outer loop
      vertex 26.3273 82.0799 -60
      vertex 24.7215 83.3331 -60
      vertex 24.7215 83.3331 -20
    endloop
  endfacet
  facet normal 0.615232 0.788346 0
    outer loop
      vertex 26.3273 82.0799 -60
      vertex 24.7215 83.3331 -20
      vertex 26.3273 82.0799 -20
    endloop
  endfacet
  facet normal 0 0 -1
    outer loop
      vertex 0 50 -60
      vertex 23.0562 84.506 -60
      vertex 24.7215 83.3331 -60
    endloop
  endfacet
  facet normal 0 0 1
    outer loop
      vertex 0 50 -20
      vertex 24.7215 83.3331 -20
      vertex 23.0562 84.506 -20
    endloop
  endfacet
  facet normal 0.575808 0.817585 0
    outer loop
      vertex 24.7215 83.3331 -60
      vertex 23.0562 84.506 -60
      vertex 23.0562 84.506 -20
    endloop
  endfacet
  facet normal 0.575808 0.817585 0
    outer loop
      vertex 24.7215 83.3331 -60
      vertex 23.0562 84.506 -20
      vertex 24.7215 83.3331 -20
    endloop
  endfacet
  facet normal 0 0 -1
    outer loop
      vertex 0 50 -60
      vertex 21.3353 85.5957 -60
      vertex 23.0562 84.506 -60
    endloop
  endfacet
  facet normal 0 0 1
    outer loop
      vertex 0 50 -20
      vertex 23.0562 84.506 -20
      vertex 21.3353 85.5957 -20
    endloop
  endfacet
  facet normal 0.534998 0.844854 0
    outer loop
      vertex 23.0562 84.506 -60
      vertex 21.3353 85.5957 -60
      vertex 21.3353 85.5957 -20
    endloop
  endfacet
  facet normal 0.534998 0.844854 0
    outer loop
      vertex 23.0562 84.506 -60
      vertex 21.3353 85.5957 -20
      vertex 23.0562 84.506 -20
    endloop
  endfacet
  facet normal 0 0 -1
    outer loop
      vertex 0 50 -60
      vertex 19.563 86.5997 -60
      vertex 21.3353 85.5957 -60
    endloop
  endfacet
  facet normal 0 0 1
    outer loop
      vertex 0 50 -20
      vertex 21.3353 85.5957 -20
      vertex 19.563 86.5997 -20
    endloop
  endfacet
  facet normal 0.492898 0.870087 0
    outer loop
      vertex 21.3353 85.5957 -60
      vertex 19.563 86.5997 -60
      vertex 19.563 86.5997 -20
    endloop
  endfacet
  facet normal 0.492898 0.870087 0
    outer loop
      vertex 21.3353 85.5957 -60
      vertex 19.563 86.5997 -20
      vertex 21.3353 85.5957 -20
    endloop
  endfacet
  facet normal 0 0 -1
    outer loop
      vertex 0 50 -60
      vertex 17.7435 87.5156 -60
      vertex 19.563 86.5997 -60
    endloop
  endfacet
  facet normal 0 0 1
    outer loop
      vertex 0 50 -20
      vertex 19.563 86.5997 -20
      vertex 17.7435 87.5156 -20
    endloop
  endfacet
  facet normal 0.449611 0.893224 0
    outer loop
      vertex 19.563 86.5997 -60
      vertex 17.7435 87.5156 -60
      vertex 17.7435 87.5156 -20
    endloop
  endfacet
  facet normal 0.449611 0.893224 0
    outer loop
      vertex 19.563 86.5997 -60
      vertex 17.7435 87.5156 -20
      vertex 19.563 86.5997 -20
    endloop
  endfacet
  facet normal 0 0 -1
    outer loop
      vertex 0 50 -60
      vertex 15.8814 88.341 -60
      vertex 17.7435 87.5156 -60
    endloop
  endfacet
  facet normal 0 0 1
    outer loop
      vertex 0 50 -20
      vertex 17.7435 87.5156 -20
      vertex 15.8814 88.341 -20
    endloop
  endfacet
  facet normal 0.405241 0.91421 0
    outer loop
      vertex 17.7435 87.5156 -60
      vertex 15.8814 88.341 -60
      vertex 15.8814 88.341 -20
    endloop
  endfacet
  facet normal 0.405241 0.91421 0
    outer loop
      vertex 17.7435 87.5156 -60
      vertex 15.8814 88.341 -20
      vertex 17.7435 87.5156 -20
    endloop
  endfacet
  facet normal 0 0 -1
    outer loop
      vertex 0 50 -60
      vertex 13.9809 89.0741 -60
      vertex 15.8814 88.341 -60
    endloop
  endfacet
  facet normal 0 0 1
    outer loop
      vertex 0 50 -20
      vertex 15.8814 88.341 -20
      vertex 13.9809 89.0741 -20
    endloop
  endfacet
  facet normal 0.359895 0.932993 0
    outer loop
      vertex 15.8814 88.341 -60
      vertex 13.9809 89.0741 -60
      vertex 13.9809 89.0741 -20
    endloop
  endfacet
  facet normal 0.359895 0.932993 0
    outer loop
      vertex 15.8814 88.341 -60
      vertex 13.9809 89.0741 -20
      vertex 15.8814 88.341 -20
    endloop
  endfacet
  facet normal 0 0 -1
    outer loop
      vertex 0 50 -60
      vertex 12.0468 89.713 -60
      vertex 13.9809 89.0741 -60
    endloop
  endfacet
  facet normal 0 0 1
    outer loop
      vertex 0 50 -20
      vertex 13.9809 89.0741 -20
      vertex 12.0468 89.713 -20
    endloop
  endfacet
  facet normal 0.313682 0.949528 0
    outer loop
      vertex 13.9809 89.0741 -60
      vertex 12.0468 89.713 -60
      vertex 12.0468 89.713 -20
    endloop
  endfacet
  facet normal 0.313682 0.949528 0
    outer loop
      vertex 13.9809 89.0741 -60
      vertex 12.0468 89.713 -20
      vertex 13.9809 89.0741 -20
    endloop
  endfacet
  facet normal 0 0 -1
    outer loop
      vertex 0 50 -60
      vertex 10.0837 90.2563 -60
      vertex 12.0468 89.713 -60
    endloop
  endfacet
  facet normal 0 0 1
    outer loop
      vertex 0 50 -20
      vertex 12.0468 89.713 -20
      vertex 10.0837 90.2563 -20
    endloop
  endfacet
  facet normal 0.266713 0.963776 0
    outer loop
      vertex 12.0468 89.713 -60
      vertex 10.0837 90.2563 -60
      vertex 10.0837 90.2563 -20
    endloop
  endfacet
  facet normal 0.266713 0.963776 0
    outer loop
      vertex 12.0468 89.713 -60
      vertex 10.0837 90.2563 -20
      vertex 12.0468 89.713 -20
    endloop
  endfacet
  facet normal 0 0 -1
    outer loop
      vertex 0 50 -60
      vertex 8.09625 90.7026 -60
      vertex 10.0837 90.2563 -60
    endloop
  endfacet
  facet normal 0 0 1
    outer loop
      vertex 0 50 -20
      vertex 10.0837 90.2563 -20
      vertex 8.09625 90.7026 -20
    endloop
  endfacet
  facet normal 0.219101 0.975702 0
    outer loop
      vertex 10.0837 90.2563 -60
      vertex 8.09625 90.7026 -60
      vertex 8.09625 90.7026 -20
    endloop
  endfacet
  facet normal 0.219101 0.975702 0
    outer loop
      vertex 10.0837 90.2563 -60
      vertex 8.09625 90.7026 -20
      vertex 10.0837 90.2563 -20
    endloop
  endfacet
  facet normal 0 0 -1
    outer loop
      vertex 0 50 -60
      vertex 6.08931 91.0508 -60
      vertex 8.09625 90.7026 -60
    endloop
  endfacet
  facet normal 0 0 1
    outer loop
      vertex 0 50 -20
      vertex 8.09625 90.7026 -20
      vertex 6.08931 91.0508 -20
    endloop
  endfacet
  facet normal 0.170962 0.985278 0
    outer loop
      vertex 8.09625 90.7026 -60
      vertex 6.08931 91.0508 -60
      vertex 6.08931 91.0508 -20
    endloop
  endfacet
  facet normal 0.170962 0.985278 0
    outer loop
      vertex 8.09625 90.7026 -60
      vertex 6.08931 91.0508 -20
      vertex 8.09625 90.7026 -20
    endloop
  endfacet
  facet normal 0 0 -1
    outer loop
      vertex 0 50 -60
      vertex 4.06771 91.3002 -60
      vertex 6.08931 91.0508 -60
    endloop
  endfacet
  facet normal 0 0 1
    outer loop
      vertex 0 50 -20
      vertex 6.08931 91.0508 -20
      vertex 4.06771 91.3002 -20
    endloop
  endfacet
  facet normal 0.122411 0.99248 0
    outer loop
      vertex 6.08931 91.0508 -60
      vertex 4.06771 91.3002 -60
      vertex 4.06771 91.3002 -20
    endloop
  endfacet
  facet normal 0.122411 0.99248 0
    outer loop
      vertex 6.08931 91.0508 -60
      vertex 4.06771 91.3002 -20
      vertex 6.08931 91.0508 -20
    endloop
  endfacet
  facet normal 0 0 -1
    outer loop
      vertex 0 50 -60
      vertex 2.03631 91.45 -60
      vertex 4.06771 91.3002 -60
    endloop
  endfacet
  facet normal 0 0 1
    outer loop
      vertex 0 50 -20
      vertex 4.06771 91.3002 -20
      vertex 2.03631 91.45 -20
    endloop
  endfacet
  facet normal 0.0735646 0.99729 0
    outer loop
      vertex 4.06771 91.3002 -60
      vertex 2.03631 91.45 -60
      vertex 2.03631 91.45 -20
    endloop
  endfacet
  facet normal 0.0735646 0.99729 0
    outer loop
      vertex 4.06771 91.3002 -60
      vertex 2.03631 91.45 -20
      vertex 4.06771 91.3002 -20
    endloop
  endfacet
  facet normal 0 0 -1
    outer loop
      vertex 0 50 -60
      vertex 2.54114e-15 91.5 -60
      vertex 2.03631 91.45 -60
    endloop
  endfacet
  facet normal 0 0 1
    outer loop
      vertex 0 50 -20
      vertex 2.03631 91.45 -20
      vertex 2.54114e-15 91.5 -20
    endloop
  endfacet
  facet normal 0.0245412 0.999699 0
    outer loop
      vertex 2.03631 91.45 -60
      vertex 2.54114e-15 91.5 -60
      vertex 2.54114e-15 91.5 -20
    endloop
  endfacet
  facet normal 0.0245412 0.999699 0
    outer loop
      vertex 2.03631 91.45 -60
      vertex 2.54114e-15 91.5 -20
      vertex 2.03631 91.45 -20
    endloop
  endfacet
  facet normal 0 0 -1
    outer loop
      vertex 0 50 -60
      vertex -2.03631 91.45 -60
      vertex 2.54114e-15 91.5 -60
    endloop
  endfacet
  facet normal 0 0 1
    outer loop
      vertex 0 50 -20
      vertex 2.54114e-15 91.5 -20
      vertex -2.03631 91.45 -20
    endloop
  endfacet
  facet normal -0.0245412 0.999699 0
    outer loop
      vertex 2.54114e-15 91.5 -60
      vertex -2.03631 91.45 -60
      vertex -2.03631 91.45 -20
    endloop
  endfacet
  facet normal -0.0245412 0.999699 0
    outer loop
      vertex 2.54114e-15 91.5 -60
      vertex -2.03631 91.45 -20
      vertex 2.54114e-15 91.5 -20
    endloop
  endfacet
  facet normal 0 0 -1
    outer loop
      vertex 0 50 -60
      vertex -4.06771 91.3002 -60
      vertex -2.03631 91.45 -60
    endloop
  endfacet
  facet normal 0 0 1
    outer loop
      vertex 0 50 -20
      vertex -2.03631 91.45 -20
      vertex -4.06771 91.3002 -20
    endloop
  endfacet
  facet normal -0.0735646 0.99729 0
    outer loop
      vertex -2.03631 91.45 -60
      vertex -4.06771 91.3002 -60
      vertex -4.06771 91.3002 -20
    endloop
  endfacet
  facet normal -0.0735646 0.99729 0
    outer loop
      vertex -2.03631 91.45 -60
      vertex -4.06771 91.3002 -20
      vertex -2.03631 91.45 -20
    endloop
  endfacet
  facet normal 0 0 -1
    outer loop
      vertex 0 50 -60
      vertex -6.08931 91.0508 -60
      vertex -4.06771 91.3002 -60
    endloop
  endfacet
  facet normal 0 0 1
    outer loop
      vertex 0 50 -20
      vertex -4.06771 91.3002 -20
      vertex -6.08931 91.0508 -20
    endloop
  endfacet
  facet normal -0.122411 0.99248 0
    outer loop
      vertex -4.06771 91.3002 -60
      vertex -6.08931 91.0508 -60
      vertex -6.08931 91.0508 -20
    endloop
  endfacet
  facet normal -0.122411 0.99248 0
    outer loop
      vertex -4.06771 91.3002 -60
      vertex -6.08931 91.0508 -20
      vertex -4.06771 91.3002 -20
    endloop
  endfacet
  facet normal 0 0 -1
    outer loop
      vertex 0 50 -60
      vertex -8.09625 90.7026 -60
      vertex -6.08931 91.0508 -60
    endloop
  endfacet
  facet normal 0 0 1
    outer loop
      vertex 0 50 -20
      vertex -6.08931 91.0508 -20
      vertex -8.09625 90.7026 -20
    endloop
  endfacet
  facet normal -0.170962 0.985278 0
    outer loop
      vertex -6.08931 91.0508 -60
      vertex -8.09625 90.7026 -60
      vertex -8.09625 90.7026 -20
    endloop
  endfacet
  facet normal -0.170962 0.985278 0
    outer loop
      vertex -6.08931 91.0508 -60
      vertex -8.09625 90.7026 -20
      vertex -6.08931 91.0508 -20
    endloop
  endfacet
  facet normal 0 0 -1
    outer loop
      vertex 0 50 -60
      vertex -10.0837 90.2563 -60
      vertex -8.09625 90.7026 -60
    endloop
  endfacet
  facet normal 0 0 1
    outer loop
      vertex 0 50 -20
      vertex -8.09625 90.7026 -20
      vertex -10.0837 90.2563 -20
    endloop
  endfacet
  facet normal -0.219101 0.975702 0
    outer loop
      vertex -8.09625 90.7026 -60
      vertex -10.0837 90.2563 -60
      vertex -10.0837 90.2563 -20
    endloop
  endfacet
  facet normal -0.219101 0.975702 0
    outer loop
      vertex -8.09625 90.7026 -60
      vertex -10.0837 90.2563 -20
      vertex -8.09625 90.7026 -20
    endloop
  endfacet
  facet normal 0 0 -1
    outer loop
      vertex 0 50 -60
      vertex -12.0468 89.713 -60
      vertex -10.0837 90.2563 -60
    endloop
  endfacet
  facet normal 0 0 1
    outer loop
      vertex 0 50 -20
      vertex -10.0837 90.2563 -20
      vertex -12.0468 89.713 -20
    endloop
  endfacet
  facet normal -0.266713 0.963776 0
    outer loop
      vertex -10.0837 90.2563 -60
      vertex -12.0468 89.713 -60
      vertex -12.0468 89.713 -20
    endloop
  endfacet
  facet normal -0.266713 0.963776 0
    outer loop
      vertex -10.0837 90.2563 -60
      vertex -12.0468 89.713 -20
      vertex -10.0837 90.2563 -20
    endloop
  endfacet
  facet normal 0 0 -1
    outer loop
      vertex 0 50 -60
      vertex -13.9809 89.0741 -60
      vertex -12.0468 89.713 -60
    endloop
  endfacet
  facet normal 0 0 1
    outer loop
      vertex 0 50 -20
      vertex -12.0468 89.713 -20
      vertex -13.9809 89.0741 -20
    endloop
  endfacet
  facet normal -0.313682 0.949528 0
    outer loop
      vertex -12.0468 89.713 -60
      vertex -13.9809 89.0741 -60
      vertex -13.9809 89.0741 -20
    endloop
  endfacet
  facet normal -0.313682 0.949528 0
    outer loop
      vertex -12.0468 89.713 -60
      vertex -13.9809 89.0741 -20
      vertex -12.0468 89.713 -20
    endloop
  endfacet
  facet normal 0 0 -1
    outer loop
      vertex 0 50 -60
      vertex -15.8814 88.341 -60
      vertex -13.9809 89.0741 -60
    endloop
  endfacet
  facet normal 0 0 1
    outer loop
      vertex 0 50 -20
      vertex -13.9809 89.0741 -20
      vertex -15.8814 88.341 -20
    endloop
  endfacet
  facet normal -0.359895 0.932993 0
    outer loop
      vertex -13.9809 89.0741 -60
      vertex -15.8814 88.341 -60
      vertex -15.8814 88.341 -20
    endloop
  endfacet
  facet normal -0.359895 0.932993 0
    outer loop
      vertex -13.9809 89.0741 -60
      vertex -15.8814 88.341 -20
      vertex -13.9809 89.0741 -20
    endloop
  endfacet
  facet normal 0 0 -1
    outer loop
      vertex 0 50 -60
      vertex -17.7435 87.5156 -60
      vertex -15.8814 88.341 -60
    endloop
  endfacet
  facet normal 0 0 1
    outer loop
      vertex 0 50 -20
      vertex -15.8814 88.341 -20
      vertex -17.7435 87.5156 -20
    endloop
  endfacet
  facet normal -0.405241 0.91421 0
    outer loop
      vertex -15.8814 88.341 -60
      vertex -17.7435 87.5156 -60
      vertex -17.7435 87.5156 -20
    endloop
  endfacet
  facet normal -0.405241 0.91421 0
    outer loop
      vertex -15.8814 88.341 -60
      vertex -17.7435 87.5156 -20
      vertex -15.8814 88.341 -20
    endloop
  endfacet
  facet normal 0 0 -1
    outer loop
      vertex 0 50 -60
      vertex -19.563 86.5997 -60
      vertex -17.7435 87.5156 -60
    endloop
  endfacet
  facet normal 0 0 1
    outer loop
      vertex 0 50 -20
      vertex -17.7435 87.5156 -20
      vertex -19.563 86.5997 -20
    endloop
  endfacet
  facet normal -0.449611 0.893224 0
    outer loop
      vertex -17.7435 87.5156 -60
      vertex -19.563 86.5997 -60
      vertex -19.563 86.5997 -20
    endloop
  endfacet
  facet normal -0.449611 0.893224 0
    outer loop
      vertex -17.7435 87.5156 -60
      vertex -19.563 86.5997 -20
      vertex -17.7435 87.5156 -20
    endloop
  endfacet
  facet normal 0 0 -1
    outer loop
      vertex 0 50 -60
      vertex -21.3353 85.5957 -60
      vertex -19.563 86.5997 -60
    endloop
  endfacet
  facet normal 0 0 1
    outer loop
      vertex 0 50 -20
      vertex -19.563 86.5997 -20
      vertex -21.3353 85.5957 -20
    endloop
  endfacet
  facet normal -0.492898 0.870087 0
    outer loop
      vertex -19.563 86.5997 -60
      vertex -21.3353 85.5957 -60
      vertex -21.3353 85.5957 -20
    endloop
  endfacet
  facet normal -0.492898 0.870087 0
    outer loop
      vertex -19.563 86.5997 -60
      vertex -21.3353 85.5957 -20
      vertex -19.563 86.5997 -20
    endloop
  endfacet
  facet normal 0 0 -1
    outer loop
      vertex 0 50 -60
      vertex -23.0562 84.506 -60
      vertex -21.3353 85.5957 -60
    endloop
  endfacet
  facet normal 0 0 1
    outer loop
      vertex 0 50 -20
      vertex -21.3353 85.5957 -20
      vertex -23.0562 84.506 -20
    endloop
  endfacet
  facet normal -0.534998 0.844854 0
    outer loop
      vertex -21.3353 85.5957 -60
      vertex -23.0562 84.506 -60
      vertex -23.0562 84.506 -20
    endloop
  endfacet
  facet normal -0.534998 0.844854 0
    outer loop
      vertex -21.3353 85.5957 -60
      vertex -23.0562 84.506 -20
      vertex -21.3353 85.5957 -20
    endloop
  endfacet
  facet normal 0 0 -1
    outer loop
      vertex 0 50 -60
      vertex -24.7215 83.3331 -60
      vertex -23.0562 84.506 -60
    endloop
  endfacet
  facet normal 0 0 1
    outer loop
      vertex 0 50 -20
      vertex -23.0562 84.506 -20
      vertex -24.7215 83.3331 -20
    endloop
  endfacet
  facet normal -0.575808 0.817585 0
    outer loop
      vertex -23.0562 84.506 -60
      vertex -24.7215 83.3331 -60
      vertex -24.7215 83.3331 -20
    endloop
  endfacet
  facet normal -0.575808 0.817585 0
    outer loop
      vertex -23.0562 84.506 -60
      vertex -24.7215 83.3331 -20
      vertex -23.0562 84.506 -20
    endloop
  endfacet
  facet normal 0 0 -1
    outer loop
      vertex 0 50 -60
      vertex -26.3273 82.0799 -60
      vertex -24.7215 83.3331 -60
    endloop
  endfacet
  facet normal 0 0 1
    outer loop
      vertex 0 50 -20
      vertex -24.7215 83.3331 -20
      vertex -26.3273 82.0799 -20
    endloop
  endfacet
  facet normal -0.615232 0.788346 0
    outer loop
      vertex -24.7215 83.3331 -60
      vertex -26.3273 82.0799 -60
      vertex -26.3273 82.0799 -20
    endloop
  endfacet
  facet normal -0.615232 0.788346 0
    outer loop
      vertex -24.7215 83.3331 -60
      vertex -26.3273 82.0799 -20
      vertex -24.7215 83.3331 -20
    endloop
  endfacet
  facet normal 0 0 -1
    outer loop
      vertex 0 50 -60
      vertex -27.8697 80.7495 -60
      vertex -26.3273 82.0799 -60
    endloop
  endfacet
  facet normal 0 0 1
    outer loop
      vertex 0 50 -20
      vertex -26.3273 82.0799 -20
      vertex -27.8697 80.7495 -20
    endloop
  endfacet
  facet normal -0.653173 0.757209 0
    outer loop
      vertex -26.3273 82.0799 -60
      vertex -27.8697 80.7495 -60
      vertex -27.8697 80.7495 -20
    endloop
  endfacet
  facet normal -0.653173 0.757209 0
    outer loop
      vertex -26.3273 82.0799 -60
      vertex -27.8697 80.7495 -20
      vertex -26.3273 82.0799 -20
    endloop
  endfacet
  facet normal 0 0 -1
    outer loop
      vertex 0 50 -60
      vertex -29.3449 79.3449 -60
      vertex -27.8697 80.7495 -60
    endloop
  endfacet
  facet normal 0 0 1
    outer loop
      vertex 0 50 -20
      vertex -27.8697 80.7495 -20
      vertex -29.3449 79.3449 -20
    endloop
  endfacet
  facet normal -0.689541 0.724247 0
    outer loop
      vertex -27.8697 80.7495 -60
      vertex -29.3449 79.3449 -60
      vertex -29.3449 79.3449 -20
    endloop
  endfacet
  facet normal -0.689541 0.724247 0
    outer loop
      vertex -27.8697 80.7495 -60
      vertex -29.3449 79.3449 -20
      vertex -27.8697 80.7495 -20
    endloop
  endfacet
  facet normal 0 0 -1
    outer loop
      vertex 0 50 -60
      vertex -30.7495 77.8697 -60
      vertex -29.3449 79.3449 -60
    endloop
  endfacet
  facet normal 0 0 1
    outer loop
      vertex 0 50 -20
      vertex -29.3449 79.3449 -20
      vertex -30.7495 77.8697 -20
    endloop
  endfacet
  facet normal -0.724247 0.689541 0
    outer loop
      vertex -29.3449 79.3449 -60
      vertex -30.7495 77.8697 -60
      vertex -30.7495 77.8697 -20
    endloop
  endfacet
  facet normal -0.724247 0.689541 0
    outer loop
      vertex -29.3449 79.3449 -60
      vertex -30.7495 77.8697 -20
      vertex -29.3449 79.3449 -20
    endloop
  endfacet
  facet normal 0 0 -1
    outer loop
      vertex 0 50 -60
      vertex -32.0799 76.3273 -60
      vertex -30.7495 77.8697 -60
    endloop
  endfacet
  facet normal 0 0 1
    outer loop
      vertex 0 50 -20
      vertex -30.7495 77.8697 -20
      vertex -32.0799 76.3273 -20
    endloop
  endfacet
  facet normal -0.757209 0.653173 0
    outer loop
      vertex -30.7495 77.8697 -60
      vertex -32.0799 76.3273 -60
      vertex -32.0799 76.3273 -20
    endloop
  endfacet
  facet normal -0.757209 0.653173 0
    outer loop
      vertex -30.7495 77.8697 -60
      vertex -32.0799 76.3273 -20
      vertex -30.7495 77.8697 -20
    endloop
  endfacet
  facet normal 0 0 -1
    outer loop
      vertex 0 50 -60
      vertex -33.3331 74.7215 -60
      vertex -32.0799 76.3273 -60
    endloop
  endfacet
  facet normal 0 0 1
    outer loop
      vertex 0 50 -20
      vertex -32.0799 76.3273 -20
      vertex -33.3331 74.7215 -20
    endloop
  endfacet
  facet normal -0.788346 0.615232 0
    outer loop
      vertex -32.0799 76.3273 -60
      vertex -33.3331 74.7215 -60
      vertex -33.3331 74.7215 -20
    endloop
  endfacet
  facet normal -0.788346 0.615232 0
    outer loop
      vertex -32.0799 76.3273 -60
      vertex -33.3331 74.7215 -20
      vertex -32.0799 76.3273 -20
    endloop
  endfacet
  facet normal 0 0 -1
    outer loop
      vertex 0 50 -60
      vertex -34.506 73.0562 -60
      vertex -33.3331 74.7215 -60
    endloop
  endfacet
  facet normal 0 0 1
    outer loop
      vertex 0 50 -20
      vertex -33.3331 74.7215 -20
      vertex -34.506 73.0562 -20
    endloop
  endfacet
  facet normal -0.817585 0.575808 0
    outer loop
      vertex -33.3331 74.7215 -60
      vertex -34.506 73.0562 -60
      vertex -34.506 73.0562 -20
    endloop
  endfacet
  facet normal -0.817585 0.575808 0
    outer loop
      vertex -33.3331 74.7215 -60
      vertex -34.506 73.0562 -20
      vertex -33.3331 74.7215 -20
    endloop
  endfacet
  facet normal 0 0 -1
    outer loop
      vertex 0 50 -60
      vertex -35.5957 71.3353 -60
      vertex -34.506 73.0562 -60
    endloop
  endfacet
  facet normal 0 0 1
    outer loop
      vertex 0 50 -20
      vertex -34.506 73.0562 -20
      vertex -35.5957 71.3353 -20
    endloop
  endfacet
  facet normal -0.844854 0.534998 0
    outer loop
      vertex -34.506 73.0562 -60
      vertex -35.5957 71.3353 -60
      vertex -35.5957 71.3353 -20
    endloop
  endfacet
  facet normal -0.844854 0.534998 0
    outer loop
      vertex -34.506 73.0562 -60
      vertex -35.5957 71.3353 -20
      vertex -34.506 73.0562 -20
    endloop
  endfacet
  facet normal 0 0 -1
    outer loop
      vertex 0 50 -60
      vertex -36.5997 69.563 -60
      vertex -35.5957 71.3353 -60
    endloop
  endfacet
  facet normal 0 0 1
    outer loop
      vertex 0 50 -20
      vertex -35.5957 71.3353 -20
      vertex -36.5997 69.563 -20
    endloop
  endfacet
  facet normal -0.870087 0.492898 0
    outer loop
      vertex -35.5957 71.3353 -60
      vertex -36.5997 69.563 -60
      vertex -36.5997 69.563 -20
    endloop
  endfacet
  facet normal -0.870087 0.492898 0
    outer loop
      vertex -35.5957 71.3353 -60
      vertex -36.5997 69.563 -20
      vertex -35.5957 71.3353 -20
    endloop
  endfacet
  facet normal 0 0 -1
    outer loop
      vertex 0 50 -60
      vertex -37.5156 67.7435 -60
      vertex -36.5997 69.563 -60
    endloop
  endfacet
  facet normal 0 0 1
    outer loop
      vertex 0 50 -20
      vertex -36.5997 69.563 -20
      vertex -37.5156 67.7435 -20
    endloop
  endfacet
  facet normal -0.893224 0.449611 0
    outer loop
      vertex -36.5997 69.563 -60
      vertex -37.5156 67.7435 -60
      vertex -37.5156 67.7435 -20
    endloop
  endfacet
  facet normal -0.893224 0.449611 0
    outer loop
      vertex -36.5997 69.563 -60
      vertex -37.5156 67.7435 -20
      vertex -36.5997 69.563 -20
    endloop
  endfacet
  facet normal 0 0 -1
    outer loop
      vertex 0 50 -60
      vertex -38.341 65.8814 -60
      vertex -37.5156 67.7435 -60
    endloop
  endfacet
  facet normal 0 0 1
    outer loop
      vertex 0 50 -20
      vertex -37.5156 67.7435 -20
      vertex -38.341 65.8814 -20
    endloop
  endfacet
  facet normal -0.91421 0.405241 0
    outer loop
      vertex -37.5156 67.7435 -60
      vertex -38.341 65.8814 -60
      vertex -38.341 65.8814 -20
    endloop
  endfacet
  facet normal -0.91421 0.405241 0
    outer loop
      vertex -37.5156 67.7435 -60
      vertex -38.341 65.8814 -20
      vertex -37.5156 67.7435 -20
    endloop
  endfacet
  facet normal 0 0 -1
    outer loop
      vertex 0 50 -60
      vertex -39.0741 63.9809 -60
      vertex -38.341 65.8814 -60
    endloop
  endfacet
  facet normal 0 0 1
    outer loop
      vertex 0 50 -20
      vertex -38.341 65.8814 -20
      vertex -39.0741 63.9809 -20
    endloop
  endfacet
  facet normal -0.932993 0.359895 0
    outer loop
      vertex -38.341 65.8814 -60
      vertex -39.0741 63.9809 -60
      vertex -39.0741 63.9809 -20
    endloop
  endfacet
  facet normal -0.932993 0.359895 0
    outer loop
      vertex -38.341 65.8814 -60
      vertex -39.0741 63.9809 -20
      vertex -38.341 65.8814 -20
    endloop
  endfacet
  facet normal 0 0 -1
    outer loop
      vertex 0 50 -60
      vertex -39.713 62.0468 -60
      vertex -39.0741 63.9809 -60
    endloop
  endfacet
  facet normal 0 0 1
    outer loop
      vertex 0 50 -20
      vertex -39.0741 63.9809 -20
      vertex -39.713 62.0468 -20
    endloop
  endfacet
  facet normal -0.949528 0.313682 0
    outer loop
      vertex -39.0741 63.9809 -60
      vertex -39.713 62.0468 -60
      vertex -39.713 62.0468 -20
    endloop
  endfacet
  facet normal -0.949528 0.313682 0
    outer loop
      vertex -39.0741 63.9809 -60
      vertex -39.713 62.0468 -20
      vertex -39.0741 63.9809 -20
    endloop
  endfacet
  facet normal 0 0 -1
    outer loop
      vertex 0 50 -60
      vertex -40.2563 60.0837 -60
      vertex -39.713 62.0468 -60
    endloop
  endfacet
  facet normal 0 0 1
    outer loop
      vertex 0 50 -20
      vertex -39.713 62.0468 -20
      vertex -40.2563 60.0837 -20
    endloop
  endfacet
  facet normal -0.963776 0.266713 0
    outer loop
      vertex -39.713 62.0468 -60
      vertex -40.2563 60.0837 -60
      vertex -40.2563 60.0837 -20
    endloop
  endfacet
  facet normal -0.963776 0.266713 0
    outer loop
      vertex -39.713 62.0468 -60
      vertex -40.2563 60.0837 -20
      vertex -39.713 62.0468 -20
    endloop
  endfacet
  facet normal 0 0 -1
    outer loop
      vertex 0 50 -60
      vertex -40.7026 58.0962 -60
      vertex -40.2563 60.0837 -60
    endloop
  endfacet
  facet normal 0 0 1
    outer loop
      vertex 0 50 -20
      vertex -40.2563 60.0837 -20
      vertex -40.7026 58.0962 -20
    endloop
  endfacet
  facet normal -0.975702 0.219101 0
    outer loop
      vertex -40.2563 60.0837 -60
      vertex -40.7026 58.0962 -60
      vertex -40.7026 58.0962 -20
    endloop
  endfacet
  facet normal -0.975702 0.219101 0
    outer loop
      vertex -40.2563 60.0837 -60
      vertex -40.7026 58.0962 -20
      vertex -40.2563 60.0837 -20
    endloop
  endfacet
  facet normal 0 0 -1
    outer loop
      vertex 0 50 -60
      vertex -41.0508 56.0893 -60
      vertex -40.7026 58.0962 -60
    endloop
  endfacet
  facet normal 0 0 1
    outer loop
      vertex 0 50 -20
      vertex -40.7026 58.0962 -20
      vertex -41.0508 56.0893 -20
    endloop
  endfacet
  facet normal -0.985278 0.170962 0
    outer loop
      vertex -40.7026 58.0962 -60
      vertex -41.0508 56.0893 -60
      vertex -41.0508 56.0893 -20
    endloop
  endfacet
  facet normal -0.985278 0.170962 0
    outer loop
      vertex -40.7026 58.0962 -60
      vertex -41.0508 56.0893 -20
      vertex -40.7026 58.0962 -20
    endloop
  endfacet
  facet normal 0 0 -1
    outer loop
      vertex 0 50 -60
      vertex -41.3002 54.0677 -60
      vertex -41.0508 56.0893 -60
    endloop
  endfacet
  facet normal 0 0 1
    outer loop
      vertex 0 50 -20
      vertex -41.0508 56.0893 -20
      vertex -41.3002 54.0677 -20
    endloop
  endfacet
  facet normal -0.99248 0.122411 0
    outer loop
      vertex -41.0508 56.0893 -60
      vertex -41.3002 54.0677 -60
      vertex -41.3002 54.0677 -20
    endloop
  endfacet
  facet normal -0.99248 0.122411 0
    outer loop
      vertex -41.0508 56.0893 -60
      vertex -41.3002 54.0677 -20
      vertex -41.0508 56.0893 -20
    endloop
  endfacet
  facet normal 0 0 -1
    outer loop
      vertex 0 50 -60
      vertex -41.45 52.0363 -60
      vertex -41.3002 54.0677 -60
    endloop
  endfacet
  facet normal 0 0 1
    outer loop
      vertex 0 50 -20
      vertex -41.3002 54.0677 -20
      vertex -41.45 52.0363 -20
    endloop
  endfacet
  facet normal -0.99729 0.0735646 0
    outer loop
      vertex -41.3002 54.0677 -60
      vertex -41.45 52.0363 -60
      vertex -41.45 52.0363 -20
    endloop
  endfacet
  facet normal -0.99729 0.0735646 0
    outer loop
      vertex -41.3002 54.0677 -60
      vertex -41.45 52.0363 -20
      vertex -41.3002 54.0677 -20
    endloop
  endfacet
  facet normal 0 0 -1
    outer loop
      vertex 0 50 -60
      vertex -41.5 50 -60
      vertex -41.45 52.0363 -60
    endloop
  endfacet
  facet normal 0 0 1
    outer loop
      vertex 0 50 -20
      vertex -41.45 52.0363 -20
      vertex -41.5 50 -20
    endloop
  endfacet
  facet normal -0.999699 0.0245412 0
    outer loop
      vertex -41.45 52.0363 -60
      vertex -41.5 50 -60
      vertex -41.5 50 -20
    endloop
  endfacet
  facet normal -0.999699 0.0245412 0
    outer loop
      vertex -41.45 52.0363 -60
      vertex -41.5 50 -20
      vertex -41.45 52.0363 -20
    endloop
  endfacet
  facet normal 0 0 -1
    outer loop
      vertex 0 50 -60
      vertex -41.45 47.9637 -60
      vertex -41.5 50 -60
    endloop
  endfacet
  facet normal 0 0 1
    outer loop
      vertex 0 50 -20
      vertex -41.5 50 -20
      vertex -41.45 47.9637 -20
    endloop
  endfacet
  facet normal -0.999699 -0.0245412 0
    outer loop
      vertex -41.5 50 -60
      vertex -41.45 47.9637 -60
      vertex -41.45 47.9637 -20
    endloop
  endfacet
  facet normal -0.999699 -0.0245412 0
    outer loop
      vertex -41.5 50 -60
      vertex -41.45 47.9637 -20
      vertex -41.5 50 -20
    endloop
  endfacet
  facet normal 0 0 -1
    outer loop
      vertex 0 50 -60
      vertex -41.3002 45.9323 -60
      vertex -41.45 47.9637 -60
    endloop
  endfacet
  facet normal 0 0 1
    outer loop
      vertex 0 50 -20
      vertex -41.45 47.9637 -20
      vertex -41.3002 45.9323 -20
    endloop
  endfacet
  facet normal -0.99729 -0.0735646 0
    outer loop
      vertex -41.45 47.9637 -60
      vertex -41.3002 45.9323 -60
      vertex -41.3002 45.9323 -20
    endloop
  endfacet
  facet normal -0.99729 -0.0735646 0
    outer loop
      vertex -41.45 47.9637 -60
      vertex -41.3002 45.9323 -20
      vertex -41.45 47.9637 -20
    endloop
  endfacet
  facet normal 0 0 -1
    outer loop
      vertex 0 50 -60
      vertex -41.0508 43.9107 -60
      vertex -41.3002 45.9323 -60
    endloop
  endfacet
  facet normal 0 0 1
    outer loop
      vertex 0 50 -20
      vertex -41.3002 45.9323 -20
      vertex -41.0508 43.9107 -20
    endloop
  endfacet
  facet normal -0.99248 -0.122411 0
    outer loop
      vertex -41.3002 45.9323 -60
      vertex -41.0508 43.9107 -60
      vertex -41.0508 43.9107 -20
    endloop
  endfacet
  facet normal -0.99248 -0.122411 0
    outer loop
      vertex -41.3002 45.9323 -60
      vertex -41.0508 43.9107 -20
      vertex -41.3002 45.9323 -20
    endloop
  endfacet
  facet normal 0 0 -1
    outer loop
      vertex 0 50 -60
      vertex -40.7026 41.9038 -60
      vertex -41.0508 43.9107 -60
    endloop
  endfacet
  facet normal 0 0 1
    outer loop
      vertex 0 50 -20
      vertex -41.0508 43.9107 -20
      vertex -40.7026 41.9038 -20
    endloop
  endfacet
  facet normal -0.985278 -0.170962 0
    outer loop
      vertex -41.0508 43.9107 -60
      vertex -40.7026 41.9038 -60
      vertex -40.7026 41.9038 -20
    endloop
  endfacet
  facet normal -0.985278 -0.170962 0
    outer loop
      vertex -41.0508 43.9107 -60
      vertex -40.7026 41.9038 -20
      vertex -41.0508 43.9107 -20
    endloop
  endfacet
  facet normal 0 0 -1
    outer loop
      vertex 0 50 -60
      vertex -40.2563 39.9163 -60
      vertex -40.7026 41.9038 -60
    endloop
  endfacet
  facet normal 0 0 1
    outer loop
      vertex 0 50 -20
      vertex -40.7026 41.9038 -20
      vertex -40.2563 39.9163 -20
    endloop
  endfacet
  facet normal -0.975702 -0.219101 0
    outer loop
      vertex -40.7026 41.9038 -60
      vertex -40.2563 39.9163 -60
      vertex -40.2563 39.9163 -20
    endloop
  endfacet
  facet normal -0.975702 -0.219101 0
    outer loop
      vertex -40.7026 41.9038 -60
      vertex -40.2563 39.9163 -20
      vertex -40.7026 41.9038 -20
    endloop
  endfacet
  facet normal 0 0 -1
    outer loop
      vertex 0 50 -60
      vertex -39.713 37.9532 -60
      vertex -40.2563 39.9163 -60
    endloop
  endfacet
  facet normal 0 0 1
    outer loop
      vertex 0 50 -20
      vertex -40.2563 39.9163 -20
      vertex -39.713 37.9532 -20
    endloop
  endfacet
  facet normal -0.963776 -0.266713 0
    outer loop
      vertex -40.2563 39.9163 -60
      vertex -39.713 37.9532 -60
      vertex -39.713 37.9532 -20
    endloop
  endfacet
  facet normal -0.963776 -0.266713 0
    outer loop
      vertex -40.2563 39.9163 -60
      vertex -39.713 37.9532 -20
      vertex -40.2563 39.9163 -20
    endloop
  endfacet
  facet normal 0 0 -1
    outer loop
      vertex 0 50 -60
      vertex -39.0741 36.0191 -60
      vertex -39.713 37.9532 -60
    endloop
  endfacet
  facet normal 0 0 1
    outer loop
      vertex 0 50 -20
      vertex -39.713 37.9532 -20
      vertex -39.0741 36.0191 -20
    endloop
  endfacet
  facet normal -0.949528 -0.313682 0
    outer loop
      vertex -39.713 37.9532 -60
      vertex -39.0741 36.0191 -60
      vertex -39.0741 36.0191 -20
    endloop
  endfacet
  facet normal -0.949528 -0.313682 0
    outer loop
      vertex -39.713 37.9532 -60
      vertex -39.0741 36.0191 -20
      vertex -39.713 37.9532 -20
    endloop
  endfacet
  facet normal 0 0 -1
    outer loop
      vertex 0 50 -60
      vertex -38.341 34.1186 -60
      vertex -39.0741 36.0191 -60
    endloop
  endfacet
  facet normal 0 0 1
    outer loop
      vertex 0 50 -20
      vertex -39.0741 36.0191 -20
      vertex -38.341 34.1186 -20
    endloop
  endfacet
  facet normal -0.932993 -0.359895 0
    outer loop
      vertex -39.0741 36.0191 -60
      vertex -38.341 34.1186 -60
      vertex -38.341 34.1186 -20
    endloop
  endfacet
  facet normal -0.932993 -0.359895 0
    outer loop
      vertex -39.0741 36.0191 -60
      vertex -38.341 34.1186 -20
      vertex -39.0741 36.0191 -20
    endloop
  endfacet
  facet normal 0 0 -1
    outer loop
      vertex 0 50 -60
      vertex -37.5156 32.2565 -60
      vertex -38.341 34.1186 -60
    endloop
  endfacet
  facet normal 0 0 1
    outer loop
      vertex 0 50 -20
      vertex -38.341 34.1186 -20
      vertex -37.5156 32.2565 -20
    endloop
  endfacet
  facet normal -0.91421 -0.405241 0
    outer loop
      vertex -38.341 34.1186 -60
      vertex -37.5156 32.2565 -60
      vertex -37.5156 32.2565 -20
    endloop
  endfacet
  facet normal -0.91421 -0.405241 0
    outer loop
      vertex -38.341 34.1186 -60
      vertex -37.5156 32.2565 -20
      vertex -38.341 34.1186 -20
    endloop
  endfacet
  facet normal 0 0 -1
    outer loop
      vertex 0 50 -60
      vertex -36.5997 30.437 -60
      vertex -37.5156 32.2565 -60
    endloop
  endfacet
  facet normal 0 0 1
    outer loop
      vertex 0 50 -20
      vertex -37.5156 32.2565 -20
      vertex -36.5997 30.437 -20
    endloop
  endfacet
  facet normal -0.893224 -0.449611 0
    outer loop
      vertex -37.5156 32.2565 -60
      vertex -36.5997 30.437 -60
      vertex -36.5997 30.437 -20
    endloop
  endfacet
  facet normal -0.893224 -0.449611 0
    outer loop
      vertex -37.5156 32.2565 -60
      vertex -36.5997 30.437 -20
      vertex -37.5156 32.2565 -20
    endloop
  endfacet
  facet normal 0 0 -1
    outer loop
      vertex 0 50 -60
      vertex -35.5957 28.6647 -60
      vertex -36.5997 30.437 -60
    endloop
  endfacet
  facet normal 0 0 1
    outer loop
      vertex 0 50 -20
      vertex -36.5997 30.437 -20
      vertex -35.5957 28.6647 -20
    endloop
  endfacet
  facet normal -0.870087 -0.492898 0
    outer loop
      vertex -36.5997 30.437 -60
      vertex -35.5957 28.6647 -60
      vertex -35.5957 28.6647 -20
    endloop
  endfacet
  facet normal -0.870087 -0.492898 0
    outer loop
      vertex -36.5997 30.437 -60
      vertex -35.5957 28.6647 -20
      vertex -36.5997 30.437 -20
    endloop
  endfacet
  facet normal 0 0 -1
    outer loop
      vertex 0 50 -60
      vertex -34.506 26.9438 -60
      vertex -35.5957 28.6647 -60
    endloop
  endfacet
  facet normal 0 0 1
    outer loop
      vertex 0 50 -20
      vertex -35.5957 28.6647 -20
      vertex -34.506 26.9438 -20
    endloop
  endfacet
  facet normal -0.844854 -0.534998 0
    outer loop
      vertex -35.5957 28.6647 -60
      vertex -34.506 26.9438 -60
      vertex -34.506 26.9438 -20
    endloop
  endfacet
  facet normal -0.844854 -0.534998 0
    outer loop
      vertex -35.5957 28.6647 -60
      vertex -34.506 26.9438 -20
      vertex -35.5957 28.6647 -20
    endloop
  endfacet
  facet normal 0 0 -1
    outer loop
      vertex 0 50 -60
      vertex -33.3331 25.2785 -60
      vertex -34.506 26.9438 -60
    endloop
  endfacet
  facet normal 0 0 1
    outer loop
      vertex 0 50 -20
      vertex -34.506 26.9438 -20
      vertex -33.3331 25.2785 -20
    endloop
  endfacet
  facet normal -0.817585 -0.575808 0
    outer loop
      vertex -34.506 26.9438 -60
      vertex -33.3331 25.2785 -60
      vertex -33.3331 25.2785 -20
    endloop
  endfacet
  facet normal -0.817585 -0.575808 0
    outer loop
      vertex -34.506 26.9438 -60
      vertex -33.3331 25.2785 -20
      vertex -34.506 26.9438 -20
    endloop
  endfacet
  facet normal 0 0 -1
    outer loop
      vertex 0 50 -60
      vertex -32.0799 23.6727 -60
      vertex -33.3331 25.2785 -60
    endloop
  endfacet
  facet normal 0 0 1
    outer loop
      vertex 0 50 -20
      vertex -33.3331 25.2785 -20
      vertex -32.0799 23.6727 -20
    endloop
  endfacet
  facet normal -0.788346 -0.615232 0
    outer loop
      vertex -33.3331 25.2785 -60
      vertex -32.0799 23.6727 -60
      vertex -32.0799 23.6727 -20
    endloop
  endfacet
  facet normal -0.788346 -0.615232 0
    outer loop
      vertex -33.3331 25.2785 -60
      vertex -32.0799 23.6727 -20
      vertex -33.3331 25.2785 -20
    endloop
  endfacet
  facet normal 0 0 -1
    outer loop
      vertex 0 50 -60
      vertex -30.7495 22.1303 -60
      vertex -32.0799 23.6727 -60
    endloop
  endfacet
  facet normal 0 0 1
    outer loop
      vertex 0 50 -20
      vertex -32.0799 23.6727 -20
      vertex -30.7495 22.1303 -20
    endloop
  endfacet
  facet normal -0.757209 -0.653173 0
    outer loop
      vertex -32.0799 23.6727 -60
      vertex -30.7495 22.1303 -60
      vertex -30.7495 22.1303 -20
    endloop
  endfacet
  facet normal -0.757209 -0.653173 0
    outer loop
      vertex -32.0799 23.6727 -60
      vertex -30.7495 22.1303 -20
      vertex -32.0799 23.6727 -20
    endloop
  endfacet
  facet normal 0 0 -1
    outer loop
      vertex 0 50 -60
      vertex -29.3449 20.6551 -60
      vertex -30.7495 22.1303 -60
    endloop
  endfacet
  facet normal 0 0 1
    outer loop
      vertex 0 50 -20
      vertex -30.7495 22.1303 -20
      vertex -29.3449 20.6551 -20
    endloop
  endfacet
  facet normal -0.724247 -0.689541 0
    outer loop
      vertex -30.7495 22.1303 -60
      vertex -29.3449 20.6551 -60
      vertex -29.3449 20.6551 -20
    endloop
  endfacet
  facet normal -0.724247 -0.689541 0
    outer loop
      vertex -30.7495 22.1303 -60
      vertex -29.3449 20.6551 -20
      vertex -30.7495 22.1303 -20
    endloop
  endfacet
  facet normal 0 0 -1
    outer loop
      vertex 0 50 -60
      vertex -27.8697 19.2505 -60
      vertex -29.3449 20.6551 -60
    endloop
  endfacet
  facet normal 0 0 1
    outer loop
      vertex 0 50 -20
      vertex -29.3449 20.6551 -20
      vertex -27.8697 19.2505 -20
    endloop
  endfacet
  facet normal -0.689541 -0.724247 0
    outer loop
      vertex -29.3449 20.6551 -60
      vertex -27.8697 19.2505 -60
      vertex -27.8697 19.2505 -20
    endloop
  endfacet
  facet normal -0.689541 -0.724247 0
    outer loop
      vertex -29.3449 20.6551 -60
      vertex -27.8697 19.2505 -20
      vertex -29.3449 20.6551 -20
    endloop
  endfacet
  facet normal 0 0 -1
    outer loop
      vertex 0 50 -60
      vertex -26.3273 17.9201 -60
      vertex -27.8697 19.2505 -60
    endloop
  endfacet
  facet normal 0 0 1
    outer loop
      vertex 0 50 -20
      vertex -27.8697 19.2505 -20
      vertex -26.3273 17.9201 -20
    endloop
  endfacet
  facet normal -0.653173 -0.757209 0
    outer loop
      vertex -27.8697 19.2505 -60
      vertex -26.3273 17.9201 -60
      vertex -26.3273 17.9201 -20
    endloop
  endfacet
  facet normal -0.653173 -0.757209 0
    outer loop
      vertex -27.8697 19.2505 -60
      vertex -26.3273 17.9201 -20
      vertex -27.8697 19.2505 -20
    endloop
  endfacet
  facet normal 0 0 -1
    outer loop
      vertex 0 50 -60
      vertex -24.7215 16.6669 -60
      vertex -26.3273 17.9201 -60
    endloop
  endfacet
  facet normal 0 0 1
    outer loop
      vertex 0 50 -20
      vertex -26.3273 17.9201 -20
      vertex -24.7215 16.6669 -20
    endloop
  endfacet
  facet normal -0.615232 -0.788346 0
    outer loop
      vertex -26.3273 17.9201 -60
      vertex -24.7215 16.6669 -60
      vertex -24.7215 16.6669 -20
    endloop
  endfacet
  facet normal -0.615232 -0.788346 0
    outer loop
      vertex -26.3273 17.9201 -60
      vertex -24.7215 16.6669 -20
      vertex -26.3273 17.9201 -20
    endloop
  endfacet
  facet normal 0 0 -1
    outer loop
      vertex 0 50 -60
      vertex -23.0562 15.494 -60
      vertex -24.7215 16.6669 -60
    endloop
  endfacet
  facet normal 0 0 1
    outer loop
      vertex 0 50 -20
      vertex -24.7215 16.6669 -20
      vertex -23.0562 15.494 -20
    endloop
  endfacet
  facet normal -0.575808 -0.817585 0
    outer loop
      vertex -24.7215 16.6669 -60
      vertex -23.0562 15.494 -60
      vertex -23.0562 15.494 -20
    endloop
  endfacet
  facet normal -0.575808 -0.817585 0
    outer loop
      vertex -24.7215 16.6669 -60
      vertex -23.0562 15.494 -20
      vertex -24.7215 16.6669 -20
    endloop
  endfacet
  facet normal 0 0 -1
    outer loop
      vertex 0 50 -60
      vertex -21.3353 14.4043 -60
      vertex -23.0562 15.494 -60
    endloop
  endfacet
  facet normal 0 0 1
    outer loop
      vertex 0 50 -20
      vertex -23.0562 15.494 -20
      vertex -21.3353 14.4043 -20
    endloop
  endfacet
  facet normal -0.534998 -0.844854 0
    outer loop
      vertex -23.0562 15.494 -60
      vertex -21.3353 14.4043 -60
      vertex -21.3353 14.4043 -20
    endloop
  endfacet
  facet normal -0.534998 -0.844854 0
    outer loop
      vertex -23.0562 15.494 -60
      vertex -21.3353 14.4043 -20
      vertex -23.0562 15.494 -20
    endloop
  endfacet
  facet normal 0 0 -1
    outer loop
      vertex 0 50 -60
      vertex -19.563 13.4003 -60
      vertex -21.3353 14.4043 -60
    endloop
  endfacet
  facet normal 0 0 1
    outer loop
      vertex 0 50 -20
      vertex -21.3353 14.4043 -20
      vertex -19.563 13.4003 -20
    endloop
  endfacet
  facet normal -0.492898 -0.870087 0
    outer loop
      vertex -21.3353 14.4043 -60
      vertex -19.563 13.4003 -60
      vertex -19.563 13.4003 -20
    endloop
  endfacet
  facet normal -0.492898 -0.870087 0
    outer loop
      vertex -21.3353 14.4043 -60
      vertex -19.563 13.4003 -20
      vertex -21.3353 14.4043 -20
    endloop
  endfacet
  facet normal 0 0 -1
    outer loop
      vertex 0 50 -60
      vertex -17.7435 12.4844 -60
      vertex -19.563 13.4003 -60
    endloop
  endfacet
  facet normal 0 0 1
    outer loop
      vertex 0 50 -20
      vertex -19.563 13.4003 -20
      vertex -17.7435 12.4844 -20
    endloop
  endfacet
  facet normal -0.449611 -0.893224 0
    outer loop
      vertex -19.563 13.4003 -60
      vertex -17.7435 12.4844 -60
      vertex -17.7435 12.4844 -20
    endloop
  endfacet
  facet normal -0.449611 -0.893224 0
    outer loop
      vertex -19.563 13.4003 -60
      vertex -17.7435 12.4844 -20
      vertex -19.563 13.4003 -20
    endloop
  endfacet
  facet normal 0 0 -1
    outer loop
      vertex 0 50 -60
      vertex -15.8814 11.659 -60
      vertex -17.7435 12.4844 -60
    endloop
  endfacet
  facet normal 0 0 1
    outer loop
      vertex 0 50 -20
      vertex -17.7435 12.4844 -20
      vertex -15.8814 11.659 -20
    endloop
  endfacet
  facet normal -0.405241 -0.91421 0
    outer loop
      vertex -17.7435 12.4844 -60
      vertex -15.8814 11.659 -60
      vertex -15.8814 11.659 -20
    endloop
  endfacet
  facet normal -0.405241 -0.91421 0
    outer loop
      vertex -17.7435 12.4844 -60
      vertex -15.8814 11.659 -20
      vertex -17.7435 12.4844 -20
    endloop
  endfacet
  facet normal 0 0 -1
    outer loop
      vertex 0 50 -60
      vertex -13.9809 10.9259 -60
      vertex -15.8814 11.659 -60
    endloop
  endfacet
  facet normal 0 0 1
    outer loop
      vertex 0 50 -20
      vertex -15.8814 11.659 -20
      vertex -13.9809 10.9259 -20
    endloop
  endfacet
  facet normal -0.359895 -0.932993 0
    outer loop
      vertex -15.8814 11.659 -60
      vertex -13.9809 10.9259 -60
      vertex -13.9809 10.9259 -20
    endloop
  endfacet
  facet normal -0.359895 -0.932993 0
    outer loop
      vertex -15.8814 11.659 -60
      vertex -13.9809 10.9259 -20
      vertex -15.8814 11.659 -20
    endloop
  endfacet
  facet normal 0 0 -1
    outer loop
      vertex 0 50 -60
      vertex -12.0468 10.287 -60
      vertex -13.9809 10.9259 -60
    endloop
  endfacet
  facet normal 0 0 1
    outer loop
      vertex 0 50 -20
      vertex -13.9809 10.9259 -20
      vertex -12.0468 10.287 -20
    endloop
  endfacet
  facet normal -0.313682 -0.949528 0
    outer loop
      vertex -13.9809 10.9259 -60
      vertex -12.0468 10.287 -60
      vertex -12.0468 10.287 -20
    endloop
  endfacet
  facet normal -0.313682 -0.949528 0
    outer loop
      vertex -13.9809 10.9259 -60
      vertex -12.0468 10.287 -20
      vertex -13.9809 10.9259 -20
    endloop
  endfacet
  facet normal 0 0 -1
    outer loop
      vertex 0 50 -60
      vertex -10.0837 9.7437 -60
      vertex -12.0468 10.287 -60
    endloop
  endfacet
  facet normal 0 0 1
    outer loop
      vertex 0 50 -20
      vertex -12.0468 10.287 -20
      vertex -10.0837 9.7437 -20
    endloop
  endfacet
  facet normal -0.266713 -0.963776 0
    outer loop
      vertex -12.0468 10.287 -60
      vertex -10.0837 9.7437 -60
      vertex -10.0837 9.7437 -20
    endloop
  endfacet
  facet normal -0.266713 -0.963776 0
    outer loop
      vertex -12.0468 10.287 -60
      vertex -10.0837 9.7437 -20
      vertex -12.0468 10.287 -20
    endloop
  endfacet
  facet normal 0 0 -1
    outer loop
      vertex 0 50 -60
      vertex -8.09625 9.29741 -60
      vertex -10.0837 9.7437 -60
    endloop
  endfacet
  facet normal 0 0 1
    outer loop
      vertex 0 50 -20
      vertex -10.0837 9.7437 -20
      vertex -8.09625 9.29741 -20
    endloop
  endfacet
  facet normal -0.219101 -0.975702 0
    outer loop
      vertex -10.0837 9.7437 -60
      vertex -8.09625 9.29741 -60
      vertex -8.09625 9.29741 -20
    endloop
  endfacet
  facet normal -0.219101 -0.975702 0
    outer loop
      vertex -10.0837 9.7437 -60
      vertex -8.09625 9.29741 -20
      vertex -10.0837 9.7437 -20
    endloop
  endfacet
  facet normal 0 0 -1
    outer loop
      vertex 0 50 -60
      vertex -6.08931 8.94917 -60
      vertex -8.09625 9.29741 -60
    endloop
  endfacet
  facet normal 0 0 1
    outer loop
      vertex 0 50 -20
      vertex -8.09625 9.29741 -20
      vertex -6.08931 8.94917 -20
    endloop
  endfacet
  facet normal -0.170962 -0.985278 0
    outer loop
      vertex -8.09625 9.29741 -60
      vertex -6.08931 8.94917 -60
      vertex -6.08931 8.94917 -20
    endloop
  endfacet
  facet normal -0.170962 -0.985278 0
    outer loop
      vertex -8.09625 9.29741 -60
      vertex -6.08931 8.94917 -20
      vertex -8.09625 9.29741 -20
    endloop
  endfacet
  facet normal 0 0 -1
    outer loop
      vertex 0 50 -60
      vertex -4.06771 8.69983 -60
      vertex -6.08931 8.94917 -60
    endloop
  endfacet
  facet normal 0 0 1
    outer loop
      vertex 0 50 -20
      vertex -6.08931 8.94917 -20
      vertex -4.06771 8.69983 -20
    endloop
  endfacet
  facet normal -0.122411 -0.99248 0
    outer loop
      vertex -6.08931 8.94917 -60
      vertex -4.06771 8.69983 -60
      vertex -4.06771 8.69983 -20
    endloop
  endfacet
  facet normal -0.122411 -0.99248 0
    outer loop
      vertex -6.08931 8.94917 -60
      vertex -4.06771 8.69983 -20
      vertex -6.08931 8.94917 -20
    endloop
  endfacet
  facet normal 0 0 -1
    outer loop
      vertex 0 50 -60
      vertex -2.03631 8.54999 -60
      vertex -4.06771 8.69983 -60
    endloop
  endfacet
  facet normal 0 0 1
    outer loop
      vertex 0 50 -20
      vertex -4.06771 8.69983 -20
      vertex -2.03631 8.54999 -20
    endloop
  endfacet
  facet normal -0.0735646 -0.99729 0
    outer loop
      vertex -4.06771 8.69983 -60
      vertex -2.03631 8.54999 -60
      vertex -2.03631 8.54999 -20
    endloop
  endfacet
  facet normal -0.0735646 -0.99729 0
    outer loop
      vertex -4.06771 8.69983 -60
      vertex -2.03631 8.54999 -20
      vertex -4.06771 8.69983 -20
    endloop
  endfacet
  facet normal 0 0 -1
    outer loop
      vertex 0 50 -60
      vertex -7.62343e-15 8.5 -60
      vertex -2.03631 8.54999 -60
    endloop
  endfacet
  facet normal 0 0 1
    outer loop
      vertex 0 50 -20
      vertex -2.03631 8.54999 -20
      vertex -7.62343e-15 8.5 -20
    endloop
  endfacet
  facet normal -0.0245412 -0.999699 0
    outer loop
      vertex -2.03631 8.54999 -60
      vertex -7.62343e-15 8.5 -60
      vertex -7.62343e-15 8.5 -20
    endloop
  endfacet
  facet normal -0.0245412 -0.999699 0
    outer loop
      vertex -2.03631 8.54999 -60
      vertex -7.62343e-15 8.5 -20
      vertex -2.03631 8.54999 -20
    endloop
  endfacet
  facet normal 0 0 -1
    outer loop
      vertex 0 50 -60
      vertex 2.03631 8.54999 -60
      vertex -7.62343e-15 8.5 -60
    endloop
  endfacet
  facet normal 0 0 1
    outer loop
      vertex 0 50 -20
      vertex -7.62343e-15 8.5 -20
      vertex 2.03631 8.54999 -20
    endloop
  endfacet
  facet normal 0.0245412 -0.999699 0
    outer loop
      vertex -7.62343e-15 8.5 -60
      vertex 2.03631 8.54999 -60
      vertex 2.03631 8.54999 -20
    endloop
  endfacet
  facet normal 0.0245412 -0.999699 0
    outer loop
      vertex -7.62343e-15 8.5 -60
      vertex 2.03631 8.54999 -20
      vertex -7.62343e-15 8.5 -20
    endloop
  endfacet
  facet normal 0 0 -1
    outer loop
      vertex 0 50 -60
      vertex 4.06771 8.69983 -60
      vertex 2.03631 8.54999 -60
    endloop
  endfacet
  facet normal 0 0 1
    outer loop
      vertex 0 50 -20
      vertex 2.03631 8.54999 -20
      vertex 4.06771 8.69983 -20
    endloop
  endfacet
  facet normal 0.0735646 -0.99729 0
    outer loop
      vertex 2.03631 8.54999 -60
      vertex 4.06771 8.69983 -60
      vertex 4.06771 8.69983 -20
    endloop
  endfacet
  facet normal 0.0735646 -0.99729 0
    outer loop
      vertex 2.03631 8.54999 -60
      vertex 4.06771 8.69983 -20
      vertex 2.03631 8.54999 -20
    endloop
  endfacet
  facet normal 0 0 -1
    outer loop
      vertex 0 50 -60
      vertex 6.08931 8.94917 -60
      vertex 4.06771 8.69983 -60
    endloop
  endfacet
  facet normal 0 0 1
    outer loop
      vertex 0 50 -20
      vertex 4.06771 8.69983 -20
      vertex 6.08931 8.94917 -20
    endloop
  endfacet
  facet normal 0.122411 -0.99248 0
    outer loop
      vertex 4.06771 8.69983 -60
      vertex 6.08931 8.94917 -60
      vertex 6.08931 8.94917 -20
    endloop
  endfacet
  facet normal 0.122411 -0.99248 0
    outer loop
      vertex 4.06771 8.69983 -60
      vertex 6.08931 8.94917 -20
      vertex 4.06771 8.69983 -20
    endloop
  endfacet
  facet normal 0 0 -1
    outer loop
      vertex 0 50 -60
      vertex 8.09625 9.29741 -60
      vertex 6.08931 8.94917 -60
    endloop
  endfacet
  facet normal 0 0 1
    outer loop
      vertex 0 50 -20
      vertex 6.08931 8.94917 -20
      vertex 8.09625 9.29741 -20
    endloop
  endfacet
  facet normal 0.170962 -0.985278 0
    outer loop
      vertex 6.08931 8.94917 -60
      vertex 8.09625 9.29741 -60
      vertex 8.09625 9.29741 -20
    endloop
  endfacet
  facet normal 0.170962 -0.985278 0
    outer loop
      vertex 6.08931 8.94917 -60
      vertex 8.09625 9.29741 -20
      vertex 6.08931 8.94917 -20
    endloop
  endfacet
  facet normal 0 0 -1
    outer loop
      vertex 0 50 -60
      vertex 10.0837 9.7437 -60
      vertex 8.09625 9.29741 -60
    endloop
  endfacet
  facet normal 0 0 1
    outer loop
      vertex 0 50 -20
      vertex 8.09625 9.29741 -20
      vertex 10.0837 9.7437 -20
    endloop
  endfacet
  facet normal 0.219101 -0.975702 0
    outer loop
      vertex 8.09625 9.29741 -60
      vertex 10.0837 9.7437 -60
      vertex 10.0837 9.7437 -20
    endloop
  endfacet
  facet normal 0.219101 -0.975702 0
    outer loop
      vertex 8.09625 9.29741 -60
      vertex 10.0837 9.7437 -20
      vertex 8.09625 9.29741 -20
    endloop
  endfacet
  facet normal 0 0 -1
    outer loop
      vertex 0 50 -60
      vertex 12.0468 10.287 -60
      vertex 10.0837 9.7437 -60
    endloop
  endfacet
  facet normal 0 0 1
    outer loop
      vertex 0 50 -20
      vertex 10.0837 9.7437 -20
      vertex 12.0468 10.287 -20
    endloop
  endfacet
  facet normal 0.266713 -0.963776 0
    outer loop
      vertex 10.0837 9.7437 -60
      vertex 12.0468 10.287 -60
      vertex 12.0468 10.287 -20
    endloop
  endfacet
  facet normal 0.266713 -0.963776 0
    outer loop
      vertex 10.0837 9.7437 -60
      vertex 12.0468 10.287 -20
      vertex 10.0837 9.7437 -20
    endloop
  endfacet
  facet normal 0 0 -1
    outer loop
      vertex 0 50 -60
      vertex 13.9809 10.9259 -60
      vertex 12.0468 10.287 -60
    endloop
  endfacet
  facet normal 0 0 1
    outer loop
      vertex 0 50 -20
      vertex 12.0468 10.287 -20
      vertex 13.9809 10.9259 -20
    endloop
  endfacet
  facet normal 0.313682 -0.949528 0
    outer loop
      vertex 12.0468 10.287 -60
      vertex 13.9809 10.9259 -60
      vertex 13.9809 10.9259 -20
    endloop
  endfacet
  facet normal 0.313682 -0.949528 0
    outer loop
      vertex 12.0468 10.287 -60
      vertex 13.9809 10.9259 -20
      vertex 12.0468 10.287 -20
    endloop
  endfacet
  facet normal 0 0 -1
    outer loop
      vertex 0 50 -60
      vertex 15.8814 11.659 -60
      vertex 13.9809 10.9259 -60
    endloop
  endfacet
  facet normal 0 0 1
    outer loop
      vertex 0 50 -20
      vertex 13.9809 10.9259 -20
      vertex 15.8814 11.659 -20
    endloop
  endfacet
  facet normal 0.359895 -0.932993 0
    outer loop
      vertex 13.9809 10.9259 -60
      vertex 15.8814 11.659 -60
      vertex 15.8814 11.659 -20
    endloop
  endfacet
  facet normal 0.359895 -0.932993 0
    outer loop
      vertex 13.9809 10.9259 -60
      vertex 15.8814 11.659 -20
      vertex 13.9809 10.9259 -20
    endloop
  endfacet
  facet normal 0 0 -1
    outer loop
      vertex 0 50 -60
      vertex 17.7435 12.4844 -60
      vertex 15.8814 11.659 -60
    endloop
  endfacet
  facet normal 0 0 1
    outer loop
      vertex 0 50 -20
      vertex 15.8814 11.659 -20
      vertex 17.7435 12.4844 -20
    endloop
  endfacet
  facet normal 0.405241 -0.91421 0
    outer loop
      vertex 15.8814 11.659 -60
      vertex 17.7435 12.4844 -60
      vertex 17.7435 12.4844 -20
    endloop
  endfacet
  facet normal 0.405241 -0.91421 0
    outer loop
      vertex 15.8814 11.659 -60
      vertex 17.7435 12.4844 -20
      vertex 15.8814 11.659 -20
    endloop
  endfacet
  facet normal 0 0 -1
    outer loop
      vertex 0 50 -60
      vertex 19.563 13.4003 -60
      vertex 17.7435 12.4844 -60
    endloop
  endfacet
  facet normal 0 0 1
    outer loop
      vertex 0 50 -20
      vertex 17.7435 12.4844 -20
      vertex 19.563 13.4003 -20
    endloop
  endfacet
  facet normal 0.449611 -0.893224 0
    outer loop
      vertex 17.7435 12.4844 -60
      vertex 19.563 13.4003 -60
      vertex 19.563 13.4003 -20
    endloop
  endfacet
  facet normal 0.449611 -0.893224 0
    outer loop
      vertex 17.7435 12.4844 -60
      vertex 19.563 13.4003 -20
      vertex 17.7435 12.4844 -20
    endloop
  endfacet
  facet normal 0 0 -1
    outer loop
      vertex 0 50 -60
      vertex 21.3353 14.4043 -60
      vertex 19.563 13.4003 -60
    endloop
  endfacet
  facet normal 0 0 1
    outer loop
      vertex 0 50 -20
      vertex 19.563 13.4003 -20
      vertex 21.3353 14.4043 -20
    endloop
  endfacet
  facet normal 0.492898 -0.870087 0
    outer loop
      vertex 19.563 13.4003 -60
      vertex 21.3353 14.4043 -60
      vertex 21.3353 14.4043 -20
    endloop
  endfacet
  facet normal 0.492898 -0.870087 0
    outer loop
      vertex 19.563 13.4003 -60
      vertex 21.3353 14.4043 -20
      vertex 19.563 13.4003 -20
    endloop
  endfacet
  facet normal 0 0 -1
    outer loop
      vertex 0 50 -60
      vertex 23.0562 15.494 -60
      vertex 21.3353 14.4043 -60
    endloop
  endfacet
  facet normal 0 0 1
    outer loop
      vertex 0 50 -20
      vertex 21.3353 14.4043 -20
      vertex 23.0562 15.494 -20
    endloop
  endfacet
  facet normal 0.534998 -0.844854 0
    outer loop
      vertex 21.3353 14.4043 -60
      vertex 23.0562 15.494 -60
      vertex 23.0562 15.494 -20
    endloop
  endfacet
  facet normal 0.534998 -0.844854 0
    outer loop
      vertex 21.3353 14.4043 -60
      vertex 23.0562 15.494 -20
      vertex 21.3353 14.4043 -20
    endloop
  endfacet
  facet normal 0 0 -1
    outer loop
      vertex 0 50 -60
      vertex 24.7215 16.6669 -60
      vertex 23.0562 15.494 -60
    endloop
  endfacet
  facet normal 0 0 1
    outer loop
      vertex 0 50 -20
      vertex 23.0562 15.494 -20
      vertex 24.7215 16.6669 -20
    endloop
  endfacet
  facet normal 0.575808 -0.817585 0
    outer loop
      vertex 23.0562 15.494 -60
      vertex 24.7215 16.6669 -60
      vertex 24.7215 16.6669 -20
    endloop
  endfacet
  facet normal 0.575808 -0.817585 0
    outer loop
      vertex 23.0562 15.494 -60
      vertex 24.7215 16.6669 -20
      vertex 23.0562 15.494 -20
    endloop
  endfacet
  facet normal 0 0 -1
    outer loop
      vertex 0 50 -60
      vertex 26.3273 17.9201 -60
      vertex 24.7215 16.6669 -60
    endloop
  endfacet
  facet normal 0 0 1
    outer loop
      vertex 0 50 -20
      vertex 24.7215 16.6669 -20
      vertex 26.3273 17.9201 -20
    endloop
  endfacet
  facet normal 0.615232 -0.788346 0
    outer loop
      vertex 24.7215 16.6669 -60
      vertex 26.3273 17.9201 -60
      vertex 26.3273 17.9201 -20
    endloop
  endfacet
  facet normal 0.615232 -0.788346 0
    outer loop
      vertex 24.7215 16.6669 -60
      vertex 26.3273 17.9201 -20
      vertex 24.7215 16.6669 -20
    endloop
  endfacet
  facet normal 0 0 -1
    outer loop
      vertex 0 50 -60
      vertex 27.8697 19.2505 -60
      vertex 26.3273 17.9201 -60
    endloop
  endfacet
  facet normal 0 0 1
    outer loop
      vertex 0 50 -20
      vertex 26.3273 17.9201 -20
      vertex 27.8697 19.2505 -20
    endloop
  endfacet
  facet normal 0.653173 -0.757209 0
    outer loop
      vertex 26.3273 17.9201 -60
      vertex 27.8697 19.2505 -60
      vertex 27.8697 19.2505 -20
    endloop
  endfacet
  facet normal 0.653173 -0.757209 0
    outer loop
      vertex 26.3273 17.9201 -60
      vertex 27.8697 19.2505 -20
      vertex 26.3273 17.9201 -20
    endloop
  endfacet
  facet normal 0 0 -1
    outer loop
      vertex 0 50 -60
      vertex 29.3449 20.6551 -60
      vertex 27.8697 19.2505 -60
    endloop
  endfacet
  facet normal 0 0 1
    outer loop
      vertex 0 50 -20
      vertex 27.8697 19.2505 -20
      vertex 29.3449 20.6551 -20
    endloop
  endfacet
  facet normal 0.689541 -0.724247 0
    outer loop
      vertex 27.8697 19.2505 -60
      vertex 29.3449 20.6551 -60
      vertex 29.3449 20.6551 -20
    endloop
  endfacet
  facet normal 0.689541 -0.724247 0
    outer loop
      vertex 27.8697 19.2505 -60
      vertex 29.3449 20.6551 -20
      vertex 27.8697 19.2505 -20
    endloop
  endfacet
  facet normal 0 0 -1
    outer loop
      vertex 0 50 -60
      vertex 30.7495 22.1303 -60
      vertex 29.3449 20.6551 -60
    endloop
  endfacet
  facet normal 0 0 1
    outer loop
      vertex 0 50 -20
      vertex 29.3449 20.6551 -20
      vertex 30.7495 22.1303 -20
    endloop
  endfacet
  facet normal 0.724247 -0.689541 0
    outer loop
      vertex 29.3449 20.6551 -60
      vertex 30.7495 22.1303 -60
      vertex 30.7495 22.1303 -20
    endloop
  endfacet
  facet normal 0.724247 -0.689541 0
    outer loop
      vertex 29.3449 20.6551 -60
      vertex 30.7495 22.1303 -20
      vertex 29.3449 20.6551 -20
    endloop
  endfacet
  facet normal 0 0 -1
    outer loop
      vertex 0 50 -60
      vertex 32.0799 23.6727 -60
      vertex 30.7495 22.1303 -60
    endloop
  endfacet
  facet normal 0 0 1
    outer loop
      vertex 0 50 -20
      vertex 30.7495 22.1303 -20
      vertex 32.0799 23.6727 -20
    endloop
  endfacet
  facet normal 0.757209 -0.653173 0
    outer loop
      vertex 30.7495 22.1303 -60
      vertex 32.0799 23.6727 -60
      vertex 32.0799 23.6727 -20
    endloop
  endfacet
  facet normal 0.757209 -0.653173 0
    outer loop
      vertex 30.7495 22.1303 -60
      vertex 32.0799 23.6727 -20
      vertex 30.7495 22.1303 -20
    endloop
  endfacet
  facet normal 0 0 -1
    outer loop
      vertex 0 50 -60
      vertex 33.3331 25.2785 -60
      vertex 32.0799 23.6727 -60
    endloop
  endfacet
  facet normal 0 0 1
    outer loop
      vertex 0 50 -20
      vertex 32.0799 23.6727 -20
      vertex 33.3331 25.2785 -20
    endloop
  endfacet
  facet normal 0.788346 -0.615232 0
    outer loop
      vertex 32.0799 23.6727 -60
      vertex 33.3331 25.2785 -60
      vertex 33.3331 25.2785 -20
    endloop
  endfacet
  facet normal 0.788346 -0.615232 0
    outer loop
      vertex 32.0799 23.6727 -60
      vertex 33.3331 25.2785 -20
      vertex 32.0799 23.6727 -20
    endloop
  endfacet
  facet normal 0 0 -1
    outer loop
      vertex 0 50 -60
      vertex 34.506 26.9438 -60
      vertex 33.3331 25.2785 -60
    endloop
  endfacet
  facet normal 0 0 1
    outer loop
      vertex 0 50 -20
      vertex 33.3331 25.2785 -20
      vertex 34.506 26.9438 -20
    endloop
  endfacet
  facet normal 0.817585 -0.575808 0
    outer loop
      vertex 33.3331 25.2785 -60
      vertex 34.506 26.9438 -60
      vertex 34.506 26.9438 -20
    endloop
  endfacet
  facet normal 0.817585 -0.575808 0
    outer loop
      vertex 33.3331 25.2785 -60
      vertex 34.506 26.9438 -20
      vertex 33.3331 25.2785 -20
    endloop
  endfacet
  facet normal 0 0 -1
    outer loop
      vertex 0 50 -60
      vertex 35.5957 28.6647 -60
      vertex 34.506 26.9438 -60
    endloop
  endfacet
  facet normal 0 0 1
    outer loop
      vertex 0 50 -20
      vertex 34.506 26.9438 -20
      vertex 35.5957 28.6647 -20
    endloop
  endfacet
  facet normal 0.844854 -0.534998 0
    outer loop
      vertex 34.506 26.9438 -60
      vertex 35.5957 28.6647 -60
      vertex 35.5957 28.6647 -20
    endloop
  endfacet
  facet normal 0.844854 -0.534998 0
    outer loop
      vertex 34.506 26.9438 -60
      vertex 35.5957 28.6647 -20
      vertex 34.506 26.9438 -20
    endloop
  endfacet
  facet normal 0 0 -1
    outer loop
      vertex 0 50 -60
      vertex 36.5997 30.437 -60
      vertex 35.5957 28.6647 -60
    endloop
  endfacet
  facet normal 0 0 1
    outer loop
      vertex 0 50 -20
      vertex 35.5957 28.6647 -20
      vertex 36.5997 30.437 -20
    endloop
  endfacet
  facet normal 0.870087 -0.492898 0
    outer loop
      vertex 35.5957 28.6647 -60
      vertex 36.5997 30.437 -60
      vertex 36.5997 30.437 -20
    endloop
  endfacet
  facet normal 0.870087 -0.492898 0
    outer loop
      vertex 35.5957 28.6647 -60
      vertex 36.5997 30.437 -20
      vertex 35.5957 28.6647 -20
    endloop
  endfacet
  facet normal 0 0 -1
    outer loop
      vertex 0 50 -60
      vertex 37.5156 32.2565 -60
      vertex 36.5997 30.437 -60
    endloop
  endfacet
  facet normal 0 0 1
    outer loop
      vertex 0 50 -20
      vertex 36.5997 30.437 -20
      vertex 37.5156 32.2565 -20
    endloop
  endfacet
  facet normal 0.893224 -0.449611 0
    outer loop
      vertex 36.5997 30.437 -60
      vertex 37.5156 32.2565 -60
      vertex 37.5156 32.2565 -20
    endloop
  endfacet
  facet normal 0.893224 -0.449611 0
    outer loop
      vertex 36.5997 30.437 -60
      vertex 37.5156 32.2565 -20
      vertex 36.5997 30.437 -20
    endloop
  endfacet
  facet normal 0 0 -1
    outer loop
      vertex 0 50 -60
      vertex 38.341 34.1186 -60
      vertex 37.5156 32.2565 -60
    endloop
  endfacet
  facet normal 0 0 1
    outer loop
      vertex 0 50 -20
      vertex 37.5156 32.2565 -20
      vertex 38.341 34.1186 -20
    endloop
  endfacet
  facet normal 0.91421 -0.405241 0
    outer loop
      vertex 37.5156 32.2565 -60
      vertex 38.341 34.1186 -60
      vertex 38.341 34.1186 -20
    endloop
  endfacet
  facet normal 0.91421 -0.405241 0
    outer loop
      vertex 37.5156 32.2565 -60
      vertex 38.341 34.1186 -20
      vertex 37.5156 32.2565 -20
    endloop
  endfacet
  facet normal 0 0 -1
    outer loop
      vertex 0 50 -60
      vertex 39.0741 36.0191 -60
      vertex 38.341 34.1186 -60
    endloop
  endfacet
  facet normal 0 0 1
    outer loop
      vertex 0 50 -20
      vertex 38.341 34.1186 -20
      vertex 39.0741 36.0191 -20
    endloop
  endfacet
  facet normal 0.932993 -0.359895 0
    outer loop
      vertex 38.341 34.1186 -60
      vertex 39.0741 36.0191 -60
      vertex 39.0741 36.0191 -20
    endloop
  endfacet
  facet normal 0.932993 -0.359895 0
    outer loop
      vertex 38.341 34.1186 -60
      vertex 39.0741 36.0191 -20
      vertex 38.341 34.1186 -20
    endloop
  endfacet
  facet normal 0 0 -1
    outer loop
      vertex 0 50 -60
      vertex 39.713 37.9532 -60
      vertex 39.0741 36.0191 -60
    endloop
  endfacet
  facet normal 0 0 1
    outer loop
      vertex 0 50 -20
      vertex 39.0741 36.0191 -20
      vertex 39.713 37.9532 -20
    endloop
  endfacet
  facet normal 0.949528 -0.313682 0
    outer loop
      vertex 39.0741 36.0191 -60
      vertex 39.713 37.9532 -60
      vertex 39.713 37.9532 -20
    endloop
  endfacet
  facet normal 0.949528 -0.313682 0
    outer loop
      vertex 39.0741 36.0191 -60
      vertex 39.713 37.9532 -20
      vertex 39.0741 36.0191 -20
    endloop
  endfacet
  facet normal 0 0 -1
    outer loop
      vertex 0 50 -60
      vertex 40.2563 39.9163 -60
      vertex 39.713 37.9532 -60
    endloop
  endfacet
  facet normal 0 0 1
    outer loop
      vertex 0 50 -20
      vertex 39.713 37.9532 -20
      vertex 40.2563 39.9163 -20
    endloop
  endfacet
  facet normal 0.963776 -0.266713 0
    outer loop
      vertex 39.713 37.9532 -60
      vertex 40.2563 39.9163 -60
      vertex 40.2563 39.9163 -20
    endloop
  endfacet
  facet normal 0.963776 -0.266713 0
    outer loop
      vertex 39.713 37.9532 -60
      vertex 40.2563 39.9163 -20
      vertex 39.713 37.9532 -20
    endloop
  endfacet
  facet normal 0 0 -1
    outer loop
      vertex 0 50 -60
      vertex 40.7026 41.9038 -60
      vertex 40.2563 39.9163 -60
    endloop
  endfacet
  facet normal 0 0 1
    outer loop
      vertex 0 50 -20
      vertex 40.2563 39.9163 -20
      vertex 40.7026 41.9038 -20
    endloop
  endfacet
  facet normal 0.975702 -0.219101 0
    outer loop
      vertex 40.2563 39.9163 -60
      vertex 40.7026 41.9038 -60
      vertex 40.7026 41.9038 -20
    endloop
  endfacet
  facet normal 0.975702 -0.219101 0
    outer loop
      vertex 40.2563 39.9163 -60
      vertex 40.7026 41.9038 -20
      vertex 40.2563 39.9163 -20
    endloop
  endfacet
  facet normal 0 0 -1
    outer loop
      vertex 0 50 -60
      vertex 41.0508 43.9107 -60
      vertex 40.7026 41.9038 -60
    endloop
  endfacet
  facet normal 0 0 1
    outer loop
      vertex 0 50 -20
      vertex 40.7026 41.9038 -20
      vertex 41.0508 43.9107 -20
    endloop
  endfacet
  facet normal 0.985278 -0.170962 0
    outer loop
      vertex 40.7026 41.9038 -60
      vertex 41.0508 43.9107 -60
      vertex 41.0508 43.9107 -20
    endloop
  endfacet
  facet normal 0.985278 -0.170962 0
    outer loop
      vertex 40.7026 41.9038 -60
      vertex 41.0508 43.9107 -20
      vertex 40.7026 41.9038 -20
    endloop
  endfacet
  facet normal 0 0 -1
    outer loop
      vertex 0 50 -60
      vertex 41.3002 45.9323 -60
      vertex 41.0508 43.9107 -60
    endloop
  endfacet
  facet normal 0 0 1
    outer loop
      vertex 0 50 -20
      vertex 41.0508 43.9107 -20
      vertex 41.3002 45.9323 -20
    endloop
  endfacet
  facet normal 0.99248 -0.122411 0
    outer loop
      vertex 41.0508 43.9107 -60
      vertex 41.3002 45.9323 -60
      vertex 41.3002 45.9323 -20
    endloop
  endfacet
  facet normal 0.99248 -0.122411 0
    outer loop
      vertex 41.0508 43.9107 -60
      vertex 41.3002 45.9323 -20
      vertex 41.0508 43.9107 -20
    endloop
  endfacet
  facet normal 0 0 -1
    outer loop
      vertex 0 50 -60
      vertex 41.45 47.9637 -60
      vertex 41.3002 45.9323 -60
    endloop
  endfacet
  facet normal 0 0 1
    outer loop
      vertex 0 50 -20
      vertex 41.3002 45.9323 -20
      vertex 41.45 47.9637 -20
    endloop
  endfacet
  facet normal 0.99729 -0.0735646 0
    outer loop
      vertex 41.3002 45.9323 -60
      vertex 41.45 47.9637 -60
      vertex 41.45 47.9637 -20
    endloop
  endfacet
  facet normal 0.99729 -0.0735646 0
    outer loop
      vertex 41.3002 45.9323 -60
      vertex 41.45 47.9637 -20
      vertex 41.3002 45.9323 -20
    endloop
  endfacet
  facet normal 0 0 -1
    outer loop
      vertex 0 50 -60
      vertex 41.5 50 -60
      vertex 41.45 47.9637 -60
    endloop
  endfacet
  facet normal 0 0 1
    outer loop
      vertex 0 50 -20
      vertex 41.45 47.9637 -20
      vertex 41.5 50 -20
    endloop
  endfacet
  facet normal 0.999699 -0.0245412 0
    outer loop
      vertex 41.45 47.9637 -60
      vertex 41.5 50 -60
      vertex 41.5 50 -20
    endloop
  endfacet
  facet normal 0.999699 -0.0245412 0
    outer loop
      vertex 41.45 47.9637 -60
      vertex 41.5 50 -20
      vertex 41.45 47.9637 -20
    endloop
  endfacet
  facet normal 0 0 -1
    outer loop
      vertex -49 0 20
      vertex 41.5 50 20
      vertex 49 0 20
    endloop
  endfacet
  facet normal 0 0 -1
    outer loop
      vertex -49 0 20
      vertex -41.5 50 20
      vertex 41.5 50 20
    endloop
  endfacet
  facet normal 0 0 1
    outer loop
      vertex -49 0 60
      vertex 49 0 60
      vertex 41.5 50 60
    endloop
  endfacet
  facet normal 0 0 1
    outer loop
      vertex -49 0 60
      vertex 41.5 50 60
      vertex -41.5 50 60
    endloop
  endfacet
  facet normal -1 0 0
    outer loop
      vertex -49 0 20
      vertex -49 0 60
      vertex -41.5 50 60
    endloop
  endfacet
  facet normal -1 0 0
    outer loop
      vertex -49 0 20
      vertex -41.5 50 60
      vertex -41.5 50 20
    endloop
  endfacet
  facet normal 1 0 0
    outer loop
      vertex 49 0 20
      vertex 41.5 50 20
      vertex 41.5 50 60
    endloop
  endfacet
  facet normal 1 0 0
    outer loop
      vertex 49 0 20
      vertex 41.5 50 60
      vertex 49 0 60
    endloop
  endfacet
  facet normal 0 -1 0
    outer loop
      vertex -49 0 20
      vertex 49 0 20
      vertex 49 0 60
    endloop
  endfacet
  facet normal 0 -1 0
    outer loop
      vertex -49 0 20
      vertex 49 0 60
      vertex -49 0 60
    endloop
  endfacet
  facet normal 0 1 0
    outer loop
      vertex -41.5 50 20
      vertex -41.5 50 60
      vertex 41.5 50 60
    endloop
  endfacet
  facet normal 0 1 0
    outer loop
      vertex -41.5 50 20
      vertex 41.5 50 60
      vertex 41.5 50 20
    endloop
  endfacet
  facet normal 0 0 -1
    outer loop
      vertex 0 0 20
      vertex 48.941 2.40432 20
      vertex 49 0 20
    endloop
  endfacet
  facet normal 0 0 1
    outer loop
      vertex 0 0 60
      vertex 49 0 60
      vertex 48.941 2.40432 60
    endloop
  endfacet
  facet normal 0.999699 0.0245412 0
    outer loop
      vertex 49 0 20
      vertex 48.941 2.40432 20
      vertex 48.941 2.40432 60
    endloop
  endfacet
  facet normal 0.999699 0.0245412 0
    outer loop
      vertex 49 0 20
      vertex 48.941 2.40432 60
      vertex 49 0 60
    endloop
  endfacet
  facet normal 0 0 -1
    outer loop
      vertex 0 0 20
      vertex 48.7641 4.80284 20
      vertex 48.941 2.40432 20
    endloop
  endfacet
  facet normal 0 0 1
    outer loop
      vertex 0 0 60
      vertex 48.941 2.40432 60
      vertex 48.7641 4.80284 60
    endloop
  endfacet
  facet normal 0.99729 0.0735646 0
    outer loop
      vertex 48.941 2.40432 20
      vertex 48.7641 4.80284 20
      vertex 48.7641 4.80284 60
    endloop
  endfacet
  facet normal 0.99729 0.0735646 0
    outer loop
      vertex 48.941 2.40432 20
      vertex 48.7641 4.80284 60
      vertex 48.941 2.40432 60
    endloop
  endfacet
  facet normal 0 0 -1
    outer loop
      vertex 0 0 20
      vertex 48.4696 7.18979 20
      vertex 48.7641 4.80284 20
    endloop
  endfacet
  facet normal 0 0 1
    outer loop
      vertex 0 0 60
      vertex 48.7641 4.80284 60
      vertex 48.4696 7.18979 60
    endloop
  endfacet
  facet normal 0.99248 0.122411 0
    outer loop
      vertex 48.7641 4.80284 20
      vertex 48.4696 7.18979 20
      vertex 48.4696 7.18979 60
    endloop
  endfacet
  facet normal 0.99248 0.122411 0
    outer loop
      vertex 48.7641 4.80284 20
      vertex 48.4696 7.18979 60
      vertex 48.7641 4.80284 60
    endloop
  endfacet
  facet normal 0 0 -1
    outer loop
      vertex 0 0 20
      vertex 48.0585 9.55943 20
      vertex 48.4696 7.18979 20
    endloop
  endfacet
  facet normal 0 0 1
    outer loop
      vertex 0 0 60
      vertex 48.4696 7.18979 60
      vertex 48.0585 9.55943 60
    endloop
  endfacet
  facet normal 0.985278 0.170962 0
    outer loop
      vertex 48.4696 7.18979 20
      vertex 48.0585 9.55943 20
      vertex 48.0585 9.55943 60
    endloop
  endfacet
  facet normal 0.985278 0.170962 0
    outer loop
      vertex 48.4696 7.18979 20
      vertex 48.0585 9.55943 60
      vertex 48.4696 7.18979 60
    endloop
  endfacet
  facet normal 0 0 -1
    outer loop
      vertex 0 0 20
      vertex 47.5315 11.906 20
      vertex 48.0585 9.55943 20
    endloop
  endfacet
  facet normal 0 0 1
    outer loop
      vertex 0 0 60
      vertex 48.0585 9.55943 60
      vertex 47.5315 11.906 60
    endloop
  endfacet
  facet normal 0.975702 0.219101 0
    outer loop
      vertex 48.0585 9.55943 20
      vertex 47.5315 11.906 20
      vertex 47.5315 11.906 60
    endloop
  endfacet
  facet normal 0.975702 0.219101 0
    outer loop
      vertex 48.0585 9.55943 20
      vertex 47.5315 11.906 60
      vertex 48.0585 9.55943 60
    endloop
  endfacet
  facet normal 0 0 -1
    outer loop
      vertex 0 0 20
      vertex 46.8901 14.2239 20
      vertex 47.5315 11.906 20
    endloop
  endfacet
  facet normal 0 0 1
    outer loop
      vertex 0 0 60
      vertex 47.5315 11.906 60
      vertex 46.8901 14.2239 60
    endloop
  endfacet
  facet normal 0.963776 0.266713 0
    outer loop
      vertex 47.5315 11.906 20
      vertex 46.8901 14.2239 20
      vertex 46.8901 14.2239 60
    endloop
  endfacet
  facet normal 0.963776 0.266713 0
    outer loop
      vertex 47.5315 11.906 20
      vertex 46.8901 14.2239 60
      vertex 47.5315 11.906 60
    endloop
  endfacet
  facet normal 0 0 -1
    outer loop
      vertex 0 0 20
      vertex 46.1357 16.5076 20
      vertex 46.8901 14.2239 20
    endloop
  endfacet
  facet normal 0 0 1
    outer loop
      vertex 0 0 60
      vertex 46.8901 14.2239 60
      vertex 46.1357 16.5076 60
    endloop
  endfacet
  facet normal 0.949528 0.313682 0
    outer loop
      vertex 46.8901 14.2239 20
      vertex 46.1357 16.5076 20
      vertex 46.1357 16.5076 60
    endloop
  endfacet
  facet normal 0.949528 0.313682 0
    outer loop
      vertex 46.8901 14.2239 20
      vertex 46.1357 16.5076 60
      vertex 46.8901 14.2239 60
    endloop
  endfacet
  facet normal 0 0 -1
    outer loop
      vertex 0 0 20
      vertex 45.2701 18.7515 20
      vertex 46.1357 16.5076 20
    endloop
  endfacet
  facet normal 0 0 1
    outer loop
      vertex 0 0 60
      vertex 46.1357 16.5076 60
      vertex 45.2701 18.7515 60
    endloop
  endfacet
  facet normal 0.932993 0.359895 0
    outer loop
      vertex 46.1357 16.5076 20
      vertex 45.2701 18.7515 20
      vertex 45.2701 18.7515 60
    endloop
  endfacet
  facet normal 0.932993 0.359895 0
    outer loop
      vertex 46.1357 16.5076 20
      vertex 45.2701 18.7515 60
      vertex 46.1357 16.5076 60
    endloop
  endfacet
  facet normal 0 0 -1
    outer loop
      vertex 0 0 20
      vertex 44.2955 20.9502 20
      vertex 45.2701 18.7515 20
    endloop
  endfacet
  facet normal 0 0 1
    outer loop
      vertex 0 0 60
      vertex 45.2701 18.7515 60
      vertex 44.2955 20.9502 60
    endloop
  endfacet
  facet normal 0.91421 0.405241 0
    outer loop
      vertex 45.2701 18.7515 20
      vertex 44.2955 20.9502 20
      vertex 44.2955 20.9502 60
    endloop
  endfacet
  facet normal 0.91421 0.405241 0
    outer loop
      vertex 45.2701 18.7515 20
      vertex 44.2955 20.9502 60
      vertex 45.2701 18.7515 60
    endloop
  endfacet
  facet normal 0 0 -1
    outer loop
      vertex 0 0 20
      vertex 43.2141 23.0984 20
      vertex 44.2955 20.9502 20
    endloop
  endfacet
  facet normal 0 0 1
    outer loop
      vertex 0 0 60
      vertex 44.2955 20.9502 60
      vertex 43.2141 23.0984 60
    endloop
  endfacet
  facet normal 0.893224 0.449611 0
    outer loop
      vertex 44.2955 20.9502 20
      vertex 43.2141 23.0984 20
      vertex 43.2141 23.0984 60
    endloop
  endfacet
  facet normal 0.893224 0.449611 0
    outer loop
      vertex 44.2955 20.9502 20
      vertex 43.2141 23.0984 60
      vertex 44.2955 20.9502 60
    endloop
  endfacet
  facet normal 0 0 -1
    outer loop
      vertex 0 0 20
      vertex 42.0287 25.191 20
      vertex 43.2141 23.0984 20
    endloop
  endfacet
  facet normal 0 0 1
    outer loop
      vertex 0 0 60
      vertex 43.2141 23.0984 60
      vertex 42.0287 25.191 60
    endloop
  endfacet
  facet normal 0.870087 0.492898 0
    outer loop
      vertex 43.2141 23.0984 20
      vertex 42.0287 25.191 20
      vertex 42.0287 25.191 60
    endloop
  endfacet
  facet normal 0.870087 0.492898 0
    outer loop
      vertex 43.2141 23.0984 20
      vertex 42.0287 25.191 60
      vertex 43.2141 23.0984 60
    endloop
  endfacet
  facet normal 0 0 -1
    outer loop
      vertex 0 0 20
      vertex 40.742 27.2229 20
      vertex 42.0287 25.191 20
    endloop
  endfacet
  facet normal 0 0 1
    outer loop
      vertex 0 0 60
      vertex 42.0287 25.191 60
      vertex 40.742 27.2229 60
    endloop
  endfacet
  facet normal 0.844854 0.534998 0
    outer loop
      vertex 42.0287 25.191 20
      vertex 40.742 27.2229 20
      vertex 40.742 27.2229 60
    endloop
  endfacet
  facet normal 0.844854 0.534998 0
    outer loop
      vertex 42.0287 25.191 20
      vertex 40.742 27.2229 60
      vertex 42.0287 25.191 60
    endloop
  endfacet
  facet normal 0 0 -1
    outer loop
      vertex 0 0 20
      vertex 39.3572 29.1893 20
      vertex 40.742 27.2229 20
    endloop
  endfacet
  facet normal 0 0 1
    outer loop
      vertex 0 0 60
      vertex 40.742 27.2229 60
      vertex 39.3572 29.1893 60
    endloop
  endfacet
  facet normal 0.817585 0.575808 0
    outer loop
      vertex 40.742 27.2229 20
      vertex 39.3572 29.1893 20
      vertex 39.3572 29.1893 60
    endloop
  endfacet
  facet normal 0.817585 0.575808 0
    outer loop
      vertex 40.742 27.2229 20
      vertex 39.3572 29.1893 60
      vertex 40.742 27.2229 60
    endloop
  endfacet
  facet normal 0 0 -1
    outer loop
      vertex 0 0 20
      vertex 37.8775 31.0853 20
      vertex 39.3572 29.1893 20
    endloop
  endfacet
  facet normal 0 0 1
    outer loop
      vertex 0 0 60
      vertex 39.3572 29.1893 60
      vertex 37.8775 31.0853 60
    endloop
  endfacet
  facet normal 0.788346 0.615232 0
    outer loop
      vertex 39.3572 29.1893 20
      vertex 37.8775 31.0853 20
      vertex 37.8775 31.0853 60
    endloop
  endfacet
  facet normal 0.788346 0.615232 0
    outer loop
      vertex 39.3572 29.1893 20
      vertex 37.8775 31.0853 60
      vertex 39.3572 29.1893 60
    endloop
  endfacet
  facet normal 0 0 -1
    outer loop
      vertex 0 0 20
      vertex 36.3066 32.9064 20
      vertex 37.8775 31.0853 20
    endloop
  endfacet
  facet normal 0 0 1
    outer loop
      vertex 0 0 60
      vertex 37.8775 31.0853 60
      vertex 36.3066 32.9064 60
    endloop
  endfacet
  facet normal 0.757209 0.653173 0
    outer loop
      vertex 37.8775 31.0853 20
      vertex 36.3066 32.9064 20
      vertex 36.3066 32.9064 60
    endloop
  endfacet
  facet normal 0.757209 0.653173 0
    outer loop
      vertex 37.8775 31.0853 20
      vertex 36.3066 32.9064 60
      vertex 37.8775 31.0853 60
    endloop
  endfacet
  facet normal 0 0 -1
    outer loop
      vertex 0 0 20
      vertex 34.6482 34.6482 20
      vertex 36.3066 32.9064 20
    endloop
  endfacet
  facet normal 0 0 1
    outer loop
      vertex 0 0 60
      vertex 36.3066 32.9064 60
      vertex 34.6482 34.6482 60
    endloop
  endfacet
  facet normal 0.724247 0.689541 0
    outer loop
      vertex 36.3066 32.9064 20
      vertex 34.6482 34.6482 20
      vertex 34.6482 34.6482 60
    endloop
  endfacet
  facet normal 0.724247 0.689541 0
    outer loop
      vertex 36.3066 32.9064 20
      vertex 34.6482 34.6482 60
      vertex 36.3066 32.9064 60
    endloop
  endfacet
  facet normal 0 0 -1
    outer loop
      vertex 0 0 20
      vertex 32.9064 36.3066 20
      vertex 34.6482 34.6482 20
    endloop
  endfacet
  facet normal 0 0 1
    outer loop
      vertex 0 0 60
      vertex 34.6482 34.6482 60
      vertex 32.9064 36.3066 60
    endloop
  endfacet
  facet normal 0.689541 0.724247 0
    outer loop
      vertex 34.6482 34.6482 20
      vertex 32.9064 36.3066 20
      vertex 32.9064 36.3066 60
    endloop
  endfacet
  facet normal 0.689541 0.724247 0
    outer loop
      vertex 34.6482 34.6482 20
      vertex 32.9064 36.3066 60
      vertex 34.6482 34.6482 60
    endloop
  endfacet
  facet normal 0 0 -1
    outer loop
      vertex 0 0 20
      vertex 31.0853 37.8775 20
      vertex 32.9064 36.3066 20
    endloop
  endfacet
  facet normal 0 0 1
    outer loop
      vertex 0 0 60
      vertex 32.9064 36.3066 60
      vertex 31.0853 37.8775 60
    endloop
  endfacet
  facet normal 0.653173 0.757209 0
    outer loop
      vertex 32.9064 36.3066 20
      vertex 31.0853 37.8775 20
      vertex 31.0853 37.8775 60
    endloop
  endfacet
  facet normal 0.653173 0.757209 0
    outer loop
      vertex 32.9064 36.3066 20
      vertex 31.0853 37.8775 60
      vertex 32.9064 36.3066 60
    endloop
  endfacet
  facet normal 0 0 -1
    outer loop
      vertex 0 0 20
      vertex 29.1893 39.3572 20
      vertex 31.0853 37.8775 20
    endloop
  endfacet
  facet normal 0 0 1
    outer loop
      vertex 0 0 60
      vertex 31.0853 37.8775 60
      vertex 29.1893 39.3572 60
    endloop
  endfacet
  facet normal 0.615232 0.788346 0
    outer loop
      vertex 31.0853 37.8775 20
      vertex 29.1893 39.3572 20
      vertex 29.1893 39.3572 60
    endloop
  endfacet
  facet normal 0.615232 0.788346 0
    outer loop
      vertex 31.0853 37.8775 20
      vertex 29.1893 39.3572 60
      vertex 31.0853 37.8775 60
    endloop
  endfacet
  facet normal 0 0 -1
    outer loop
      vertex 0 0 20
      vertex 27.2229 40.742 20
      vertex 29.1893 39.3572 20
    endloop
  endfacet
  facet normal 0 0 1
    outer loop
      vertex 0 0 60
      vertex 29.1893 39.3572 60
      vertex 27.2229 40.742 60
    endloop
  endfacet
  facet normal 0.575808 0.817585 0
    outer loop
      vertex 29.1893 39.3572 20
      vertex 27.2229 40.742 20
      vertex 27.2229 40.742 60
    endloop
  endfacet
  facet normal 0.575808 0.817585 0
    outer loop
      vertex 29.1893 39.3572 20
      vertex 27.2229 40.742 60
      vertex 29.1893 39.3572 60
    endloop
  endfacet
  facet normal 0 0 -1
    outer loop
      vertex 0 0 20
      vertex 25.191 42.0287 20
      vertex 27.2229 40.742 20
    endloop
  endfacet
  facet normal 0 0 1
    outer loop
      vertex 0 0 60
      vertex 27.2229 40.742 60
      vertex 25.191 42.0287 60
    endloop
  endfacet
  facet normal 0.534998 0.844854 0
    outer loop
      vertex 27.2229 40.742 20
      vertex 25.191 42.0287 20
      vertex 25.191 42.0287 60
    endloop
  endfacet
  facet normal 0.534998 0.844854 0
    outer loop
      vertex 27.2229 40.742 20
      vertex 25.191 42.0287 60
      vertex 27.2229 40.742 60
    endloop
  endfacet
  facet normal 0 0 -1
    outer loop
      vertex 0 0 20
      vertex 23.0984 43.2141 20
      vertex 25.191 42.0287 20
    endloop
  endfacet
  facet normal 0 0 1
    outer loop
      vertex 0 0 60
      vertex 25.191 42.0287 60
      vertex 23.0984 43.2141 60
    endloop
  endfacet
  facet normal 0.492898 0.870087 0
    outer loop
      vertex 25.191 42.0287 20
      vertex 23.0984 43.2141 20
      vertex 23.0984 43.2141 60
    endloop
  endfacet
  facet normal 0.492898 0.870087 0
    outer loop
      vertex 25.191 42.0287 20
      vertex 23.0984 43.2141 60
      vertex 25.191 42.0287 60
    endloop
  endfacet
  facet normal 0 0 -1
    outer loop
      vertex 0 0 20
      vertex 20.9502 44.2955 20
      vertex 23.0984 43.2141 20
    endloop
  endfacet
  facet normal 0 0 1
    outer loop
      vertex 0 0 60
      vertex 23.0984 43.2141 60
      vertex 20.9502 44.2955 60
    endloop
  endfacet
  facet normal 0.449611 0.893224 0
    outer loop
      vertex 23.0984 43.2141 20
      vertex 20.9502 44.2955 20
      vertex 20.9502 44.2955 60
    endloop
  endfacet
  facet normal 0.449611 0.893224 0
    outer loop
      vertex 23.0984 43.2141 20
      vertex 20.9502 44.2955 60
      vertex 23.0984 43.2141 60
    endloop
  endfacet
  facet normal 0 0 -1
    outer loop
      vertex 0 0 20
      vertex 18.7515 45.2701 20
      vertex 20.9502 44.2955 20
    endloop
  endfacet
  facet normal 0 0 1
    outer loop
      vertex 0 0 60
      vertex 20.9502 44.2955 60
      vertex 18.7515 45.2701 60
    endloop
  endfacet
  facet normal 0.405241 0.91421 0
    outer loop
      vertex 20.9502 44.2955 20
      vertex 18.7515 45.2701 20
      vertex 18.7515 45.2701 60
    endloop
  endfacet
  facet normal 0.405241 0.91421 0
    outer loop
      vertex 20.9502 44.2955 20
      vertex 18.7515 45.2701 60
      vertex 20.9502 44.2955 60
    endloop
  endfacet
  facet normal 0 0 -1
    outer loop
      vertex 0 0 20
      vertex 16.5076 46.1357 20
      vertex 18.7515 45.2701 20
    endloop
  endfacet
  facet normal 0 0 1
    outer loop
      vertex 0 0 60
      vertex 18.7515 45.2701 60
      vertex 16.5076 46.1357 60
    endloop
  endfacet
  facet normal 0.359895 0.932993 0
    outer loop
      vertex 18.7515 45.2701 20
      vertex 16.5076 46.1357 20
      vertex 16.5076 46.1357 60
    endloop
  endfacet
  facet normal 0.359895 0.932993 0
    outer loop
      vertex 18.7515 45.2701 20
      vertex 16.5076 46.1357 60
      vertex 18.7515 45.2701 60
    endloop
  endfacet
  facet normal 0 0 -1
    outer loop
      vertex 0 0 20
      vertex 14.2239 46.8901 20
      vertex 16.5076 46.1357 20
    endloop
  endfacet
  facet normal 0 0 1
    outer loop
      vertex 0 0 60
      vertex 16.5076 46.1357 60
      vertex 14.2239 46.8901 60
    endloop
  endfacet
  facet normal 0.313682 0.949528 0
    outer loop
      vertex 16.5076 46.1357 20
      vertex 14.2239 46.8901 20
      vertex 14.2239 46.8901 60
    endloop
  endfacet
  facet normal 0.313682 0.949528 0
    outer loop
      vertex 16.5076 46.1357 20
      vertex 14.2239 46.8901 60
      vertex 16.5076 46.1357 60
    endloop
  endfacet
  facet normal 0 0 -1
    outer loop
      vertex 0 0 20
      vertex 11.906 47.5315 20
      vertex 14.2239 46.8901 20
    endloop
  endfacet
  facet normal 0 0 1
    outer loop
      vertex 0 0 60
      vertex 14.2239 46.8901 60
      vertex 11.906 47.5315 60
    endloop
  endfacet
  facet normal 0.266713 0.963776 0
    outer loop
      vertex 14.2239 46.8901 20
      vertex 11.906 47.5315 20
      vertex 11.906 47.5315 60
    endloop
  endfacet
  facet normal 0.266713 0.963776 0
    outer loop
      vertex 14.2239 46.8901 20
      vertex 11.906 47.5315 60
      vertex 14.2239 46.8901 60
    endloop
  endfacet
  facet normal 0 0 -1
    outer loop
      vertex 0 0 20
      vertex 9.55943 48.0585 20
      vertex 11.906 47.5315 20
    endloop
  endfacet
  facet normal 0 0 1
    outer loop
      vertex 0 0 60
      vertex 11.906 47.5315 60
      vertex 9.55943 48.0585 60
    endloop
  endfacet
  facet normal 0.219101 0.975702 0
    outer loop
      vertex 11.906 47.5315 20
      vertex 9.55943 48.0585 20
      vertex 9.55943 48.0585 60
    endloop
  endfacet
  facet normal 0.219101 0.975702 0
    outer loop
      vertex 11.906 47.5315 20
      vertex 9.55943 48.0585 60
      vertex 11.906 47.5315 60
    endloop
  endfacet
  facet normal 0 0 -1
    outer loop
      vertex 0 0 20
      vertex 7.18979 48.4696 20
      vertex 9.55943 48.0585 20
    endloop
  endfacet
  facet normal 0 0 1
    outer loop
      vertex 0 0 60
      vertex 9.55943 48.0585 60
      vertex 7.18979 48.4696 60
    endloop
  endfacet
  facet normal 0.170962 0.985278 0
    outer loop
      vertex 9.55943 48.0585 20
      vertex 7.18979 48.4696 20
      vertex 7.18979 48.4696 60
    endloop
  endfacet
  facet normal 0.170962 0.985278 0
    outer loop
      vertex 9.55943 48.0585 20
      vertex 7.18979 48.4696 60
      vertex 9.55943 48.0585 60
    endloop
  endfacet
  facet normal 0 0 -1
    outer loop
      vertex 0 0 20
      vertex 4.80284 48.7641 20
      vertex 7.18979 48.4696 20
    endloop
  endfacet
  facet normal 0 0 1
    outer loop
      vertex 0 0 60
      vertex 7.18979 48.4696 60
      vertex 4.80284 48.7641 60
    endloop
  endfacet
  facet normal 0.122411 0.99248 0
    outer loop
      vertex 7.18979 48.4696 20
      vertex 4.80284 48.7641 20
      vertex 4.80284 48.7641 60
    endloop
  endfacet
  facet normal 0.122411 0.99248 0
    outer loop
      vertex 7.18979 48.4696 20
      vertex 4.80284 48.7641 60
      vertex 7.18979 48.4696 60
    endloop
  endfacet
  facet normal 0 0 -1
    outer loop
      vertex 0 0 20
      vertex 2.40432 48.941 20
      vertex 4.80284 48.7641 20
    endloop
  endfacet
  facet normal 0 0 1
    outer loop
      vertex 0 0 60
      vertex 4.80284 48.7641 60
      vertex 2.40432 48.941 60
    endloop
  endfacet
  facet normal 0.0735646 0.99729 0
    outer loop
      vertex 4.80284 48.7641 20
      vertex 2.40432 48.941 20
      vertex 2.40432 48.941 60
    endloop
  endfacet
  facet normal 0.0735646 0.99729 0
    outer loop
      vertex 4.80284 48.7641 20
      vertex 2.40432 48.941 60
      vertex 4.80284 48.7641 60
    endloop
  endfacet
  facet normal 0 0 -1
    outer loop
      vertex 0 0 20
      vertex 3.00038e-15 49 20
      vertex 2.40432 48.941 20
    endloop
  endfacet
  facet normal 0 0 1
    outer loop
      vertex 0 0 60
      vertex 2.40432 48.941 60
      vertex 3.00038e-15 49 60
    endloop
  endfacet
  facet normal 0.0245412 0.999699 0
    outer loop
      vertex 2.40432 48.941 20
      vertex 3.00038e-15 49 20
      vertex 3.00038e-15 49 60
    endloop
  endfacet
  facet normal 0.0245412 0.999699 0
    outer loop
      vertex 2.40432 48.941 20
      vertex 3.00038e-15 49 60
      vertex 2.40432 48.941 60
    endloop
  endfacet
  facet normal 0 0 -1
    outer loop
      vertex 0 0 20
      vertex -2.40432 48.941 20
      vertex 3.00038e-15 49 20
    endloop
  endfacet
  facet normal 0 0 1
    outer loop
      vertex 0 0 60
      vertex 3.00038e-15 49 60
      vertex -2.40432 48.941 60
    endloop
  endfacet
  facet normal -0.0245412 0.999699 0
    outer loop
      vertex 3.00038e-15 49 20
      vertex -2.40432 48.941 20
      vertex -2.40432 48.941 60
    endloop
  endfacet
  facet normal -0.0245412 0.999699 0
    outer loop
      vertex 3.00038e-15 49 20
      vertex -2.40432 48.941 60
      vertex 3.00038e-15 49 60
    endloop
  endfacet
  facet normal 0 0 -1
    outer loop
      vertex 0 0 20
      vertex -4.80284 48.7641 20
      vertex -2.40432 48.941 20
    endloop
  endfacet
  facet normal 0 0 1
    outer loop
      vertex 0 0 60
      vertex -2.40432 48.941 60
      vertex -4.80284 48.7641 60
    endloop
  endfacet
  facet normal -0.0735646 0.99729 0
    outer loop
      vertex -2.40432 48.941 20
      vertex -4.80284 48.7641 20
      vertex -4.80284 48.7641 60
    endloop
  endfacet
  facet normal -0.0735646 0.99729 0
    outer loop
      vertex -2.40432 48.941 20
      vertex -4.80284 48.7641 60
      vertex -2.40432 48.941 60
    endloop
  endfacet
  facet normal 0 0 -1
    outer loop
      vertex 0 0 20
      vertex -7.18979 48.4696 20
      vertex -4.80284 48.7641 20
    endloop
  endfacet
  facet normal 0 0 1
    outer loop
      vertex 0 0 60
      vertex -4.80284 48.7641 60
      vertex -7.18979 48.4696 60
    endloop
  endfacet
  facet normal -0.122411 0.99248 0
    outer loop
      vertex -4.80284 48.7641 20
      vertex -7.18979 48.4696 20
      vertex -7.18979 48.4696 60
    endloop
  endfacet
  facet normal -0.122411 0.99248 0
    outer loop
      vertex -4.80284 48.7641 20
      vertex -7.18979 48.4696 60
      vertex -4.80284 48.7641 60
    endloop
  endfacet
  facet normal 0 0 -1
    outer loop
      vertex 0 0 20
      vertex -9.55943 48.0585 20
      vertex -7.18979 48.4696 20
    endloop
  endfacet
  facet normal 0 0 1
    outer loop
      vertex 0 0 60
      vertex -7.18979 48.4696 60
      vertex -9.55943 48.0585 60
    endloop
  endfacet
  facet normal -0.170962 0.985278 0
    outer loop
      vertex -7.18979 48.4696 20
      vertex -9.55943 48.0585 20
      vertex -9.55943 48.0585 60
    endloop
  endfacet
  facet normal -0.170962 0.985278 0
    outer loop
      vertex -7.18979 48.4696 20
      vertex -9.55943 48.0585 60
      vertex -7.18979 48.4696 60
    endloop
  endfacet
  facet normal 0 0 -1
    outer loop
      vertex 0 0 20
      vertex -11.906 47.5315 20
      vertex -9.55943 48.0585 20
    endloop
  endfacet
  facet normal 0 0 1
    outer loop
      vertex 0 0 60
      vertex -9.55943 48.0585 60
      vertex -11.906 47.5315 60
    endloop
  endfacet
  facet normal -0.219101 0.975702 0
    outer loop
      vertex -9.55943 48.0585 20
      vertex -11.906 47.5315 20
      vertex -11.906 47.5315 60
    endloop
  endfacet
  facet normal -0.219101 0.975702 0
    outer loop
      vertex -9.55943 48.0585 20
      vertex -11.906 47.5315 60
      vertex -9.55943 48.0585 60
    endloop
  endfacet
  facet normal 0 0 -1
    outer loop
      vertex 0 0 20
      vertex -14.2239 46.8901 20
      vertex -11.906 47.5315 20
    endloop
  endfacet
  facet normal 0 0 1
    outer loop
      vertex 0 0 60
      vertex -11.906 47.5315 60
      vertex -14.2239 46.8901 60
    endloop
  endfacet
  facet normal -0.266713 0.963776 0
    outer loop
      vertex -11.906 47.5315 20
      vertex -14.2239 46.8901 20
      vertex -14.2239 46.8901 60
    endloop
  endfacet
  facet normal -0.266713 0.963776 0
    outer loop
      vertex -11.906 47.5315 20
      vertex -14.2239 46.8901 60
      vertex -11.906 47.5315 60
    endloop
  endfacet
  facet normal 0 0 -1
    outer loop
      vertex 0 0 20
      vertex -16.5076 46.1357 20
      vertex -14.2239 46.8901 20
    endloop
  endfacet
  facet normal 0 0 1
    outer loop
      vertex 0 0 60
      vertex -14.2239 46.8901 60
      vertex -16.5076 46.1357 60
    endloop
  endfacet
  facet normal -0.313682 0.949528 0
    outer loop
      vertex -14.2239 46.8901 20
      vertex -16.5076 46.1357 20
      vertex -16.5076 46.1357 60
    endloop
  endfacet
  facet normal -0.313682 0.949528 0
    outer loop
      vertex -14.2239 46.8901 20
      vertex -16.5076 46.1357 60
      vertex -14.2239 46.8901 60
    endloop
  endfacet
  facet normal 0 0 -1
    outer loop
      vertex 0 0 20
      vertex -18.7515 45.2701 20
      vertex -16.5076 46.1357 20
    endloop
  endfacet
  facet normal 0 0 1
    outer loop
      vertex 0 0 60
      vertex -16.5076 46.1357 60
      vertex -18.7515 45.2701 60
    endloop
  endfacet
  facet normal -0.359895 0.932993 0
    outer loop
      vertex -16.5076 46.1357 20
      vertex -18.7515 45.2701 20
      vertex -18.7515 45.2701 60
    endloop
  endfacet
  facet normal -0.359895 0.932993 0
    outer loop
      vertex -16.5076 46.1357 20
      vertex -18.7515 45.2701 60
      vertex -16.5076 46.1357 60
    endloop
  endfacet
  facet normal 0 0 -1
    outer loop
      vertex 0 0 20
      vertex -20.9502 44.2955 20
      vertex -18.7515 45.2701 20
    endloop
  endfacet
  facet normal 0 0 1
    outer loop
      vertex 0 0 60
      vertex -18.7515 45.2701 60
      vertex -20.9502 44.2955 60
    endloop
  endfacet
  facet normal -0.405241 0.91421 0
    outer loop
      vertex -18.7515 45.2701 20
      vertex -20.9502 44.2955 20
      vertex -20.9502 44.2955 60
    endloop
  endfacet
  facet normal -0.405241 0.91421 0
    outer loop
      vertex -18.7515 45.2701 20
      vertex -20.9502 44.2955 60
      vertex -18.7515 45.2701 60
    endloop
  endfacet
  facet normal 0 0 -1
    outer loop
      vertex 0 0 20
      vertex -23.0984 43.2141 20
      vertex -20.9502 44.2955 20
    endloop
  endfacet
  facet normal 0 0 1
    outer loop
      vertex 0 0 60
      vertex -20.9502 44.2955 60
      vertex -23.0984 43.2141 60
    endloop
  endfacet
  facet normal -0.449611 0.893224 0
    outer loop
      vertex -20.9502 44.2955 20
      vertex -23.0984 43.2141 20
      vertex -23.0984 43.2141 60
    endloop
  endfacet
  facet normal -0.449611 0.893224 0
    outer loop
      vertex -20.9502 44.2955 20
      vertex -23.0984 43.2141 60
      vertex -20.9502 44.2955 60
    endloop
  endfacet
  facet normal 0 0 -1
    outer loop
      vertex 0 0 20
      vertex -25.191 42.0287 20
      vertex -23.0984 43.2141 20
    endloop
  endfacet
  facet normal 0 0 1
    outer loop
      vertex 0 0 60
      vertex -23.0984 43.2141 60
      vertex -25.191 42.0287 60
    endloop
  endfacet
  facet normal -0.492898 0.870087 0
    outer loop
      vertex -23.0984 43.2141 20
      vertex -25.191 42.0287 20
      vertex -25.191 42.0287 60
    endloop
  endfacet
  facet normal -0.492898 0.870087 0
    outer loop
      vertex -23.0984 43.2141 20
      vertex -25.191 42.0287 60
      vertex -23.0984 43.2141 60
    endloop
  endfacet
  facet normal 0 0 -1
    outer loop
      vertex 0 0 20
      vertex -27.2229 40.742 20
      vertex -25.191 42.0287 20
    endloop
  endfacet
  facet normal 0 0 1
    outer loop
      vertex 0 0 60
      vertex -25.191 42.0287 60
      vertex -27.2229 40.742 60
    endloop
  endfacet
  facet normal -0.534998 0.844854 0
    outer loop
      vertex -25.191 42.0287 20
      vertex -27.2229 40.742 20
      vertex -27.2229 40.742 60
    endloop
  endfacet
  facet normal -0.534998 0.844854 0
    outer loop
      vertex -25.191 42.0287 20
      vertex -27.2229 40.742 60
      vertex -25.191 42.0287 60
    endloop
  endfacet
  facet normal 0 0 -1
    outer loop
      vertex 0 0 20
      vertex -29.1893 39.3572 20
      vertex -27.2229 40.742 20
    endloop
  endfacet
  facet normal 0 0 1
    outer loop
      vertex 0 0 60
      vertex -27.2229 40.742 60
      vertex -29.1893 39.3572 60
    endloop
  endfacet
  facet normal -0.575808 0.817585 0
    outer loop
      vertex -27.2229 40.742 20
      vertex -29.1893 39.3572 20
      vertex -29.1893 39.3572 60
    endloop
  endfacet
  facet normal -0.575808 0.817585 0
    outer loop
      vertex -27.2229 40.742 20
      vertex -29.1893 39.3572 60
      vertex -27.2229 40.742 60
    endloop
  endfacet
  facet normal 0 0 -1
    outer loop
      vertex 0 0 20
      vertex -31.0853 37.8775 20
      vertex -29.1893 39.3572 20
    endloop
  endfacet
  facet normal 0 0 1
    outer loop
      vertex 0 0 60
      vertex -29.1893 39.3572 60
      vertex -31.0853 37.8775 60
    endloop
  endfacet
  facet normal -0.615232 0.788346 0
    outer loop
      vertex -29.1893 39.3572 20
      vertex -31.0853 37.8775 20
      vertex -31.0853 37.8775 60
    endloop
  endfacet
  facet normal -0.615232 0.788346 0
    outer loop
      vertex -29.1893 39.3572 20
      vertex -31.0853 37.8775 60
      vertex -29.1893 39.3572 60
    endloop
  endfacet
  facet normal 0 0 -1
    outer loop
      vertex 0 0 20
      vertex -32.9064 36.3066 20
      vertex -31.0853 37.8775 20
    endloop
  endfacet
  facet normal 0 0 1
    outer loop
      vertex 0 0 60
      vertex -31.0853 37.8775 60
      vertex -32.9064 36.3066 60
    endloop
  endfacet
  facet normal -0.653173 0.757209 0
    outer loop
      vertex -31.0853 37.8775 20
      vertex -32.9064 36.3066 20
      vertex -32.9064 36.3066 60
    endloop
  endfacet
  facet normal -0.653173 0.757209 0
    outer loop
      vertex -31.0853 37.8775 20
      vertex -32.9064 36.3066 60
      vertex -31.0853 37.8775 60
    endloop
  endfacet
  facet normal 0 0 -1
    outer loop
      vertex 0 0 20
      vertex -34.6482 34.6482 20
      vertex -32.9064 36.3066 20
    endloop
  endfacet
  facet normal 0 0 1
    outer loop
      vertex 0 0 60
      vertex -32.9064 36.3066 60
      vertex -34.6482 34.6482 60
    endloop
  endfacet
  facet normal -0.689541 0.724247 0
    outer loop
      vertex -32.9064 36.3066 20
      vertex -34.6482 34.6482 20
      vertex -34.6482 34.6482 60
    endloop
  endfacet
  facet normal -0.689541 0.724247 0
    outer loop
      vertex -32.9064 36.3066 20
      vertex -34.6482 34.6482 60
      vertex -32.9064 36.3066 60
    endloop
  endfacet
  facet normal 0 0 -1
    outer loop
      vertex 0 0 20
      vertex -36.3066 32.9064 20
      vertex -34.6482 34.6482 20
    endloop
  endfacet
  facet normal 0 0 1
    outer loop
      vertex 0 0 60
      vertex -34.6482 34.6482 60
      vertex -36.3066 32.9064 60
    endloop
  endfacet
  facet normal -0.724247 0.689541 0
    outer loop
      vertex -34.6482 34.6482 20
      vertex -36.3066 32.9064 20
      vertex -36.3066 32.9064 60
    endloop
  endfacet
  facet normal -0.724247 0.689541 0
    outer loop
      vertex -34.6482 34.6482 20
      vertex -36.3066 32.9064 60
      vertex -34.6482 34.6482 60
    endloop
  endfacet
  facet normal 0 0 -1
    outer loop
      vertex 0 0 20
      vertex -37.8775 31.0853 20
      vertex -36.3066 32.9064 20
    endloop
  endfacet
  facet normal 0 0 1
    outer loop
      vertex 0 0 60
      vertex -36.3066 32.9064 60
      vertex -37.8775 31.0853 60
    endloop
  endfacet
  facet normal -0.757209 0.653173 0
    outer loop
      vertex -36.3066 32.9064 20
      vertex -37.8775 31.0853 20
      vertex -37.8775 31.0853 60
    endloop
  endfacet
  facet normal -0.757209 0.653173 0
    outer loop
      vertex -36.3066 32.9064 20
      vertex -37.8775 31.0853 60
      vertex -36.3066 32.9064 60
    endloop
  endfacet
  facet normal 0 0 -1
    outer loop
      vertex 0 0 20
      vertex -39.3572 29.1893 20
      vertex -37.8775 31.0853 20
    endloop
  endfacet
  facet normal 0 0 1
    outer loop
      vertex 0 0 60
      vertex -37.8775 31.0853 60
      vertex -39.3572 29.1893 60
    endloop
  endfacet
  facet normal -0.788346 0.615232 0
    outer loop
      vertex -37.8775 31.0853 20
      vertex -39.3572 29.1893 20
      vertex -39.3572 29.1893 60
    endloop
  endfacet
  facet normal -0.788346 0.615232 0
    outer loop
      vertex -37.8775 31.0853 20
      vertex -39.3572 29.1893 60
      vertex -37.8775 31.0853 60
    endloop
  endfacet
  facet normal 0 0 -1
    outer loop
      vertex 0 0 20
      vertex -40.742 27.2229 20
      vertex -39.3572 29.1893 20
    endloop
  endfacet
  facet normal 0 0 1
    outer loop
      vertex 0 0 60
      vertex -39.3572 29.1893 60
      vertex -40.742 27.2229 60
    endloop
  endfacet
  facet normal -0.817585 0.575808 0
    outer loop
      vertex -39.3572 29.1893 20
      vertex -40.742 27.2229 20
      vertex -40.742 27.2229 60
    endloop
  endfacet
  facet normal -0.817585 0.575808 0
    outer loop
      vertex -39.3572 29.1893 20
      vertex -40.742 27.2229 60
      vertex -39.3572 29.1893 60
    endloop
  endfacet
  facet normal 0 0 -1
    outer loop
      vertex 0 0 20
      vertex -42.0287 25.191 20
      vertex -40.742 27.2229 20
    endloop
  endfacet
  facet normal 0 0 1
    outer loop
      vertex 0 0 60
      vertex -40.742 27.2229 60
      vertex -42.0287 25.191 60
    endloop
  endfacet
  facet normal -0.844854 0.534998 0
    outer loop
      vertex -40.742 27.2229 20
      vertex -42.0287 25.191 20
      vertex -42.0287 25.191 60
    endloop
  endfacet
  facet normal -0.844854 0.534998 0
    outer loop
      vertex -40.742 27.2229 20
      vertex -42.0287 25.191 60
      vertex -40.742 27.2229 60
    endloop
  endfacet
  facet normal 0 0 -1
    outer loop
      vertex 0 0 20
      vertex -43.2141 23.0984 20
      vertex -42.0287 25.191 20
    endloop
  endfacet
  facet normal 0 0 1
    outer loop
      vertex 0 0 60
      vertex -42.0287 25.191 60
      vertex -43.2141 23.0984 60
    endloop
  endfacet
  facet normal -0.870087 0.492898 0
    outer loop
      vertex -42.0287 25.191 20
      vertex -43.2141 23.0984 20
      vertex -43.2141 23.0984 60
    endloop
  endfacet
  facet normal -0.870087 0.492898 0
    outer loop
      vertex -42.0287 25.191 20
      vertex -43.2141 23.0984 60
      vertex -42.0287 25.191 60
    endloop
  endfacet
  facet normal 0 0 -1
    outer loop
      vertex 0 0 20
      vertex -44.2955 20.9502 20
      vertex -43.2141 23.0984 20
    endloop
  endfacet
  facet normal 0 0 1
    outer loop
      vertex 0 0 60
      vertex -43.2141 23.0984 60
      vertex -44.2955 20.9502 60
    endloop
  endfacet
  facet normal -0.893224 0.449611 0
    outer loop
      vertex -43.2141 23.0984 20
      vertex -44.2955 20.9502 20
      vertex -44.2955 20.9502 60
    endloop
  endfacet
  facet normal -0.893224 0.449611 0
    outer loop
      vertex -43.2141 23.0984 20
      vertex -44.2955 20.9502 60
      vertex -43.2141 23.0984 60
    endloop
  endfacet
  facet normal 0 0 -1
    outer loop
      vertex 0 0 20
      vertex -45.2701 18.7515 20
      vertex -44.2955 20.9502 20
    endloop
  endfacet
  facet normal 0 0 1
    outer loop
      vertex 0 0 60
      vertex -44.2955 20.9502 60
      vertex -45.2701 18.7515 60
    endloop
  endfacet
  facet normal -0.91421 0.405241 0
    outer loop
      vertex -44.2955 20.9502 20
      vertex -45.2701 18.7515 20
      vertex -45.2701 18.7515 60
    endloop
  endfacet
  facet normal -0.91421 0.405241 0
    outer loop
      vertex -44.2955 20.9502 20
      vertex -45.2701 18.7515 60
      vertex -44.2955 20.9502 60
    endloop
  endfacet
  facet normal 0 0 -1
    outer loop
      vertex 0 0 20
      vertex -46.1357 16.5076 20
      vertex -45.2701 18.7515 20
    endloop
  endfacet
  facet normal 0 0 1
    outer loop
      vertex 0 0 60
      vertex -45.2701 18.7515 60
      vertex -46.1357 16.5076 60
    endloop
  endfacet
  facet normal -0.932993 0.359895 0
    outer loop
      vertex -45.2701 18.7515 20
      vertex -46.1357 16.5076 20
      vertex -46.1357 16.5076 60
    endloop
  endfacet
  facet normal -0.932993 0.359895 0
    outer loop
      vertex -45.2701 18.7515 20
      vertex -46.1357 16.5076 60
      vertex -45.2701 18.7515 60
    endloop
  endfacet
  facet normal 0 0 -1
    outer loop
      vertex 0 0 20
      vertex -46.8901 14.2239 20
      vertex -46.1357 16.5076 20
    endloop
  endfacet
  facet normal 0 0 1
    outer loop
      vertex 0 0 60
      vertex -46.1357 16.5076 60
      vertex -46.8901 14.2239 60
    endloop
  endfacet
  facet normal -0.949528 0.313682 0
    outer loop
      vertex -46.1357 16.5076 20
      vertex -46.8901 14.2239 20
      vertex -46.8901 14.2239 60
    endloop
  endfacet
  facet normal -0.949528 0.313682 0
    outer loop
      vertex -46.1357 16.5076 20
      vertex -46.8901 14.2239 60
      vertex -46.1357 16.5076 60
    endloop
  endfacet
  facet normal 0 0 -1
    outer loop
      vertex 0 0 20
      vertex -47.5315 11.906 20
      vertex -46.8901 14.2239 20
    endloop
  endfacet
  facet normal 0 0 1
    outer loop
      vertex 0 0 60
      vertex -46.8901 14.2239 60
      vertex -47.5315 11.906 60
    endloop
  endfacet
  facet normal -0.963776 0.266713 0
    outer loop
      vertex -46.8901 14.2239 20
      vertex -47.5315 11.906 20
      vertex -47.5315 11.906 60
    endloop
  endfacet
  facet normal -0.963776 0.266713 0
    outer loop
      vertex -46.8901 14.2239 20
      vertex -47.5315 11.906 60
      vertex -46.8901 14.2239 60
    endloop
  endfacet
  facet normal 0 0 -1
    outer loop
      vertex 0 0 20
      vertex -48.0585 9.55943 20
      vertex -47.5315 11.906 20
    endloop
  endfacet
  facet normal 0 0 1
    outer loop
      vertex 0 0 60
      vertex -47.5315 11.906 60
      vertex -48.0585 9.55943 60
    endloop
  endfacet
  facet normal -0.975702 0.219101 0
    outer loop
      vertex -47.5315 11.906 20
      vertex -48.0585 9.55943 20
      vertex -48.0585 9.55943 60
    endloop
  endfacet
  facet normal -0.975702 0.219101 0
    outer loop
      vertex -47.5315 11.906 20
      vertex -48.0585 9.55943 60
      vertex -47.5315 11.906 60
    endloop
  endfacet
  facet normal 0 0 -1
    outer loop
      vertex 0 0 20
      vertex -48.4696 7.18979 20
      vertex -48.0585 9.55943 20
    endloop
  endfacet
  facet normal 0 0 1
    outer loop
      vertex 0 0 60
      vertex -48.0585 9.55943 60
      vertex -48.4696 7.18979 60
    endloop
  endfacet
  facet normal -0.985278 0.170962 0
    outer loop
      vertex -48.0585 9.55943 20
      vertex -48.4696 7.18979 20
      vertex -48.4696 7.18979 60
    endloop
  endfacet
  facet normal -0.985278 0.170962 0
    outer loop
      vertex -48.0585 9.55943 20
      vertex -48.4696 7.18979 60
      vertex -48.0585 9.55943 60
    endloop
  endfacet
  facet normal 0 0 -1
    outer loop
      vertex 0 0 20
      vertex -48.7641 4.80284 20
      vertex -48.4696 7.18979 20
    endloop
  endfacet
  facet normal 0 0 1
    outer loop
      vertex 0 0 60
      vertex -48.4696 7.18979 60
      vertex -48.7641 4.80284 60
    endloop
  endfacet
  facet normal -0.99248 0.122411 0
    outer loop
      vertex -48.4696 7.18979 20
      vertex -48.7641 4.80284 20
      vertex -48.7641 4.80284 60
    endloop
  endfacet
  facet normal -0.99248 0.122411 0
    outer loop
      vertex -48.4696 7.18979 20
      vertex -48.7641 4.80284 60
      vertex -48.4696 7.18979 60
    endloop
  endfacet
  facet normal 0 0 -1
    outer loop
      vertex 0 0 20
      vertex -48.941 2.40432 20
      vertex -48.7641 4.80284 20
    endloop
  endfacet
  facet normal 0 0 1
    outer loop
      vertex 0 0 60
      vertex -48.7641 4.80284 60
      vertex -48.941 2.40432 60
    endloop
  endfacet
  facet normal -0.99729 0.0735646 0
    outer loop
      vertex -48.7641 4.80284 20
      vertex -48.941 2.40432 20
      vertex -48.941 2.40432 60
    endloop
  endfacet
  facet normal -0.99729 0.0735646 0
    outer loop
      vertex -48.7641 4.80284 20
      vertex -48.941 2.40432 60
      vertex -48.7641 4.80284 60
    endloop
  endfacet
  facet normal 0 0 -1
    outer loop
      vertex 0 0 20
      vertex -49 6.00077e-15 20
      vertex -48.941 2.40432 20
    endloop
  endfacet
  facet normal 0 0 1
    outer loop
      vertex 0 0 60
      vertex -48.941 2.40432 60
      vertex -49 6.00077e-15 60
    endloop
  endfacet
  facet normal -0.999699 0.0245412 0
    outer loop
      vertex -48.941 2.40432 20
      vertex -49 6.00077e-15 20
      vertex -49 6.00077e-15 60
    endloop
  endfacet
  facet normal -0.999699 0.0245412 0
    outer loop
      vertex -48.941 2.40432 20
      vertex -49 6.00077e-15 60
      vertex -48.941 2.40432 60
    endloop
  endfacet
  facet normal 0 0 -1
    outer loop
      vertex 0 0 20
      vertex -48.941 -2.40432 20
      vertex -49 6.00077e-15 20
    endloop
  endfacet
  facet normal 0 0 1
    outer loop
      vertex 0 0 60
      vertex -49 6.00077e-15 60
      vertex -48.941 -2.40432 60
    endloop
  endfacet
  facet normal -0.999699 -0.0245412 0
    outer loop
      vertex -49 6.00077e-15 20
      vertex -48.941 -2.40432 20
      vertex -48.941 -2.40432 60
    endloop
  endfacet
  facet normal -0.999699 -0.0245412 0
    outer loop
      vertex -49 6.00077e-15 20
      vertex -48.941 -2.40432 60
      vertex -49 6.00077e-15 60
    endloop
  endfacet
  facet normal 0 0 -1
    outer loop
      vertex 0 0 20
      vertex -48.7641 -4.80284 20
      vertex -48.941 -2.40432 20
    endloop
  endfacet
  facet normal 0 0 1
    outer loop
      vertex 0 0 60
      vertex -48.941 -2.40432 60
      vertex -48.7641 -4.80284 60
    endloop
  endfacet
  facet normal -0.99729 -0.0735646 0
    outer loop
      vertex -48.941 -2.40432 20
      vertex -48.7641 -4.80284 20
      vertex -48.7641 -4.80284 60
    endloop
  endfacet
  facet normal -0.99729 -0.0735646 0
    outer loop
      vertex -48.941 -2.40432 20
      vertex -48.7641 -4.80284 60
      vertex -48.941 -2.40432 60
    endloop
  endfacet
  facet normal 0 0 -1
    outer loop
      vertex 0 0 20
      vertex -48.4696 -7.18979 20
      vertex -48.7641 -4.80284 20
    endloop
  endfacet
  facet normal 0 0 1
    outer loop
      vertex 0 0 60
      vertex -48.7641 -4.80284 60
      vertex -48.4696 -7.18979 60
    endloop
  endfacet
  facet normal -0.99248 -0.122411 0
    outer loop
      vertex -48.7641 -4.80284 20
      vertex -48.4696 -7.18979 20
      vertex -48.4696 -7.18979 60
    endloop
  endfacet
  facet normal -0.99248 -0.122411 0
    outer loop
      vertex -48.7641 -4.80284 20
      vertex -48.4696 -7.18979 60
      vertex -48.7641 -4.80284 60
    endloop
  endfacet
  facet normal 0 0 -1
    outer loop
      vertex 0 0 20
      vertex -48.0585 -9.55943 20
      vertex -48.4696 -7.18979 20
    endloop
  endfacet
  facet normal 0 0 1
    outer loop
      vertex 0 0 60
      vertex -48.4696 -7.18979 60
      vertex -48.0585 -9.55943 60
    endloop
  endfacet
  facet normal -0.985278 -0.170962 0
    outer loop
      vertex -48.4696 -7.18979 20
      vertex -48.0585 -9.55943 20
      vertex -48.0585 -9.55943 60
    endloop
  endfacet
  facet normal -0.985278 -0.170962 0
    outer loop
      vertex -48.4696 -7.18979 20
      vertex -48.0585 -9.55943 60
      vertex -48.4696 -7.18979 60
    endloop
  endfacet
  facet normal 0 0 -1
    outer loop
      vertex 0 0 20
      vertex -47.5315 -11.906 20
      vertex -48.0585 -9.55943 20
    endloop
  endfacet
  facet normal 0 0 1
    outer loop
      vertex 0 0 60
      vertex -48.0585 -9.55943 60
      vertex -47.5315 -11.906 60
    endloop
  endfacet
  facet normal -0.975702 -0.219101 0
    outer loop
      vertex -48.0585 -9.55943 20
      vertex -47.5315 -11.906 20
      vertex -47.5315 -11.906 60
    endloop
  endfacet
  facet normal -0.975702 -0.219101 0
    outer loop
      vertex -48.0585 -9.55943 20
      vertex -47.5315 -11.906 60
      vertex -48.0585 -9.55943 60
    endloop
  endfacet
  facet normal 0 0 -1
    outer loop
      vertex 0 0 20
      vertex -46.8901 -14.2239 20
      vertex -47.5315 -11.906 20
    endloop
  endfacet
  facet normal 0 0 1
    outer loop
      vertex 0 0 60
      vertex -47.5315 -11.906 60
      vertex -46.8901 -14.2239 60
    endloop
  endfacet
  facet normal -0.963776 -0.266713 0
    outer loop
      vertex -47.5315 -11.906 20
      vertex -46.8901 -14.2239 20
      vertex -46.8901 -14.2239 60
    endloop
  endfacet
  facet normal -0.963776 -0.266713 0
    outer loop
      vertex -47.5315 -11.906 20
      vertex -46.8901 -14.2239 60
      vertex -47.5315 -11.906 60
    endloop
  endfacet
  facet normal 0 0 -1
    outer loop
      vertex 0 0 20
      vertex -46.1357 -16.5076 20
      vertex -46.8901 -14.2239 20
    endloop
  endfacet
  facet normal 0 0 1
    outer loop
      vertex 0 0 60
      vertex -46.8901 -14.2239 60
      vertex -46.1357 -16.5076 60
    endloop
  endfacet
  facet normal -0.949528 -0.313682 0
    outer loop
      vertex -46.8901 -14.2239 20
      vertex -46.1357 -16.5076 20
      vertex -46.1357 -16.5076 60
    endloop
  endfacet
  facet normal -0.949528 -0.313682 0
    outer loop
      vertex -46.8901 -14.2239 20
      vertex -46.1357 -16.5076 60
      vertex -46.8901 -14.2239 60
    endloop
  endfacet
  facet normal 0 0 -1
    outer loop
      vertex 0 0 20
      vertex -45.2701 -18.7515 20
      vertex -46.1357 -16.5076 20
    endloop
  endfacet
  facet normal 0 0 1
    outer loop
      vertex 0 0 60
      vertex -46.1357 -16.5076 60
      vertex -45.2701 -18.7515 60
    endloop
  endfacet
  facet normal -0.932993 -0.359895 0
    outer loop
      vertex -46.1357 -16.5076 20
      vertex -45.2701 -18.7515 20
      vertex -45.2701 -18.7515 60
    endloop
  endfacet
  facet normal -0.932993 -0.359895 0
    outer loop
      vertex -46.1357 -16.5076 20
      vertex -45.2701 -18.7515 60
      vertex -46.1357 -16.5076 60
    endloop
  endfacet
  facet normal 0 0 -1
    outer loop
      vertex 0 0 20
      vertex -44.2955 -20.9502 20
      vertex -45.2701 -18.7515 20
    endloop
  endfacet
  facet normal 0 0 1
    outer loop
      vertex 0 0 60
      vertex -45.2701 -18.7515 60
      vertex -44.2955 -20.9502 60
    endloop
  endfacet
  facet normal -0.91421 -0.405241 0
    outer loop
      vertex -45.2701 -18.7515 20
      vertex -44.2955 -20.9502 20
      vertex -44.2955 -20.9502 60
    endloop
  endfacet
  facet normal -0.91421 -0.405241 0
    outer loop
      vertex -45.2701 -18.7515 20
      vertex -44.2955 -20.9502 60
      vertex -45.2701 -18.7515 60
    endloop
  endfacet
  facet normal 0 0 -1
    outer loop
      vertex 0 0 20
      vertex -43.2141 -23.0984 20
      vertex -44.2955 -20.9502 20
    endloop
  endfacet
  facet normal 0 0 1
    outer loop
      vertex 0 0 60
      vertex -44.2955 -20.9502 60
      vertex -43.2141 -23.0984 60
    endloop
  endfacet
  facet normal -0.893224 -0.449611 0
    outer loop
      vertex -44.2955 -20.9502 20
      vertex -43.2141 -23.0984 20
      vertex -43.2141 -23.0984 60
    endloop
  endfacet
  facet normal -0.893224 -0.449611 0
    outer loop
      vertex -44.2955 -20.9502 20
      vertex -43.2141 -23.0984 60
      vertex -44.2955 -20.9502 60
    endloop
  endfacet
  facet normal 0 0 -1
    outer loop
      vertex 0 0 20
      vertex -42.0287 -25.191 20
      vertex -43.2141 -23.0984 20
    endloop
  endfacet
  facet normal 0 0 1
    outer loop
      vertex 0 0 60
      vertex -43.2141 -23.0984 60
      vertex -42.0287 -25.191 60
    endloop
  endfacet
  facet normal -0.870087 -0.492898 0
    outer loop
      vertex -43.2141 -23.0984 20
      vertex -42.0287 -25.191 20
      vertex -42.0287 -25.191 60
    endloop
  endfacet
  facet normal -0.870087 -0.492898 0
    outer loop
      vertex -43.2141 -23.0984 20
      vertex -42.0287 -25.191 60
      vertex -43.2141 -23.0984 60
    endloop
  endfacet
  facet normal 0 0 -1
    outer loop
      vertex 0 0 20
      vertex -40.742 -27.2229 20
      vertex -42.0287 -25.191 20
    endloop
  endfacet
  facet normal 0 0 1
    outer loop
      vertex 0 0 60
      vertex -42.0287 -25.191 60
      vertex -40.742 -27.2229 60
    endloop
  endfacet
  facet normal -0.844854 -0.534998 0
    outer loop
      vertex -42.0287 -25.191 20
      vertex -40.742 -27.2229 20
      vertex -40.742 -27.2229 60
    endloop
  endfacet
  facet normal -0.844854 -0.534998 0
    outer loop
      vertex -42.0287 -25.191 20
      vertex -40.742 -27.2229 60
      vertex -42.0287 -25.191 60
    endloop
  endfacet
  facet normal 0 0 -1
    outer loop
      vertex 0 0 20
      vertex -39.3572 -29.1893 20
      vertex -40.742 -27.2229 20
    endloop
  endfacet
  facet normal 0 0 1
    outer loop
      vertex 0 0 60
      vertex -40.742 -27.2229 60
      vertex -39.3572 -29.1893 60
    endloop
  endfacet
  facet normal -0.817585 -0.575808 0
    outer loop
      vertex -40.742 -27.2229 20
      vertex -39.3572 -29.1893 20
      vertex -39.3572 -29.1893 60
    endloop
  endfacet
  facet normal -0.817585 -0.575808 0
    outer loop
      vertex -40.742 -27.2229 20
      vertex -39.3572 -29.1893 60
      vertex -40.742 -27.2229 60
    endloop
  endfacet
  facet normal 0 0 -1
    outer loop
      vertex 0 0 20
      vertex -37.8775 -31.0853 20
      vertex -39.3572 -29.1893 20
    endloop
  endfacet
  facet normal 0 0 1
    outer loop
      vertex 0 0 60
      vertex -39.3572 -29.1893 60
      vertex -37.8775 -31.0853 60
    endloop
  endfacet
  facet normal -0.788346 -0.615232 0
    outer loop
      vertex -39.3572 -29.1893 20
      vertex -37.8775 -31.0853 20
      vertex -37.8775 -31.0853 60
    endloop
  endfacet
  facet normal -0.788346 -0.615232 0
    outer loop
      vertex -39.3572 -29.1893 20
      vertex -37.8775 -31.0853 60
      vertex -39.3572 -29.1893 60
    endloop
  endfacet
  facet normal 0 0 -1
    outer loop
      vertex 0 0 20
      vertex -36.3066 -32.9064 20
      vertex -37.8775 -31.0853 20
    endloop
  endfacet
  facet normal 0 0 1
    outer loop
      vertex 0 0 60
      vertex -37.8775 -31.0853 60
      vertex -36.3066 -32.9064 60
    endloop
  endfacet
  facet normal -0.757209 -0.653173 0
    outer loop
      vertex -37.8775 -31.0853 20
      vertex -36.3066 -32.9064 20
      vertex -36.3066 -32.9064 60
    endloop
  endfacet
  facet normal -0.757209 -0.653173 0
    outer loop
      vertex -37.8775 -31.0853 20
      vertex -36.3066 -32.9064 60
      vertex -37.8775 -31.0853 60
    endloop
  endfacet
  facet normal 0 0 -1
    outer loop
      vertex 0 0 20
      vertex -34.6482 -34.6482 20
      vertex -36.3066 -32.9064 20
    endloop
  endfacet
  facet normal 0 0 1
    outer loop
      vertex 0 0 60
      vertex -36.3066 -32.9064 60
      vertex -34.6482 -34.6482 60
    endloop
  endfacet
  facet normal -0.724247 -0.689541 0
    outer loop
      vertex -36.3066 -32.9064 20
      vertex -34.6482 -34.6482 20
      vertex -34.6482 -34.6482 60
    endloop
  endfacet
  facet normal -0.724247 -0.689541 0
    outer loop
      vertex -36.3066 -32.9064 20
      vertex -34.6482 -34.6482 60
      vertex -36.3066 -32.9064 60
    endloop
  endfacet
  facet normal 0 0 -1
    outer loop
      vertex 0 0 20
      vertex -32.9064 -36.3066 20
      vertex -34.6482 -34.6482 20
    endloop
  endfacet
  facet normal 0 0 1
    outer loop
      vertex 0 0 60
      vertex -34.6482 -34.6482 60
      vertex -32.9064 -36.3066 60
    endloop
  endfacet
  facet normal -0.689541 -0.724247 0
    outer loop
      vertex -34.6482 -34.6482 20
      vertex -32.9064 -36.3066 20
      vertex -32.9064 -36.3066 60
    endloop
  endfacet
  facet normal -0.689541 -0.724247 0
    outer loop
      vertex -34.6482 -34.6482 20
      vertex -32.9064 -36.3066 60
      vertex -34.6482 -34.6482 60
    endloop
  endfacet
  facet normal 0 0 -1
    outer loop
      vertex 0 0 20
      vertex -31.0853 -37.8775 20
      vertex -32.9064 -36.3066 20
    endloop
  endfacet
  facet normal 0 0 1
    outer loop
      vertex 0 0 60
      vertex -32.9064 -36.3066 60
      vertex -31.0853 -37.8775 60
    endloop
  endfacet
  facet normal -0.653173 -0.757209 0
    outer loop
      vertex -32.9064 -36.3066 20
      vertex -31.0853 -37.8775 20
      vertex -31.0853 -37.8775 60
    endloop
  endfacet
  facet normal -0.653173 -0.757209 0
    outer loop
      vertex -32.9064 -36.3066 20
      vertex -31.0853 -37.8775 60
      vertex -32.9064 -36.3066 60
    endloop
  endfacet
  facet normal 0 0 -1
    outer loop
      vertex 0 0 20
      vertex -29.1893 -39.3572 20
      vertex -31.0853 -37.8775 20
    endloop
  endfacet
  facet normal 0 0 1
    outer loop
      vertex 0 0 60
      vertex -31.0853 -37.8775 60
      vertex -29.1893 -39.3572 60
    endloop
  endfacet
  facet normal -0.615232 -0.788346 0
    outer loop
      vertex -31.0853 -37.8775 20
      vertex -29.1893 -39.3572 20
      vertex -29.1893 -39.3572 60
    endloop
  endfacet
  facet normal -0.615232 -0.788346 0
    outer loop
      vertex -31.0853 -37.8775 20
      vertex -29.1893 -39.3572 60
      vertex -31.0853 -37.8775 60
    endloop
  endfacet
  facet normal 0 0 -1
    outer loop
      vertex 0 0 20
      vertex -27.2229 -40.742 20
      vertex -29.1893 -39.3572 20
    endloop
  endfacet
  facet normal 0 0 1
    outer loop
      vertex 0 0 60
      vertex -29.1893 -39.3572 60
      vertex -27.2229 -40.742 60
    endloop
  endfacet
  facet normal -0.575808 -0.817585 0
    outer loop
      vertex -29.1893 -39.3572 20
      vertex -27.2229 -40.742 20
      vertex -27.2229 -40.742 60
    endloop
  endfacet
  facet normal -0.575808 -0.817585 0
    outer loop
      vertex -29.1893 -39.3572 20
      vertex -27.2229 -40.742 60
      vertex -29.1893 -39.3572 60
    endloop
  endfacet
  facet normal 0 0 -1
    outer loop
      vertex 0 0 20
      vertex -25.191 -42.0287 20
      vertex -27.2229 -40.742 20
    endloop
  endfacet
  facet normal 0 0 1
    outer loop
      vertex 0 0 60
      vertex -27.2229 -40.742 60
      vertex -25.191 -42.0287 60
    endloop
  endfacet
  facet normal -0.534998 -0.844854 0
    outer loop
      vertex -27.2229 -40.742 20
      vertex -25.191 -42.0287 20
      vertex -25.191 -42.0287 60
    endloop
  endfacet
  facet normal -0.534998 -0.844854 0
    outer loop
      vertex -27.2229 -40.742 20
      vertex -25.191 -42.0287 60
      vertex -27.2229 -40.742 60
    endloop
  endfacet
  facet normal 0 0 -1
    outer loop
      vertex 0 0 20
      vertex -23.0984 -43.2141 20
      vertex -25.191 -42.0287 20
    endloop
  endfacet
  facet normal 0 0 1
    outer loop
      vertex 0 0 60
      vertex -25.191 -42.0287 60
      vertex -23.0984 -43.2141 60
    endloop
  endfacet
  facet normal -0.492898 -0.870087 0
    outer loop
      vertex -25.191 -42.0287 20
      vertex -23.0984 -43.2141 20
      vertex -23.0984 -43.2141 60
    endloop
  endfacet
  facet normal -0.492898 -0.870087 0
    outer loop
      vertex -25.191 -42.0287 20
      vertex -23.0984 -43.2141 60
      vertex -25.191 -42.0287 60
    endloop
  endfacet
  facet normal 0 0 -1
    outer loop
      vertex 0 0 20
      vertex -20.9502 -44.2955 20
      vertex -23.0984 -43.2141 20
    endloop
  endfacet
  facet normal 0 0 1
    outer loop
      vertex 0 0 60
      vertex -23.0984 -43.2141 60
      vertex -20.9502 -44.2955 60
    endloop
  endfacet
  facet normal -0.449611 -0.893224 0
    outer loop
      vertex -23.0984 -43.2141 20
      vertex -20.9502 -44.2955 20
      vertex -20.9502 -44.2955 60
    endloop
  endfacet
  facet normal -0.449611 -0.893224 0
    outer loop
      vertex -23.0984 -43.2141 20
      vertex -20.9502 -44.2955 60
      vertex -23.0984 -43.2141 60
    endloop
  endfacet
  facet normal 0 0 -1
    outer loop
      vertex 0 0 20
      vertex -18.7515 -45.2701 20
      vertex -20.9502 -44.2955 20
    endloop
  endfacet
  facet normal 0 0 1
    outer loop
      vertex 0 0 60
      vertex -20.9502 -44.2955 60
      vertex -18.7515 -45.2701 60
    endloop
  endfacet
  facet normal -0.405241 -0.91421 0
    outer loop
      vertex -20.9502 -44.2955 20
      vertex -18.7515 -45.2701 20
      vertex -18.7515 -45.2701 60
    endloop
  endfacet
  facet normal -0.405241 -0.91421 0
    outer loop
      vertex -20.9502 -44.2955 20
      vertex -18.7515 -45.2701 60
      vertex -20.9502 -44.2955 60
    endloop
  endfacet
  facet normal 0 0 -1
    outer loop
      vertex 0 0 20
      vertex -16.5076 -46.1357 20
      vertex -18.7515 -45.2701 20
    endloop
  endfacet
  facet normal 0 0 1
    outer loop
      vertex 0 0 60
      vertex -18.7515 -45.2701 60
      vertex -16.5076 -46.1357 60
    endloop
  endfacet
  facet normal -0.359895 -0.932993 0
    outer loop
      vertex -18.7515 -45.2701 20
      vertex -16.5076 -46.1357 20
      vertex -16.5076 -46.1357 60
    endloop
  endfacet
  facet normal -0.359895 -0.932993 0
    outer loop
      vertex -18.7515 -45.2701 20
      vertex -16.5076 -46.1357 60
      vertex -18.7515 -45.2701 60
    endloop
  endfacet
  facet normal 0 0 -1
    outer loop
      vertex 0 0 20
      vertex -14.2239 -46.8901 20
      vertex -16.5076 -46.1357 20
    endloop
  endfacet
  facet normal 0 0 1
    outer loop
      vertex 0 0 60
      vertex -16.5076 -46.1357 60
      vertex -14.2239 -46.8901 60
    endloop
  endfacet
  facet normal -0.313682 -0.949528 0
    outer loop
      vertex -16.5076 -46.1357 20
      vertex -14.2239 -46.8901 20
      vertex -14.2239 -46.8901 60
    endloop
  endfacet
  facet normal -0.313682 -0.949528 0
    outer loop
      vertex -16.5076 -46.1357 20
      vertex -14.2239 -46.8901 60
      vertex -16.5076 -46.1357 60
    endloop
  endfacet
  facet normal 0 0 -1
    outer loop
      vertex 0 0 20
      vertex -11.906 -47.5315 20
      vertex -14.2239 -46.8901 20
    endloop
  endfacet
  facet normal 0 0 1
    outer loop
      vertex 0 0 60
      vertex -14.2239 -46.8901 60
      vertex -11.906 -47.5315 60
    endloop
  endfacet
  facet normal -0.266713 -0.963776 0
    outer loop
      vertex -14.2239 -46.8901 20
      vertex -11.906 -47.5315 20
      vertex -11.906 -47.5315 60
    endloop
  endfacet
  facet normal -0.266713 -0.963776 0
    outer loop
      vertex -14.2239 -46.8901 20
      vertex -11.906 -47.5315 60
      vertex -14.2239 -46.8901 60
    endloop
  endfacet
  facet normal 0 0 -1
    outer loop
      vertex 0 0 20
      vertex -9.55943 -48.0585 20
      vertex -11.906 -47.5315 20
    endloop
  endfacet
  facet normal 0 0 1
    outer loop
      vertex 0 0 60
      vertex -11.906 -47.5315 60
      vertex -9.55943 -48.0585 60
    endloop
  endfacet
  facet normal -0.219101 -0.975702 0
    outer loop
      vertex -11.906 -47.5315 20
      vertex -9.55943 -48.0585 20
      vertex -9.55943 -48.0585 60
    endloop
  endfacet
  facet normal -0.219101 -0.975702 0
    outer loop
      vertex -11.906 -47.5315 20
      vertex -9.55943 -48.0585 60
      vertex -11.906 -47.5315 60
    endloop
  endfacet
  facet normal 0 0 -1
    outer loop
      vertex 0 0 20
      vertex -7.18979 -48.4696 20
      vertex -9.55943 -48.0585 20
    endloop
  endfacet
  facet normal 0 0 1
    outer loop
      vertex 0 0 60
      vertex -9.55943 -48.0585 60
      vertex -7.18979 -48.4696 60
    endloop
  endfacet
  facet normal -0.170962 -0.985278 0
    outer loop
      vertex -9.55943 -48.0585 20
      vertex -7.18979 -48.4696 20
      vertex -7.18979 -48.4696 60
    endloop
  endfacet
  facet normal -0.170962 -0.985278 0
    outer loop
      vertex -9.55943 -48.0585 20
      vertex -7.18979 -48.4696 60
      vertex -9.55943 -48.0585 60
    endloop
  endfacet
  facet normal 0 0 -1
    outer loop
      vertex 0 0 20
      vertex -4.80284 -48.7641 20
      vertex -7.18979 -48.4696 20
    endloop
  endfacet
  facet normal 0 0 1
    outer loop
      vertex 0 0 60
      vertex -7.18979 -48.4696 60
      vertex -4.80284 -48.7641 60
    endloop
  endfacet
  facet normal -0.122411 -0.99248 0
    outer loop
      vertex -7.18979 -48.4696 20
      vertex -4.80284 -48.7641 20
      vertex -4.80284 -48.7641 60
    endloop
  endfacet
  facet normal -0.122411 -0.99248 0
    outer loop
      vertex -7.18979 -48.4696 20
      vertex -4.80284 -48.7641 60
      vertex -7.18979 -48.4696 60
    endloop
  endfacet
  facet normal 0 0 -1
    outer loop
      vertex 0 0 20
      vertex -2.40432 -48.941 20
      vertex -4.80284 -48.7641 20
    endloop
  endfacet
  facet normal 0 0 1
    outer loop
      vertex 0 0 60
      vertex -4.80284 -48.7641 60
      vertex -2.40432 -48.941 60
    endloop
  endfacet
  facet normal -0.0735646 -0.99729 0
    outer loop
      vertex -4.80284 -48.7641 20
      vertex -2.40432 -48.941 20
      vertex -2.40432 -48.941 60
    endloop
  endfacet
  facet normal -0.0735646 -0.99729 0
    outer loop
      vertex -4.80284 -48.7641 20
      vertex -2.40432 -48.941 60
      vertex -4.80284 -48.7641 60
    endloop
  endfacet
  facet normal 0 0 -1
    outer loop
      vertex 0 0 20
      vertex -9.00115e-15 -49 20
      vertex -2.40432 -48.941 20
    endloop
  endfacet
  facet normal 0 0 1
    outer loop
      vertex 0 0 60
      vertex -2.40432 -48.941 60
      vertex -9.00115e-15 -49 60
    endloop
  endfacet
  facet normal -0.0245412 -0.999699 0
    outer loop
      vertex -2.40432 -48.941 20
      vertex -9.00115e-15 -49 20
      vertex -9.00115e-15 -49 60
    endloop
  endfacet
  facet normal -0.0245412 -0.999699 0
    outer loop
      vertex -2.40432 -48.941 20
      vertex -9.00115e-15 -49 60
      vertex -2.40432 -48.941 60
    endloop
  endfacet
  facet normal 0 0 -1
    outer loop
      vertex 0 0 20
      vertex 2.40432 -48.941 20
      vertex -9.00115e-15 -49 20
    endloop
  endfacet
  facet normal 0 0 1
    outer loop
      vertex 0 0 60
      vertex -9.00115e-15 -49 60
      vertex 2.40432 -48.941 60
    endloop
  endfacet
  facet normal 0.0245412 -0.999699 0
    outer loop
      vertex -9.00115e-15 -49 20
      vertex 2.40432 -48.941 20
      vertex 2.40432 -48.941 60
    endloop
  endfacet
  facet normal 0.0245412 -0.999699 0
    outer loop
      vertex -9.00115e-15 -49 20
      vertex 2.40432 -48.941 60
      vertex -9.00115e-15 -49 60
    endloop
  endfacet
  facet normal 0 0 -1
    outer loop
      vertex 0 0 20
      vertex 4.80284 -48.7641 20
      vertex 2.40432 -48.941 20
    endloop
  endfacet
  facet normal 0 0 1
    outer loop
      vertex 0 0 60
      vertex 2.40432 -48.941 60
      vertex 4.80284 -48.7641 60
    endloop
  endfacet
  facet normal 0.0735646 -0.99729 0
    outer loop
      vertex 2.40432 -48.941 20
      vertex 4.80284 -48.7641 20
      vertex 4.80284 -48.7641 60
    endloop
  endfacet
  facet normal 0.0735646 -0.99729 0
    outer loop
      vertex 2.40432 -48.941 20
      vertex 4.80284 -48.7641 60
      vertex 2.40432 -48.941 60
    endloop
  endfacet
  facet normal 0 0 -1
    outer loop
      vertex 0 0 20
      vertex 7.18979 -48.4696 20
      vertex 4.80284 -48.7641 20
    endloop
  endfacet
  facet normal 0 0 1
    outer loop
      vertex 0 0 60
      vertex 4.80284 -48.7641 60
      vertex 7.18979 -48.4696 60
    endloop
  endfacet
  facet normal 0.122411 -0.99248 0
    outer loop
      vertex 4.80284 -48.7641 20
      vertex 7.18979 -48.4696 20
      vertex 7.18979 -48.4696 60
    endloop
  endfacet
  facet normal 0.122411 -0.99248 0
    outer loop
      vertex 4.80284 -48.7641 20
      vertex 7.18979 -48.4696 60
      vertex 4.80284 -48.7641 60
    endloop
  endfacet
  facet normal 0 0 -1
    outer loop
      vertex 0 0 20
      vertex 9.55943 -48.0585 20
      vertex 7.18979 -48.4696 20
    endloop
  endfacet
  facet normal 0 0 1
    outer loop
      vertex 0 0 60
      vertex 7.18979 -48.4696 60
      vertex 9.55943 -48.0585 60
    endloop
  endfacet
  facet normal 0.170962 -0.985278 0
    outer loop
      vertex 7.18979 -48.4696 20
      vertex 9.55943 -48.0585 20
      vertex 9.55943 -48.0585 60
    endloop
  endfacet
  facet normal 0.170962 -0.985278 0
    outer loop
      vertex 7.18979 -48.4696 20
      vertex 9.55943 -48.0585 60
      vertex 7.18979 -48.4696 60
    endloop
  endfacet
  facet normal 0 0 -1
    outer loop
      vertex 0 0 20
      vertex 11.906 -47.5315 20
      vertex 9.55943 -48.0585 20
    endloop
  endfacet
  facet normal 0 0 1
    outer loop
      vertex 0 0 60
      vertex 9.55943 -48.0585 60
      vertex 11.906 -47.5315 60
    endloop
  endfacet
  facet normal 0.219101 -0.975702 0
    outer loop
      vertex 9.55943 -48.0585 20
      vertex 11.906 -47.5315 20
      vertex 11.906 -47.5315 60
    endloop
  endfacet
  facet normal 0.219101 -0.975702 0
    outer loop
      vertex 9.55943 -48.0585 20
      vertex 11.906 -47.5315 60
      vertex 9.55943 -48.0585 60
    endloop
  endfacet
  facet normal 0 0 -1
    outer loop
      vertex 0 0 20
      vertex 14.2239 -46.8901 20
      vertex 11.906 -47.5315 20
    endloop
  endfacet
  facet normal 0 0 1
    outer loop
      vertex 0 0 60
      vertex 11.906 -47.5315 60
      vertex 14.2239 -46.8901 60
    endloop
  endfacet
  facet normal 0.266713 -0.963776 0
    outer loop
      vertex 11.906 -47.5315 20
      vertex 14.2239 -46.8901 20
      vertex 14.2239 -46.8901 60
    endloop
  endfacet
  facet normal 0.266713 -0.963776 0
    outer loop
      vertex 11.906 -47.5315 20
      vertex 14.2239 -46.8901 60
      vertex 11.906 -47.5315 60
    endloop
  endfacet
  facet normal 0 0 -1
    outer loop
      vertex 0 0 20
      vertex 16.5076 -46.1357 20
      vertex 14.2239 -46.8901 20
    endloop
  endfacet
  facet normal 0 0 1
    outer loop
      vertex 0 0 60
      vertex 14.2239 -46.8901 60
      vertex 16.5076 -46.1357 60
    endloop
  endfacet
  facet normal 0.313682 -0.949528 0
    outer loop
      vertex 14.2239 -46.8901 20
      vertex 16.5076 -46.1357 20
      vertex 16.5076 -46.1357 60
    endloop
  endfacet
  facet normal 0.313682 -0.949528 0
    outer loop
      vertex 14.2239 -46.8901 20
      vertex 16.5076 -46.1357 60
      vertex 14.2239 -46.8901 60
    endloop
  endfacet
  facet normal 0 0 -1
    outer loop
      vertex 0 0 20
      vertex 18.7515 -45.2701 20
      vertex 16.5076 -46.1357 20
    endloop
  endfacet
  facet normal 0 0 1
    outer loop
      vertex 0 0 60
      vertex 16.5076 -46.1357 60
      vertex 18.7515 -45.2701 60
    endloop
  endfacet
  facet normal 0.359895 -0.932993 0
    outer loop
      vertex 16.5076 -46.1357 20
      vertex 18.7515 -45.2701 20
      vertex 18.7515 -45.2701 60
    endloop
  endfacet
  facet normal 0.359895 -0.932993 0
    outer loop
      vertex 16.5076 -46.1357 20
      vertex 18.7515 -45.2701 60
      vertex 16.5076 -46.1357 60
    endloop
  endfacet
  facet normal 0 0 -1
    outer loop
      vertex 0 0 20
      vertex 20.9502 -44.2955 20
      vertex 18.7515 -45.2701 20
    endloop
  endfacet
  facet normal 0 0 1
    outer loop
      vertex 0 0 60
      vertex 18.7515 -45.2701 60
      vertex 20.9502 -44.2955 60
    endloop
  endfacet
  facet normal 0.405241 -0.91421 0
    outer loop
      vertex 18.7515 -45.2701 20
      vertex 20.9502 -44.2955 20
      vertex 20.9502 -44.2955 60
    endloop
  endfacet
  facet normal 0.405241 -0.91421 0
    outer loop
      vertex 18.7515 -45.2701 20
      vertex 20.9502 -44.2955 60
      vertex 18.7515 -45.2701 60
    endloop
  endfacet
  facet normal 0 0 -1
    outer loop
      vertex 0 0 20
      vertex 23.0984 -43.2141 20
      vertex 20.9502 -44.2955 20
    endloop
  endfacet
  facet normal 0 0 1
    outer loop
      vertex 0 0 60
      vertex 20.9502 -44.2955 60
      vertex 23.0984 -43.2141 60
    endloop
  endfacet
  facet normal 0.449611 -0.893224 0
    outer loop
      vertex 20.9502 -44.2955 20
      vertex 23.0984 -43.2141 20
      vertex 23.0984 -43.2141 60
    endloop
  endfacet
  facet normal 0.449611 -0.893224 0
    outer loop
      vertex 20.9502 -44.2955 20
      vertex 23.0984 -43.2141 60
      vertex 20.9502 -44.2955 60
    endloop
  endfacet
  facet normal 0 0 -1
    outer loop
      vertex 0 0 20
      vertex 25.191 -42.0287 20
      vertex 23.0984 -43.2141 20
    endloop
  endfacet
  facet normal 0 0 1
    outer loop
      vertex 0 0 60
      vertex 23.0984 -43.2141 60
      vertex 25.191 -42.0287 60
    endloop
  endfacet
  facet normal 0.492898 -0.870087 0
    outer loop
      vertex 23.0984 -43.2141 20
      vertex 25.191 -42.0287 20
      vertex 25.191 -42.0287 60
    endloop
  endfacet
  facet normal 0.492898 -0.870087 0
    outer loop
      vertex 23.0984 -43.2141 20
      vertex 25.191 -42.0287 60
      vertex 23.0984 -43.2141 60
    endloop
  endfacet
  facet normal 0 0 -1
    outer loop
      vertex 0 0 20
      vertex 27.2229 -40.742 20
      vertex 25.191 -42.0287 20
    endloop
  endfacet
  facet normal 0 0 1
    outer loop
      vertex 0 0 60
      vertex 25.191 -42.0287 60
      vertex 27.2229 -40.742 60
    endloop
  endfacet
  facet normal 0.534998 -0.844854 0
    outer loop
      vertex 25.191 -42.0287 20
      vertex 27.2229 -40.742 20
      vertex 27.2229 -40.742 60
    endloop
  endfacet
  facet normal 0.534998 -0.844854 0
    outer loop
      vertex 25.191 -42.0287 20
      vertex 27.2229 -40.742 60
      vertex 25.191 -42.0287 60
    endloop
  endfacet
  facet normal 0 0 -1
    outer loop
      vertex 0 0 20
      vertex 29.1893 -39.3572 20
      vertex 27.2229 -40.742 20
    endloop
  endfacet
  facet normal 0 0 1
    outer loop
      vertex 0 0 60
      vertex 27.2229 -40.742 60
      vertex 29.1893 -39.3572 60
    endloop
  endfacet
  facet normal 0.575808 -0.817585 0
    outer loop
      vertex 27.2229 -40.742 20
      vertex 29.1893 -39.3572 20
      vertex 29.1893 -39.3572 60
    endloop
  endfacet
  facet normal 0.575808 -0.817585 0
    outer loop
      vertex 27.2229 -40.742 20
      vertex 29.1893 -39.3572 60
      vertex 27.2229 -40.742 60
    endloop
  endfacet
  facet normal 0 0 -1
    outer loop
      vertex 0 0 20
      vertex 31.0853 -37.8775 20
      vertex 29.1893 -39.3572 20
    endloop
  endfacet
  facet normal 0 0 1
    outer loop
      vertex 0 0 60
      vertex 29.1893 -39.3572 60
      vertex 31.0853 -37.8775 60
    endloop
  endfacet
  facet normal 0.615232 -0.788346 0
    outer loop
      vertex 29.1893 -39.3572 20
      vertex 31.0853 -37.8775 20
      vertex 31.0853 -37.8775 60
    endloop
  endfacet
  facet normal 0.615232 -0.788346 0
    outer loop
      vertex 29.1893 -39.3572 20
      vertex 31.0853 -37.8775 60
      vertex 29.1893 -39.3572 60
    endloop
  endfacet
  facet normal 0 0 -1
    outer loop
      vertex 0 0 20
      vertex 32.9064 -36.3066 20
      vertex 31.0853 -37.8775 20
    endloop
  endfacet
  facet normal 0 0 1
    outer loop
      vertex 0 0 60
      vertex 31.0853 -37.8775 60
      vertex 32.9064 -36.3066 60
    endloop
  endfacet
  facet normal 0.653173 -0.757209 0
    outer loop
      vertex 31.0853 -37.8775 20
      vertex 32.9064 -36.3066 20
      vertex 32.9064 -36.3066 60
    endloop
  endfacet
  facet normal 0.653173 -0.757209 0
    outer loop
      vertex 31.0853 -37.8775 20
      vertex 32.9064 -36.3066 60
      vertex 31.0853 -37.8775 60
    endloop
  endfacet
  facet normal 0 0 -1
    outer loop
      vertex 0 0 20
      vertex 34.6482 -34.6482 20
      vertex 32.9064 -36.3066 20
    endloop
  endfacet
  facet normal 0 0 1
    outer loop
      vertex 0 0 60
      vertex 32.9064 -36.3066 60
      vertex 34.6482 -34.6482 60
    endloop
  endfacet
  facet normal 0.689541 -0.724247 0
    outer loop
      vertex 32.9064 -36.3066 20
      vertex 34.6482 -34.6482 20
      vertex 34.6482 -34.6482 60
    endloop
  endfacet
  facet normal 0.689541 -0.724247 0
    outer loop
      vertex 32.9064 -36.3066 20
      vertex 34.6482 -34.6482 60
      vertex 32.9064 -36.3066 60
    endloop
  endfacet
  facet normal 0 0 -1
    outer loop
      vertex 0 0 20
      vertex 36.3066 -32.9064 20
      vertex 34.6482 -34.6482 20
    endloop
  endfacet
  facet normal 0 0 1
    outer loop
      vertex 0 0 60
      vertex 34.6482 -34.6482 60
      vertex 36.3066 -32.9064 60
    endloop
  endfacet
  facet normal 0.724247 -0.689541 0
    outer loop
      vertex 34.6482 -34.6482 20
      vertex 36.3066 -32.9064 20
      vertex 36.3066 -32.9064 60
    endloop
  endfacet
  facet normal 0.724247 -0.689541 0
    outer loop
      vertex 34.6482 -34.6482 20
      vertex 36.3066 -32.9064 60
      vertex 34.6482 -34.6482 60
    endloop
  endfacet
  facet normal 0 0 -1
    outer loop
      vertex 0 0 20
      vertex 37.8775 -31.0853 20
      vertex 36.3066 -32.9064 20
    endloop
  endfacet
  facet normal 0 0 1
    outer loop
      vertex 0 0 60
      vertex 36.3066 -32.9064 60
      vertex 37.8775 -31.0853 60
    endloop
  endfacet
  facet normal 0.757209 -0.653173 0
    outer loop
      vertex 36.3066 -32.9064 20
      vertex 37.8775 -31.0853 20
      vertex 37.8775 -31.0853 60
    endloop
  endfacet
  facet normal 0.757209 -0.653173 0
    outer loop
      vertex 36.3066 -32.9064 20
      vertex 37.8775 -31.0853 60
      vertex 36.3066 -32.9064 60
    endloop
  endfacet
  facet normal 0 0 -1
    outer loop
      vertex 0 0 20
      vertex 39.3572 -29.1893 20
      vertex 37.8775 -31.0853 20
    endloop
  endfacet
  facet normal 0 0 1
    outer loop
      vertex 0 0 60
      vertex 37.8775 -31.0853 60
      vertex 39.3572 -29.1893 60
    endloop
  endfacet
  facet normal 0.788346 -0.615232 0
    outer loop
      vertex 37.8775 -31.0853 20
      vertex 39.3572 -29.1893 20
      vertex 39.3572 -29.1893 60
    endloop
  endfacet
  facet normal 0.788346 -0.615232 0
    outer loop
      vertex 37.8775 -31.0853 20
      vertex 39.3572 -29.1893 60
      vertex 37.8775 -31.0853 60
    endloop
  endfacet
  facet normal 0 0 -1
    outer loop
      vertex 0 0 20
      vertex 40.742 -27.2229 20
      vertex 39.3572 -29.1893 20
    endloop
  endfacet
  facet normal 0 0 1
    outer loop
      vertex 0 0 60
      vertex 39.3572 -29.1893 60
      vertex 40.742 -27.2229 60
    endloop
  endfacet
  facet normal 0.817585 -0.575808 0
    outer loop
      vertex 39.3572 -29.1893 20
      vertex 40.742 -27.2229 20
      vertex 40.742 -27.2229 60
    endloop
  endfacet
  facet normal 0.817585 -0.575808 0
    outer loop
      vertex 39.3572 -29.1893 20
      vertex 40.742 -27.2229 60
      vertex 39.3572 -29.1893 60
    endloop
  endfacet
  facet normal 0 0 -1
    outer loop
      vertex 0 0 20
      vertex 42.0287 -25.191 20
      vertex 40.742 -27.2229 20
    endloop
  endfacet
  facet normal 0 0 1
    outer loop
      vertex 0 0 60
      vertex 40.742 -27.2229 60
      vertex 42.0287 -25.191 60
    endloop
  endfacet
  facet normal 0.844854 -0.534998 0
    outer loop
      vertex 40.742 -27.2229 20
      vertex 42.0287 -25.191 20
      vertex 42.0287 -25.191 60
    endloop
  endfacet
  facet normal 0.844854 -0.534998 0
    outer loop
      vertex 40.742 -27.2229 20
      vertex 42.0287 -25.191 60
      vertex 40.742 -27.2229 60
    endloop
  endfacet
  facet normal 0 0 -1
    outer loop
      vertex 0 0 20
      vertex 43.2141 -23.0984 20
      vertex 42.0287 -25.191 20
    endloop
  endfacet
  facet normal 0 0 1
    outer loop
      vertex 0 0 60
      vertex 42.0287 -25.191 60
      vertex 43.2141 -23.0984 60
    endloop
  endfacet
  facet normal 0.870087 -0.492898 0
    outer loop
      vertex 42.0287 -25.191 20
      vertex 43.2141 -23.0984 20
      vertex 43.2141 -23.0984 60
    endloop
  endfacet
  facet normal 0.870087 -0.492898 0
    outer loop
      vertex 42.0287 -25.191 20
      vertex 43.2141 -23.0984 60
      vertex 42.0287 -25.191 60
    endloop
  endfacet
  facet normal 0 0 -1
    outer loop
      vertex 0 0 20
      vertex 44.2955 -20.9502 20
      vertex 43.2141 -23.0984 20
    endloop
  endfacet
  facet normal 0 0 1
    outer loop
      vertex 0 0 60
      vertex 43.2141 -23.0984 60
      vertex 44.2955 -20.9502 60
    endloop
  endfacet
  facet normal 0.893224 -0.449611 0
    outer loop
      vertex 43.2141 -23.0984 20
      vertex 44.2955 -20.9502 20
      vertex 44.2955 -20.9502 60
    endloop
  endfacet
  facet normal 0.893224 -0.449611 0
    outer loop
      vertex 43.2141 -23.0984 20
      vertex 44.2955 -20.9502 60
      vertex 43.2141 -23.0984 60
    endloop
  endfacet
  facet normal 0 0 -1
    outer loop
      vertex 0 0 20
      vertex 45.2701 -18.7515 20
      vertex 44.2955 -20.9502 20
    endloop
  endfacet
  facet normal 0 0 1
    outer loop
      vertex 0 0 60
      vertex 44.2955 -20.9502 60
      vertex 45.2701 -18.7515 60
    endloop
  endfacet
  facet normal 0.91421 -0.405241 0
    outer loop
      vertex 44.2955 -20.9502 20
      vertex 45.2701 -18.7515 20
      vertex 45.2701 -18.7515 60
    endloop
  endfacet
  facet normal 0.91421 -0.405241 0
    outer loop
      vertex 44.2955 -20.9502 20
      vertex 45.2701 -18.7515 60
      vertex 44.2955 -20.9502 60
    endloop
  endfacet
  facet normal 0 0 -1
    outer loop
      vertex 0 0 20
      vertex 46.1357 -16.5076 20
      vertex 45.2701 -18.7515 20
    endloop
  endfacet
  facet normal 0 0 1
    outer loop
      vertex 0 0 60
      vertex 45.2701 -18.7515 60
      vertex 46.1357 -16.5076 60
    endloop
  endfacet
  facet normal 0.932993 -0.359895 0
    outer loop
      vertex 45.2701 -18.7515 20
      vertex 46.1357 -16.5076 20
      vertex 46.1357 -16.5076 60
    endloop
  endfacet
  facet normal 0.932993 -0.359895 0
    outer loop
      vertex 45.2701 -18.7515 20
      vertex 46.1357 -16.5076 60
      vertex 45.2701 -18.7515 60
    endloop
  endfacet
  facet normal 0 0 -1
    outer loop
      vertex 0 0 20
      vertex 46.8901 -14.2239 20
      vertex 46.1357 -16.5076 20
    endloop
  endfacet
  facet normal 0 0 1
    outer loop
      vertex 0 0 60
      vertex 46.1357 -16.5076 60
      vertex 46.8901 -14.2239 60
    endloop
  endfacet
  facet normal 0.949528 -0.313682 0
    outer loop
      vertex 46.1357 -16.5076 20
      vertex 46.8901 -14.2239 20
      vertex 46.8901 -14.2239 60
    endloop
  endfacet
  facet normal 0.949528 -0.313682 0
    outer loop
      vertex 46.1357 -16.5076 20
      vertex 46.8901 -14.2239 60
      vertex 46.1357 -16.5076 60
    endloop
  endfacet
  facet normal 0 0 -1
    outer loop
      vertex 0 0 20
      vertex 47.5315 -11.906 20
      vertex 46.8901 -14.2239 20
    endloop
  endfacet
  facet normal 0 0 1
    outer loop
      vertex 0 0 60
      vertex 46.8901 -14.2239 60
      vertex 47.5315 -11.906 60
    endloop
  endfacet
  facet normal 0.963776 -0.266713 0
    outer loop
      vertex 46.8901 -14.2239 20
      vertex 47.5315 -11.906 20
      vertex 47.5315 -11.906 60
    endloop
  endfacet
  facet normal 0.963776 -0.266713 0
    outer loop
      vertex 46.8901 -14.2239 20
      vertex 47.5315 -11.906 60
      vertex 46.8901 -14.2239 60
    endloop
  endfacet
  facet normal 0 0 -1
    outer loop
      vertex 0 0 20
      vertex 48.0585 -9.55943 20
      vertex 47.5315 -11.906 20
    endloop
  endfacet
  facet normal 0 0 1
    outer loop
      vertex 0 0 60
      vertex 47.5315 -11.906 60
      vertex 48.0585 -9.55943 60
    endloop
  endfacet
  facet normal 0.975702 -0.219101 0
    outer loop
      vertex 47.5315 -11.906 20
      vertex 48.0585 -9.55943 20
      vertex 48.0585 -9.55943 60
    endloop
  endfacet
  facet normal 0.975702 -0.219101 0
    outer loop
      vertex 47.5315 -11.906 20
      vertex 48.0585 -9.55943 60
      vertex 47.5315 -11.906 60
    endloop
  endfacet
  facet normal 0 0 -1
    outer loop
      vertex 0 0 20
      vertex 48.4696 -7.18979 20
      vertex 48.0585 -9.55943 20
    endloop
  endfacet
  facet normal 0 0 1
    outer loop
      vertex 0 0 60
      vertex 48.0585 -9.55943 60
      vertex 48.4696 -7.18979 60
    endloop
  endfacet
  facet normal 0.985278 -0.170962 0
    outer loop
      vertex 48.0585 -9.55943 20
      vertex 48.4696 -7.18979 20
      vertex 48.4696 -7.18979 60
    endloop
  endfacet
  facet normal 0.985278 -0.170962 0
    outer loop
      vertex 48.0585 -9.55943 20
      vertex 48.4696 -7.18979 60
      vertex 48.0585 -9.55943 60
    endloop
  endfacet
  facet normal 0 0 -1
    outer loop
      vertex 0 0 20
      vertex 48.7641 -4.80284 20
      vertex 48.4696 -7.18979 20
    endloop
  endfacet
  facet normal 0 0 1
    outer loop
      vertex 0 0 60
      vertex 48.4696 -7.18979 60
      vertex 48.7641 -4.80284 60
    endloop
  endfacet
  facet normal 0.99248 -0.122411 0
    outer loop
      vertex 48.4696 -7.18979 20
      vertex 48.7641 -4.80284 20
      vertex 48.7641 -4.80284 60
    endloop
  endfacet
  facet normal 0.99248 -0.122411 0
    outer loop
      vertex 48.4696 -7.18979 20
      vertex 48.7641 -4.80284 60
      vertex 48.4696 -7.18979 60
    endloop
  endfacet
  facet normal 0 0 -1
    outer loop
      vertex 0 0 20
      vertex 48.941 -2.40432 20
      vertex 48.7641 -4.80284 20
    endloop
  endfacet
  facet normal 0 0 1
    outer loop
      vertex 0 0 60
      vertex 48.7641 -4.80284 60
      vertex 48.941 -2.40432 60
    endloop
  endfacet
  facet normal 0.99729 -0.0735646 0
    outer loop
      vertex 48.7641 -4.80284 20
      vertex 48.941 -2.40432 20
      vertex 48.941 -2.40432 60
    endloop
  endfacet
  facet normal 0.99729 -0.0735646 0
    outer loop
      vertex 48.7641 -4.80284 20
      vertex 48.941 -2.40432 60
      vertex 48.7641 -4.80284 60
    endloop
  endfacet
  facet normal 0 0 -1
    outer loop
      vertex 0 0 20
      vertex 49 -1.20015e-14 20
      vertex 48.941 -2.40432 20
    endloop
  endfacet
  facet normal 0 0 1
    outer loop
      vertex 0 0 60
      vertex 48.941 -2.40432 60
      vertex 49 -1.20015e-14 60
    endloop
  endfacet
  facet normal 0.999699 -0.0245412 0
    outer loop
      vertex 48.941 -2.40432 20
      vertex 49 -1.20015e-14 20
      vertex 49 -1.20015e-14 60
    endloop
  endfacet
  facet normal 0.999699 -0.0245412 0
    outer loop
      vertex 48.941 -2.40432 20
      vertex 49 -1.20015e-14 60
      vertex 48.941 -2.40432 60
    endloop
  endfacet
  facet normal 0 0 -1
    outer loop
      vertex 0 50 20
      vertex 41.45 52.0363 20
      vertex 41.5 50 20
    endloop
  endfacet
  facet normal 0 0 1
    outer loop
      vertex 0 50 60
      vertex 41.5 50 60
      vertex 41.45 52.0363 60
    endloop
  endfacet
  facet normal 0.999699 0.0245412 0
    outer loop
      vertex 41.5 50 20
      vertex 41.45 52.0363 20
      vertex 41.45 52.0363 60
    endloop
  endfacet
  facet normal 0.999699 0.0245412 0
    outer loop
      vertex 41.5 50 20
      vertex 41.45 52.0363 60
      vertex 41.5 50 60
    endloop
  endfacet
  facet normal 0 0 -1
    outer loop
      vertex 0 50 20
      vertex 41.3002 54.0677 20
      vertex 41.45 52.0363 20
    endloop
  endfacet
  facet normal 0 0 1
    outer loop
      vertex 0 50 60
      vertex 41.45 52.0363 60
      vertex 41.3002 54.0677 60
    endloop
  endfacet
  facet normal 0.99729 0.0735646 0
    outer loop
      vertex 41.45 52.0363 20
      vertex 41.3002 54.0677 20
      vertex 41.3002 54.0677 60
    endloop
  endfacet
  facet normal 0.99729 0.0735646 0
    outer loop
      vertex 41.45 52.0363 20
      vertex 41.3002 54.0677 60
      vertex 41.45 52.0363 60
    endloop
  endfacet
  facet normal 0 0 -1
    outer loop
      vertex 0 50 20
      vertex 41.0508 56.0893 20
      vertex 41.3002 54.0677 20
    endloop
  endfacet
  facet normal 0 0 1
    outer loop
      vertex 0 50 60
      vertex 41.3002 54.0677 60
      vertex 41.0508 56.0893 60
    endloop
  endfacet
  facet normal 0.99248 0.122411 0
    outer loop
      vertex 41.3002 54.0677 20
      vertex 41.0508 56.0893 20
      vertex 41.0508 56.0893 60
    endloop
  endfacet
  facet normal 0.99248 0.122411 0
    outer loop
      vertex 41.3002 54.0677 20
      vertex 41.0508 56.0893 60
      vertex 41.3002 54.0677 60
    endloop
  endfacet
  facet normal 0 0 -1
    outer loop
      vertex 0 50 20
      vertex 40.7026 58.0962 20
      vertex 41.0508 56.0893 20
    endloop
  endfacet
  facet normal 0 0 1
    outer loop
      vertex 0 50 60
      vertex 41.0508 56.0893 60
      vertex 40.7026 58.0962 60
    endloop
  endfacet
  facet normal 0.985278 0.170962 0
    outer loop
      vertex 41.0508 56.0893 20
      vertex 40.7026 58.0962 20
      vertex 40.7026 58.0962 60
    endloop
  endfacet
  facet normal 0.985278 0.170962 0
    outer loop
      vertex 41.0508 56.0893 20
      vertex 40.7026 58.0962 60
      vertex 41.0508 56.0893 60
    endloop
  endfacet
  facet normal 0 0 -1
    outer loop
      vertex 0 50 20
      vertex 40.2563 60.0837 20
      vertex 40.7026 58.0962 20
    endloop
  endfacet
  facet normal 0 0 1
    outer loop
      vertex 0 50 60
      vertex 40.7026 58.0962 60
      vertex 40.2563 60.0837 60
    endloop
  endfacet
  facet normal 0.975702 0.219101 0
    outer loop
      vertex 40.7026 58.0962 20
      vertex 40.2563 60.0837 20
      vertex 40.2563 60.0837 60
    endloop
  endfacet
  facet normal 0.975702 0.219101 0
    outer loop
      vertex 40.7026 58.0962 20
      vertex 40.2563 60.0837 60
      vertex 40.7026 58.0962 60
    endloop
  endfacet
  facet normal 0 0 -1
    outer loop
      vertex 0 50 20
      vertex 39.713 62.0468 20
      vertex 40.2563 60.0837 20
    endloop
  endfacet
  facet normal 0 0 1
    outer loop
      vertex 0 50 60
      vertex 40.2563 60.0837 60
      vertex 39.713 62.0468 60
    endloop
  endfacet
  facet normal 0.963776 0.266713 0
    outer loop
      vertex 40.2563 60.0837 20
      vertex 39.713 62.0468 20
      vertex 39.713 62.0468 60
    endloop
  endfacet
  facet normal 0.963776 0.266713 0
    outer loop
      vertex 40.2563 60.0837 20
      vertex 39.713 62.0468 60
      vertex 40.2563 60.0837 60
    endloop
  endfacet
  facet normal 0 0 -1
    outer loop
      vertex 0 50 20
      vertex 39.0741 63.9809 20
      vertex 39.713 62.0468 20
    endloop
  endfacet
  facet normal 0 0 1
    outer loop
      vertex 0 50 60
      vertex 39.713 62.0468 60
      vertex 39.0741 63.9809 60
    endloop
  endfacet
  facet normal 0.949528 0.313682 0
    outer loop
      vertex 39.713 62.0468 20
      vertex 39.0741 63.9809 20
      vertex 39.0741 63.9809 60
    endloop
  endfacet
  facet normal 0.949528 0.313682 0
    outer loop
      vertex 39.713 62.0468 20
      vertex 39.0741 63.9809 60
      vertex 39.713 62.0468 60
    endloop
  endfacet
  facet normal 0 0 -1
    outer loop
      vertex 0 50 20
      vertex 38.341 65.8814 20
      vertex 39.0741 63.9809 20
    endloop
  endfacet
  facet normal 0 0 1
    outer loop
      vertex 0 50 60
      vertex 39.0741 63.9809 60
      vertex 38.341 65.8814 60
    endloop
  endfacet
  facet normal 0.932993 0.359895 0
    outer loop
      vertex 39.0741 63.9809 20
      vertex 38.341 65.8814 20
      vertex 38.341 65.8814 60
    endloop
  endfacet
  facet normal 0.932993 0.359895 0
    outer loop
      vertex 39.0741 63.9809 20
      vertex 38.341 65.8814 60
      vertex 39.0741 63.9809 60
    endloop
  endfacet
  facet normal 0 0 -1
    outer loop
      vertex 0 50 20
      vertex 37.5156 67.7435 20
      vertex 38.341 65.8814 20
    endloop
  endfacet
  facet normal 0 0 1
    outer loop
      vertex 0 50 60
      vertex 38.341 65.8814 60
      vertex 37.5156 67.7435 60
    endloop
  endfacet
  facet normal 0.91421 0.405241 0
    outer loop
      vertex 38.341 65.8814 20
      vertex 37.5156 67.7435 20
      vertex 37.5156 67.7435 60
    endloop
  endfacet
  facet normal 0.91421 0.405241 0
    outer loop
      vertex 38.341 65.8814 20
      vertex 37.5156 67.7435 60
      vertex 38.341 65.8814 60
    endloop
  endfacet
  facet normal 0 0 -1
    outer loop
      vertex 0 50 20
      vertex 36.5997 69.563 20
      vertex 37.5156 67.7435 20
    endloop
  endfacet
  facet normal 0 0 1
    outer loop
      vertex 0 50 60
      vertex 37.5156 67.7435 60
      vertex 36.5997 69.563 60
    endloop
  endfacet
  facet normal 0.893224 0.449611 0
    outer loop
      vertex 37.5156 67.7435 20
      vertex 36.5997 69.563 20
      vertex 36.5997 69.563 60
    endloop
  endfacet
  facet normal 0.893224 0.449611 0
    outer loop
      vertex 37.5156 67.7435 20
      vertex 36.5997 69.563 60
      vertex 37.5156 67.7435 60
    endloop
  endfacet
  facet normal 0 0 -1
    outer loop
      vertex 0 50 20
      vertex 35.5957 71.3353 20
      vertex 36.5997 69.563 20
    endloop
  endfacet
  facet normal 0 0 1
    outer loop
      vertex 0 50 60
      vertex 36.5997 69.563 60
      vertex 35.5957 71.3353 60
    endloop
  endfacet
  facet normal 0.870087 0.492898 0
    outer loop
      vertex 36.5997 69.563 20
      vertex 35.5957 71.3353 20
      vertex 35.5957 71.3353 60
    endloop
  endfacet
  facet normal 0.870087 0.492898 0
    outer loop
      vertex 36.5997 69.563 20
      vertex 35.5957 71.3353 60
      vertex 36.5997 69.563 60
    endloop
  endfacet
  facet normal 0 0 -1
    outer loop
      vertex 0 50 20
      vertex 34.506 73.0562 20
      vertex 35.5957 71.3353 20
    endloop
  endfacet
  facet normal 0 0 1
    outer loop
      vertex 0 50 60
      vertex 35.5957 71.3353 60
      vertex 34.506 73.0562 60
    endloop
  endfacet
  facet normal 0.844854 0.534998 0
    outer loop
      vertex 35.5957 71.3353 20
      vertex 34.506 73.0562 20
      vertex 34.506 73.0562 60
    endloop
  endfacet
  facet normal 0.844854 0.534998 0
    outer loop
      vertex 35.5957 71.3353 20
      vertex 34.506 73.0562 60
      vertex 35.5957 71.3353 60
    endloop
  endfacet
  facet normal 0 0 -1
    outer loop
      vertex 0 50 20
      vertex 33.3331 74.7215 20
      vertex 34.506 73.0562 20
    endloop
  endfacet
  facet normal 0 0 1
    outer loop
      vertex 0 50 60
      vertex 34.506 73.0562 60
      vertex 33.3331 74.7215 60
    endloop
  endfacet
  facet normal 0.817585 0.575808 0
    outer loop
      vertex 34.506 73.0562 20
      vertex 33.3331 74.7215 20
      vertex 33.3331 74.7215 60
    endloop
  endfacet
  facet normal 0.817585 0.575808 0
    outer loop
      vertex 34.506 73.0562 20
      vertex 33.3331 74.7215 60
      vertex 34.506 73.0562 60
    endloop
  endfacet
  facet normal 0 0 -1
    outer loop
      vertex 0 50 20
      vertex 32.0799 76.3273 20
      vertex 33.3331 74.7215 20
    endloop
  endfacet
  facet normal 0 0 1
    outer loop
      vertex 0 50 60
      vertex 33.3331 74.7215 60
      vertex 32.0799 76.3273 60
    endloop
  endfacet
  facet normal 0.788346 0.615232 0
    outer loop
      vertex 33.3331 74.7215 20
      vertex 32.0799 76.3273 20
      vertex 32.0799 76.3273 60
    endloop
  endfacet
  facet normal 0.788346 0.615232 0
    outer loop
      vertex 33.3331 74.7215 20
      vertex 32.0799 76.3273 60
      vertex 33.3331 74.7215 60
    endloop
  endfacet
  facet normal 0 0 -1
    outer loop
      vertex 0 50 20
      vertex 30.7495 77.8697 20
      vertex 32.0799 76.3273 20
    endloop
  endfacet
  facet normal 0 0 1
    outer loop
      vertex 0 50 60
      vertex 32.0799 76.3273 60
      vertex 30.7495 77.8697 60
    endloop
  endfacet
  facet normal 0.757209 0.653173 0
    outer loop
      vertex 32.0799 76.3273 20
      vertex 30.7495 77.8697 20
      vertex 30.7495 77.8697 60
    endloop
  endfacet
  facet normal 0.757209 0.653173 0
    outer loop
      vertex 32.0799 76.3273 20
      vertex 30.7495 77.8697 60
      vertex 32.0799 76.3273 60
    endloop
  endfacet
  facet normal 0 0 -1
    outer loop
      vertex 0 50 20
      vertex 29.3449 79.3449 20
      vertex 30.7495 77.8697 20
    endloop
  endfacet
  facet normal 0 0 1
    outer loop
      vertex 0 50 60
      vertex 30.7495 77.8697 60
      vertex 29.3449 79.3449 60
    endloop
  endfacet
  facet normal 0.724247 0.689541 0
    outer loop
      vertex 30.7495 77.8697 20
      vertex 29.3449 79.3449 20
      vertex 29.3449 79.3449 60
    endloop
  endfacet
  facet normal 0.724247 0.689541 0
    outer loop
      vertex 30.7495 77.8697 20
      vertex 29.3449 79.3449 60
      vertex 30.7495 77.8697 60
    endloop
  endfacet
  facet normal 0 0 -1
    outer loop
      vertex 0 50 20
      vertex 27.8697 80.7495 20
      vertex 29.3449 79.3449 20
    endloop
  endfacet
  facet normal 0 0 1
    outer loop
      vertex 0 50 60
      vertex 29.3449 79.3449 60
      vertex 27.8697 80.7495 60
    endloop
  endfacet
  facet normal 0.689541 0.724247 0
    outer loop
      vertex 29.3449 79.3449 20
      vertex 27.8697 80.7495 20
      vertex 27.8697 80.7495 60
    endloop
  endfacet
  facet normal 0.689541 0.724247 0
    outer loop
      vertex 29.3449 79.3449 20
      vertex 27.8697 80.7495 60
      vertex 29.3449 79.3449 60
    endloop
  endfacet
  facet normal 0 0 -1
    outer loop
      vertex 0 50 20
      vertex 26.3273 82.0799 20
      vertex 27.8697 80.7495 20
    endloop
  endfacet
  facet normal 0 0 1
    outer loop
      vertex 0 50 60
      vertex 27.8697 80.7495 60
      vertex 26.3273 82.0799 60
    endloop
  endfacet
  facet normal 0.653173 0.757209 0
    outer loop
      vertex 27.8697 80.7495 20
      vertex 26.3273 82.0799 20
      vertex 26.3273 82.0799 60
    endloop
  endfacet
  facet normal 0.653173 0.757209 0
    outer loop
      vertex 27.8697 80.7495 20
      vertex 26.3273 82.0799 60
      vertex 27.8697 80.7495 60
    endloop
  endfacet
  facet normal 0 0 -1
    outer loop
      vertex 0 50 20
      vertex 24.7215 83.3331 20
      vertex 26.3273 82.0799 20
    endloop
  endfacet
  facet normal 0 0 1
    outer loop
      vertex 0 50 60
      vertex 26.3273 82.0799 60
      vertex 24.7215 83.3331 60
    endloop
  endfacet
  facet normal 0.615232 0.788346 0
    outer loop
      vertex 26.3273 82.0799 20
      vertex 24.7215 83.3331 20
      vertex 24.7215 83.3331 60
    endloop
  endfacet
  facet normal 0.615232 0.788346 0
    outer loop
      vertex 26.3273 82.0799 20
      vertex 24.7215 83.3331 60
      vertex 26.3273 82.0799 60
    endloop
  endfacet
  facet normal 0 0 -1
    outer loop
      vertex 0 50 20
      vertex 23.0562 84.506 20
      vertex 24.7215 83.3331 20
    endloop
  endfacet
  facet normal 0 0 1
    outer loop
      vertex 0 50 60
      vertex 24.7215 83.3331 60
      vertex 23.0562 84.506 60
    endloop
  endfacet
  facet normal 0.575808 0.817585 0
    outer loop
      vertex 24.7215 83.3331 20
      vertex 23.0562 84.506 20
      vertex 23.0562 84.506 60
    endloop
  endfacet
  facet normal 0.575808 0.817585 0
    outer loop
      vertex 24.7215 83.3331 20
      vertex 23.0562 84.506 60
      vertex 24.7215 83.3331 60
    endloop
  endfacet
  facet normal 0 0 -1
    outer loop
      vertex 0 50 20
      vertex 21.3353 85.5957 20
      vertex 23.0562 84.506 20
    endloop
  endfacet
  facet normal 0 0 1
    outer loop
      vertex 0 50 60
      vertex 23.0562 84.506 60
      vertex 21.3353 85.5957 60
    endloop
  endfacet
  facet normal 0.534998 0.844854 0
    outer loop
      vertex 23.0562 84.506 20
      vertex 21.3353 85.5957 20
      vertex 21.3353 85.5957 60
    endloop
  endfacet
  facet normal 0.534998 0.844854 0
    outer loop
      vertex 23.0562 84.506 20
      vertex 21.3353 85.5957 60
      vertex 23.0562 84.506 60
    endloop
  endfacet
  facet normal 0 0 -1
    outer loop
      vertex 0 50 20
      vertex 19.563 86.5997 20
      vertex 21.3353 85.5957 20
    endloop
  endfacet
  facet normal 0 0 1
    outer loop
      vertex 0 50 60
      vertex 21.3353 85.5957 60
      vertex 19.563 86.5997 60
    endloop
  endfacet
  facet normal 0.492898 0.870087 0
    outer loop
      vertex 21.3353 85.5957 20
      vertex 19.563 86.5997 20
      vertex 19.563 86.5997 60
    endloop
  endfacet
  facet normal 0.492898 0.870087 0
    outer loop
      vertex 21.3353 85.5957 20
      vertex 19.563 86.5997 60
      vertex 21.3353 85.5957 60
    endloop
  endfacet
  facet normal 0 0 -1
    outer loop
      vertex 0 50 20
      vertex 17.7435 87.5156 20
      vertex 19.563 86.5997 20
    endloop
  endfacet
  facet normal 0 0 1
    outer loop
      vertex 0 50 60
      vertex 19.563 86.5997 60
      vertex 17.7435 87.5156 60
    endloop
  endfacet
  facet normal 0.449611 0.893224 0
    outer loop
      vertex 19.563 86.5997 20
      vertex 17.7435 87.5156 20
      vertex 17.7435 87.5156 60
    endloop
  endfacet
  facet normal 0.449611 0.893224 0
    outer loop
      vertex 19.563 86.5997 20
      vertex 17.7435 87.5156 60
      vertex 19.563 86.5997 60
    endloop
  endfacet
  facet normal 0 0 -1
    outer loop
      vertex 0 50 20
      vertex 15.8814 88.341 20
      vertex 17.7435 87.5156 20
    endloop
  endfacet
  facet normal 0 0 1
    outer loop
      vertex 0 50 60
      vertex 17.7435 87.5156 60
      vertex 15.8814 88.341 60
    endloop
  endfacet
  facet normal 0.405241 0.91421 0
    outer loop
      vertex 17.7435 87.5156 20
      vertex 15.8814 88.341 20
      vertex 15.8814 88.341 60
    endloop
  endfacet
  facet normal 0.405241 0.91421 0
    outer loop
      vertex 17.7435 87.5156 20
      vertex 15.8814 88.341 60
      vertex 17.7435 87.5156 60
    endloop
  endfacet
  facet normal 0 0 -1
    outer loop
      vertex 0 50 20
      vertex 13.9809 89.0741 20
      vertex 15.8814 88.341 20
    endloop
  endfacet
  facet normal 0 0 1
    outer loop
      vertex 0 50 60
      vertex 15.8814 88.341 60
      vertex 13.9809 89.0741 60
    endloop
  endfacet
  facet normal 0.359895 0.932993 0
    outer loop
      vertex 15.8814 88.341 20
      vertex 13.9809 89.0741 20
      vertex 13.9809 89.0741 60
    endloop
  endfacet
  facet normal 0.359895 0.932993 0
    outer loop
      vertex 15.8814 88.341 20
      vertex 13.9809 89.0741 60
      vertex 15.8814 88.341 60
    endloop
  endfacet
  facet normal 0 0 -1
    outer loop
      vertex 0 50 20
      vertex 12.0468 89.713 20
      vertex 13.9809 89.0741 20
    endloop
  endfacet
  facet normal 0 0 1
    outer loop
      vertex 0 50 60
      vertex 13.9809 89.0741 60
      vertex 12.0468 89.713 60
    endloop
  endfacet
  facet normal 0.313682 0.949528 0
    outer loop
      vertex 13.9809 89.0741 20
      vertex 12.0468 89.713 20
      vertex 12.0468 89.713 60
    endloop
  endfacet
  facet normal 0.313682 0.949528 0
    outer loop
      vertex 13.9809 89.0741 20
      vertex 12.0468 89.713 60
      vertex 13.9809 89.0741 60
    endloop
  endfacet
  facet normal 0 0 -1
    outer loop
      vertex 0 50 20
      vertex 10.0837 90.2563 20
      vertex 12.0468 89.713 20
    endloop
  endfacet
  facet normal 0 0 1
    outer loop
      vertex 0 50 60
      vertex 12.0468 89.713 60
      vertex 10.0837 90.2563 60
    endloop
  endfacet
  facet normal 0.266713 0.963776 0
    outer loop
      vertex 12.0468 89.713 20
      vertex 10.0837 90.2563 20
      vertex 10.0837 90.2563 60
    endloop
  endfacet
  facet normal 0.266713 0.963776 0
    outer loop
      vertex 12.0468 89.713 20
      vertex 10.0837 90.2563 60
      vertex 12.0468 89.713 60
    endloop
  endfacet
  facet normal 0 0 -1
    outer loop
      vertex 0 50 20
      vertex 8.09625 90.7026 20
      vertex 10.0837 90.2563 20
    endloop
  endfacet
  facet normal 0 0 1
    outer loop
      vertex 0 50 60
      vertex 10.0837 90.2563 60
      vertex 8.09625 90.7026 60
    endloop
  endfacet
  facet normal 0.219101 0.975702 0
    outer loop
      vertex 10.0837 90.2563 20
      vertex 8.09625 90.7026 20
      vertex 8.09625 90.7026 60
    endloop
  endfacet
  facet normal 0.219101 0.975702 0
    outer loop
      vertex 10.0837 90.2563 20
      vertex 8.09625 90.7026 60
      vertex 10.0837 90.2563 60
    endloop
  endfacet
  facet normal 0 0 -1
    outer loop
      vertex 0 50 20
      vertex 6.08931 91.0508 20
      vertex 8.09625 90.7026 20
    endloop
  endfacet
  facet normal 0 0 1
    outer loop
      vertex 0 50 60
      vertex 8.09625 90.7026 60
      vertex 6.08931 91.0508 60
    endloop
  endfacet
  facet normal 0.170962 0.985278 0
    outer loop
      vertex 8.09625 90.7026 20
      vertex 6.08931 91.0508 20
      vertex 6.08931 91.0508 60
    endloop
  endfacet
  facet normal 0.170962 0.985278 0
    outer loop
      vertex 8.09625 90.7026 20
      vertex 6.08931 91.0508 60
      vertex 8.09625 90.7026 60
    endloop
  endfacet
  facet normal 0 0 -1
    outer loop
      vertex 0 50 20
      vertex 4.06771 91.3002 20
      vertex 6.08931 91.0508 20
    endloop
  endfacet
  facet normal 0 0 1
    outer loop
      vertex 0 50 60
      vertex 6.08931 91.0508 60
      vertex 4.06771 91.3002 60
    endloop
  endfacet
  facet normal 0.122411 0.99248 0
    outer loop
      vertex 6.08931 91.0508 20
      vertex 4.06771 91.3002 20
      vertex 4.06771 91.3002 60
    endloop
  endfacet
  facet normal 0.122411 0.99248 0
    outer loop
      vertex 6.08931 91.0508 20
      vertex 4.06771 91.3002 60
      vertex 6.08931 91.0508 60
    endloop
  endfacet
  facet normal 0 0 -1
    outer loop
      vertex 0 50 20
      vertex 2.03631 91.45 20
      vertex 4.06771 91.3002 20
    endloop
  endfacet
  facet normal 0 0 1
    outer loop
      vertex 0 50 60
      vertex 4.06771 91.3002 60
      vertex 2.03631 91.45 60
    endloop
  endfacet
  facet normal 0.0735646 0.99729 0
    outer loop
      vertex 4.06771 91.3002 20
      vertex 2.03631 91.45 20
      vertex 2.03631 91.45 60
    endloop
  endfacet
  facet normal 0.0735646 0.99729 0
    outer loop
      vertex 4.06771 91.3002 20
      vertex 2.03631 91.45 60
      vertex 4.06771 91.3002 60
    endloop
  endfacet
  facet normal 0 0 -1
    outer loop
      vertex 0 50 20
      vertex 2.54114e-15 91.5 20
      vertex 2.03631 91.45 20
    endloop
  endfacet
  facet normal 0 0 1
    outer loop
      vertex 0 50 60
      vertex 2.03631 91.45 60
      vertex 2.54114e-15 91.5 60
    endloop
  endfacet
  facet normal 0.0245412 0.999699 0
    outer loop
      vertex 2.03631 91.45 20
      vertex 2.54114e-15 91.5 20
      vertex 2.54114e-15 91.5 60
    endloop
  endfacet
  facet normal 0.0245412 0.999699 0
    outer loop
      vertex 2.03631 91.45 20
      vertex 2.54114e-15 91.5 60
      vertex 2.03631 91.45 60
    endloop
  endfacet
  facet normal 0 0 -1
    outer loop
      vertex 0 50 20
      vertex -2.03631 91.45 20
      vertex 2.54114e-15 91.5 20
    endloop
  endfacet
  facet normal 0 0 1
    outer loop
      vertex 0 50 60
      vertex 2.54114e-15 91.5 60
      vertex -2.03631 91.45 60
    endloop
  endfacet
  facet normal -0.0245412 0.999699 0
    outer loop
      vertex 2.54114e-15 91.5 20
      vertex -2.03631 91.45 20
      vertex -2.03631 91.45 60
    endloop
  endfacet
  facet normal -0.0245412 0.999699 0
    outer loop
      vertex 2.54114e-15 91.5 20
      vertex -2.03631 91.45 60
      vertex 2.54114e-15 91.5 60
    endloop
  endfacet
  facet normal 0 0 -1
    outer loop
      vertex 0 50 20
      vertex -4.06771 91.3002 20
      vertex -2.03631 91.45 20
    endloop
  endfacet
  facet normal 0 0 1
    outer loop
      vertex 0 50 60
      vertex -2.03631 91.45 60
      vertex -4.06771 91.3002 60
    endloop
  endfacet
  facet normal -0.0735646 0.99729 0
    outer loop
      vertex -2.03631 91.45 20
      vertex -4.06771 91.3002 20
      vertex -4.06771 91.3002 60
    endloop
  endfacet
  facet normal -0.0735646 0.99729 0
    outer loop
      vertex -2.03631 91.45 20
      vertex -4.06771 91.3002 60
      vertex -2.03631 91.45 60
    endloop
  endfacet
  facet normal 0 0 -1
    outer loop
      vertex 0 50 20
      vertex -6.08931 91.0508 20
      vertex -4.06771 91.3002 20
    endloop
  endfacet
  facet normal 0 0 1
    outer loop
      vertex 0 50 60
      vertex -4.06771 91.3002 60
      vertex -6.08931 91.0508 60
    endloop
  endfacet
  facet normal -0.122411 0.99248 0
    outer loop
      vertex -4.06771 91.3002 20
      vertex -6.08931 91.0508 20
      vertex -6.08931 91.0508 60
    endloop
  endfacet
  facet normal -0.122411 0.99248 0
    outer loop
      vertex -4.06771 91.3002 20
      vertex -6.08931 91.0508 60
      vertex -4.06771 91.3002 60
    endloop
  endfacet
  facet normal 0 0 -1
    outer loop
      vertex 0 50 20
      vertex -8.09625 90.7026 20
      vertex -6.08931 91.0508 20
    endloop
  endfacet
  facet normal 0 0 1
    outer loop
      vertex 0 50 60
      vertex -6.08931 91.0508 60
      vertex -8.09625 90.7026 60
    endloop
  endfacet
  facet normal -0.170962 0.985278 0
    outer loop
      vertex -6.08931 91.0508 20
      vertex -8.09625 90.7026 20
      vertex -8.09625 90.7026 60
    endloop
  endfacet
  facet normal -0.170962 0.985278 0
    outer loop
      vertex -6.08931 91.0508 20
      vertex -8.09625 90.7026 60
      vertex -6.08931 91.0508 60
    endloop
  endfacet
  facet normal 0 0 -1
    outer loop
      vertex 0 50 20
      vertex -10.0837 90.2563 20
      vertex -8.09625 90.7026 20
    endloop
  endfacet
  facet normal 0 0 1
    outer loop
      vertex 0 50 60
      vertex -8.09625 90.7026 60
      vertex -10.0837 90.2563 60
    endloop
  endfacet
  facet normal -0.219101 0.975702 0
    outer loop
      vertex -8.09625 90.7026 20
      vertex -10.0837 90.2563 20
      vertex -10.0837 90.2563 60
    endloop
  endfacet
  facet normal -0.219101 0.975702 0
    outer loop
      vertex -8.09625 90.7026 20
      vertex -10.0837 90.2563 60
      vertex -8.09625 90.7026 60
    endloop
  endfacet
  facet normal 0 0 -1
    outer loop
      vertex 0 50 20
      vertex -12.0468 89.713 20
      vertex -10.0837 90.2563 20
    endloop
  endfacet
  facet normal 0 0 1
    outer loop
      vertex 0 50 60
      vertex -10.0837 90.2563 60
      vertex -12.0468 89.713 60
    endloop
  endfacet
  facet normal -0.266713 0.963776 0
    outer loop
      vertex -10.0837 90.2563 20
      vertex -12.0468 89.713 20
      vertex -12.0468 89.713 60
    endloop
  endfacet
  facet normal -0.266713 0.963776 0
    outer loop
      vertex -10.0837 90.2563 20
      vertex -12.0468 89.713 60
      vertex -10.0837 90.2563 60
    endloop
  endfacet
  facet normal 0 0 -1
    outer loop
      vertex 0 50 20
      vertex -13.9809 89.0741 20
      vertex -12.0468 89.713 20
    endloop
  endfacet
  facet normal 0 0 1
    outer loop
      vertex 0 50 60
      vertex -12.0468 89.713 60
      vertex -13.9809 89.0741 60
    endloop
  endfacet
  facet normal -0.313682 0.949528 0
    outer loop
      vertex -12.0468 89.713 20
      vertex -13.9809 89.0741 20
      vertex -13.9809 89.0741 60
    endloop
  endfacet
  facet normal -0.313682 0.949528 0
    outer loop
      vertex -12.0468 89.713 20
      vertex -13.9809 89.0741 60
      vertex -12.0468 89.713 60
    endloop
  endfacet
  facet normal 0 0 -1
    outer loop
      vertex 0 50 20
      vertex -15.8814 88.341 20
      vertex -13.9809 89.0741 20
    endloop
  endfacet
  facet normal 0 0 1
    outer loop
      vertex 0 50 60
      vertex -13.9809 89.0741 60
      vertex -15.8814 88.341 60
    endloop
  endfacet
  facet normal -0.359895 0.932993 0
    outer loop
      vertex -13.9809 89.0741 20
      vertex -15.8814 88.341 20
      vertex -15.8814 88.341 60
    endloop
  endfacet
  facet normal -0.359895 0.932993 0
    outer loop
      vertex -13.9809 89.0741 20
      vertex -15.8814 88.341 60
      vertex -13.9809 89.0741 60
    endloop
  endfacet
  facet normal 0 0 -1
    outer loop
      vertex 0 50 20
      vertex -17.7435 87.5156 20
      vertex -15.8814 88.341 20
    endloop
  endfacet
  facet normal 0 0 1
    outer loop
      vertex 0 50 60
      vertex -15.8814 88.341 60
      vertex -17.7435 87.5156 60
    endloop
  endfacet
  facet normal -0.405241 0.91421 0
    outer loop
      vertex -15.8814 88.341 20
      vertex -17.7435 87.5156 20
      vertex -17.7435 87.5156 60
    endloop
  endfacet
  facet normal -0.405241 0.91421 0
    outer loop
      vertex -15.8814 88.341 20
      vertex -17.7435 87.5156 60
      vertex -15.8814 88.341 60
    endloop
  endfacet
  facet normal 0 0 -1
    outer loop
      vertex 0 50 20
      vertex -19.563 86.5997 20
      vertex -17.7435 87.5156 20
    endloop
  endfacet
  facet normal 0 0 1
    outer loop
      vertex 0 50 60
      vertex -17.7435 87.5156 60
      vertex -19.563 86.5997 60
    endloop
  endfacet
  facet normal -0.449611 0.893224 0
    outer loop
      vertex -17.7435 87.5156 20
      vertex -19.563 86.5997 20
      vertex -19.563 86.5997 60
    endloop
  endfacet
  facet normal -0.449611 0.893224 0
    outer loop
      vertex -17.7435 87.5156 20
      vertex -19.563 86.5997 60
      vertex -17.7435 87.5156 60
    endloop
  endfacet
  facet normal 0 0 -1
    outer loop
      vertex 0 50 20
      vertex -21.3353 85.5957 20
      vertex -19.563 86.5997 20
    endloop
  endfacet
  facet normal 0 0 1
    outer loop
      vertex 0 50 60
      vertex -19.563 86.5997 60
      vertex -21.3353 85.5957 60
    endloop
  endfacet
  facet normal -0.492898 0.870087 0
    outer loop
      vertex -19.563 86.5997 20
      vertex -21.3353 85.5957 20
      vertex -21.3353 85.5957 60
    endloop
  endfacet
  facet normal -0.492898 0.870087 0
    outer loop
      vertex -19.563 86.5997 20
      vertex -21.3353 85.5957 60
      vertex -19.563 86.5997 60
    endloop
  endfacet
  facet normal 0 0 -1
    outer loop
      vertex 0 50 20
      vertex -23.0562 84.506 20
      vertex -21.3353 85.5957 20
    endloop
  endfacet
  facet normal 0 0 1
    outer loop
      vertex 0 50 60
      vertex -21.3353 85.5957 60
      vertex -23.0562 84.506 60
    endloop
  endfacet
  facet normal -0.534998 0.844854 0
    outer loop
      vertex -21.3353 85.5957 20
      vertex -23.0562 84.506 20
      vertex -23.0562 84.506 60
    endloop
  endfacet
  facet normal -0.534998 0.844854 0
    outer loop
      vertex -21.3353 85.5957 20
      vertex -23.0562 84.506 60
      vertex -21.3353 85.5957 60
    endloop
  endfacet
  facet normal 0 0 -1
    outer loop
      vertex 0 50 20
      vertex -24.7215 83.3331 20
      vertex -23.0562 84.506 20
    endloop
  endfacet
  facet normal 0 0 1
    outer loop
      vertex 0 50 60
      vertex -23.0562 84.506 60
      vertex -24.7215 83.3331 60
    endloop
  endfacet
  facet normal -0.575808 0.817585 0
    outer loop
      vertex -23.0562 84.506 20
      vertex -24.7215 83.3331 20
      vertex -24.7215 83.3331 60
    endloop
  endfacet
  facet normal -0.575808 0.817585 0
    outer loop
      vertex -23.0562 84.506 20
      vertex -24.7215 83.3331 60
      vertex -23.0562 84.506 60
    endloop
  endfacet
  facet normal 0 0 -1
    outer loop
      vertex 0 50 20
      vertex -26.3273 82.0799 20
      vertex -24.7215 83.3331 20
    endloop
  endfacet
  facet normal 0 0 1
    outer loop
      vertex 0 50 60
      vertex -24.7215 83.3331 60
      vertex -26.3273 82.0799 60
    endloop
  endfacet
  facet normal -0.615232 0.788346 0
    outer loop
      vertex -24.7215 83.3331 20
      vertex -26.3273 82.0799 20
      vertex -26.3273 82.0799 60
    endloop
  endfacet
  facet normal -0.615232 0.788346 0
    outer loop
      vertex -24.7215 83.3331 20
      vertex -26.3273 82.0799 60
      vertex -24.7215 83.3331 60
    endloop
  endfacet
  facet normal 0 0 -1
    outer loop
      vertex 0 50 20
      vertex -27.8697 80.7495 20
      vertex -26.3273 82.0799 20
    endloop
  endfacet
  facet normal 0 0 1
    outer loop
      vertex 0 50 60
      vertex -26.3273 82.0799 60
      vertex -27.8697 80.7495 60
    endloop
  endfacet
  facet normal -0.653173 0.757209 0
    outer loop
      vertex -26.3273 82.0799 20
      vertex -27.8697 80.7495 20
      vertex -27.8697 80.7495 60
    endloop
  endfacet
  facet normal -0.653173 0.757209 0
    outer loop
      vertex -26.3273 82.0799 20
      vertex -27.8697 80.7495 60
      vertex -26.3273 82.0799 60
    endloop
  endfacet
  facet normal 0 0 -1
    outer loop
      vertex 0 50 20
      vertex -29.3449 79.3449 20
      vertex -27.8697 80.7495 20
    endloop
  endfacet
  facet normal 0 0 1
    outer loop
      vertex 0 50 60
      vertex -27.8697 80.7495 60
      vertex -29.3449 79.3449 60
    endloop
  endfacet
  facet normal -0.689541 0.724247 0
    outer loop
      vertex -27.8697 80.7495 20
      vertex -29.3449 79.3449 20
      vertex -29.3449 79.3449 60
    endloop
  endfacet
  facet normal -0.689541 0.724247 0
    outer loop
      vertex -27.8697 80.7495 20
      vertex -29.3449 79.3449 60
      vertex -27.8697 80.7495 60
    endloop
  endfacet
  facet normal 0 0 -1
    outer loop
      vertex 0 50 20
      vertex -30.7495 77.8697 20
      vertex -29.3449 79.3449 20
    endloop
  endfacet
  facet normal 0 0 1
    outer loop
      vertex 0 50 60
      vertex -29.3449 79.3449 60
      vertex -30.7495 77.8697 60
    endloop
  endfacet
  facet normal -0.724247 0.689541 0
    outer loop
      vertex -29.3449 79.3449 20
      vertex -30.7495 77.8697 20
      vertex -30.7495 77.8697 60
    endloop
  endfacet
  facet normal -0.724247 0.689541 0
    outer loop
      vertex -29.3449 79.3449 20
      vertex -30.7495 77.8697 60
      vertex -29.3449 79.3449 60
    endloop
  endfacet
  facet normal 0 0 -1
    outer loop
      vertex 0 50 20
      vertex -32.0799 76.3273 20
      vertex -30.7495 77.8697 20
    endloop
  endfacet
  facet normal 0 0 1
    outer loop
      vertex 0 50 60
      vertex -30.7495 77.8697 60
      vertex -32.0799 76.3273 60
    endloop
  endfacet
  facet normal -0.757209 0.653173 0
    outer loop
      vertex -30.7495 77.8697 20
      vertex -32.0799 76.3273 20
      vertex -32.0799 76.3273 60
    endloop
  endfacet
  facet normal -0.757209 0.653173 0
    outer loop
      vertex -30.7495 77.8697 20
      vertex -32.0799 76.3273 60
      vertex -30.7495 77.8697 60
    endloop
  endfacet
  facet normal 0 0 -1
    outer loop
      vertex 0 50 20
      vertex -33.3331 74.7215 20
      vertex -32.0799 76.3273 20
    endloop
  endfacet
  facet normal 0 0 1
    outer loop
      vertex 0 50 60
      vertex -32.0799 76.3273 60
      vertex -33.3331 74.7215 60
    endloop
  endfacet
  facet normal -0.788346 0.615232 0
    outer loop
      vertex -32.0799 76.3273 20
      vertex -33.3331 74.7215 20
      vertex -33.3331 74.7215 60
    endloop
  endfacet
  facet normal -0.788346 0.615232 0
    outer loop
      vertex -32.0799 76.3273 20
      vertex -33.3331 74.7215 60
      vertex -32.0799 76.3273 60
    endloop
  endfacet
  facet normal 0 0 -1
    outer loop
      vertex 0 50 20
      vertex -34.506 73.0562 20
      vertex -33.3331 74.7215 20
    endloop
  endfacet
  facet normal 0 0 1
    outer loop
      vertex 0 50 60
      vertex -33.3331 74.7215 60
      vertex -34.506 73.0562 60
    endloop
  endfacet
  facet normal -0.817585 0.575808 0
    outer loop
      vertex -33.3331 74.7215 20
      vertex -34.506 73.0562 20
      vertex -34.506 73.0562 60
    endloop
  endfacet
  facet normal -0.817585 0.575808 0
    outer loop
      vertex -33.3331 74.7215 20
      vertex -34.506 73.0562 60
      vertex -33.3331 74.7215 60
    endloop
  endfacet
  facet normal 0 0 -1
    outer loop
      vertex 0 50 20
      vertex -35.5957 71.3353 20
      vertex -34.506 73.0562 20
    endloop
  endfacet
  facet normal 0 0 1
    outer loop
      vertex 0 50 60
      vertex -34.506 73.0562 60
      vertex -35.5957 71.3353 60
    endloop
  endfacet
  facet normal -0.844854 0.534998 0
    outer loop
      vertex -34.506 73.0562 20
      vertex -35.5957 71.3353 20
      vertex -35.5957 71.3353 60
    endloop
  endfacet
  facet normal -0.844854 0.534998 0
    outer loop
      vertex -34.506 73.0562 20
      vertex -35.5957 71.3353 60
      vertex -34.506 73.0562 60
    endloop
  endfacet
  facet normal 0 0 -1
    outer loop
      vertex 0 50 20
      vertex -36.5997 69.563 20
      vertex -35.5957 71.3353 20
    endloop
  endfacet
  facet normal 0 0 1
    outer loop
      vertex 0 50 60
      vertex -35.5957 71.3353 60
      vertex -36.5997 69.563 60
    endloop
  endfacet
  facet normal -0.870087 0.492898 0
    outer loop
      vertex -35.5957 71.3353 20
      vertex -36.5997 69.563 20
      vertex -36.5997 69.563 60
    endloop
  endfacet
  facet normal -0.870087 0.492898 0
    outer loop
      vertex -35.5957 71.3353 20
      vertex -36.5997 69.563 60
      vertex -35.5957 71.3353 60
    endloop
  endfacet
  facet normal 0 0 -1
    outer loop
      vertex 0 50 20
      vertex -37.5156 67.7435 20
      vertex -36.5997 69.563 20
    endloop
  endfacet
  facet normal 0 0 1
    outer loop
      vertex 0 50 60
      vertex -36.5997 69.563 60
      vertex -37.5156 67.7435 60
    endloop
  endfacet
  facet normal -0.893224 0.449611 0
    outer loop
      vertex -36.5997 69.563 20
      vertex -37.5156 67.7435 20
      vertex -37.5156 67.7435 60
    endloop
  endfacet
  facet normal -0.893224 0.449611 0
    outer loop
      vertex -36.5997 69.563 20
      vertex -37.5156 67.7435 60
      vertex -36.5997 69.563 60
    endloop
  endfacet
  facet normal 0 0 -1
    outer loop
      vertex 0 50 20
      vertex -38.341 65.8814 20
      vertex -37.5156 67.7435 20
    endloop
  endfacet
  facet normal 0 0 1
    outer loop
      vertex 0 50 60
      vertex -37.5156 67.7435 60
      vertex -38.341 65.8814 60
    endloop
  endfacet
  facet normal -0.91421 0.405241 0
    outer loop
      vertex -37.5156 67.7435 20
      vertex -38.341 65.8814 20
      vertex -38.341 65.8814 60
    endloop
  endfacet
  facet normal -0.91421 0.405241 0
    outer loop
      vertex -37.5156 67.7435 20
      vertex -38.341 65.8814 60
      vertex -37.5156 67.7435 60
    endloop
  endfacet
  facet normal 0 0 -1
    outer loop
      vertex 0 50 20
      vertex -39.0741 63.9809 20
      vertex -38.341 65.8814 20
    endloop
  endfacet
  facet normal 0 0 1
    outer loop
      vertex 0 50 60
      vertex -38.341 65.8814 60
      vertex -39.0741 63.9809 60
    endloop
  endfacet
  facet normal -0.932993 0.359895 0
    outer loop
      vertex -38.341 65.8814 20
      vertex -39.0741 63.9809 20
      vertex -39.0741 63.9809 60
    endloop
  endfacet
  facet normal -0.932993 0.359895 0
    outer loop
      vertex -38.341 65.8814 20
      vertex -39.0741 63.9809 60
      vertex -38.341 65.8814 60
    endloop
  endfacet
  facet normal 0 0 -1
    outer loop
      vertex 0 50 20
      vertex -39.713 62.0468 20
      vertex -39.0741 63.9809 20
    endloop
  endfacet
  facet normal 0 0 1
    outer loop
      vertex 0 50 60
      vertex -39.0741 63.9809 60
      vertex -39.713 62.0468 60
    endloop
  endfacet
  facet normal -0.949528 0.313682 0
    outer loop
      vertex -39.0741 63.9809 20
      vertex -39.713 62.0468 20
      vertex -39.713 62.0468 60
    endloop
  endfacet
  facet normal -0.949528 0.313682 0
    outer loop
      vertex -39.0741 63.9809 20
      vertex -39.713 62.0468 60
      vertex -39.0741 63.9809 60
    endloop
  endfacet
  facet normal 0 0 -1
    outer loop
      vertex 0 50 20
      vertex -40.2563 60.0837 20
      vertex -39.713 62.0468 20
    endloop
  endfacet
  facet normal 0 0 1
    outer loop
      vertex 0 50 60
      vertex -39.713 62.0468 60
      vertex -40.2563 60.0837 60
    endloop
  endfacet
  facet normal -0.963776 0.266713 0
    outer loop
      vertex -39.713 62.0468 20
      vertex -40.2563 60.0837 20
      vertex -40.2563 60.0837 60
    endloop
  endfacet
  facet normal -0.963776 0.266713 0
    outer loop
      vertex -39.713 62.0468 20
      vertex -40.2563 60.0837 60
      vertex -39.713 62.0468 60
    endloop
  endfacet
  facet normal 0 0 -1
    outer loop
      vertex 0 50 20
      vertex -40.7026 58.0962 20
      vertex -40.2563 60.0837 20
    endloop
  endfacet
  facet normal 0 0 1
    outer loop
      vertex 0 50 60
      vertex -40.2563 60.0837 60
      vertex -40.7026 58.0962 60
    endloop
  endfacet
  facet normal -0.975702 0.219101 0
    outer loop
      vertex -40.2563 60.0837 20
      vertex -40.7026 58.0962 20
      vertex -40.7026 58.0962 60
    endloop
  endfacet
  facet normal -0.975702 0.219101 0
    outer loop
      vertex -40.2563 60.0837 20
      vertex -40.7026 58.0962 60
      vertex -40.2563 60.0837 60
    endloop
  endfacet
  facet normal 0 0 -1
    outer loop
      vertex 0 50 20
      vertex -41.0508 56.0893 20
      vertex -40.7026 58.0962 20
    endloop
  endfacet
  facet normal 0 0 1
    outer loop
      vertex 0 50 60
      vertex -40.7026 58.0962 60
      vertex -41.0508 56.0893 60
    endloop
  endfacet
  facet normal -0.985278 0.170962 0
    outer loop
      vertex -40.7026 58.0962 20
      vertex -41.0508 56.0893 20
      vertex -41.0508 56.0893 60
    endloop
  endfacet
  facet normal -0.985278 0.170962 0
    outer loop
      vertex -40.7026 58.0962 20
      vertex -41.0508 56.0893 60
      vertex -40.7026 58.0962 60
    endloop
  endfacet
  facet normal 0 0 -1
    outer loop
      vertex 0 50 20
      vertex -41.3002 54.0677 20
      vertex -41.0508 56.0893 20
    endloop
  endfacet
  facet normal 0 0 1
    outer loop
      vertex 0 50 60
      vertex -41.0508 56.0893 60
      vertex -41.3002 54.0677 60
    endloop
  endfacet
  facet normal -0.99248 0.122411 0
    outer loop
      vertex -41.0508 56.0893 20
      vertex -41.3002 54.0677 20
      vertex -41.3002 54.0677 60
    endloop
  endfacet
  facet normal -0.99248 0.122411 0
    outer loop
      vertex -41.0508 56.0893 20
      vertex -41.3002 54.0677 60
      vertex -41.0508 56.0893 60
    endloop
  endfacet
  facet normal 0 0 -1
    outer loop
      vertex 0 50 20
      vertex -41.45 52.0363 20
      vertex -41.3002 54.0677 20
    endloop
  endfacet
  facet normal 0 0 1
    outer loop
      vertex 0 50 60
      vertex -41.3002 54.0677 60
      vertex -41.45 52.0363 60
    endloop
  endfacet
  facet normal -0.99729 0.0735646 0
    outer loop
      vertex -41.3002 54.0677 20
      vertex -41.45 52.0363 20
      vertex -41.45 52.0363 60
    endloop
  endfacet
  facet normal -0.99729 0.0735646 0
    outer loop
      vertex -41.3002 54.0677 20
      vertex -41.45 52.0363 60
      vertex -41.3002 54.0677 60
    endloop
  endfacet
  facet normal 0 0 -1
    outer loop
      vertex 0 50 20
      vertex -41.5 50 20
      vertex -41.45 52.0363 20
    endloop
  endfacet
  facet normal 0 0 1
    outer loop
      vertex 0 50 60
      vertex -41.45 52.0363 60
      vertex -41.5 50 60
    endloop
  endfacet
  facet normal -0.999699 0.0245412 0
    outer loop
      vertex -41.45 52.0363 20
      vertex -41.5 50 20
      vertex -41.5 50 60
    endloop
  endfacet
  facet normal -0.999699 0.0245412 0
    outer loop
      vertex -41.45 52.0363 20
      vertex -41.5 50 60
      vertex -41.45 52.0363 60
    endloop
  endfacet
  facet normal 0 0 -1
    outer loop
      vertex 0 50 20
      vertex -41.45 47.9637 20
      vertex -41.5 50 20
    endloop
  endfacet
  facet normal 0 0 1
    outer loop
      vertex 0 50 60
      vertex -41.5 50 60
      vertex -41.45 47.9637 60
    endloop
  endfacet
  facet normal -0.999699 -0.0245412 0
    outer loop
      vertex -41.5 50 20
      vertex -41.45 47.9637 20
      vertex -41.45 47.9637 60
    endloop
  endfacet
  facet normal -0.999699 -0.0245412 0
    outer loop
      vertex -41.5 50 20
      vertex -41.45 47.9637 60
      vertex -41.5 50 60
    endloop
  endfacet
  facet normal 0 0 -1
    outer loop
      vertex 0 50 20
      vertex -41.3002 45.9323 20
      vertex -41.45 47.9637 20
    endloop
  endfacet
  facet normal 0 0 1
    outer loop
      vertex 0 50 60
      vertex -41.45 47.9637 60
      vertex -41.3002 45.9323 60
    endloop
  endfacet
  facet normal -0.99729 -0.0735646 0
    outer loop
      vertex -41.45 47.9637 20
      vertex -41.3002 45.9323 20
      vertex -41.3002 45.9323 60
    endloop
  endfacet
  facet normal -0.99729 -0.0735646 0
    outer loop
      vertex -41.45 47.9637 20
      vertex -41.3002 45.9323 60
      vertex -41.45 47.9637 60
    endloop
  endfacet
  facet normal 0 0 -1
    outer loop
      vertex 0 50 20
      vertex -41.0508 43.9107 20
      vertex -41.3002 45.9323 20
    endloop
  endfacet
  facet normal 0 0 1
    outer loop
      vertex 0 50 60
      vertex -41.3002 45.9323 60
      vertex -41.0508 43.9107 60
    endloop
  endfacet
  facet normal -0.99248 -0.122411 0
    outer loop
      vertex -41.3002 45.9323 20
      vertex -41.0508 43.9107 20
      vertex -41.0508 43.9107 60
    endloop
  endfacet
  facet normal -0.99248 -0.122411 0
    outer loop
      vertex -41.3002 45.9323 20
      vertex -41.0508 43.9107 60
      vertex -41.3002 45.9323 60
    endloop
  endfacet
  facet normal 0 0 -1
    outer loop
      vertex 0 50 20
      vertex -40.7026 41.9038 20
      vertex -41.0508 43.9107 20
    endloop
  endfacet
  facet normal 0 0 1
    outer loop
      vertex 0 50 60
      vertex -41.0508 43.9107 60
      vertex -40.7026 41.9038 60
    endloop
  endfacet
  facet normal -0.985278 -0.170962 0
    outer loop
      vertex -41.0508 43.9107 20
      vertex -40.7026 41.9038 20
      vertex -40.7026 41.9038 60
    endloop
  endfacet
  facet normal -0.985278 -0.170962 0
    outer loop
      vertex -41.0508 43.9107 20
      vertex -40.7026 41.9038 60
      vertex -41.0508 43.9107 60
    endloop
  endfacet
  facet normal 0 0 -1
    outer loop
      vertex 0 50 20
      vertex -40.2563 39.9163 20
      vertex -40.7026 41.9038 20
    endloop
  endfacet
  facet normal 0 0 1
    outer loop
      vertex 0 50 60
      vertex -40.7026 41.9038 60
      vertex -40.2563 39.9163 60
    endloop
  endfacet
  facet normal -0.975702 -0.219101 0
    outer loop
      vertex -40.7026 41.9038 20
      vertex -40.2563 39.9163 20
      vertex -40.2563 39.9163 60
    endloop
  endfacet
  facet normal -0.975702 -0.219101 0
    outer loop
      vertex -40.7026 41.9038 20
      vertex -40.2563 39.9163 60
      vertex -40.7026 41.9038 60
    endloop
  endfacet
  facet normal 0 0 -1
    outer loop
      vertex 0 50 20
      vertex -39.713 37.9532 20
      vertex -40.2563 39.9163 20
    endloop
  endfacet
  facet normal 0 0 1
    outer loop
      vertex 0 50 60
      vertex -40.2563 39.9163 60
      vertex -39.713 37.9532 60
    endloop
  endfacet
  facet normal -0.963776 -0.266713 0
    outer loop
      vertex -40.2563 39.9163 20
      vertex -39.713 37.9532 20
      vertex -39.713 37.9532 60
    endloop
  endfacet
  facet normal -0.963776 -0.266713 0
    outer loop
      vertex -40.2563 39.9163 20
      vertex -39.713 37.9532 60
      vertex -40.2563 39.9163 60
    endloop
  endfacet
  facet normal 0 0 -1
    outer loop
      vertex 0 50 20
      vertex -39.0741 36.0191 20
      vertex -39.713 37.9532 20
    endloop
  endfacet
  facet normal 0 0 1
    outer loop
      vertex 0 50 60
      vertex -39.713 37.9532 60
      vertex -39.0741 36.0191 60
    endloop
  endfacet
  facet normal -0.949528 -0.313682 0
    outer loop
      vertex -39.713 37.9532 20
      vertex -39.0741 36.0191 20
      vertex -39.0741 36.0191 60
    endloop
  endfacet
  facet normal -0.949528 -0.313682 0
    outer loop
      vertex -39.713 37.9532 20
      vertex -39.0741 36.0191 60
      vertex -39.713 37.9532 60
    endloop
  endfacet
  facet normal 0 0 -1
    outer loop
      vertex 0 50 20
      vertex -38.341 34.1186 20
      vertex -39.0741 36.0191 20
    endloop
  endfacet
  facet normal 0 0 1
    outer loop
      vertex 0 50 60
      vertex -39.0741 36.0191 60
      vertex -38.341 34.1186 60
    endloop
  endfacet
  facet normal -0.932993 -0.359895 0
    outer loop
      vertex -39.0741 36.0191 20
      vertex -38.341 34.1186 20
      vertex -38.341 34.1186 60
    endloop
  endfacet
  facet normal -0.932993 -0.359895 0
    outer loop
      vertex -39.0741 36.0191 20
      vertex -38.341 34.1186 60
      vertex -39.0741 36.0191 60
    endloop
  endfacet
  facet normal 0 0 -1
    outer loop
      vertex 0 50 20
      vertex -37.5156 32.2565 20
      vertex -38.341 34.1186 20
    endloop
  endfacet
  facet normal 0 0 1
    outer loop
      vertex 0 50 60
      vertex -38.341 34.1186 60
      vertex -37.5156 32.2565 60
    endloop
  endfacet
  facet normal -0.91421 -0.405241 0
    outer loop
      vertex -38.341 34.1186 20
      vertex -37.5156 32.2565 20
      vertex -37.5156 32.2565 60
    endloop
  endfacet
  facet normal -0.91421 -0.405241 0
    outer loop
      vertex -38.341 34.1186 20
      vertex -37.5156 32.2565 60
      vertex -38.341 34.1186 60
    endloop
  endfacet
  facet normal 0 0 -1
    outer loop
      vertex 0 50 20
      vertex -36.5997 30.437 20
      vertex -37.5156 32.2565 20
    endloop
  endfacet
  facet normal 0 0 1
    outer loop
      vertex 0 50 60
      vertex -37.5156 32.2565 60
      vertex -36.5997 30.437 60
    endloop
  endfacet
  facet normal -0.893224 -0.449611 0
    outer loop
      vertex -37.5156 32.2565 20
      vertex -36.5997 30.437 20
      vertex -36.5997 30.437 60
    endloop
  endfacet
  facet normal -0.893224 -0.449611 0
    outer loop
      vertex -37.5156 32.2565 20
      vertex -36.5997 30.437 60
      vertex -37.5156 32.2565 60
    endloop
  endfacet
  facet normal 0 0 -1
    outer loop
      vertex 0 50 20
      vertex -35.5957 28.6647 20
      vertex -36.5997 30.437 20
    endloop
  endfacet
  facet normal 0 0 1
    outer loop
      vertex 0 50 60
      vertex -36.5997 30.437 60
      vertex -35.5957 28.6647 60
    endloop
  endfacet
  facet normal -0.870087 -0.492898 0
    outer loop
      vertex -36.5997 30.437 20
      vertex -35.5957 28.6647 20
      vertex -35.5957 28.6647 60
    endloop
  endfacet
  facet normal -0.870087 -0.492898 0
    outer loop
      vertex -36.5997 30.437 20
      vertex -35.5957 28.6647 60
      vertex -36.5997 30.437 60
    endloop
  endfacet
  facet normal 0 0 -1
    outer loop
      vertex 0 50 20
      vertex -34.506 26.9438 20
      vertex -35.5957 28.6647 20
    endloop
  endfacet
  facet normal 0 0 1
    outer loop
      vertex 0 50 60
      vertex -35.5957 28.6647 60
      vertex -34.506 26.9438 60
    endloop
  endfacet
  facet normal -0.844854 -0.534998 0
    outer loop
      vertex -35.5957 28.6647 20
      vertex -34.506 26.9438 20
      vertex -34.506 26.9438 60
    endloop
  endfacet
  facet normal -0.844854 -0.534998 0
    outer loop
      vertex -35.5957 28.6647 20
      vertex -34.506 26.9438 60
      vertex -35.5957 28.6647 60
    endloop
  endfacet
  facet normal 0 0 -1
    outer loop
      vertex 0 50 20
      vertex -33.3331 25.2785 20
      vertex -34.506 26.9438 20
    endloop
  endfacet
  facet normal 0 0 1
    outer loop
      vertex 0 50 60
      vertex -34.506 26.9438 60
      vertex -33.3331 25.2785 60
    endloop
  endfacet
  facet normal -0.817585 -0.575808 0
    outer loop
      vertex -34.506 26.9438 20
      vertex -33.3331 25.2785 20
      vertex -33.3331 25.2785 60
    endloop
  endfacet
  facet normal -0.817585 -0.575808 0
    outer loop
      vertex -34.506 26.9438 20
      vertex -33.3331 25.2785 60
      vertex -34.506 26.9438 60
    endloop
  endfacet
  facet normal 0 0 -1
    outer loop
      vertex 0 50 20
      vertex -32.0799 23.6727 20
      vertex -33.3331 25.2785 20
    endloop
  endfacet
  facet normal 0 0 1
    outer loop
      vertex 0 50 60
      vertex -33.3331 25.2785 60
      vertex -32.0799 23.6727 60
    endloop
  endfacet
  facet normal -0.788346 -0.615232 0
    outer loop
      vertex -33.3331 25.2785 20
      vertex -32.0799 23.6727 20
      vertex -32.0799 23.6727 60
    endloop
  endfacet
  facet normal -0.788346 -0.615232 0
    outer loop
      vertex -33.3331 25.2785 20
      vertex -32.0799 23.6727 60
      vertex -33.3331 25.2785 60
    endloop
  endfacet
  facet normal 0 0 -1
    outer loop
      vertex 0 50 20
      vertex -30.7495 22.1303 20
      vertex -32.0799 23.6727 20
    endloop
  endfacet
  facet normal 0 0 1
    outer loop
      vertex 0 50 60
      vertex -32.0799 23.6727 60
      vertex -30.7495 22.1303 60
    endloop
  endfacet
  facet normal -0.757209 -0.653173 0
    outer loop
      vertex -32.0799 23.6727 20
      vertex -30.7495 22.1303 20
      vertex -30.7495 22.1303 60
    endloop
  endfacet
  facet normal -0.757209 -0.653173 0
    outer loop
      vertex -32.0799 23.6727 20
      vertex -30.7495 22.1303 60
      vertex -32.0799 23.6727 60
    endloop
  endfacet
  facet normal 0 0 -1
    outer loop
      vertex 0 50 20
      vertex -29.3449 20.6551 20
      vertex -30.7495 22.1303 20
    endloop
  endfacet
  facet normal 0 0 1
    outer loop
      vertex 0 50 60
      vertex -30.7495 22.1303 60
      vertex -29.3449 20.6551 60
    endloop
  endfacet
  facet normal -0.724247 -0.689541 0
    outer loop
      vertex -30.7495 22.1303 20
      vertex -29.3449 20.6551 20
      vertex -29.3449 20.6551 60
    endloop
  endfacet
  facet normal -0.724247 -0.689541 0
    outer loop
      vertex -30.7495 22.1303 20
      vertex -29.3449 20.6551 60
      vertex -30.7495 22.1303 60
    endloop
  endfacet
  facet normal 0 0 -1
    outer loop
      vertex 0 50 20
      vertex -27.8697 19.2505 20
      vertex -29.3449 20.6551 20
    endloop
  endfacet
  facet normal 0 0 1
    outer loop
      vertex 0 50 60
      vertex -29.3449 20.6551 60
      vertex -27.8697 19.2505 60
    endloop
  endfacet
  facet normal -0.689541 -0.724247 0
    outer loop
      vertex -29.3449 20.6551 20
      vertex -27.8697 19.2505 20
      vertex -27.8697 19.2505 60
    endloop
  endfacet
  facet normal -0.689541 -0.724247 0
    outer loop
      vertex -29.3449 20.6551 20
      vertex -27.8697 19.2505 60
      vertex -29.3449 20.6551 60
    endloop
  endfacet
  facet normal 0 0 -1
    outer loop
      vertex 0 50 20
      vertex -26.3273 17.9201 20
      vertex -27.8697 19.2505 20
    endloop
  endfacet
  facet normal 0 0 1
    outer loop
      vertex 0 50 60
      vertex -27.8697 19.2505 60
      vertex -26.3273 17.9201 60
    endloop
  endfacet
  facet normal -0.653173 -0.757209 0
    outer loop
      vertex -27.8697 19.2505 20
      vertex -26.3273 17.9201 20
      vertex -26.3273 17.9201 60
    endloop
  endfacet
  facet normal -0.653173 -0.757209 0
    outer loop
      vertex -27.8697 19.2505 20
      vertex -26.3273 17.9201 60
      vertex -27.8697 19.2505 60
    endloop
  endfacet
  facet normal 0 0 -1
    outer loop
      vertex 0 50 20
      vertex -24.7215 16.6669 20
      vertex -26.3273 17.9201 20
    endloop
  endfacet
  facet normal 0 0 1
    outer loop
      vertex 0 50 60
      vertex -26.3273 17.9201 60
      vertex -24.7215 16.6669 60
    endloop
  endfacet
  facet normal -0.615232 -0.788346 0
    outer loop
      vertex -26.3273 17.9201 20
      vertex -24.7215 16.6669 20
      vertex -24.7215 16.6669 60
    endloop
  endfacet
  facet normal -0.615232 -0.788346 0
    outer loop
      vertex -26.3273 17.9201 20
      vertex -24.7215 16.6669 60
      vertex -26.3273 17.9201 60
    endloop
  endfacet
  facet normal 0 0 -1
    outer loop
      vertex 0 50 20
      vertex -23.0562 15.494 20
      vertex -24.7215 16.6669 20
    endloop
  endfacet
  facet normal 0 0 1
    outer loop
      vertex 0 50 60
      vertex -24.7215 16.6669 60
      vertex -23.0562 15.494 60
    endloop
  endfacet
  facet normal -0.575808 -0.817585 0
    outer loop
      vertex -24.7215 16.6669 20
      vertex -23.0562 15.494 20
      vertex -23.0562 15.494 60
    endloop
  endfacet
  facet normal -0.575808 -0.817585 0
    outer loop
      vertex -24.7215 16.6669 20
      vertex -23.0562 15.494 60
      vertex -24.7215 16.6669 60
    endloop
  endfacet
  facet normal 0 0 -1
    outer loop
      vertex 0 50 20
      vertex -21.3353 14.4043 20
      vertex -23.0562 15.494 20
    endloop
  endfacet
  facet normal 0 0 1
    outer loop
      vertex 0 50 60
      vertex -23.0562 15.494 60
      vertex -21.3353 14.4043 60
    endloop
  endfacet
  facet normal -0.534998 -0.844854 0
    outer loop
      vertex -23.0562 15.494 20
      vertex -21.3353 14.4043 20
      vertex -21.3353 14.4043 60
    endloop
  endfacet
  facet normal -0.534998 -0.844854 0
    outer loop
      vertex -23.0562 15.494 20
      vertex -21.3353 14.4043 60
      vertex -23.0562 15.494 60
    endloop
  endfacet
  facet normal 0 0 -1
    outer loop
      vertex 0 50 20
      vertex -19.563 13.4003 20
      vertex -21.3353 14.4043 20
    endloop
  endfacet
  facet normal 0 0 1
    outer loop
      vertex 0 50 60
      vertex -21.3353 14.4043 60
      vertex -19.563 13.4003 60
    endloop
  endfacet
  facet normal -0.492898 -0.870087 0
    outer loop
      vertex -21.3353 14.4043 20
      vertex -19.563 13.4003 20
      vertex -19.563 13.4003 60
    endloop
  endfacet
  facet normal -0.492898 -0.870087 0
    outer loop
      vertex -21.3353 14.4043 20
      vertex -19.563 13.4003 60
      vertex -21.3353 14.4043 60
    endloop
  endfacet
  facet normal 0 0 -1
    outer loop
      vertex 0 50 20
      vertex -17.7435 12.4844 20
      vertex -19.563 13.4003 20
    endloop
  endfacet
  facet normal 0 0 1
    outer loop
      vertex 0 50 60
      vertex -19.563 13.4003 60
      vertex -17.7435 12.4844 60
    endloop
  endfacet
  facet normal -0.449611 -0.893224 0
    outer loop
      vertex -19.563 13.4003 20
      vertex -17.7435 12.4844 20
      vertex -17.7435 12.4844 60
    endloop
  endfacet
  facet normal -0.449611 -0.893224 0
    outer loop
      vertex -19.563 13.4003 20
      vertex -17.7435 12.4844 60
      vertex -19.563 13.4003 60
    endloop
  endfacet
  facet normal 0 0 -1
    outer loop
      vertex 0 50 20
      vertex -15.8814 11.659 20
      vertex -17.7435 12.4844 20
    endloop
  endfacet
  facet normal 0 0 1
    outer loop
      vertex 0 50 60
      vertex -17.7435 12.4844 60
      vertex -15.8814 11.659 60
    endloop
  endfacet
  facet normal -0.405241 -0.91421 0
    outer loop
      vertex -17.7435 12.4844 20
      vertex -15.8814 11.659 20
      vertex -15.8814 11.659 60
    endloop
  endfacet
  facet normal -0.405241 -0.91421 0
    outer loop
      vertex -17.7435 12.4844 20
      vertex -15.8814 11.659 60
      vertex -17.7435 12.4844 60
    endloop
  endfacet
  facet normal 0 0 -1
    outer loop
      vertex 0 50 20
      vertex -13.9809 10.9259 20
      vertex -15.8814 11.659 20
    endloop
  endfacet
  facet normal 0 0 1
    outer loop
      vertex 0 50 60
      vertex -15.8814 11.659 60
      vertex -13.9809 10.9259 60
    endloop
  endfacet
  facet normal -0.359895 -0.932993 0
    outer loop
      vertex -15.8814 11.659 20
      vertex -13.9809 10.9259 20
      vertex -13.9809 10.9259 60
    endloop
  endfacet
  facet normal -0.359895 -0.932993 0
    outer loop
      vertex -15.8814 11.659 20
      vertex -13.9809 10.9259 60
      vertex -15.8814 11.659 60
    endloop
  endfacet
  facet normal 0 0 -1
    outer loop
      vertex 0 50 20
      vertex -12.0468 10.287 20
      vertex -13.9809 10.9259 20
    endloop
  endfacet
  facet normal 0 0 1
    outer loop
      vertex 0 50 60
      vertex -13.9809 10.9259 60
      vertex -12.0468 10.287 60
    endloop
  endfacet
  facet normal -0.313682 -0.949528 0
    outer loop
      vertex -13.9809 10.9259 20
      vertex -12.0468 10.287 20
      vertex -12.0468 10.287 60
    endloop
  endfacet
  facet normal -0.313682 -0.949528 0
    outer loop
      vertex -13.9809 10.9259 20
      vertex -12.0468 10.287 60
      vertex -13.9809 10.9259 60
    endloop
  endfacet
  facet normal 0 0 -1
    outer loop
      vertex 0 50 20
      vertex -10.0837 9.7437 20
      vertex -12.0468 10.287 20
    endloop
  endfacet
  facet normal 0 0 1
    outer loop
      vertex 0 50 60
      vertex -12.0468 10.287 60
      vertex -10.0837 9.7437 60
    endloop
  endfacet
  facet normal -0.266713 -0.963776 0
    outer loop
      vertex -12.0468 10.287 20
      vertex -10.0837 9.7437 20
      vertex -10.0837 9.7437 60
    endloop
  endfacet
  facet normal -0.266713 -0.963776 0
    outer loop
      vertex -12.0468 10.287 20
      vertex -10.0837 9.7437 60
      vertex -12.0468 10.287 60
    endloop
  endfacet
  facet normal 0 0 -1
    outer loop
      vertex 0 50 20
      vertex -8.09625 9.29741 20
      vertex -10.0837 9.7437 20
    endloop
  endfacet
  facet normal 0 0 1
    outer loop
      vertex 0 50 60
      vertex -10.0837 9.7437 60
      vertex -8.09625 9.29741 60
    endloop
  endfacet
  facet normal -0.219101 -0.975702 0
    outer loop
      vertex -10.0837 9.7437 20
      vertex -8.09625 9.29741 20
      vertex -8.09625 9.29741 60
    endloop
  endfacet
  facet normal -0.219101 -0.975702 0
    outer loop
      vertex -10.0837 9.7437 20
      vertex -8.09625 9.29741 60
      vertex -10.0837 9.7437 60
    endloop
  endfacet
  facet normal 0 0 -1
    outer loop
      vertex 0 50 20
      vertex -6.08931 8.94917 20
      vertex -8.09625 9.29741 20
    endloop
  endfacet
  facet normal 0 0 1
    outer loop
      vertex 0 50 60
      vertex -8.09625 9.29741 60
      vertex -6.08931 8.94917 60
    endloop
  endfacet
  facet normal -0.170962 -0.985278 0
    outer loop
      vertex -8.09625 9.29741 20
      vertex -6.08931 8.94917 20
      vertex -6.08931 8.94917 60
    endloop
  endfacet
  facet normal -0.170962 -0.985278 0
    outer loop
      vertex -8.09625 9.29741 20
      vertex -6.08931 8.94917 60
      vertex -8.09625 9.29741 60
    endloop
  endfacet
  facet normal 0 0 -1
    outer loop
      vertex 0 50 20
      vertex -4.06771 8.69983 20
      vertex -6.08931 8.94917 20
    endloop
  endfacet
  facet normal 0 0 1
    outer loop
      vertex 0 50 60
      vertex -6.08931 8.94917 60
      vertex -4.06771 8.69983 60
    endloop
  endfacet
  facet normal -0.122411 -0.99248 0
    outer loop
      vertex -6.08931 8.94917 20
      vertex -4.06771 8.69983 20
      vertex -4.06771 8.69983 60
    endloop
  endfacet
  facet normal -0.122411 -0.99248 0
    outer loop
      vertex -6.08931 8.94917 20
      vertex -4.06771 8.69983 60
      vertex -6.08931 8.94917 60
    endloop
  endfacet
  facet normal 0 0 -1
    outer loop
      vertex 0 50 20
      vertex -2.03631 8.54999 20
      vertex -4.06771 8.69983 20
    endloop
  endfacet
  facet normal 0 0 1
    outer loop
      vertex 0 50 60
      vertex -4.06771 8.69983 60
      vertex -2.03631 8.54999 60
    endloop
  endfacet
  facet normal -0.0735646 -0.99729 0
    outer loop
      vertex -4.06771 8.69983 20
      vertex -2.03631 8.54999 20
      vertex -2.03631 8.54999 60
    endloop
  endfacet
  facet normal -0.0735646 -0.99729 0
    outer loop
      vertex -4.06771 8.69983 20
      vertex -2.03631 8.54999 60
      vertex -4.06771 8.69983 60
    endloop
  endfacet
  facet normal 0 0 -1
    outer loop
      vertex 0 50 20
      vertex -7.62343e-15 8.5 20
      vertex -2.03631 8.54999 20
    endloop
  endfacet
  facet normal 0 0 1
    outer loop
      vertex 0 50 60
      vertex -2.03631 8.54999 60
      vertex -7.62343e-15 8.5 60
    endloop
  endfacet
  facet normal -0.0245412 -0.999699 0
    outer loop
      vertex -2.03631 8.54999 20
      vertex -7.62343e-15 8.5 20
      vertex -7.62343e-15 8.5 60
    endloop
  endfacet
  facet normal -0.0245412 -0.999699 0
    outer loop
      vertex -2.03631 8.54999 20
      vertex -7.62343e-15 8.5 60
      vertex -2.03631 8.54999 60
    endloop
  endfacet
  facet normal 0 0 -1
    outer loop
      vertex 0 50 20
      vertex 2.03631 8.54999 20
      vertex -7.62343e-15 8.5 20
    endloop
  endfacet
  facet normal 0 0 1
    outer loop
      vertex 0 50 60
      vertex -7.62343e-15 8.5 60
      vertex 2.03631 8.54999 60
    endloop
  endfacet
  facet normal 0.0245412 -0.999699 0
    outer loop
      vertex -7.62343e-15 8.5 20
      vertex 2.03631 8.54999 20
      vertex 2.03631 8.54999 60
    endloop
  endfacet
  facet normal 0.0245412 -0.999699 0
    outer loop
      vertex -7.62343e-15 8.5 20
      vertex 2.03631 8.54999 60
      vertex -7.62343e-15 8.5 60
    endloop
  endfacet
  facet normal 0 0 -1
    outer loop
      vertex 0 50 20
      vertex 4.06771 8.69983 20
      vertex 2.03631 8.54999 20
    endloop
  endfacet
  facet normal 0 0 1
    outer loop
      vertex 0 50 60
      vertex 2.03631 8.54999 60
      vertex 4.06771 8.69983 60
    endloop
  endfacet
  facet normal 0.0735646 -0.99729 0
    outer loop
      vertex 2.03631 8.54999 20
      vertex 4.06771 8.69983 20
      vertex 4.06771 8.69983 60
    endloop
  endfacet
  facet normal 0.0735646 -0.99729 0
    outer loop
      vertex 2.03631 8.54999 20
      vertex 4.06771 8.69983 60
      vertex 2.03631 8.54999 60
    endloop
  endfacet
  facet normal 0 0 -1
    outer loop
      vertex 0 50 20
      vertex 6.08931 8.94917 20
      vertex 4.06771 8.69983 20
    endloop
  endfacet
  facet normal 0 0 1
    outer loop
      vertex 0 50 60
      vertex 4.06771 8.69983 60
      vertex 6.08931 8.94917 60
    endloop
  endfacet
  facet normal 0.122411 -0.99248 0
    outer loop
      vertex 4.06771 8.69983 20
      vertex 6.08931 8.94917 20
      vertex 6.08931 8.94917 60
    endloop
  endfacet
  facet normal 0.122411 -0.99248 0
    outer loop
      vertex 4.06771 8.69983 20
      vertex 6.08931 8.94917 60
      vertex 4.06771 8.69983 60
    endloop
  endfacet
  facet normal 0 0 -1
    outer loop
      vertex 0 50 20
      vertex 8.09625 9.29741 20
      vertex 6.08931 8.94917 20
    endloop
  endfacet
  facet normal 0 0 1
    outer loop
      vertex 0 50 60
      vertex 6.08931 8.94917 60
      vertex 8.09625 9.29741 60
    endloop
  endfacet
  facet normal 0.170962 -0.985278 0
    outer loop
      vertex 6.08931 8.94917 20
      vertex 8.09625 9.29741 20
      vertex 8.09625 9.29741 60
    endloop
  endfacet
  facet normal 0.170962 -0.985278 0
    outer loop
      vertex 6.08931 8.94917 20
      vertex 8.09625 9.29741 60
      vertex 6.08931 8.94917 60
    endloop
  endfacet
  facet normal 0 0 -1
    outer loop
      vertex 0 50 20
      vertex 10.0837 9.7437 20
      vertex 8.09625 9.29741 20
    endloop
  endfacet
  facet normal 0 0 1
    outer loop
      vertex 0 50 60
      vertex 8.09625 9.29741 60
      vertex 10.0837 9.7437 60
    endloop
  endfacet
  facet normal 0.219101 -0.975702 0
    outer loop
      vertex 8.09625 9.29741 20
      vertex 10.0837 9.7437 20
      vertex 10.0837 9.7437 60
    endloop
  endfacet
  facet normal 0.219101 -0.975702 0
    outer loop
      vertex 8.09625 9.29741 20
      vertex 10.0837 9.7437 60
      vertex 8.09625 9.29741 60
    endloop
  endfacet
  facet normal 0 0 -1
    outer loop
      vertex 0 50 20
      vertex 12.0468 10.287 20
      vertex 10.0837 9.7437 20
    endloop
  endfacet
  facet normal 0 0 1
    outer loop
      vertex 0 50 60
      vertex 10.0837 9.7437 60
      vertex 12.0468 10.287 60
    endloop
  endfacet
  facet normal 0.266713 -0.963776 0
    outer loop
      vertex 10.0837 9.7437 20
      vertex 12.0468 10.287 20
      vertex 12.0468 10.287 60
    endloop
  endfacet
  facet normal 0.266713 -0.963776 0
    outer loop
      vertex 10.0837 9.7437 20
      vertex 12.0468 10.287 60
      vertex 10.0837 9.7437 60
    endloop
  endfacet
  facet normal 0 0 -1
    outer loop
      vertex 0 50 20
      vertex 13.9809 10.9259 20
      vertex 12.0468 10.287 20
    endloop
  endfacet
  facet normal 0 0 1
    outer loop
      vertex 0 50 60
      vertex 12.0468 10.287 60
      vertex 13.9809 10.9259 60
    endloop
  endfacet
  facet normal 0.313682 -0.949528 0
    outer loop
      vertex 12.0468 10.287 20
      vertex 13.9809 10.9259 20
      vertex 13.9809 10.9259 60
    endloop
  endfacet
  facet normal 0.313682 -0.949528 0
    outer loop
      vertex 12.0468 10.287 20
      vertex 13.9809 10.9259 60
      vertex 12.0468 10.287 60
    endloop
  endfacet
  facet normal 0 0 -1
    outer loop
      vertex 0 50 20
      vertex 15.8814 11.659 20
      vertex 13.9809 10.9259 20
    endloop
  endfacet
  facet normal 0 0 1
    outer loop
      vertex 0 50 60
      vertex 13.9809 10.9259 60
      vertex 15.8814 11.659 60
    endloop
  endfacet
  facet normal 0.359895 -0.932993 0
    outer loop
      vertex 13.9809 10.9259 20
      vertex 15.8814 11.659 20
      vertex 15.8814 11.659 60
    endloop
  endfacet
  facet normal 0.359895 -0.932993 0
    outer loop
      vertex 13.9809 10.9259 20
      vertex 15.8814 11.659 60
      vertex 13.9809 10.9259 60
    endloop
  endfacet
  facet normal 0 0 -1
    outer loop
      vertex 0 50 20
      vertex 17.7435 12.4844 20
      vertex 15.8814 11.659 20
    endloop
  endfacet
  facet normal 0 0 1
    outer loop
      vertex 0 50 60
      vertex 15.8814 11.659 60
      vertex 17.7435 12.4844 60
    endloop
  endfacet
  facet normal 0.405241 -0.91421 0
    outer loop
      vertex 15.8814 11.659 20
      vertex 17.7435 12.4844 20
      vertex 17.7435 12.4844 60
    endloop
  endfacet
  facet normal 0.405241 -0.91421 0
    outer loop
      vertex 15.8814 11.659 20
      vertex 17.7435 12.4844 60
      vertex 15.8814 11.659 60
    endloop
  endfacet
  facet normal 0 0 -1
    outer loop
      vertex 0 50 20
      vertex 19.563 13.4003 20
      vertex 17.7435 12.4844 20
    endloop
  endfacet
  facet normal 0 0 1
    outer loop
      vertex 0 50 60
      vertex 17.7435 12.4844 60
      vertex 19.563 13.4003 60
    endloop
  endfacet
  facet normal 0.449611 -0.893224 0
    outer loop
      vertex 17.7435 12.4844 20
      vertex 19.563 13.4003 20
      vertex 19.563 13.4003 60
    endloop
  endfacet
  facet normal 0.449611 -0.893224 0
    outer loop
      vertex 17.7435 12.4844 20
      vertex 19.563 13.4003 60
      vertex 17.7435 12.4844 60
    endloop
  endfacet
  facet normal 0 0 -1
    outer loop
      vertex 0 50 20
      vertex 21.3353 14.4043 20
      vertex 19.563 13.4003 20
    endloop
  endfacet
  facet normal 0 0 1
    outer loop
      vertex 0 50 60
      vertex 19.563 13.4003 60
      vertex 21.3353 14.4043 60
    endloop
  endfacet
  facet normal 0.492898 -0.870087 0
    outer loop
      vertex 19.563 13.4003 20
      vertex 21.3353 14.4043 20
      vertex 21.3353 14.4043 60
    endloop
  endfacet
  facet normal 0.492898 -0.870087 0
    outer loop
      vertex 19.563 13.4003 20
      vertex 21.3353 14.4043 60
      vertex 19.563 13.4003 60
    endloop
  endfacet
  facet normal 0 0 -1
    outer loop
      vertex 0 50 20
      vertex 23.0562 15.494 20
      vertex 21.3353 14.4043 20
    endloop
  endfacet
  facet normal 0 0 1
    outer loop
      vertex 0 50 60
      vertex 21.3353 14.4043 60
      vertex 23.0562 15.494 60
    endloop
  endfacet
  facet normal 0.534998 -0.844854 0
    outer loop
      vertex 21.3353 14.4043 20
      vertex 23.0562 15.494 20
      vertex 23.0562 15.494 60
    endloop
  endfacet
  facet normal 0.534998 -0.844854 0
    outer loop
      vertex 21.3353 14.4043 20
      vertex 23.0562 15.494 60
      vertex 21.3353 14.4043 60
    endloop
  endfacet
  facet normal 0 0 -1
    outer loop
      vertex 0 50 20
      vertex 24.7215 16.6669 20
      vertex 23.0562 15.494 20
    endloop
  endfacet
  facet normal 0 0 1
    outer loop
      vertex 0 50 60
      vertex 23.0562 15.494 60
      vertex 24.7215 16.6669 60
    endloop
  endfacet
  facet normal 0.575808 -0.817585 0
    outer loop
      vertex 23.0562 15.494 20
      vertex 24.7215 16.6669 20
      vertex 24.7215 16.6669 60
    endloop
  endfacet
  facet normal 0.575808 -0.817585 0
    outer loop
      vertex 23.0562 15.494 20
      vertex 24.7215 16.6669 60
      vertex 23.0562 15.494 60
    endloop
  endfacet
  facet normal 0 0 -1
    outer loop
      vertex 0 50 20
      vertex 26.3273 17.9201 20
      vertex 24.7215 16.6669 20
    endloop
  endfacet
  facet normal 0 0 1
    outer loop
      vertex 0 50 60
      vertex 24.7215 16.6669 60
      vertex 26.3273 17.9201 60
    endloop
  endfacet
  facet normal 0.615232 -0.788346 0
    outer loop
      vertex 24.7215 16.6669 20
      vertex 26.3273 17.9201 20
      vertex 26.3273 17.9201 60
    endloop
  endfacet
  facet normal 0.615232 -0.788346 0
    outer loop
      vertex 24.7215 16.6669 20
      vertex 26.3273 17.9201 60
      vertex 24.7215 16.6669 60
    endloop
  endfacet
  facet normal 0 0 -1
    outer loop
      vertex 0 50 20
      vertex 27.8697 19.2505 20
      vertex 26.3273 17.9201 20
    endloop
  endfacet
  facet normal 0 0 1
    outer loop
      vertex 0 50 60
      vertex 26.3273 17.9201 60
      vertex 27.8697 19.2505 60
    endloop
  endfacet
  facet normal 0.653173 -0.757209 0
    outer loop
      vertex 26.3273 17.9201 20
      vertex 27.8697 19.2505 20
      vertex 27.8697 19.2505 60
    endloop
  endfacet
  facet normal 0.653173 -0.757209 0
    outer loop
      vertex 26.3273 17.9201 20
      vertex 27.8697 19.2505 60
      vertex 26.3273 17.9201 60
    endloop
  endfacet
  facet normal 0 0 -1
    outer loop
      vertex 0 50 20
      vertex 29.3449 20.6551 20
      vertex 27.8697 19.2505 20
    endloop
  endfacet
  facet normal 0 0 1
    outer loop
      vertex 0 50 60
      vertex 27.8697 19.2505 60
      vertex 29.3449 20.6551 60
    endloop
  endfacet
  facet normal 0.689541 -0.724247 0
    outer loop
      vertex 27.8697 19.2505 20
      vertex 29.3449 20.6551 20
      vertex 29.3449 20.6551 60
    endloop
  endfacet
  facet normal 0.689541 -0.724247 0
    outer loop
      vertex 27.8697 19.2505 20
      vertex 29.3449 20.6551 60
      vertex 27.8697 19.2505 60
    endloop
  endfacet
  facet normal 0 0 -1
    outer loop
      vertex 0 50 20
      vertex 30.7495 22.1303 20
      vertex 29.3449 20.6551 20
    endloop
  endfacet
  facet normal 0 0 1
    outer loop
      vertex 0 50 60
      vertex 29.3449 20.6551 60
      vertex 30.7495 22.1303 60
    endloop
  endfacet
  facet normal 0.724247 -0.689541 0
    outer loop
      vertex 29.3449 20.6551 20
      vertex 30.7495 22.1303 20
      vertex 30.7495 22.1303 60
    endloop
  endfacet
  facet normal 0.724247 -0.689541 0
    outer loop
      vertex 29.3449 20.6551 20
      vertex 30.7495 22.1303 60
      vertex 29.3449 20.6551 60
    endloop
  endfacet
  facet normal 0 0 -1
    outer loop
      vertex 0 50 20
      vertex 32.0799 23.6727 20
      vertex 30.7495 22.1303 20
    endloop
  endfacet
  facet normal 0 0 1
    outer loop
      vertex 0 50 60
      vertex 30.7495 22.1303 60
      vertex 32.0799 23.6727 60
    endloop
  endfacet
  facet normal 0.757209 -0.653173 0
    outer loop
      vertex 30.7495 22.1303 20
      vertex 32.0799 23.6727 20
      vertex 32.0799 23.6727 60
    endloop
  endfacet
  facet normal 0.757209 -0.653173 0
    outer loop
      vertex 30.7495 22.1303 20
      vertex 32.0799 23.6727 60
      vertex 30.7495 22.1303 60
    endloop
  endfacet
  facet normal 0 0 -1
    outer loop
      vertex 0 50 20
      vertex 33.3331 25.2785 20
      vertex 32.0799 23.6727 20
    endloop
  endfacet
  facet normal 0 0 1
    outer loop
      vertex 0 50 60
      vertex 32.0799 23.6727 60
      vertex 33.3331 25.2785 60
    endloop
  endfacet
  facet normal 0.788346 -0.615232 0
    outer loop
      vertex 32.0799 23.6727 20
      vertex 33.3331 25.2785 20
      vertex 33.3331 25.2785 60
    endloop
  endfacet
  facet normal 0.788346 -0.615232 0
    outer loop
      vertex 32.0799 23.6727 20
      vertex 33.3331 25.2785 60
      vertex 32.0799 23.6727 60
    endloop
  endfacet
  facet normal 0 0 -1
    outer loop
      vertex 0 50 20
      vertex 34.506 26.9438 20
      vertex 33.3331 25.2785 20
    endloop
  endfacet
  facet normal 0 0 1
    outer loop
      vertex 0 50 60
      vertex 33.3331 25.2785 60
      vertex 34.506 26.9438 60
    endloop
  endfacet
  facet normal 0.817585 -0.575808 0
    outer loop
      vertex 33.3331 25.2785 20
      vertex 34.506 26.9438 20
      vertex 34.506 26.9438 60
    endloop
  endfacet
  facet normal 0.817585 -0.575808 0
    outer loop
      vertex 33.3331 25.2785 20
      vertex 34.506 26.9438 60
      vertex 33.3331 25.2785 60
    endloop
  endfacet
  facet normal 0 0 -1
    outer loop
      vertex 0 50 20
      vertex 35.5957 28.6647 20
      vertex 34.506 26.9438 20
    endloop
  endfacet
  facet normal 0 0 1
    outer loop
      vertex 0 50 60
      vertex 34.506 26.9438 60
      vertex 35.5957 28.6647 60
    endloop
  endfacet
  facet normal 0.844854 -0.534998 0
    outer loop
      vertex 34.506 26.9438 20
      vertex 35.5957 28.6647 20
      vertex 35.5957 28.6647 60
    endloop
  endfacet
  facet normal 0.844854 -0.534998 0
    outer loop
      vertex 34.506 26.9438 20
      vertex 35.5957 28.6647 60
      vertex 34.506 26.9438 60
    endloop
  endfacet
  facet normal 0 0 -1
    outer loop
      vertex 0 50 20
      vertex 36.5997 30.437 20
      vertex 35.5957 28.6647 20
    endloop
  endfacet
  facet normal 0 0 1
    outer loop
      vertex 0 50 60
      vertex 35.5957 28.6647 60
      vertex 36.5997 30.437 60
    endloop
  endfacet
  facet normal 0.870087 -0.492898 0
    outer loop
      vertex 35.5957 28.6647 20
      vertex 36.5997 30.437 20
      vertex 36.5997 30.437 60
    endloop
  endfacet
  facet normal 0.870087 -0.492898 0
    outer loop
      vertex 35.5957 28.6647 20
      vertex 36.5997 30.437 60
      vertex 35.5957 28.6647 60
    endloop
  endfacet
  facet normal 0 0 -1
    outer loop
      vertex 0 50 20
      vertex 37.5156 32.2565 20
      vertex 36.5997 30.437 20
    endloop
  endfacet
  facet normal 0 0 1
    outer loop
      vertex 0 50 60
      vertex 36.5997 30.437 60
      vertex 37.5156 32.2565 60
    endloop
  endfacet
  facet normal 0.893224 -0.449611 0
    outer loop
      vertex 36.5997 30.437 20
      vertex 37.5156 32.2565 20
      vertex 37.5156 32.2565 60
    endloop
  endfacet
  facet normal 0.893224 -0.449611 0
    outer loop
      vertex 36.5997 30.437 20
      vertex 37.5156 32.2565 60
      vertex 36.5997 30.437 60
    endloop
  endfacet
  facet normal 0 0 -1
    outer loop
      vertex 0 50 20
      vertex 38.341 34.1186 20
      vertex 37.5156 32.2565 20
    endloop
  endfacet
  facet normal 0 0 1
    outer loop
      vertex 0 50 60
      vertex 37.5156 32.2565 60
      vertex 38.341 34.1186 60
    endloop
  endfacet
  facet normal 0.91421 -0.405241 0
    outer loop
      vertex 37.5156 32.2565 20
      vertex 38.341 34.1186 20
      vertex 38.341 34.1186 60
    endloop
  endfacet
  facet normal 0.91421 -0.405241 0
    outer loop
      vertex 37.5156 32.2565 20
      vertex 38.341 34.1186 60
      vertex 37.5156 32.2565 60
    endloop
  endfacet
  facet normal 0 0 -1
    outer loop
      vertex 0 50 20
      vertex 39.0741 36.0191 20
      vertex 38.341 34.1186 20
    endloop
  endfacet
  facet normal 0 0 1
    outer loop
      vertex 0 50 60
      vertex 38.341 34.1186 60
      vertex 39.0741 36.0191 60
    endloop
  endfacet
  facet normal 0.932993 -0.359895 0
    outer loop
      vertex 38.341 34.1186 20
      vertex 39.0741 36.0191 20
      vertex 39.0741 36.0191 60
    endloop
  endfacet
  facet normal 0.932993 -0.359895 0
    outer loop
      vertex 38.341 34.1186 20
      vertex 39.0741 36.0191 60
      vertex 38.341 34.1186 60
    endloop
  endfacet
  facet normal 0 0 -1
    outer loop
      vertex 0 50 20
      vertex 39.713 37.9532 20
      vertex 39.0741 36.0191 20
    endloop
  endfacet
  facet normal 0 0 1
    outer loop
      vertex 0 50 60
      vertex 39.0741 36.0191 60
      vertex 39.713 37.9532 60
    endloop
  endfacet
  facet normal 0.949528 -0.313682 0
    outer loop
      vertex 39.0741 36.0191 20
      vertex 39.713 37.9532 20
      vertex 39.713 37.9532 60
    endloop
  endfacet
  facet normal 0.949528 -0.313682 0
    outer loop
      vertex 39.0741 36.0191 20
      vertex 39.713 37.9532 60
      vertex 39.0741 36.0191 60
    endloop
  endfacet
  facet normal 0 0 -1
    outer loop
      vertex 0 50 20
      vertex 40.2563 39.9163 20
      vertex 39.713 37.9532 20
    endloop
  endfacet
  facet normal 0 0 1
    outer loop
      vertex 0 50 60
      vertex 39.713 37.9532 60
      vertex 40.2563 39.9163 60
    endloop
  endfacet
  facet normal 0.963776 -0.266713 0
    outer loop
      vertex 39.713 37.9532 20
      vertex 40.2563 39.9163 20
      vertex 40.2563 39.9163 60
    endloop
  endfacet
  facet normal 0.963776 -0.266713 0
    outer loop
      vertex 39.713 37.9532 20
      vertex 40.2563 39.9163 60
      vertex 39.713 37.9532 60
    endloop
  endfacet
  facet normal 0 0 -1
    outer loop
      vertex 0 50 20
      vertex 40.7026 41.9038 20
      vertex 40.2563 39.9163 20
    endloop
  endfacet
  facet normal 0 0 1
    outer loop
      vertex 0 50 60
      vertex 40.2563 39.9163 60
      vertex 40.7026 41.9038 60
    endloop
  endfacet
  facet normal 0.975702 -0.219101 0
    outer loop
      vertex 40.2563 39.9163 20
      vertex 40.7026 41.9038 20
      vertex 40.7026 41.9038 60
    endloop
  endfacet
  facet normal 0.975702 -0.219101 0
    outer loop
      vertex 40.2563 39.9163 20
      vertex 40.7026 41.9038 60
      vertex 40.2563 39.9163 60
    endloop
  endfacet
  facet normal 0 0 -1
    outer loop
      vertex 0 50 20
      vertex 41.0508 43.9107 20
      vertex 40.7026 41.9038 20
    endloop
  endfacet
  facet normal 0 0 1
    outer loop
      vertex 0 50 60
      vertex 40.7026 41.9038 60
      vertex 41.0508 43.9107 60
    endloop
  endfacet
  facet normal 0.985278 -0.170962 0
    outer loop
      vertex 40.7026 41.9038 20
      vertex 41.0508 43.9107 20
      vertex 41.0508 43.9107 60
    endloop
  endfacet
  facet normal 0.985278 -0.170962 0
    outer loop
      vertex 40.7026 41.9038 20
      vertex 41.0508 43.9107 60
      vertex 40.7026 41.9038 60
    endloop
  endfacet
  facet normal 0 0 -1
    outer loop
      vertex 0 50 20
      vertex 41.3002 45.9323 20
      vertex 41.0508 43.9107 20
    endloop
  endfacet
  facet normal 0 0 1
    outer loop
      vertex 0 50 60
      vertex 41.0508 43.9107 60
      vertex 41.3002 45.9323 60
    endloop
  endfacet
  facet normal 0.99248 -0.122411 0
    outer loop
      vertex 41.0508 43.9107 20
      vertex 41.3002 45.9323 20
      vertex 41.3002 45.9323 60
    endloop
  endfacet
  facet normal 0.99248 -0.122411 0
    outer loop
      vertex 41.0508 43.9107 20
      vertex 41.3002 45.9323 60
      vertex 41.0508 43.9107 60
    endloop
  endfacet
  facet normal 0 0 -1
    outer loop
      vertex 0 50 20
      vertex 41.45 47.9637 20
      vertex 41.3002 45.9323 20
    endloop
  endfacet
  facet normal 0 0 1
    outer loop
      vertex 0 50 60
      vertex 41.3002 45.9323 60
      vertex 41.45 47.9637 60
    endloop
  endfacet
  facet normal 0.99729 -0.0735646 0
    outer loop
      vertex 41.3002 45.9323 20
      vertex 41.45 47.9637 20
      vertex 41.45 47.9637 60
    endloop
  endfacet
  facet normal 0.99729 -0.0735646 0
    outer loop
      vertex 41.3002 45.9323 20
      vertex 41.45 47.9637 60
      vertex 41.3002 45.9323 60
    endloop
  endfacet
  facet normal 0 0 -1
    outer loop
      vertex 0 50 20
      vertex 41.5 50 20
      vertex 41.45 47.9637 20
    endloop
  endfacet
  facet normal 0 0 1
    outer loop
      vertex 0 50 60
      vertex 41.45 47.9637 60
      vertex 41.5 50 60
    endloop
  endfacet
  facet normal 0.999699 -0.0245412 0
    outer loop
      vertex 41.45 47.9637 20
      vertex 41.5 50 20
      vertex 41.5 50 60
    endloop
  endfacet
  facet normal 0.999699 -0.0245412 0
    outer loop
      vertex 41.45 47.9637 20
      vertex 41.5 50 60
      vertex 41.45 47.9637 60
    endloop
  endfacet
  facet normal 0 0 -1
    outer loop
      vertex nan nan -20
      vertex nan nan -20
      vertex nan nan -20
    endloop
  endfacet
  facet normal 0 0 -1
    outer loop
      vertex nan nan -20
      vertex nan nan -20
      vertex nan nan -20
    endloop
  endfacet
  facet normal 0 0 1
    outer loop
      vertex nan nan -60
      vertex nan nan -60
      vertex nan nan -60
    endloop
  endfacet
  facet normal 0 0 1
    outer loop
      vertex nan nan -60
      vertex nan nan -60
      vertex nan nan -60
    endloop
  endfacet
  facet normal nan nan 0
    outer loop
      vertex nan nan -20
      vertex nan nan -20
      vertex nan nan -60
    endloop
  endfacet
  facet normal nan nan 0
    outer loop
      vertex nan nan -20
      vertex nan nan -60
      vertex nan nan -60
    endloop
  endfacet
  facet normal nan nan 0
    outer loop
      vertex nan nan -20
      vertex nan nan -20
      vertex nan nan -60
    endloop
  endfacet
  facet normal nan nan 0
    outer loop
      vertex nan nan -20
      vertex nan nan -60
      vertex nan nan -60
    endloop
  endfacet
  facet normal 0 0 -1
    outer loop
      vertex nan nan -20
      vertex nan nan -20
      vertex nan nan -20
    endloop
  endfacet
  facet normal 0 0 -1
    outer loop
      vertex nan nan -20
      vertex nan nan -20
      vertex nan nan -20
    endloop
  endfacet
  facet normal 0 0 1
    outer loop
      vertex nan nan -60
      vertex nan nan -60
      vertex nan nan -60
    endloop
  endfacet
  facet normal 0 0 1
    outer loop
      vertex nan nan -60
      vertex nan nan -60
      vertex nan nan -60
    endloop
  endfacet
  facet normal nan nan 0
    outer loop
      vertex nan nan -20
      vertex nan nan -20
      vertex nan nan -60
    endloop
  endfacet
  facet normal nan nan 0
    outer loop
      vertex nan nan -20
      vertex nan nan -60
      vertex nan nan -60
    endloop
  endfacet
  facet normal nan nan 0
    outer loop
      vertex nan nan -20
      vertex nan nan -20
      vertex nan nan -60
    endloop
  endfacet
  facet normal nan nan 0
    outer loop
      vertex nan nan -20
      vertex nan nan -60
      vertex nan nan -60
    endloop
  endfacet
  facet normal 0 0 -1
    outer loop
      vertex nan nan -20
      vertex nan nan -20
      vertex nan nan -20
    endloop
  endfacet
  facet normal 0 0 -1
    outer loop
      vertex nan nan -20
      vertex nan nan -20
      vertex nan nan -20
    endloop
  endfacet
  facet normal 0 0 1
    outer loop
      vertex nan nan -60
      vertex nan nan -60
      vertex nan nan -60
    endloop
  endfacet
  facet normal 0 0 1
    outer loop
      vertex nan nan -60
      vertex nan nan -60
      vertex nan nan -60
    endloop
  endfacet
  facet normal nan nan 0
    outer loop
      vertex nan nan -20
      vertex nan nan -20
      vertex nan nan -60
    endloop
  endfacet
  facet normal nan nan 0
    outer loop
      vertex nan nan -20
      vertex nan nan -60
      vertex nan nan -60
    endloop
  endfacet
  facet normal nan nan 0
    outer loop
      vertex nan nan -20
      vertex nan nan -20
      vertex nan nan -60
    endloop
  endfacet
  facet normal nan nan 0
    outer loop
      vertex nan nan -20
      vertex nan nan -60
      vertex nan nan -60
    endloop
  endfacet
  facet normal nan nan 0
    outer loop
      vertex nan nan -20
      vertex nan nan -20
      vertex nan nan -60
    endloop
  endfacet
  facet normal nan nan 0
    outer loop
      vertex nan nan -20
      vertex nan nan -60
      vertex nan nan -60
    endloop
  endfacet
  facet normal nan nan 0
    outer loop
      vertex nan nan -20
      vertex nan nan -20
      vertex nan nan -60
    endloop
  endfacet
  facet normal nan nan 0
    outer loop
      vertex nan nan -20
      vertex nan nan -60
      vertex nan nan -60
    endloop
  endfacet
  facet normal 0 0 -1
    outer loop
      vertex nan nan 60
      vertex nan nan 60
      vertex nan nan 60
    endloop
  endfacet
  facet normal 0 0 -1
    outer loop
      vertex nan nan 60
      vertex nan nan 60
      vertex nan nan 60
    endloop
  endfacet
  facet normal 0 0 1
    outer loop
      vertex nan nan 20
      vertex nan nan 20
      vertex nan nan 20
    endloop
  endfacet
  facet normal 0 0 1
    outer loop
      vertex nan nan 20
      vertex nan nan 20
      vertex nan nan 20
    endloop
  endfacet
  facet normal nan nan 0
    outer loop
      vertex nan nan 60
      vertex nan nan 60
      vertex nan nan 20
    endloop
  endfacet
  facet normal nan nan 0
    outer loop
      vertex nan nan 60
      vertex nan nan 20
      vertex nan nan 20
    endloop
  endfacet
  facet normal nan nan 0
    outer loop
      vertex nan nan 60
      vertex nan nan 60
      vertex nan nan 20
    endloop
  endfacet
  facet normal nan nan 0
    outer loop
      vertex nan nan 60
      vertex nan nan 20
      vertex nan nan 20
    endloop
  endfacet
  facet normal 0 0 -1
    outer loop
      vertex nan nan 60
      vertex nan nan 60
      vertex nan nan 60
    endloop
  endfacet
  facet normal 0 0 -1
    outer loop
      vertex nan nan 60
      vertex nan nan 60
      vertex nan nan 60
    endloop
  endfacet
  facet normal 0 0 1
    outer loop
      vertex nan nan 20
      vertex nan nan 20
      vertex nan nan 20
    endloop
  endfacet
  facet normal 0 0 1
    outer loop
      vertex nan nan 20
      vertex nan nan 20
      vertex nan nan 20
    endloop
  endfacet
  facet normal nan nan 0
    outer loop
      vertex nan nan 60
      vertex nan nan 60
      vertex nan nan 20
    endloop
  endfacet
  facet normal nan nan 0
    outer loop
      vertex nan nan 60
      vertex nan nan 20
      vertex nan nan 20
    endloop
  endfacet
  facet normal nan nan 0
    outer loop
      vertex nan nan 60
      vertex nan nan 60
      vertex nan nan 20
    endloop
  endfacet
  facet normal nan nan 0
    outer loop
      vertex nan nan 60
      vertex nan nan 20
      vertex nan nan 20
    endloop
  endfacet
  facet normal 0 0 -1
    outer loop
      vertex nan nan 60
      vertex nan nan 60
      vertex nan nan 60
    endloop
  endfacet
  facet normal 0 0 -1
    outer loop
      vertex nan nan 60
      vertex nan nan 60
      vertex nan nan 60
    endloop
  endfacet
  facet normal 0 0 1
    outer loop
      vertex nan nan 20
      vertex nan nan 20
      vertex nan nan 20
    endloop
  endfacet
  facet normal 0 0 1
    outer loop
      vertex nan nan 20
      vertex nan nan 20
      vertex nan nan 20
    endloop
  endfacet
  facet normal nan nan 0
    outer loop
      vertex nan nan 60
      vertex nan nan 60
      vertex nan nan 20
    endloop
  endfacet
  facet normal nan nan 0
    outer loop
      vertex nan nan 60
      vertex nan nan 20
      vertex nan nan 20
    endloop
  endfacet
  facet normal nan nan 0
    outer loop
      vertex nan nan 60
      vertex nan nan 60
      vertex nan nan 20
    endloop
  endfacet
  facet normal nan nan 0
    outer loop
      vertex nan nan 60
      vertex nan nan 20
      vertex nan nan 20
    endloop
  endfacet
  facet normal nan nan 0
    outer loop
      vertex nan nan 60
      vertex nan nan 60
      vertex nan nan 20
    endloop
  endfacet
  facet normal nan nan 0
    outer loop
      vertex nan nan 60
      vertex nan nan 20
      vertex nan nan 20
    endloop
  endfacet
  facet normal nan nan 0
    outer loop
      vertex nan nan 60
      vertex nan nan 60
      vertex nan nan 20
    endloop
  endfacet
  facet normal nan nan 0
    outer loop
      vertex nan nan 60
      vertex nan nan 20
      vertex nan nan 20
    endloop
  endfacet
endsolid crank_with_cw_mm
